sample_id	neo_variant_count	neo_score	patient_id	submitter_id	id12	ImmuneScore	immune_group	immune_subtype	TNBC_proxy	PAM50	os_time	os_event	age_at_diagnosis	ajcc_pathologic_stage	PD1_PDL1_signature	Immune_composite	Stroma_composite	Immune_Stroma_ratio	Immune_Exclusion_index	Immune_Stroma_tertile	DPI_index	DPI_tertile	Exclusion_tertile	therapy_access_group	n_nonsilent	TMB	total_snvs	Ageing_CpG_prop	APOBEC_prop	TMB_tertile	APOBEC_group	IIR_ImmuneScore_z	IIR_PD1sig_z	IIR_TMB_z	IIR_APOBEC_z	IIR_Exclusion_minus_z	IIR_DPI_z	IIR_score	IIR_tertile	IIR_group	HLA_total_variants	HLA_damaging_variants	HLA_damaging_prop	HLA-B	HLA-C	HLA-E	HLA-F	HLA_LOH_proxy_group	MHC_I_axis	MHC_I_axis_tertile	HLA_LOH_flag	MHC_I_low_flag	HLA_escape_score	HLA_escape_group	HLA_alleles
TCGA-BH-A18G-01A-11D-A12B-09	1135	7.035268599281097	TCGA-BH-A18G	TCGA-BH-A18G	TCGA-BH-A18G	0.0222884402728747	Cold	BLIS	TNBC_proxy	BASAL	149	0	29820	Stage IA	5.43689505824434	0.0365418528289742	0.0657216815661719	0.357326741329286	0.642663480109594	Low	0.588113239307775	Low	High	Poor_access	1138.0	29.9473684210526	1315.0	0.257794676806084	0.0106463878326996	High	APOBEC_low	-0.774304952856085	-1.85117848578181	8.17205623840359	-1.32387306951959	-0.68829590778837	-0.683555815214609	0.47514133454052	High	High_ICB_ready									-0.44667949153688	Low	0	1	1	Partial_escape	Unknown
TCGA-D8-A1XK-01A-21D-A14K-09	881	6.782192056006791	TCGA-D8-A1XK	TCGA-D8-A1XK	TCGA-D8-A1XK	0.105867617627069	Intermediate	IM	TNBC_proxy	BASAL	441	0	20092	Stage IIB	8.04179855138703	0.0583667004851105	0.0567630021023291	0.50696034310033	0.493030971119269	Mid	0.681476216487507	Mid	Mid	Medium	883.0	23.2368421052632	1038.0	0.10019267822736	0.0134874759152216	High	APOBEC_low	-0.101131056403313	1.63495144730897	6.17649583883534	-1.29366184184387	0.128144526274172	0.114902213312048	1.10995018791389	High	High_ICB_ready									0.595609546947563	High	0	0	0	No_escape	Unknown
TCGA-D8-A1XQ-01A-11D-A14K-09	735	6.601230118728877	TCGA-D8-A1XQ	TCGA-D8-A1XQ	TCGA-D8-A1XQ	0.169370366581675	Hot	BLIA	TNBC_proxy	BASAL	499	0	25345	Stage IIA	7.62356991089541	0.0566660451462532	0.0664322239773625	0.460328038904516	0.539663837570405	Mid	0.649628807866812	Mid	Mid	Medium	737.0	19.3947368421053	830.0	0.191566265060241	0.0373493975903615	High	APOBEC_low	0.410340751557585	1.0752380505049	5.03393968849429	-1.03992175087562	-0.12629856222211	-0.157462913305651	0.865972544025565	High	High_ICB_ready	1.0	1.0	1.0	0.0	1.0	0.0	0.0	High	0.94061773416793	High	1	0	1	Partial_escape	0.0|1.0|0.0|0.0
TCGA-AO-A128-01A-11D-A10M-09	735	6.601230118728877	TCGA-AO-A128	TCGA-AO-A128	TCGA-AO-A128	0.447017448503287	Hot	BLIA	TNBC_proxy	BASAL	3248	0	22340	Stage IIA	8.91460363230325	0.123169539425654	0.0327355174641831	0.790024081698669	0.209969504182342	High	0.860924090504922	High	Low	High_access	738.0	19.421052631579	988.0	0.324898785425101	0.0242914979757085	High	APOBEC_low	2.6466007135795	2.8030223283783	5.04176541555142	-1.17877530513601	1.67261389654522	1.64957473596967	2.10580029748135	High	High_ICB_ready									1.20256654093127	High	0	0	0	No_escape	Unknown
TCGA-A1-A0SO-01A-22D-A099-09	242	5.493061443340548	TCGA-A1-A0SO	TCGA-A1-A0SO	TCGA-A1-A0SO	0.0535664908303406	Intermediate	IM	TNBC_proxy	BASAL	852	0	24826	Stage IIB	6.00840930473542	0.0342106747701889	0.0275582842649423	0.55384001065521	0.4461438002455	Mid	0.721290406146723	High	Low	High_access	242.0	6.36842105263158	281.0	0.0747330960854093	0.0925266903914591	High	APOBEC_low	-0.522381353776063	-1.08632369284026	1.16020479521468	-0.45318395643726	0.383975176969335	0.455400774336785	-0.0103847094221295	Mid	Intermediate									-1.70499194341698	Low	0	1	1	Partial_escape	Unknown
TCGA-A8-A08R-01A-11W-A050-09	186	5.231108616854587	TCGA-A8-A08R	TCGA-A8-A08R	TCGA-A8-A08R	0.142258751149001	Hot	BLIA	TNBC_proxy	BASAL	30	0	19298	Stage IIB	7.52777741409044	0.062665161749257	0.0696884899829864	0.473463991851454	0.526528452690638	Mid	0.656207532392423	Mid	Mid	Medium	186.0	4.89473684210526	246.0	0.0731707317073171	0.150406504065041	High	APOBEC_high	0.19197497699871	0.947039408460611	0.721964080015376	0.162291586006624	-0.0546279112039615	-0.101200403544129	0.311240289455538	High	High_ICB_ready									-0.0282431890074625	Mid	0	0	0	No_escape	Unknown
TCGA-A8-A07R-01A-21W-A050-09	176	5.176149732573829	TCGA-A8-A07R	TCGA-A8-A07R	TCGA-A8-A07R	0.0229407910211036	Cold	BLIS	TNBC_proxy	BASAL	273	0	29251	Stage IIIC	6.91106937404626	0.0325505613954656	0.0439705234749803	0.425374732674556	0.574612199202671	Mid	0.637644471088405	Mid	Mid	Medium	177.0	4.65789473684211	217.0	0.0921658986175115	0.0921658986175115	High	APOBEC_low	-0.769050707612942	0.121701976945255	0.651532536501203	-0.457020501489599	-0.316987442154391	-0.259955252414173	-0.171629898370774	Mid	Intermediate									-0.0668471239015541	Mid	0	0	0	No_escape	Unknown
TCGA-D8-A1JK-01A-11D-A13L-09	167	5.123963979403259	TCGA-D8-A1JK	TCGA-D8-A1JK	TCGA-D8-A1JK	0.11562868225891	Intermediate	IM	TNBC_proxy	BASAL	0	0	32872	Stage IIA	7.59041985108991	0.0540846494511361	0.0695825955601231	0.437336597169403	0.56265531668043	Mid	0.634573771767693	Mid	Mid	Medium	167.0	4.39473684210526	202.0	0.0742574257425743	0.108910891089109	High	APOBEC_low	-0.022512264979973	1.03087348341981	0.573275265929896	-0.27895957367118	-0.251747058080336	-0.286216460013561	0.127452232100776	Mid	Intermediate									1.07422477634501	High	0	0	0	No_escape	Unknown
TCGA-E2-A1LH-01A-11D-A14G-09	158	5.0689042022202315	TCGA-E2-A1LH	TCGA-E2-A1LH	TCGA-E2-A1LH	0.263380605815086	Hot	BLIA	TNBC_proxy	BASAL	3247	0	21628	Stage I	7.22978940849778	0.087720543406903	0.0407740392416381	0.682673611020814	0.31731860661049	High	0.793299220337051	High	Low	High_access	158.0	4.15789473684211	178.0	0.0842696629213483	0.213483146067416	High	APOBEC_high	1.16752981532428	0.548243480422101	0.502843722415724	0.83302854917121	1.08688457626544	1.07123391882046	0.868294010403202	High	High_ICB_ready									0.755095211594012	High	0	0	0	No_escape	Unknown
TCGA-BH-A18V-01A-11D-A12B-09	156	5.056245805348308	TCGA-BH-A18V	TCGA-BH-A18V	TCGA-BH-A18V	0.130408635701971	Hot	BLIA	TNBC_proxy	BASAL	1556	1	17682	Stage IIB	7.55449249083535	0.0614425107417824	0.0577027843343717	0.51568964609861	0.484301960858205	Mid	0.686337709751328	Mid	Mid	Medium	156.0	4.10526315789474	196.0	0.0408163265306122	0.26530612244898	High	APOBEC_high	0.0965302903982853	0.982792068376963	0.487192268301463	1.38409760891937	0.175772658520089	0.156478633049109	0.547143921260881	High	High_ICB_ready	1.0	0.0	0.0	0.0	0.0	0.0	0.0	Low	1.16070702849599	High	0	0	0	No_escape	0.0|0.0|0.0|0.0
TCGA-AR-A256-01A-11D-A167-09	152	5.030437921392435	TCGA-AR-A256	TCGA-AR-A256	TCGA-AR-A256	0.060998289366281	Intermediate	IM	TNBC_proxy	BASAL	2854	1	16642	Stage IIA	6.56889562245185	0.0441889040475772	0.0415325299586844	0.515488209823223	0.484500124619078	Mid	0.69268691324508	Mid	Mid	Medium	152.0	4.0	177.0	0.0790960451977401	0.135593220338983	High	APOBEC_high	-0.462523229582167	-0.336227524432207	0.45588936007294	0.0047718350259454	0.174691416829802	0.210778235069902	0.0078966821640357	Mid	Intermediate									-0.442314310346954	Low	0	1	1	Partial_escape	Unknown
TCGA-A2-A0T0-01A-22D-A099-09	148	5.003946305945459	TCGA-A2-A0T0	TCGA-A2-A0T0	TCGA-A2-A0T0	0.0492583496684419	Intermediate	IM	TNBC_proxy	BASAL	533	0	21575	Stage IIB	6.38602761686386	0.042527054275805	0.0528199397622335	0.446019391439311	0.553970120663066	Mid	0.646489951697267	Mid	Mid	Medium	148.0	3.89473684210526	173.0	0.0809248554913295	0.092485549132948	High	APOBEC_low	-0.55708052484033	-0.580958904985501	0.424586451844417	-0.453621439504184	-0.204357989660762	-0.184307011305427	-0.259289903075298	Mid	Intermediate									-0.930038113936203	Low	0	1	1	Partial_escape	Unknown
TCGA-A7-A5ZV-01A-11D-A28B-09	148	5.003946305945459	TCGA-A7-A5ZV	TCGA-A7-A5ZV	TCGA-A7-A5ZV	0.0615732561706474	Intermediate	IM	TNBC_proxy	BASAL	368	0	22966	Stage IIA	6.30720114338832	0.0487750294082696	0.0423973147933234	0.534970279256438	0.465018752625536	Mid	0.704029822507349	Mid	Mid	Medium	148.0	3.89473684210526	185.0	0.151351351351351	0.0864864864864865	High	APOBEC_low	-0.457892259808607	-0.686451998847314	0.424586451844417	-0.517413564981793	0.280987701733838	0.307784963442251	-0.108066451102868	Mid	Intermediate									-0.191911713633342	Mid	0	0	0	No_escape	Unknown
TCGA-AR-A251-01A-12D-A167-09	143	4.969813299576001	TCGA-AR-A251	TCGA-AR-A251	TCGA-AR-A251	0.0385037557406881	Intermediate	IM	TNBC_proxy	BASAL	3030	0	18771	Stage IIIA	6.66900041869471	0.0272055835776671	0.0564660894610117	0.325142995791362	0.674845052875381	Low	0.572506532490367	Low	High	Poor_access	144.0	3.78947368421053	162.0	0.0679012345679012	0.12962962962963	High	APOBEC_high	-0.643701524571312	-0.202257752597336	0.393283543615897	-0.0586430931466315	-0.863888346991627	-0.817027355365178	-0.365372421509365	Low	Poor_ICB_ready									-1.03071897688829	Low	0	1	1	Partial_escape	Unknown
TCGA-OL-A5RW-01A-11D-A28B-09	137	4.927253685157205	TCGA-OL-A5RW	TCGA-OL-A5RW	TCGA-OL-A5RW	0.0317228373265683	Cold	BLIS	TNBC_proxy	BASAL	1106	0	14638	Stage IIA	6.97496189504343	0.0452167700629294	0.0156313903047318	0.743096039283399	0.256887526636098	High	0.839614927896449	High	Low	High_access	137.0	3.60526315789474	166.0	0.072289156626506	0.343373493975904	High	APOBEC_high	-0.698317248425793	0.207209033362206	0.338503454215983	2.21424122528752	1.41661491025557	1.46733470378688	0.824264346413728	High	High_ICB_ready									1.0161407069984	High	0	0	0	No_escape	Unknown
TCGA-A2-A3Y0-01A-11D-A23C-09	137	4.927253685157205	TCGA-A2-A3Y0	TCGA-A2-A3Y0	TCGA-A2-A3Y0	0.122144654469967	Intermediate	IM	TNBC_proxy	BASAL	1546	0	21024	Stage IIB	7.65791844674627	0.0764827814735939	0.0160700407973464	0.826360052961396	0.173629142514539	High	0.889394498172338	High	Low	High_access	137.0	3.60526315789474	171.0	0.0994152046783626	0.128654970760234	High	APOBEC_high	0.0299694959244983	1.12120653237102	0.338503454215983	-0.0690073057842589	1.87089795162292	1.89305910487227	0.864104872203738	High	High_ICB_ready									0.388879407097085	Mid	0	0	0	No_escape	Unknown
TCGA-AN-A0FL-01A-11W-A050-09	136	4.919980925828125	TCGA-AN-A0FL	TCGA-AN-A0FL	TCGA-AN-A0FL	0.0267757918984558	Cold	BLIS	TNBC_proxy	BASAL	231	0	22805	Stage IIA	5.94789582956831	0.0181266286924004	0.0421639064595457	0.300649645870152	0.699333768053586	Low	0.56353417658403	Low	High	Poor_access	136.0	3.57894736842105	167.0	0.143712574850299	0.131736526946108	High	APOBEC_high	-0.738162362390704	-1.16730858832324	0.330677727158851	-0.03623901672638	-0.997506217764752	-0.893760658271981	-0.583716519386367	Low	Poor_ICB_ready	1.0	0.0	0.0	0.0	0.0	0.0	0.0	Low	0.482232847393697	Mid	0	0	0	No_escape	0.0|0.0|0.0|0.0
TCGA-A7-A0DA-01A-31D-A10Y-09	136	4.919980925828125	TCGA-A7-A0DA	TCGA-A7-A0DA	TCGA-A7-A0DA	0.0084850852634181	Cold	BLIS	TNBC_proxy	BASAL	1085	0	22708	Stage IIA	6.26398615585339	0.0124435959643664	0.0369479798019606	0.251932517616336	0.748047236425958	Low	0.536392466223641	Low	High	Poor_access	136.0	3.57894736842105	143.0	0.0769230769230769	0.0839160839160839	High	APOBEC_low	-0.885481666602126	-0.744286410755568	0.330677727158851	-0.544746408954643	-1.2633017025227	-1.12588175380515	-0.705503369246889	Low	Poor_ICB_ready									-0.0466251236088723	Mid	0	0	0	No_escape	Unknown
TCGA-AR-A24Q-01A-12D-A167-09	134	4.90527477843843	TCGA-AR-A24Q	TCGA-AR-A24Q	TCGA-AR-A24Q	0.0685125629793877	Intermediate	IM	TNBC_proxy	BASAL	3172	0	18084	Stage IIB	6.76653077387368	0.0408485986165824	0.0887551312876469	0.315178301337978	0.684813982894235	Low	0.5536095577484	Low	High	Poor_access	134.0	3.52631578947368	173.0	0.0520231213872832	0.15028901734104	High	APOBEC_high	-0.402000824274077	-0.0717333429716315	0.31502627304459	0.161042269524849	-0.918281858178815	-0.978637895788952	-0.315764229774006	Mid	Intermediate									-0.536506949124833	Low	0	1	1	Partial_escape	Unknown
TCGA-D8-A147-01A-11D-A10Y-09	133	4.897839799950911	TCGA-D8-A147	TCGA-D8-A147	TCGA-D8-A147	0.0981950145749132	Intermediate	IM	TNBC_proxy	BASAL	584	0	16736		7.13015600812626	0.0411407794656294	0.0520641059170211	0.441396799104785	0.558592471958991	Mid	0.644018874457797	Mid	Mid	Medium	133.0	3.5	154.0	0.0649350649350649	0.246753246753247	High	APOBEC_high	-0.162928698544092	0.414904575435747	0.307200545987461	1.18681222550189	-0.229578942807238	-0.205440136239586	0.218494928222364	High	High_ICB_ready	1.0	0.0	0.0	0.0	0.0	0.0	0.0	Low	-0.112746161041048	Mid	0	0	0	No_escape	0.0|0.0|0.0|0.0
TCGA-C8-A27B-01A-11D-A167-09	126	4.844187086458591	TCGA-C8-A27B	TCGA-C8-A27B	TCGA-C8-A27B	0.184429555771433	Hot	BLIA	TNBC_proxy	BASAL	439	0	17763	Stage IIB	8.05214510650247	0.0633183889092159	0.0175328406349221	0.783137203095306	0.216850428661967	High	0.862876606548851	High	Low	High_access	127.0	3.34210526315789	143.0	0.0699300699300699	0.34965034965035	High	APOBEC_high	0.53163236252102	1.64879819272095	0.260246183644676	2.2809873135327	1.6350694818535	1.66627302642908	1.33716776011699	High	High_ICB_ready									0.625562490071515	High	0	0	0	No_escape	Unknown
TCGA-B6-A0IJ-01A-11W-A050-09	123	4.820281565605037	TCGA-B6-A0IJ	TCGA-B6-A0IJ	TCGA-B6-A0IJ	0.188025756761893	Hot	BLIA	TNBC_proxy	BASAL	7106	0	15625	Stage IIB	7.38500762983423	0.0844786219001645	0.018552074665231	0.819928475569117	0.180061818679805	High	0.884542078926025	High	Low	High_access	123.0	3.23684210526316	142.0	0.0704225352112676	0.154929577464789	High	APOBEC_high	0.56059733573338	0.75597128645659	0.228943275416156	0.210388510953949	1.83579931593211	1.85156028786757	0.907210002059958	High	High_ICB_ready									0.892600574083275	High	0	0	0	No_escape	Unknown
TCGA-B6-A0RE-01A-11W-A071-09	122	4.812184355372417	TCGA-B6-A0RE	TCGA-B6-A0RE	TCGA-B6-A0RE	0.0364841729690611	Cold	BLIS	TNBC_proxy	BASAL	7777	0	22449	Stage X	6.58185922060702	0.0314956850139638	0.0414635200351343	0.431683066032627	0.568303227865542	Mid	0.642432655266621	Mid	Mid	Medium	123.0	3.23684210526316	154.0	0.123376623376623	0.201298701298701	High	APOBEC_high	-0.659967901516177	-0.318878402789787	0.228943275416156	0.703463036129048	-0.282563777592923	-0.219005785991301	-0.0913349260574972	Mid	Intermediate									-0.509437319362924	Low	0	1	1	Partial_escape	Unknown
TCGA-LL-A8F5-01A-11D-A36J-09	120	4.795790545596741	TCGA-LL-A8F5	TCGA-LL-A8F5	TCGA-LL-A8F5	0.0865514762037703	Intermediate	IM	TNBC_proxy	BASAL	596	0	22544	Stage IIA	7.05225379323685	0.0580573872432743	0.0566556423083812	0.506105377608858	0.493885905061589	Mid	0.681006200039694	Mid	Mid	Medium	120.0	3.15789473684211	136.0	0.132352941176471	0.102941176470588	High	APOBEC_low	-0.256709546141849	0.310648412435866	0.205466094244766	-0.342439621547464	0.123479746917919	0.110882542799899	0.0252212714515227	Mid	Intermediate									0.808220647459582	High	0	0	0	No_escape	Unknown
TCGA-E2-A159-01A-11D-A10Y-09	118	4.77912349311153	TCGA-E2-A159	TCGA-E2-A159	TCGA-E2-A159	0.160284329110708	Hot	BLIA	TNBC_proxy	BASAL	762	0	18621	Stage IIA	7.46476771523815	0.0641539699284497	0.0489612276295077	0.567151047449054	0.432840112084049	High	0.720711441697767	High	Low	High_access	118.0	3.10526315789474	156.0	0.0961538461538462	0.506410256410256	High	APOBEC_high	0.337158848585196	0.862713828713702	0.189814640130504	3.94792233842106	0.456564141830374	0.450449359691872	1.04077052622879	High	High_ICB_ready									-0.371327097513665	Low	0	1	1	Partial_escape	Unknown
TCGA-AO-A124-01A-11D-A10M-09	118	4.77912349311153	TCGA-AO-A124	TCGA-AO-A124	TCGA-AO-A124	0.0140941268390263	Cold	BLIS	TNBC_proxy	BASAL	3506	0	14174	Stage IIA	6.53723173316104	0.0293785617963224	0.037054126852082	0.442223853500088	0.557761093896025	Mid	0.650521692921552	Mid	Mid	Medium	118.0	3.10526315789474	130.0	0.123076923076923	0.0615384615384615	High	APOBEC_low	-0.840304620209143	-0.378603156598754	0.189814640130504	-0.782702932953578	-0.225042691486063	-0.149826789629601	-0.364444258457772	Low	Poor_ICB_ready									-0.241127109837916	Mid	0	0	0	No_escape	Unknown
TCGA-E2-A1LG-01A-21D-A14K-09	117	4.770684624465665	TCGA-E2-A1LG	TCGA-E2-A1LG	TCGA-E2-A1LG	0.0371930333266172	Cold	BLIS	TNBC_proxy	BASAL	1523	0	18492	Stage IIA	7.42795806759945	0.019284251673566	0.0395371523043634	0.32783855078078	0.672144448893963	Low	0.580898469741877	Low	High	Poor_access	117.0	3.07894736842105	160.0	0.08125	0.58125	High	APOBEC_high	-0.654258509487649	0.813451652668562	0.181988913073372	4.74374438515448	-0.849153031105408	-0.745257903749889	0.581752584425578	High	High_ICB_ready									0.945250250194734	High	0	0	0	No_escape	Unknown
TCGA-EW-A1PB-01A-11D-A142-09	116	4.762173934797756	TCGA-EW-A1PB	TCGA-EW-A1PB	TCGA-EW-A1PB	0.243566342598857	Hot	BLIA	TNBC_proxy	BASAL	608	0	25770	Stage IIIA	9.00284946789662	0.0940776697445717	0.0191490835201468	0.830871116241482	0.169120052001541	High	0.890868335391017	High	Low	High_access	116.0	3.05263157894737	144.0	0.0625	0.361111111111111	High	APOBEC_high	1.0079392905446	2.92112130968126	0.174163186016243	2.4028574082891	1.89550091952408	1.90566364251175	1.71787429276117	High	High_ICB_ready									0.853565139134566	High	0	0	0	No_escape	Unknown
TCGA-A2-A04P-01A-31D-A128-09	112	4.727387818712341	TCGA-A2-A04P	TCGA-A2-A04P	TCGA-A2-A04P	0.0594407511359629	Intermediate	IM	TNBC_proxy	BASAL	548	1	13238	Stage IIIC	6.79003463839603	0.0535183729138184	0.0497159360102088	0.518411515126124	0.481578798265579	Mid	0.691166346636569	Mid	Mid	Medium	112.0	2.94736842105263	131.0	0.0763358778625954	0.099236641221374	High	APOBEC_low	-0.475068149412307	-0.0402782330720245	0.14286027778772	-0.381832471961099	0.190631061043368	0.19777405875558	-0.0609855761431269	Mid	Intermediate									0.181147948242132	Mid	0	0	0	No_escape	Unknown
TCGA-D8-A27H-01A-11D-A16D-09	111	4.718498871295094	TCGA-D8-A27H	TCGA-D8-A27H	TCGA-D8-A27H	0.0231558806053184	Cold	BLIS	TNBC_proxy	BASAL	397	0	26588	Stage IIA	5.9073291584506	0.0206434701036562	0.0647520224819545	0.241736744433162	0.758251545484026	Low	0.519148263716803	Low	High	Poor_access	111.0	2.92105263157895	131.0	0.0687022900763359	0.229007633587786	High	APOBEC_high	-0.767318306097685	-1.22159877098896	0.135034550730591	0.998111015256	-1.31897951326646	-1.27335747012275	-0.574684749081544	Low	Poor_ICB_ready									-0.0492739687706744	Mid	0	0	0	No_escape	Unknown
TCGA-AN-A0XU-01A-11D-A10G-09	107	4.68213122712422	TCGA-AN-A0XU	TCGA-AN-A0XU	TCGA-AN-A0XU	0.0575827267570006	Intermediate	IM	TNBC_proxy	BASAL	10	0	20052	Stage IIA	6.98401019361525	0.0390838340204656	0.0613121810319374	0.389292789233479	0.610697250311028	Low	0.609056777400608	Low	High	Poor_access	107.0	2.81578947368421	114.0	0.105263157894737	0.114035087719298	High	APOBEC_low	-0.490033282481154	0.219318328227755	0.103731642502068	-0.224470495348624	-0.513878445245042	-0.504442673783997	-0.234962487688166	Mid	Intermediate									0.774176116393332	High	0	0	0	No_escape	Unknown
TCGA-C8-A12K-01A-21D-A10Y-09	104	4.653960350157523	TCGA-C8-A12K	TCGA-C8-A12K	TCGA-C8-A12K	0.202413246618479	Hot	BLIA	TNBC_proxy	BASAL	0	0	29463	Stage IIB	7.77573156780818	0.0846593920445344	0.0368759368470416	0.696576840987686	0.303414931019836	High	0.803200666649282	High	Low	High_access	104.0	2.73684210526316	136.0	0.0514705882352941	0.257352941176471	High	APOBEC_high	0.676478861653265	1.27887527093502	0.0802544613306772	1.29952600705732	1.16274725484308	1.15591298048756	0.942299139384487	High	High_ICB_ready									1.06147721792979	High	0	0	0	No_escape	Unknown
TCGA-AC-A6IW-01A-12D-A33E-09	103	4.6443908991413725	TCGA-AC-A6IW	TCGA-AC-A6IW	TCGA-AC-A6IW	0.260699178454817	Hot	BLIA	TNBC_proxy	BASAL	413	0	26896	Stage IIA	7.12116677939812	0.113127269064107	0.0176492503699078	0.865036051713663	0.134956301712183	High	0.911966518824727	High	Low	High_access	103.0	2.71052631578947	147.0	0.136054421768708	0.333333333333333	High	APOBEC_high	1.14593272665567	0.40287433346054	0.0724287342735449	2.10747734811681	2.08190872156963	2.08609934046024	1.31612020075607	High	High_ICB_ready									0.928886679042468	High	0	0	0	No_escape	Unknown
TCGA-AN-A0AT-01A-11D-A045-09	101	4.624972813284271	TCGA-AN-A0AT	TCGA-AN-A0AT	TCGA-AN-A0AT	0.0827532737738133	Intermediate	IM	TNBC_proxy	BASAL	10	0	22798	Stage IIA	6.77671732663399	0.0528149426326169	0.0400757155135748	0.568564967905917	0.431424266864783	High	0.7251151536757	High	Low	High_access	101.0	2.65789473684211	120.0	0.0583333333333333	0.0916666666666667	High	APOBEC_low	-0.287301504692183	-0.058100727949153	0.0567772801592865	-0.462329175382095	0.464289423543438	0.488110746360493	0.0335743403399644	Mid	Intermediate									-0.442121851520587	Low	0	1	1	Partial_escape	Unknown
TCGA-S3-AA10-01A-21D-A41F-09	99	4.605170185988092	TCGA-S3-AA10	TCGA-S3-AA10	TCGA-S3-AA10	0.227295850313117	Hot	BLIA	TNBC_proxy	BASAL	586	0	24075	Stage IIA	7.55661573965775	0.100338346203182	0.0176290312714191	0.85055290537318	0.149438617778859	High	0.903285216824117	High	Low	High_access	99.0	2.60526315789474	112.0	0.0625	0.133928571428571	High	APOBEC_high	0.876891450210156	0.985633602159176	0.041125826045025	-0.0129295124056907	2.00288880473811	2.01185518619439	0.98424422615686	High	High_ICB_ready									1.59175437944358	High	0	0	0	No_escape	Unknown
TCGA-E2-A14R-01A-11D-A10Y-09	99	4.605170185988092	TCGA-E2-A14R	TCGA-E2-A14R	TCGA-E2-A14R	0.122426153200176	Hot	BLIA	TNBC_proxy	BASAL	1174	0	22686	Stage IIA	7.33678447899048	0.0599453344920442	0.0450441147113475	0.570959882035706	0.429030593288407	High	0.724563998142417	High	Low	High_access	99.0	2.60526315789474	107.0	0.0747663551401869	0.121495327102804	High	APOBEC_high	0.032236778315401	0.691434473454919	0.041125826045025	-0.145140680860636	0.47735003388064	0.483397158878493	0.26340059828564	High	High_ICB_ready									0.914074114993854	High	0	0	0	No_escape	Unknown
TCGA-AN-A0AR-01A-11W-A019-09	97	4.584967478670572	TCGA-AN-A0AR	TCGA-AN-A0AR	TCGA-AN-A0AR	0.0130181824854464	Cold	BLIS	TNBC_proxy	BASAL	10	0	20152	Stage IIA	5.77969379118776	0.0370451989474526	0.0465679050324039	0.443049643351763	0.556938396943446	Mid	0.647209799820971	Mid	Mid	Medium	98.0	2.57894736842105	110.0	0.0818181818181818	0.109090909090909	High	APOBEC_low	-0.848970626214398	-1.39241257484286	0.0333000989878928	-0.277045319455843	-0.220553806940868	-0.178150732542113	-0.480638826834699	Low	Poor_ICB_ready									-2.16796761364963	Low	0	1	1	Partial_escape	Unknown
TCGA-LL-A73Y-01A-11D-A33E-09	95	4.564348191467836	TCGA-LL-A73Y	TCGA-LL-A73Y	TCGA-LL-A73Y	0.0903974968951745	Intermediate	IM	TNBC_proxy	BASAL	477	0	24647	Stage IA	6.59871656290333	0.0470359568006146	0.0824740038020494	0.363181282740382	0.636810995905415	Low	0.584923800935931	Low	High	Poor_access	95.0	2.5	124.0	0.161290322580645	0.475806451612903	High	APOBEC_high	-0.22573244375068	-0.296318301916099	0.0098229178165021	3.62249120512951	-0.656362975725372	-0.710832501877968	0.290511316612649	High	High_ICB_ready									-0.600872381563465	Low	0	1	1	Partial_escape	Unknown
TCGA-D8-A142-01A-11D-A10Y-09	92	4.532599493153256	TCGA-D8-A142	TCGA-D8-A142	TCGA-D8-A142	0.0527906884119385	Intermediate	IM	TNBC_proxy	BASAL	425	0	27313	Stage IIB	6.40978512568676	0.0359261447782104	0.100426838167727	0.26347704703613	0.736515619111361	Low	0.517919893266093	Low	High	Poor_access	92.0	2.42105263157895	129.0	0.217054263565891	0.108527131782946	High	APOBEC_low	-0.528629918949898	-0.549164344127025	-0.0136542633548885	-0.283040348161239	-1.20038169463603	-1.28386272903803	-0.643122216377852	Low	Poor_ICB_ready									-0.799223223342626	Low	0	1	1	Partial_escape	Unknown
TCGA-AO-A0J6-01A-11W-A050-09	91	4.5217885770490405	TCGA-AO-A0J6	TCGA-AO-A0J6	TCGA-AO-A0J6	0.0829448369617505	Intermediate	IM	TNBC_proxy	BASAL	1140	0	22462	Stage IIA	7.30359707427596	0.0650730368357561	0.04967621703561	0.567084033719894	0.432907251702437	High	0.720385162164294	High	Low	High_access	92.0	2.42105263157895	96.0	0.104166666666667	0.15625	High	APOBEC_high	-0.28575859242955	0.647019927856033	-0.0136542633548885	0.224429464518474	0.456197807672447	0.447658954748551	0.245982216501844	High	High_ICB_ready									0.807771810710928	High	0	0	0	No_escape	Unknown
TCGA-C8-A1HJ-01A-11D-A13L-09	89	4.499809670330265	TCGA-C8-A1HJ	TCGA-C8-A1HJ	TCGA-C8-A1HJ	0.01661648173866	Cold	BLIS	TNBC_proxy	BASAL	5	0	19629	Stage IIA	6.63738010298003	0.0417005506552485	0.055816745727794	0.427617710746841	0.572372034767211	Mid	0.634250080848556	Mid	Mid	Medium	89.0	2.34210526315789	105.0	0.0761904761904762	0.0857142857142857	High	APOBEC_low	-0.819988752910911	-0.244575070454565	-0.0371314445262822	-0.525624902561872	-0.304764424332931	-0.288984726632229	-0.370178220236465	Low	Poor_ICB_ready									-1.03313473254692	Low	0	1	1	Partial_escape	Unknown
TCGA-AO-A0J4-01A-11W-A050-09	88	4.48863636973214	TCGA-AO-A0J4	TCGA-AO-A0J4	TCGA-AO-A0J4	0.149225979968402	Hot	BLIA	TNBC_proxy	BASAL	1587	0	15052	Stage IA	7.22201490260974	0.0589691956228848	0.0687834334956674	0.461585287476748	0.538406884956967	Mid	0.649442495627553	Mid	Mid	Medium	88.0	2.31578947368421	112.0	0.0892857142857143	0.321428571428571	High	APOBEC_high	0.248091305494719	0.537838896235918	-0.0449571715834114	1.98088589375725	-0.119440246845084	-0.159056291192077	0.40722706431122	High	High_ICB_ready									0.605129578142573	High	0	0	0	No_escape	Unknown
TCGA-GM-A3XL-01A-11D-A22X-09	87	4.477336814478207	TCGA-GM-A3XL	TCGA-GM-A3XL	TCGA-GM-A3XL	0.119975744935594	Intermediate	IM	TNBC_proxy	BASAL	2108	0	18171	Stage IIA	7.41326466989131	0.0765099737239041	0.0209859434092135	0.784742492108146	0.215247251157289	High	0.862457271941941	High	Low	High_access	89.0	2.34210526315789	95.0	0.126315789473684	0.2	High	APOBEC_high	0.0125003926319404	0.79378754852651	-0.0371314445262822	0.689653059289827	1.64381690543565	1.6626867967089	0.794218876344424	High	High_ICB_ready									0.564722367345073	Mid	0	0	0	No_escape	Unknown
TCGA-BH-A1FC-01A-11D-A13L-09	85	4.454347296253507	TCGA-BH-A1FC	TCGA-BH-A1FC	TCGA-BH-A1FC	0.159266919664877	Hot	BLIA	TNBC_proxy	BASAL	3472	1	28706	Stage IIA	7.33264452590723	0.0791017807498676	0.0384391695142068	0.672966379851231	0.327025112547885	High	0.788409264665586	High	Low	High_access	85.0	2.23684210526316	97.0	0.195876288659794	0.237113402061856	High	APOBEC_high	0.328964301777976	0.685893993969556	-0.068434352754802	1.08430518092208	1.0339229306028	1.02941408313222	0.682344356274973	High	High_ICB_ready									0.355820412675615	Mid	0	0	0	No_escape	Unknown
TCGA-A2-A04T-01A-21W-A050-09	85	4.454347296253507	TCGA-A2-A04T	TCGA-A2-A04T	TCGA-A2-A04T	0.0913130852322095	Intermediate	IM	TNBC_proxy	BASAL	2246	0	22707	Stage IIA	7.10814952008133	0.0641731256984555	0.055205960693621	0.537553017742788	0.462438605650776	Mid	0.700454452332086	Mid	Mid	Medium	85.0	2.23684210526316	97.0	0.0927835051546392	0.0927835051546392	High	APOBEC_low	-0.218357997292843	0.385453397341207	-0.068434352754802	-0.450453069870014	0.295065767591535	0.277207714219598	0.0367469098724468	Mid	Intermediate									-0.630630216856356	Low	0	1	1	Partial_escape	Unknown
TCGA-A7-A13D-01A-13D-A12Q-09	85	4.454347296253507	TCGA-A7-A13D	TCGA-A7-A13D	TCGA-A7-A13D	0.0390604736011893	Intermediate	IM	TNBC_proxy	BASAL	965	0	17070	Stage IIA	5.74231320887353	0.0130758783141127	0.0599814636568128	0.178978580150593	0.821007732158543	Low	0.483402775242149	Low	High	Poor_access	237.0	6.23684210526316	284.0	0.140845070422535	0.123239436619718	High	APOBEC_high	-0.639217537731022	-1.44243883004389	1.12107615992903	-0.126594374594724	-1.6613963358833	-1.57905972082594	-0.72127177319164	Low	Poor_ICB_ready									-1.44021128974765	Low	0	1	1	Partial_escape	Unknown
TCGA-A7-A13D-01A-13D-A12Q-09	85	4.454347296253507	TCGA-A7-A13D	TCGA-A7-A13D	TCGA-A7-A13D	0.0390604736011893	Intermediate	IM	TNBC_proxy	BASAL	965	0	17070	Stage IIA	5.74231320887353	0.0130758783141127	0.0599814636568128	0.178978580150593	0.821007732158543	Low	0.483402775242149	Low	High	Poor_access	237.0	6.23684210526316	284.0	0.140845070422535	0.123239436619718	High	APOBEC_high	-0.639217537731022	-1.44243883004389	1.12107615992903	-0.126594374594724	-1.6613963358833	-1.57905972082594	-0.72127177319164	Low	Poor_ICB_ready									-1.44021128974765	Low	0	1	1	Partial_escape	Unknown
TCGA-A7-A13D-01A-13D-A12Q-09	85	4.454347296253507	TCGA-A7-A13D	TCGA-A7-A13D	TCGA-A7-A13D	0.0390604736011893	Intermediate	IM	TNBC_proxy	BASAL	965	0	17070	Stage IIA	5.74231320887353	0.0130758783141127	0.0599814636568128	0.178978580150593	0.821007732158543	Low	0.483402775242149	Low	High	Poor_access	237.0	6.23684210526316	284.0	0.140845070422535	0.123239436619718	High	APOBEC_high	-0.639217537731022	-1.44243883004389	1.12107615992903	-0.126594374594724	-1.6613963358833	-1.57905972082594	-0.72127177319164	Low	Poor_ICB_ready									-1.44021128974765	Low	0	1	1	Partial_escape	Unknown
TCGA-A7-A13D-01A-13D-A12Q-09	85	4.454347296253507	TCGA-A7-A13D	TCGA-A7-A13D	TCGA-A7-A13D	0.0390604736011893	Intermediate	IM	TNBC_proxy	BASAL	965	0	17070	Stage IIA	5.8788647573502	0.0130758783141127	0.0599814636568128	0.178978580150593	0.821007732158543	Low	0.483402775242149	Low	High	Poor_access	237.0	6.23684210526316	284.0	0.140845070422535	0.123239436619718	High	APOBEC_high	-0.639217537731022	-1.25969254335513	1.12107615992903	-0.126594374594724	-1.6613963358833	-1.57905972082594	-0.690814058743513	Low	Poor_ICB_ready									-1.44021128974765	Low	0	1	1	Partial_escape	Unknown
TCGA-A7-A13D-01A-13D-A12Q-09	85	4.454347296253507	TCGA-A7-A13D	TCGA-A7-A13D	TCGA-A7-A13D	0.0390604736011893	Intermediate	IM	TNBC_proxy	BASAL	965	0	17070	Stage IIA	5.8788647573502	0.0130758783141127	0.0599814636568128	0.178978580150593	0.821007732158543	Low	0.483402775242149	Low	High	Poor_access	237.0	6.23684210526316	284.0	0.140845070422535	0.123239436619718	High	APOBEC_high	-0.639217537731022	-1.25969254335513	1.12107615992903	-0.126594374594724	-1.6613963358833	-1.57905972082594	-0.690814058743513	Low	Poor_ICB_ready									-1.44021128974765	Low	0	1	1	Partial_escape	Unknown
TCGA-A7-A13D-01A-13D-A12Q-09	85	4.454347296253507	TCGA-A7-A13D	TCGA-A7-A13D	TCGA-A7-A13D	0.0390604736011893	Intermediate	IM	TNBC_proxy	BASAL	965	0	17070	Stage IIA	5.8788647573502	0.0130758783141127	0.0599814636568128	0.178978580150593	0.821007732158543	Low	0.483402775242149	Low	High	Poor_access	237.0	6.23684210526316	284.0	0.140845070422535	0.123239436619718	High	APOBEC_high	-0.639217537731022	-1.25969254335513	1.12107615992903	-0.126594374594724	-1.6613963358833	-1.57905972082594	-0.690814058743513	Low	Poor_ICB_ready									-1.44021128974765	Low	0	1	1	Partial_escape	Unknown
TCGA-A7-A13D-01A-13D-A12Q-09	85	4.454347296253507	TCGA-A7-A13D	TCGA-A7-A13D	TCGA-A7-A13D	0.0390604736011893	Intermediate	IM	TNBC_proxy	BASAL	965	0	17070	Stage IIA	5.73970273303687	0.0130758783141127	0.0599814636568128	0.178978580150593	0.821007732158543	Low	0.483402775242149	Low	High	Poor_access	237.0	6.23684210526316	284.0	0.140845070422535	0.123239436619718	High	APOBEC_high	-0.639217537731022	-1.44593241741776	1.12107615992903	-0.126594374594724	-1.6613963358833	-1.57905972082594	-0.721854037753952	Low	Poor_ICB_ready									-1.44021128974765	Low	0	1	1	Partial_escape	Unknown
TCGA-A7-A13D-01A-13D-A12Q-09	85	4.454347296253507	TCGA-A7-A13D	TCGA-A7-A13D	TCGA-A7-A13D	0.0390604736011893	Intermediate	IM	TNBC_proxy	BASAL	965	0	17070	Stage IIA	5.73970273303687	0.0130758783141127	0.0599814636568128	0.178978580150593	0.821007732158543	Low	0.483402775242149	Low	High	Poor_access	237.0	6.23684210526316	284.0	0.140845070422535	0.123239436619718	High	APOBEC_high	-0.639217537731022	-1.44593241741776	1.12107615992903	-0.126594374594724	-1.6613963358833	-1.57905972082594	-0.721854037753952	Low	Poor_ICB_ready									-1.44021128974765	Low	0	1	1	Partial_escape	Unknown
TCGA-A7-A13D-01A-13D-A12Q-09	85	4.454347296253507	TCGA-A7-A13D	TCGA-A7-A13D	TCGA-A7-A13D	0.0390604736011893	Intermediate	IM	TNBC_proxy	BASAL	965	0	17070	Stage IIA	5.73970273303687	0.0130758783141127	0.0599814636568128	0.178978580150593	0.821007732158543	Low	0.483402775242149	Low	High	Poor_access	237.0	6.23684210526316	284.0	0.140845070422535	0.123239436619718	High	APOBEC_high	-0.639217537731022	-1.44593241741776	1.12107615992903	-0.126594374594724	-1.6613963358833	-1.57905972082594	-0.721854037753952	Low	Poor_ICB_ready									-1.44021128974765	Low	0	1	1	Partial_escape	Unknown
TCGA-BH-A0WA-01A-11D-A10G-09	85	4.454347296253507	TCGA-BH-A0WA	TCGA-BH-A0WA	TCGA-BH-A0WA	0.0115734352016407	Cold	BLIS	TNBC_proxy	BASAL	701	0	30025	Stage I	6.76887899133029	0.0303535608626503	0.0677093348978345	0.309528401123152	0.690461401443917	Low	0.558639425174516	Low	High	Poor_access	85.0	2.23684210526316	98.0	0.102040816326531	0.163265306122449	High	APOBEC_high	-0.860607091051896	-0.0685907347381814	-0.068434352754802	0.29902800012321	-0.949095889722812	-0.935621508028784	-0.430553596028877	Low	Poor_ICB_ready									-0.0185384896847509	Mid	0	0	0	No_escape	Unknown
TCGA-D8-A1JL-01A-11D-A13L-09	83	4.430816798843313	TCGA-D8-A1JL	TCGA-D8-A1JL	TCGA-D8-A1JL	0.111274968859112	Intermediate	IM	TNBC_proxy	BASAL	611	0	26484	Stage IIA	7.71439920987509	0.0579161476627177	0.0713314824298135	0.448098735137499	0.55189352783659	Mid	0.640331290326121	Mid	Mid	Medium	83.0	2.18421052631579	110.0	0.0818181818181818	0.0818181818181818	Mid	APOBEC_low	-0.0575784896804197	1.19679446854812	-0.0840858068690636	-0.567054833079544	-0.193027468238249	-0.236977060668806	0.0096784683353402	Mid	Intermediate	1.0	0.0	0.0	0.0	0.0	0.0	0.0	Low	0.860732493985013	High	0	0	0	No_escape	0.0|0.0|0.0|0.0
TCGA-A7-A6VY-01A-12D-A33E-09	83	4.430816798843313	TCGA-A7-A6VY	TCGA-A7-A6VY	TCGA-A7-A6VY	0.104047912707951	Intermediate	IM	TNBC_proxy	BASAL	266	0	17640	Stage IIB	7.21197274405235	0.0605277620779903	0.0242206388657788	0.714196931234361	0.285791269272205	High	0.818836982890366	High	Low	High_access	83.0	2.18421052631579	94.0	0.0957446808510638	0.148936170212766	Mid	APOBEC_high	-0.115787552070956	0.5243995232872	-0.0840858068690636	0.146656523143324	1.25890730819043	1.28963774608967	0.503287956961767	High	High_ICB_ready									1.00111765543641	High	0	0	0	No_escape	Unknown
TCGA-E2-A574-01A-11D-A29N-09	82	4.418840607796598	TCGA-E2-A574	TCGA-E2-A574	TCGA-E2-A574	0.0039220282195424	Cold	BLIS	TNBC_proxy	BASAL	1179	0	16195	Stage IIA	5.86384174742422	0.0318903716351137	0.0270078108644472	0.541439970501314	0.458543051334346	Mid	0.714071044853614	Mid	Mid	Medium	82.0	2.15789473684211	112.0	0.196428571428571	0.330357142857143	Mid	APOBEC_high	-0.922234013145866	-1.27979776595779	-0.0919115339261927	2.07582948452692	0.316321095584638	0.393659416472622	0.0819777805923897	Mid	Intermediate									-0.268072952702493	Mid	0	0	0	No_escape	Unknown
TCGA-PL-A8LV-01A-21D-A41F-09	82	4.418840607796598	TCGA-PL-A8LV	TCGA-PL-A8LV	TCGA-PL-A8LV	0.0896984684259393	Intermediate	IM	TNBC_proxy	BASAL	-7	0	19746	Stage IIIB	6.32746224745998	0.0494025199747942	0.0352059661342681	0.583888665995607	0.416099514998677	High	0.736257904547087	High	Low	High_access	82.0	2.15789473684211	108.0	0.0740740740740741	0.231481481481482	Mid	APOBEC_high	-0.231362646550742	-0.659336659807837	-0.0919115339261927	1.02441712748509	0.547905926066118	0.583405681910843	0.195519649196214	Mid	Intermediate									0.1154820227031	Mid	0	0	0	No_escape	Unknown
TCGA-AN-A04D-01A-21W-A050-09	77	4.356708826689592	TCGA-AN-A04D	TCGA-AN-A04D	TCGA-AN-A04D	0.0064280088244629	Cold	BLIS	TNBC_proxy	BASAL	52	0	21426	Stage IIB	6.04077999804274	0.0260259373991377	0.0363862035417041	0.416994514405329	0.582989463327806	Mid	0.635651840586635	Mid	Mid	Medium	77.0	2.02631578947368	95.0	0.0842105263157895	0.0631578947368421	Mid	APOBEC_low	-0.902050029746504	-1.04300214822618	-0.131040169211848	-0.765482395032602	-0.362696340606558	-0.276996609385497	-0.580211282034865	Low	Poor_ICB_ready									-2.03781144868244	Low	0	1	1	Partial_escape	Unknown
TCGA-AN-A0FX-01A-11W-A050-09	77	4.356708826689592	TCGA-AN-A0FX	TCGA-AN-A0FX	TCGA-AN-A0FX	0.003573101248631	Cold	BLIS	TNBC_proxy	BASAL	10	0	19309	Stage IIA	6.00719451978105	0.0209875578067831	0.0687419984638737	0.233895327066487	0.766093528457857	Low	0.512847083539736	Low	High	Poor_access	77.0	2.02631578947368	88.0	0.159090909090909	0.0909090909090909	Mid	APOBEC_low	-0.925044384532874	-1.08794943375651	-0.131040169211848	-0.470384995204977	-1.36176775511489	-1.3272463675589	-0.883905517563333	Low	Poor_ICB_ready									-1.06846108208357	Low	0	1	1	Partial_escape	Unknown
TCGA-A7-A0CE-01A-11W-A019-09	77	4.356708826689592	TCGA-A7-A0CE	TCGA-A7-A0CE	TCGA-A7-A0CE	0.0155263728832158	Cold	BLIS	TNBC_proxy	BASAL	1074	0	20863	Stage IIA	6.8283529834603	0.0267146056302965	0.0702156971042485	0.275603493161098	0.724386190254148	Low	0.537282007005812	Low	High	Poor_access	77.0	2.02631578947368	103.0	0.12621359223301	0.087378640776699	Mid	APOBEC_low	-0.828768844424222	0.0110030255491506	-0.131040169211848	-0.507926679816459	-1.13419984533112	-1.11827423098742	-0.618201124036986	Low	Poor_ICB_ready									-0.10737452791072	Mid	0	0	0	No_escape	Unknown
TCGA-A7-A4SE-01A-11D-A25Q-09	77	4.356708826689592	TCGA-A7-A4SE	TCGA-A7-A4SE	TCGA-A7-A4SE	0.0097592031555633	Cold	BLIS	TNBC_proxy	BASAL	644	0	20080	Stage IIA	6.84103557800694	0.0271958384086175	0.0685530962294736	0.284029837841774	0.715959718286867	Low	0.54300293053609	Low	High	Poor_access	77.0	2.02631578947368	86.0	0.0348837209302326	0.22093023255814	Mid	APOBEC_high	-0.875219506418845	0.027976081401195	-0.131040169211848	0.912218499977789	-1.08822245394067	-1.06934779931907	-0.370605891251909	Low	Poor_ICB_ready									-0.080253515489074	Mid	0	0	0	No_escape	Unknown
TCGA-C8-A134-01A-11D-A10Y-09	76	4.343805421853684	TCGA-C8-A134	TCGA-C8-A134	TCGA-C8-A134	0.0442804347592921	Intermediate	IM	TNBC_proxy	BASAL	383	0	19010	Stage IIA	6.8879809721949	0.0527833418632739	0.0430442147948032	0.550810152046937	0.449179412650322	Mid	0.713274666491886	Mid	Low	Medium	76.0	2.0	93.0	0.0645161290322581	0.0537634408602151	Mid	APOBEC_low	-0.597174271652431	0.0908028787586473	-0.138865896268977	-0.865380031681701	0.367411953334565	0.386848636483864	-0.126059455171006	Mid	Intermediate									0.615191350996886	High	0	0	0	No_escape	Unknown
TCGA-A7-A13D-01B-04D-A272-09	76	4.343805421853684	TCGA-A7-A13D	TCGA-A7-A13D	TCGA-A7-A13D	0.0390604736011893	Intermediate	IM	TNBC_proxy	BASAL	965	0	17070	Stage IIA	5.74231320887353	0.0130758783141127	0.0599814636568128	0.178978580150593	0.821007732158543	Low	0.483402775242149	Low	High	Poor_access	237.0	6.23684210526316	284.0	0.140845070422535	0.123239436619718	High	APOBEC_high	-0.639217537731022	-1.44243883004389	1.12107615992903	-0.126594374594724	-1.6613963358833	-1.57905972082594	-0.72127177319164	Low	Poor_ICB_ready									-1.44021128974765	Low	0	1	1	Partial_escape	Unknown
TCGA-A7-A13D-01B-04D-A272-09	76	4.343805421853684	TCGA-A7-A13D	TCGA-A7-A13D	TCGA-A7-A13D	0.0390604736011893	Intermediate	IM	TNBC_proxy	BASAL	965	0	17070	Stage IIA	5.74231320887353	0.0130758783141127	0.0599814636568128	0.178978580150593	0.821007732158543	Low	0.483402775242149	Low	High	Poor_access	237.0	6.23684210526316	284.0	0.140845070422535	0.123239436619718	High	APOBEC_high	-0.639217537731022	-1.44243883004389	1.12107615992903	-0.126594374594724	-1.6613963358833	-1.57905972082594	-0.72127177319164	Low	Poor_ICB_ready									-1.44021128974765	Low	0	1	1	Partial_escape	Unknown
TCGA-A7-A13D-01B-04D-A272-09	76	4.343805421853684	TCGA-A7-A13D	TCGA-A7-A13D	TCGA-A7-A13D	0.0390604736011893	Intermediate	IM	TNBC_proxy	BASAL	965	0	17070	Stage IIA	5.74231320887353	0.0130758783141127	0.0599814636568128	0.178978580150593	0.821007732158543	Low	0.483402775242149	Low	High	Poor_access	237.0	6.23684210526316	284.0	0.140845070422535	0.123239436619718	High	APOBEC_high	-0.639217537731022	-1.44243883004389	1.12107615992903	-0.126594374594724	-1.6613963358833	-1.57905972082594	-0.72127177319164	Low	Poor_ICB_ready									-1.44021128974765	Low	0	1	1	Partial_escape	Unknown
TCGA-A7-A13D-01B-04D-A272-09	76	4.343805421853684	TCGA-A7-A13D	TCGA-A7-A13D	TCGA-A7-A13D	0.0390604736011893	Intermediate	IM	TNBC_proxy	BASAL	965	0	17070	Stage IIA	5.8788647573502	0.0130758783141127	0.0599814636568128	0.178978580150593	0.821007732158543	Low	0.483402775242149	Low	High	Poor_access	237.0	6.23684210526316	284.0	0.140845070422535	0.123239436619718	High	APOBEC_high	-0.639217537731022	-1.25969254335513	1.12107615992903	-0.126594374594724	-1.6613963358833	-1.57905972082594	-0.690814058743513	Low	Poor_ICB_ready									-1.44021128974765	Low	0	1	1	Partial_escape	Unknown
TCGA-A7-A13D-01B-04D-A272-09	76	4.343805421853684	TCGA-A7-A13D	TCGA-A7-A13D	TCGA-A7-A13D	0.0390604736011893	Intermediate	IM	TNBC_proxy	BASAL	965	0	17070	Stage IIA	5.8788647573502	0.0130758783141127	0.0599814636568128	0.178978580150593	0.821007732158543	Low	0.483402775242149	Low	High	Poor_access	237.0	6.23684210526316	284.0	0.140845070422535	0.123239436619718	High	APOBEC_high	-0.639217537731022	-1.25969254335513	1.12107615992903	-0.126594374594724	-1.6613963358833	-1.57905972082594	-0.690814058743513	Low	Poor_ICB_ready									-1.44021128974765	Low	0	1	1	Partial_escape	Unknown
TCGA-A7-A13D-01B-04D-A272-09	76	4.343805421853684	TCGA-A7-A13D	TCGA-A7-A13D	TCGA-A7-A13D	0.0390604736011893	Intermediate	IM	TNBC_proxy	BASAL	965	0	17070	Stage IIA	5.8788647573502	0.0130758783141127	0.0599814636568128	0.178978580150593	0.821007732158543	Low	0.483402775242149	Low	High	Poor_access	237.0	6.23684210526316	284.0	0.140845070422535	0.123239436619718	High	APOBEC_high	-0.639217537731022	-1.25969254335513	1.12107615992903	-0.126594374594724	-1.6613963358833	-1.57905972082594	-0.690814058743513	Low	Poor_ICB_ready									-1.44021128974765	Low	0	1	1	Partial_escape	Unknown
TCGA-A7-A13D-01B-04D-A272-09	76	4.343805421853684	TCGA-A7-A13D	TCGA-A7-A13D	TCGA-A7-A13D	0.0390604736011893	Intermediate	IM	TNBC_proxy	BASAL	965	0	17070	Stage IIA	5.73970273303687	0.0130758783141127	0.0599814636568128	0.178978580150593	0.821007732158543	Low	0.483402775242149	Low	High	Poor_access	237.0	6.23684210526316	284.0	0.140845070422535	0.123239436619718	High	APOBEC_high	-0.639217537731022	-1.44593241741776	1.12107615992903	-0.126594374594724	-1.6613963358833	-1.57905972082594	-0.721854037753952	Low	Poor_ICB_ready									-1.44021128974765	Low	0	1	1	Partial_escape	Unknown
TCGA-A7-A13D-01B-04D-A272-09	76	4.343805421853684	TCGA-A7-A13D	TCGA-A7-A13D	TCGA-A7-A13D	0.0390604736011893	Intermediate	IM	TNBC_proxy	BASAL	965	0	17070	Stage IIA	5.73970273303687	0.0130758783141127	0.0599814636568128	0.178978580150593	0.821007732158543	Low	0.483402775242149	Low	High	Poor_access	237.0	6.23684210526316	284.0	0.140845070422535	0.123239436619718	High	APOBEC_high	-0.639217537731022	-1.44593241741776	1.12107615992903	-0.126594374594724	-1.6613963358833	-1.57905972082594	-0.721854037753952	Low	Poor_ICB_ready									-1.44021128974765	Low	0	1	1	Partial_escape	Unknown
TCGA-A7-A13D-01B-04D-A272-09	76	4.343805421853684	TCGA-A7-A13D	TCGA-A7-A13D	TCGA-A7-A13D	0.0390604736011893	Intermediate	IM	TNBC_proxy	BASAL	965	0	17070	Stage IIA	5.73970273303687	0.0130758783141127	0.0599814636568128	0.178978580150593	0.821007732158543	Low	0.483402775242149	Low	High	Poor_access	237.0	6.23684210526316	284.0	0.140845070422535	0.123239436619718	High	APOBEC_high	-0.639217537731022	-1.44593241741776	1.12107615992903	-0.126594374594724	-1.6613963358833	-1.57905972082594	-0.721854037753952	Low	Poor_ICB_ready									-1.44021128974765	Low	0	1	1	Partial_escape	Unknown
TCGA-E9-A5FL-01A-11D-A27P-09	76	4.343805421853684	TCGA-E9-A5FL	TCGA-E9-A5FL	TCGA-E9-A5FL	0.0311859265113999	Cold	BLIS	TNBC_proxy	BASAL	24	0	24053	Stage IIB	6.41918069977714	0.0303656363535464	0.0859701469170769	0.261014921505176	0.738976482761197	Low	0.522226051576451	Low	High	Poor_access	76.0	2.0	93.0	0.139784946236559	0.161290322580645	Mid	APOBEC_high	-0.702641702876486	-0.536590292089677	-0.138865896268977	0.278026652856185	-1.21380891442937	-1.2470356399833	-0.59348596546527	Low	Poor_ICB_ready									0.0177459003912086	Mid	0	0	0	No_escape	Unknown
TCGA-A7-A13D-01A-13D-A272-09	76	4.343805421853684	TCGA-A7-A13D	TCGA-A7-A13D	TCGA-A7-A13D	0.0390604736011893	Intermediate	IM	TNBC_proxy	BASAL	965	0	17070	Stage IIA	5.74231320887353	0.0130758783141127	0.0599814636568128	0.178978580150593	0.821007732158543	Low	0.483402775242149	Low	High	Poor_access	237.0	6.23684210526316	284.0	0.140845070422535	0.123239436619718	High	APOBEC_high	-0.639217537731022	-1.44243883004389	1.12107615992903	-0.126594374594724	-1.6613963358833	-1.57905972082594	-0.72127177319164	Low	Poor_ICB_ready									-1.44021128974765	Low	0	1	1	Partial_escape	Unknown
TCGA-A7-A13D-01A-13D-A272-09	76	4.343805421853684	TCGA-A7-A13D	TCGA-A7-A13D	TCGA-A7-A13D	0.0390604736011893	Intermediate	IM	TNBC_proxy	BASAL	965	0	17070	Stage IIA	5.74231320887353	0.0130758783141127	0.0599814636568128	0.178978580150593	0.821007732158543	Low	0.483402775242149	Low	High	Poor_access	237.0	6.23684210526316	284.0	0.140845070422535	0.123239436619718	High	APOBEC_high	-0.639217537731022	-1.44243883004389	1.12107615992903	-0.126594374594724	-1.6613963358833	-1.57905972082594	-0.72127177319164	Low	Poor_ICB_ready									-1.44021128974765	Low	0	1	1	Partial_escape	Unknown
TCGA-A7-A13D-01A-13D-A272-09	76	4.343805421853684	TCGA-A7-A13D	TCGA-A7-A13D	TCGA-A7-A13D	0.0390604736011893	Intermediate	IM	TNBC_proxy	BASAL	965	0	17070	Stage IIA	5.74231320887353	0.0130758783141127	0.0599814636568128	0.178978580150593	0.821007732158543	Low	0.483402775242149	Low	High	Poor_access	237.0	6.23684210526316	284.0	0.140845070422535	0.123239436619718	High	APOBEC_high	-0.639217537731022	-1.44243883004389	1.12107615992903	-0.126594374594724	-1.6613963358833	-1.57905972082594	-0.72127177319164	Low	Poor_ICB_ready									-1.44021128974765	Low	0	1	1	Partial_escape	Unknown
TCGA-A7-A13D-01A-13D-A272-09	76	4.343805421853684	TCGA-A7-A13D	TCGA-A7-A13D	TCGA-A7-A13D	0.0390604736011893	Intermediate	IM	TNBC_proxy	BASAL	965	0	17070	Stage IIA	5.8788647573502	0.0130758783141127	0.0599814636568128	0.178978580150593	0.821007732158543	Low	0.483402775242149	Low	High	Poor_access	237.0	6.23684210526316	284.0	0.140845070422535	0.123239436619718	High	APOBEC_high	-0.639217537731022	-1.25969254335513	1.12107615992903	-0.126594374594724	-1.6613963358833	-1.57905972082594	-0.690814058743513	Low	Poor_ICB_ready									-1.44021128974765	Low	0	1	1	Partial_escape	Unknown
TCGA-A7-A13D-01A-13D-A272-09	76	4.343805421853684	TCGA-A7-A13D	TCGA-A7-A13D	TCGA-A7-A13D	0.0390604736011893	Intermediate	IM	TNBC_proxy	BASAL	965	0	17070	Stage IIA	5.8788647573502	0.0130758783141127	0.0599814636568128	0.178978580150593	0.821007732158543	Low	0.483402775242149	Low	High	Poor_access	237.0	6.23684210526316	284.0	0.140845070422535	0.123239436619718	High	APOBEC_high	-0.639217537731022	-1.25969254335513	1.12107615992903	-0.126594374594724	-1.6613963358833	-1.57905972082594	-0.690814058743513	Low	Poor_ICB_ready									-1.44021128974765	Low	0	1	1	Partial_escape	Unknown
TCGA-A7-A13D-01A-13D-A272-09	76	4.343805421853684	TCGA-A7-A13D	TCGA-A7-A13D	TCGA-A7-A13D	0.0390604736011893	Intermediate	IM	TNBC_proxy	BASAL	965	0	17070	Stage IIA	5.8788647573502	0.0130758783141127	0.0599814636568128	0.178978580150593	0.821007732158543	Low	0.483402775242149	Low	High	Poor_access	237.0	6.23684210526316	284.0	0.140845070422535	0.123239436619718	High	APOBEC_high	-0.639217537731022	-1.25969254335513	1.12107615992903	-0.126594374594724	-1.6613963358833	-1.57905972082594	-0.690814058743513	Low	Poor_ICB_ready									-1.44021128974765	Low	0	1	1	Partial_escape	Unknown
TCGA-A7-A13D-01A-13D-A272-09	76	4.343805421853684	TCGA-A7-A13D	TCGA-A7-A13D	TCGA-A7-A13D	0.0390604736011893	Intermediate	IM	TNBC_proxy	BASAL	965	0	17070	Stage IIA	5.73970273303687	0.0130758783141127	0.0599814636568128	0.178978580150593	0.821007732158543	Low	0.483402775242149	Low	High	Poor_access	237.0	6.23684210526316	284.0	0.140845070422535	0.123239436619718	High	APOBEC_high	-0.639217537731022	-1.44593241741776	1.12107615992903	-0.126594374594724	-1.6613963358833	-1.57905972082594	-0.721854037753952	Low	Poor_ICB_ready									-1.44021128974765	Low	0	1	1	Partial_escape	Unknown
TCGA-A7-A13D-01A-13D-A272-09	76	4.343805421853684	TCGA-A7-A13D	TCGA-A7-A13D	TCGA-A7-A13D	0.0390604736011893	Intermediate	IM	TNBC_proxy	BASAL	965	0	17070	Stage IIA	5.73970273303687	0.0130758783141127	0.0599814636568128	0.178978580150593	0.821007732158543	Low	0.483402775242149	Low	High	Poor_access	237.0	6.23684210526316	284.0	0.140845070422535	0.123239436619718	High	APOBEC_high	-0.639217537731022	-1.44593241741776	1.12107615992903	-0.126594374594724	-1.6613963358833	-1.57905972082594	-0.721854037753952	Low	Poor_ICB_ready									-1.44021128974765	Low	0	1	1	Partial_escape	Unknown
TCGA-A7-A13D-01A-13D-A272-09	76	4.343805421853684	TCGA-A7-A13D	TCGA-A7-A13D	TCGA-A7-A13D	0.0390604736011893	Intermediate	IM	TNBC_proxy	BASAL	965	0	17070	Stage IIA	5.73970273303687	0.0130758783141127	0.0599814636568128	0.178978580150593	0.821007732158543	Low	0.483402775242149	Low	High	Poor_access	237.0	6.23684210526316	284.0	0.140845070422535	0.123239436619718	High	APOBEC_high	-0.639217537731022	-1.44593241741776	1.12107615992903	-0.126594374594724	-1.6613963358833	-1.57905972082594	-0.721854037753952	Low	Poor_ICB_ready									-1.44021128974765	Low	0	1	1	Partial_escape	Unknown
TCGA-AN-A0FJ-01A-11W-A019-09	75	4.330733340286331	TCGA-AN-A0FJ	TCGA-AN-A0FJ	TCGA-AN-A0FJ	0.0312936186213722	Cold	BLIS	TNBC_proxy	BASAL	242	0	21910	Stage IV	6.24786062868299	0.0351578643662765	0.0547247603284457	0.391148715749788	0.608840158753178	Low	0.612806000616715	Mid	High	Medium	75.0	1.97368421052632	96.0	0.135416666666667	0.25	Mid	APOBEC_high	-0.701774315572827	-0.765867126933186	-0.146691623326106	1.22133716759995	-0.503745589438401	-0.472378600121519	-0.228186681298682	Mid	Intermediate									-1.25730022826356	Low	0	1	1	Partial_escape	Unknown
TCGA-AN-A0AL-01A-11W-A019-09	74	4.31748811353631	TCGA-AN-A0AL	TCGA-AN-A0AL	TCGA-AN-A0AL	0.130616687444737	Hot	BLIA	TNBC_proxy	BASAL	227	0	15286	Stage IIIB	6.90520336996785	0.0466647842182022	0.0760980210020521	0.380118424436905	0.619873429839702	Low	0.597636733695358	Low	High	Poor_access	74.0	1.94736842105263	76.0	0.0921052631578947	0.0921052631578947	Mid	APOBEC_low	0.0982060068479465	0.113851531637316	-0.154517350383238	-0.457665279695165	-0.56394646888495	-0.602109070658086	-0.261030105189363	Mid	Intermediate									0.166808525215267	Mid	0	0	0	No_escape	Unknown
TCGA-E9-A244-01A-11D-A167-09	73	4.30406509320417	TCGA-E9-A244	TCGA-E9-A244	TCGA-E9-A244	0.0196362590652351	Cold	BLIS	TNBC_proxy	BASAL	21	0	19778	Stage IIA	5.9073103671196	0.0304043295491016	0.0792410480279572	0.277294427968983	0.722696451802679	Low	0.53468570970721	Low	High	Poor_access	73.0	1.92105263157895	91.0	0.175824175824176	0.054945054945055	Mid	APOBEC_low	-0.79566648349283	-1.2216239193377	-0.162343077440368	-0.852815123060406	-1.12498011892221	-1.1404782618049	-0.88298449734307	Low	Poor_ICB_ready									-1.04508487570694	Low	0	1	1	Partial_escape	Unknown
TCGA-E9-A22G-01A-11D-A159-09	73	4.30406509320417	TCGA-E9-A22G	TCGA-E9-A22G	TCGA-E9-A22G	0.0152296419213797	Cold	BLIS	TNBC_proxy	BASAL	1239	0	17300	Stage IIA	6.72043057631913	0.035376454679784	0.0301978494716746	0.539478316380743	0.460506433975921	Mid	0.711616999825778	Mid	Mid	Medium	73.0	1.92105263157895	92.0	0.0652173913043478	0.0760869565217391	Mid	APOBEC_low	-0.831158812166198	-0.133429017701764	-0.162343077440368	-0.627998861304814	0.305608283329234	0.372671954268311	-0.1794415885026	Mid	Intermediate	1.0	0.0	0.0	0.0	0.0	0.0	0.0	Low	-0.0664811473537762	Mid	0	0	0	No_escape	0.0|0.0|0.0|0.0
TCGA-E2-A158-01A-11D-A12B-09	73	4.30406509320417	TCGA-E2-A158	TCGA-E2-A158	TCGA-E2-A158	0.039496587545012	Intermediate	IM	TNBC_proxy	BASAL	450	0	15903	Stage IIA	6.71241938218854	0.0243961982633516	0.0424447873438754	0.364983147070273	0.635001892273024	Low	0.602020949698636	Low	High	Poor_access	73.0	1.92105263157895	82.0	0.134146341463415	0.0487804878048781	Mid	APOBEC_low	-0.635704934087936	-0.144150360635185	-0.162343077440368	-0.918367170721262	-0.6464919566209	-0.564614417291652	-0.511945319466217	Low	Poor_ICB_ready									-0.524462973257878	Low	0	1	1	Partial_escape	Unknown
TCGA-PL-A8LZ-01A-31D-A36J-09	72	4.290459441148391	TCGA-PL-A8LZ	TCGA-PL-A8LZ	TCGA-PL-A8LZ	0.0958657781630265	Intermediate	IM	TNBC_proxy	BASAL	302	0	10869	Stage IIIB	7.86495216462384	0.0657591723913016	0.111814007379362	0.370319448898648	0.629674919651998	Low	0.577469445257056	Low	High	Poor_access	72.0	1.89473684210526	85.0	0.164705882352941	0.129411764705882	Mid	APOBEC_high	-0.181689126688827	1.39827877053724	-0.1701688044975	-0.0609597995009318	-0.617426375429376	-0.774583576651782	-0.0677581520385287	Mid	Intermediate									1.3773126709485	High	0	0	0	No_escape	Unknown
TCGA-E2-A14N-01A-31D-A135-09	72	4.290459441148391	TCGA-E2-A14N	TCGA-E2-A14N	TCGA-E2-A14N	0.0640480010463596	Intermediate	IM	TNBC_proxy	BASAL	1434	0	13743	Stage IIB	6.88799697523632	0.0610813008043994	0.0563639904383388	0.52007858364941	0.479912901820336	Mid	0.689506662732463	Mid	Mid	Medium	72.0	1.89473684210526	84.0	0.0952380952380952	0.130952380952381	Mid	APOBEC_high	-0.437959859138404	0.0908242955527288	-0.1701688044975	-0.0445773759955739	0.199720698222047	0.183580124735044	-0.0297634868536097	Mid	Intermediate									-0.0270175919177354	Mid	0	0	0	No_escape	Unknown
TCGA-A2-A0D2-01A-21W-A050-09	72	4.290459441148391	TCGA-A2-A0D2	TCGA-A2-A0D2	TCGA-A2-A0D2	0.0322067112355344	Cold	BLIS	TNBC_proxy	BASAL	1027	0	16623	Stage IIA	6.56632498868003	0.0504099415020941	0.0599486669820486	0.456778908465749	0.543212030248028	Mid	0.650093315058364	Mid	Mid	Medium	72.0	1.89473684210526	83.0	0.0602409638554217	0.144578313253012	Mid	APOBEC_high	-0.694419970479276	-0.33966779136054	-0.1701688044975	0.100316457307527	-0.145658579569967	-0.153490359006219	-0.233848174600996	Mid	Intermediate									-0.452955287312942	Low	0	1	1	Partial_escape	Unknown
TCGA-AC-A8OQ-01A-11D-A41F-09	70	4.2626798770413155	TCGA-AC-A8OQ	TCGA-AC-A8OQ	TCGA-AC-A8OQ	0.121670223167258	Intermediate	IM	TNBC_proxy	BASAL	34	0	26535	Stage IIB	6.53471817452907	0.0522319041967503	0.0997196516965137	0.343738240463948	0.656255178534541	Low	0.56635903220067	Low	High	Poor_access	70.0	1.84210526315789	85.0	0.317647058823529	0.117647058823529	Mid	APOBEC_low	0.0261482718020075	-0.381967040139375	-0.185820258611761	-0.186061942632725	-0.762456344157371	-0.869601953026402	-0.393293211127605	Low	Poor_ICB_ready									0.441836994630658	Mid	0	0	0	No_escape	Unknown
TCGA-AR-A1AH-01A-11D-A12B-09	69	4.248495242049359	TCGA-AR-A1AH	TCGA-AR-A1AH	TCGA-AR-A1AH	0.0234127460350121	Cold	BLIS	TNBC_proxy	BASAL	3807	0	18991	Stage IIB	6.12247842068129	0.0230254736941303	0.0587602943134571	0.281530548951319	0.718457224131976	Low	0.545421547795432	Low	High	Poor_access	69.0	1.81578947368421	92.0	0.0978260869565217	0.0543478260869565	Mid	APOBEC_low	-0.765249428326394	-0.933665538483706	-0.193645985668891	-0.859165864917909	-1.10184960468494	-1.04866332216345	-0.817039957374216	Low	Poor_ICB_ready									-2.00749394464197	Low	0	1	1	Partial_escape	Unknown
TCGA-B6-A0I6-01A-11D-A128-09	69	4.248495242049359	TCGA-B6-A0I6	TCGA-B6-A0I6	TCGA-B6-A0I6	0.0072461529517206	Cold	BLIS	TNBC_proxy	BASAL	991	1	18014	Stage IIA	6.05001512502461	0.0231005363148542	0.0436186993791163	0.346229836789107	0.653755175254247	Low	0.590299415095805	Low	High	Poor_access	138.0	3.63157894736842	169.0	0.0946745562130178	0.0650887573964497	High	APOBEC_low	-0.895460430668829	-1.03064282178966	0.346329181273113	-0.744950215203747	-0.748815566647899	-0.664859221956205	-0.623066512498871	Low	Poor_ICB_ready									-1.3434165074217	Low	0	1	1	Partial_escape	Unknown
TCGA-B6-A0I6-01A-11W-A100-09	69	4.248495242049359	TCGA-B6-A0I6	TCGA-B6-A0I6	TCGA-B6-A0I6	0.0072461529517206	Cold	BLIS	TNBC_proxy	BASAL	991	1	18014	Stage IIA	6.05001512502461	0.0231005363148542	0.0436186993791163	0.346229836789107	0.653755175254247	Low	0.590299415095805	Low	High	Poor_access	138.0	3.63157894736842	169.0	0.0946745562130178	0.0650887573964497	High	APOBEC_low	-0.895460430668829	-1.03064282178966	0.346329181273113	-0.744950215203747	-0.748815566647899	-0.664859221956205	-0.623066512498871	Low	Poor_ICB_ready									-1.3434165074217	Low	0	1	1	Partial_escape	Unknown
TCGA-BH-A0BW-01A-11D-A10Y-09	66	4.204692619390966	TCGA-BH-A0BW	TCGA-BH-A0BW	TCGA-BH-A0BW	0.174828381128227	Hot	BLIA	TNBC_proxy	BASAL	2371	0	25974	Stage I	7.7313462712958	0.0699799907516883	0.0521283137792232	0.573093025306463	0.426898785309412	High	0.723009403302664	High	Low	High_access	66.0	1.73684210526316	74.0	0.135135135135135	0.108108108108108	Mid	APOBEC_low	0.454301377104636	1.21947464009851	-0.217123166840281	-0.287496112739581	0.488981825952116	0.470101966625601	0.3547067550335	High	High_ICB_ready									1.24040475123121	High	0	0	0	No_escape	Unknown
TCGA-AR-A0TS-01A-11D-A10Y-09	65	4.189654742026425	TCGA-AR-A0TS	TCGA-AR-A0TS	TCGA-AR-A0TS	0.373644708301465	Hot	BLIA	TNBC_proxy	BASAL	2558	0	17141	Stage IIB	6.75261146332096	0.0890804406464186	0.0941880081082603	0.486062686671034	0.513931856882151	Mid	0.653965682627405	Mid	Mid	Medium	65.0	1.71052631578947	76.0	0.118421052631579	0.118421052631579	Mid	APOBEC_low	2.0556327837833	-0.0903614899619375	-0.224948893897414	-0.177831538479313	0.0141029429331996	-0.120373131296623	0.242703445513536	High	High_ICB_ready									-0.281087470378847	Mid	0	0	0	No_escape	Unknown
TCGA-BH-A18T-01A-11D-A12B-09	64	4.174387269895637	TCGA-BH-A18T	TCGA-BH-A18T	TCGA-BH-A18T	0.0266007755514904	Cold	BLIS	TNBC_proxy	BASAL	224	1	25674	Stage IIA	6.36896562995845	0.0447996900723913	0.0687450617905708	0.394551881839312	0.605439311138112	Low	0.609238388600905	Low	Mid	Medium	64.0	1.68421052631579	87.0	0.103448275862069	0.137931034482759	Mid	APOBEC_high	-0.739572001010744	-0.603792880764462	-0.232774620954543	0.0296314075945121	-0.485189531521838	-0.502889500081446	-0.422431187789753	Low	Poor_ICB_ready									-0.278252190089574	Mid	0	0	0	No_escape	Unknown
TCGA-E9-A1ND-01A-11D-A142-09	64	4.174387269895637	TCGA-E9-A1ND	TCGA-E9-A1ND	TCGA-E9-A1ND	0.210742802556951	Hot	BLIA	TNBC_proxy	BASAL	1266	0	27400	Stage IIB	7.8514700300325	0.0754264460746927	0.054559745431387	0.580260602608411	0.419731704325923	High	0.726337079231891	High	Low	High_access	64.0	1.68421052631579	78.0	0.153846153846154	0.141025641025641	Mid	APOBEC_high	0.743567816155174	1.38023569405301	-0.232774620954543	0.0625384700009694	0.528087597475999	0.49856088730581	0.496702640672736	High	High_ICB_ready									1.22635855889535	High	0	0	0	No_escape	Unknown
TCGA-A2-A0YJ-01A-11D-A10G-09	64	4.174387269895637	TCGA-A2-A0YJ	TCGA-A2-A0YJ	TCGA-A2-A0YJ	0.0200338926646244	Cold	BLIS	TNBC_proxy	BASAL	566	0	14448	Stage IIIA	6.58522077971352	0.0246281710802883	0.0482124132973608	0.338105922471468	0.661880349106662	Low	0.583586825217059	Low	High	Poor_access	64.0	1.68421052631579	75.0	0.213333333333333	0.0666666666666667	Mid	APOBEC_low	-0.792463813067791	-0.314379644254635	-0.232774620954543	-0.728171229537155	-0.79314898397587	-0.722266573808039	-0.597200810933005	Low	Poor_ICB_ready									-0.724330806247778	Low	0	1	1	Partial_escape	Unknown
TCGA-BH-A18Q-01A-12D-A12B-09	63	4.1588830833596715	TCGA-BH-A18Q	TCGA-BH-A18Q	TCGA-BH-A18Q	0.024644888715534	Cold	BLIS	TNBC_proxy	BASAL	1692	1	20675	Stage IIB	7.32962212520765	0.0303018559656692	0.059743681383182	0.336513283662159	0.663475610969112	Low	0.57801716086526	Low	High	Poor_access	64.0	1.68421052631579	82.0	0.0975609756097561	0.109756097560976	Mid	APOBEC_low	-0.755325350158962	0.681849129514371	-0.232774620954543	-0.269971916684529	-0.801853217408902	-0.769899408066649	-0.357995897293202	Low	Poor_ICB_ready									0.56563618753171	High	0	0	0	No_escape	Unknown
TCGA-E9-A1NC-01A-12W-A16L-09	63	4.1588830833596715	TCGA-E9-A1NC	TCGA-E9-A1NC	TCGA-E9-A1NC	0.0974018504991204	Intermediate	IM	TNBC_proxy	BASAL	1203	0	22355	Stage IIB	6.98608667436493	0.0582118479682013	0.0439328628899858	0.569890282020937	0.430099928042789	High	0.724366898018332	High	Low	High_access	63.0	1.65789473684211	69.0	0.115942028985507	0.130434782608696	Mid	APOBEC_high	-0.169317100157152	0.222097272521087	-0.240600348011672	-0.0500813522720727	0.471515418549273	0.481711520938774	0.11922090192804	Mid	Intermediate									1.30858736667918	High	0	0	0	No_escape	Unknown
TCGA-A2-A0D0-01A-11W-A019-09	62	4.143134726391533	TCGA-A2-A0D0	TCGA-A2-A0D0	TCGA-A2-A0D0	0.0265682140585196	Cold	BLIS	TNBC_proxy	BASAL	2048	0	22115	Stage IIA	6.7681539746607	0.0629755855875798	0.0252852188110222	0.713508929674423	0.286479740396319	High	0.8179980682378	High	Low	High_access	63.0	1.65789473684211	79.0	0.151898734177215	0.113924050632911	Mid	APOBEC_low	-0.739834261872736	-0.0695610210925518	-0.240600348011672	-0.225651228433925	1.25515080054911	1.28246318761024	0.210327854791411	Mid	Intermediate									-0.0233491626444284	Mid	0	0	0	No_escape	Unknown
TCGA-AC-A2BK-01A-11D-A21Q-09	62	4.143134726391533	TCGA-AC-A2BK	TCGA-AC-A2BK	TCGA-AC-A2BK	0.0125087492505164	Cold	BLIS	TNBC_proxy	BASAL	2222	0	28625	Stage IIIA	6.53937483423498	0.0284056799880729	0.0490241174779435	0.366852478828464	0.633134606413679	Low	0.600509589160615	Low	High	Poor_access	62.0	1.63157894736842	69.0	0.217391304347826	0.0289855072463768	Mid	APOBEC_low	-0.853073767290878	-0.375735054642897	-0.248426075068804	-1.12886070246652	-0.63630347760782	-0.577539861531268	-0.636656489768031	Low	Poor_ICB_ready									-1.81104659321526	Low	0	1	1	Partial_escape	Unknown
TCGA-B6-A0X1-01A-11D-A10G-09	62	4.143134726391533	TCGA-B6-A0X1	TCGA-B6-A0X1	TCGA-B6-A0X1	0.127371431342103	Hot	BLIA	TNBC_proxy	BASAL	7455	1	17624		7.25147320276907	0.0703296229699075	0.032305346620321	0.685233678316644	0.314756578510431	High	0.798223914245613	High	Low	High_access	62.0	1.63157894736842	72.0	0.125	0.152777777777778	Mid	APOBEC_high	0.0720676579821851	0.577262798976942	-0.248426075068804	0.18750695699694	1.10086378003745	1.11335084255306	0.467104326912962	High	High_ICB_ready									0.703360769756615	High	0	0	0	No_escape	Unknown
TCGA-HN-A2NL-01A-11D-A18P-09	62	4.143134726391533	TCGA-HN-A2NL	TCGA-HN-A2NL	TCGA-HN-A2NL	0.0547653270637033	Intermediate	IM	TNBC_proxy	BASAL	79	0	20483	Stage IIA	6.31935392631403	0.0543519011302468	0.0116019015561979	0.824077988507385	0.175906849594478	High	0.889815129620834	High	Low	High_access	62.0	1.63157894736842	75.0	0.146666666666667	0.0533333333333333	Mid	APOBEC_low	-0.512725536574112	-0.670187987363126	-0.248426075068804	-0.869953658419854	1.85847008972605	1.89665642542961	0.242305542954961	High	High_ICB_ready									-0.0294741092017039	Mid	0	0	0	No_escape	Unknown
TCGA-E2-A150-01A-11D-A12B-09	61	4.127134385045092	TCGA-E2-A150	TCGA-E2-A150	TCGA-E2-A150	0.034660621788763	Cold	BLIS	TNBC_proxy	BASAL	1935	0	17580	Stage IIA	7.31476514003796	0.0478870681755815	0.0717382630081205	0.4003054152187	0.599686225417688	Low	0.611492959546139	Low	Mid	Medium	61.0	1.60526315789474	77.0	0.194805194805195	0.0779220779220779	Mid	APOBEC_low	-0.674655376223186	0.661966097051984	-0.256251802125933	-0.608484763597215	-0.453798947787887	-0.483607978363907	-0.302472128507691	Mid	Intermediate									1.01159908337697	High	0	0	0	No_escape	Unknown
TCGA-AR-A1AI-01A-11D-A12Q-09	60	4.110873864173311	TCGA-AR-A1AI	TCGA-AR-A1AI	TCGA-AR-A1AI	0.22593578563203	Hot	BLIA	TNBC_proxy	BASAL	3296	0	17229	Stage IIA	7.55237457848162	0.0821551040753374	0.0309810633155972	0.726154861129397	0.273836300042276	High	0.823305794648396	High	Low	High_access	60.0	1.57894736842105	72.0	0.152777777777778	0.208333333333333	Mid	APOBEC_high	0.865937046616123	0.979957676365345	-0.264077529183066	0.77826707734151	1.32413725276028	1.32785587852245	0.835346233737108	High	High_ICB_ready									0.401897890530822	Mid	0	0	0	No_escape	Unknown
TCGA-A2-A4S1-01A-21D-A25Q-09	60	4.110873864173311	TCGA-A2-A4S1	TCGA-A2-A4S1	TCGA-A2-A4S1	0.172891158093336	Hot	BLIA	TNBC_proxy	BASAL	820	0	24353	Stage IIA	6.10434089382246	0.0599374590299066	0.0889985084552728	0.402435070633964	0.597558215116264	Low	0.605865667548133	Low	Mid	Medium	60.0	1.57894736842105	66.0	0.181818181818182	0.0757575757575758	Mid	APOBEC_low	0.438698352284601	-0.957938904257622	-0.264077529183066	-0.631501391662588	-0.442187876999142	-0.53173365526924	-0.398123500847843	Low	Poor_ICB_ready									0.850165479262506	High	0	0	0	No_escape	Unknown
TCGA-AR-A0TU-01A-31D-A10G-09	60	4.110873864173311	TCGA-AR-A0TU	TCGA-AR-A0TU	TCGA-AR-A0TU	0.086684938336243	Intermediate	IM	TNBC_proxy	BASAL	709	0	13039	Stage IIA	6.96984214456312	0.074290593434355	0.0615479565339144	0.546899584485582	0.453093053888145	Mid	0.703524985053547	Mid	Mid	Medium	60.0	1.57894736842105	75.0	0.133333333333333	0.12	Mid	APOBEC_high	-0.255634598689749	0.200357295688872	-0.264077529183066	-0.161041514006362	0.34605793760273	0.303467497030343	0.0281881814071281	Mid	Intermediate									0.583394370593067	High	0	0	0	No_escape	Unknown
TCGA-A2-A0YM-01A-11D-A10G-09	59	4.0943445622221	TCGA-A2-A0YM	TCGA-A2-A0YM	TCGA-A2-A0YM	0.0837511680304038	Intermediate	IM	TNBC_proxy	BASAL	965	0	24831	Stage IIA	7.00783521758134	0.051663816086734	0.037340407135131	0.580458249713622	0.419530514990697	High	0.733345528151529	High	Low	High_access	59.0	1.55263157894737	79.0	0.30379746835443	0.20253164556962	Mid	APOBEC_high	-0.279264139570604	0.251203244280667	-0.271903256240195	0.716573773634641	0.529185347619261	0.558498482233093	0.250715575326144	High	High_ICB_ready									0.0133680669981307	Mid	0	0	0	No_escape	Unknown
TCGA-LL-A5YP-01A-21D-A28B-09	58	4.07753744390572	TCGA-LL-A5YP	TCGA-LL-A5YP	TCGA-LL-A5YP	0.0603028327530949	Intermediate	IM	TNBC_proxy	BASAL	450	0	18041	Stage IIB	6.88734644350333	0.0523823913834227	0.0772540940738461	0.404068246145433	0.595924040036326	Mid	0.611543938348666	Low	Mid	Medium	58.0	1.52631578947368	74.0	0.0540540540540541	0.121621621621622	Mid	APOBEC_high	-0.468124663491098	0.0899536920341059	-0.279728983297327	-0.143797705088192	-0.433271321227929	-0.483171997899359	-0.2863568298283	Mid	Intermediate									-0.492497494264763	Low	0	1	1	Partial_escape	Unknown
TCGA-E9-A243-01A-21D-A167-09	57	4.060443010546419	TCGA-E9-A243	TCGA-E9-A243	TCGA-E9-A243	0.418835333391276	Hot	BLIA	TNBC_proxy	BASAL	612	0	19035	Stage IIA	7.89446279756642	0.101578987423659	0.0569317776279668	0.640829325132906	0.359164366187107	High	0.761728669236549	High	Low	High_access	57.0	1.5	71.0	0.0563380281690141	0.154929577464789	Mid	APOBEC_high	2.41961278619377	1.43777270999274	-0.287554710354456	0.210388510953949	0.858561397412516	0.801236530640775	0.906669537473216	High	High_ICB_ready									0.523763695251968	Mid	0	0	0	No_escape	Unknown
TCGA-E2-A1LS-01A-12D-A159-09	56	4.04305126783455	TCGA-E2-A1LS	TCGA-E2-A1LS	TCGA-E2-A1LS	0.0096372346021453	Cold	BLIS	TNBC_proxy	BASAL	1604	0	16887	Stage IA	5.37248161044904	0.011969293481934	0.0622483263127923	0.161270763523205	0.838715762768947	Low	0.471871211813515	Low	High	Poor_access	56.0	1.47368421052632	62.0	0.129032258064516	0.0806451612903226	Mid	APOBEC_low	-0.876201880844489	-1.9373826960506	-0.295380437411586	-0.579528360547229	-1.75801673138095	-1.67767985569302	-1.18736499365464	Low	Poor_ICB_ready									-0.955176922664754	Low	0	1	1	Partial_escape	Unknown
TCGA-AR-A5QQ-01A-11D-A28B-09	56	4.04305126783455	TCGA-AR-A5QQ	TCGA-AR-A5QQ	TCGA-AR-A5QQ	0.23811372501806	Hot	BLIA	TNBC_proxy	BASAL	322	1	24841	Stage IIIA	9.18470818861175	0.0972641589589814	0.0207076438438052	0.824462559574654	0.175528963895364	High	0.88639956412526	High	Low	High_access	56.0	1.47368421052632	62.0	0.0967741935483871	0.112903225806452	Mid	APOBEC_low	0.964022133916256	3.16450196909822	-0.295380437411586	-0.236506355185859	1.8605319489189	1.86744585637663	1.22076918595209	High	High_ICB_ready									0.985826923480545	High	0	0	0	No_escape	Unknown
TCGA-EW-A1P4-01A-21D-A142-09	56	4.04305126783455	TCGA-EW-A1P4	TCGA-EW-A1P4	TCGA-EW-A1P4	0.128291685562659	Hot	BLIA	TNBC_proxy	BASAL	907	0	15989	Stage IIA	7.50903500220063	0.0648960259257645	0.0432227024744819	0.600223723144467	0.399767027849687	High	0.742850702300395	High	Low	High_access	56.0	1.47368421052632	63.0	0.126984126984127	0.0793650793650794	Mid	APOBEC_low	0.0794796849844789	0.921956527931876	-0.295380437411586	-0.593140344886966	0.637020938487011	0.63978854860593	0.231620819618457	High	High_ICB_ready									1.66588923643121	High	0	0	0	No_escape	Unknown
TCGA-BH-A5IZ-01A-11D-A27P-09	55	4.02535169073515	TCGA-BH-A5IZ	TCGA-BH-A5IZ	TCGA-BH-A5IZ	0.0393254528822421	Intermediate	IM	TNBC_proxy	BASAL	567	0	18927	Stage IIB	6.27297876711693	0.0330965161062017	0.0235649016687736	0.584099962653176	0.415882388964717	High	0.74104460595366	High	Low	High_access	55.0	1.44736842105263	67.0	0.149253731343284	0.0895522388059701	Mid	APOBEC_low	-0.637083308360116	-0.732251641949352	-0.303206164468718	-0.484813329216106	0.549090631679949	0.624342467387172	-0.163986890821195	Mid	Intermediate									-0.277283512667511	Mid	0	0	0	No_escape	Unknown
TCGA-AQ-A54N-01A-11D-A25Q-09	55	4.02535169073515	TCGA-AQ-A54N	TCGA-AQ-A54N	TCGA-AQ-A54N	0.0066567133896424	Cold	BLIS	TNBC_proxy	BASAL	78	0	18741	Stage IIA	5.567520446536	0.0417906873596771	0.020505852779983	0.670824036807709	0.329159911194126	High	0.794301712171531	High	Low	High_access	55.0	1.44736842105263	56.0	0.142857142857143	0.0714285714285714	Mid	APOBEC_low	-0.900207968743367	-1.67636315103182	-0.303206164468718	-0.677534647793335	1.02227482054213	1.07980742062977	-0.24253828181089	Mid	Intermediate									-0.531107947988373	Low	0	1	1	Partial_escape	Unknown
TCGA-A1-A0SK-01A-12D-A099-09	54	4.007333185232471	TCGA-A1-A0SK	TCGA-A1-A0SK	TCGA-A1-A0SK	0.0026535676884686	Cold	BLIS	TNBC_proxy	BASAL	967	1	20048	Stage IIA	6.20456710900095	0.0265797662632823	0.0422480950245039	0.386171814642514	0.613813656568526	Low	0.614812568049083	Mid	High	Medium	54.0	1.42105263157895	67.0	0.223880597014925	0.0597014925373134	Mid	APOBEC_low	-0.932450607101808	-0.82380663803973	-0.311031891525847	-0.802236677460953	-0.530882504688779	-0.455218051855475	-0.642604395112099	Low	Poor_ICB_ready									-2.56132514791381	Low	0	1	1	Partial_escape	Unknown
TCGA-AO-A1KR-01A-12D-A142-09	54	4.007333185232471	TCGA-AO-A1KR	TCGA-AO-A1KR	TCGA-AO-A1KR	0.000738764876696	Cold	BLIS	TNBC_proxy	BASAL	2513	0	18900	Stage IIA	6.040671708659	0.0483800563462697	0.0182296451552739	0.726310566555864	0.273674420841394	High	0.828503489433054	High	Low	High_access	54.0	1.42105263157895	71.0	0.112676056338028	0.126760563380282	Mid	APOBEC_high	-0.947873052147865	-1.04314707139247	-0.311031891525847	-0.0891518317559767	1.3250205148664	1.3723075579355	0.0510207043299571	Mid	Intermediate									-0.151713610886708	Mid	0	0	0	No_escape	Unknown
TCGA-A7-A6VW-01A-21D-A33E-09	52	3.970291913552122	TCGA-A7-A6VW	TCGA-A7-A6VW	TCGA-A7-A6VW	0.0563906149552555	Intermediate	IM	TNBC_proxy	BASAL	285	0	17539	Stage IIA	6.88096420149942	0.0529937789715636	0.0162097404443061	0.765756043374983	0.234229506701682	High	0.852978399801268	High	Low	High_access	53.0	1.39473684210526	65.0	0.138461538461538	0.0769230769230769	Mid	APOBEC_low	-0.499634938922294	0.0814123679702281	-0.318857618582979	-0.61910782270431	1.54024395153195	1.58162167013814	0.294279601571788	High	High_ICB_ready									0.842328894301555	High	0	0	0	No_escape	Unknown
TCGA-BH-A0AV-01A-31D-A10Y-09	51	3.9512437185814275	TCGA-BH-A0AV	TCGA-BH-A0AV	TCGA-BH-A0AV	0.051859707650906	Intermediate	IM	TNBC_proxy	BASAL	1820	0	19314	Stage I	6.72176644508664	0.0258199936181618	0.118389437165451	0.17904386997432	0.820949195714517	Low	0.460074707705109	Low	High	Poor_access	51.0	1.34210526315789	66.0	0.0909090909090909	0.136363636363636	Mid	APOBEC_high	-0.536128341000296	-0.13164123089532	-0.334509072697241	0.0129641941678545	-1.66107694325872	-1.77856581390075	-0.738159534597412	Low	Poor_ICB_ready									-0.603991020893728	Low	0	1	1	Partial_escape	Unknown
TCGA-D8-A27F-01A-11D-A16D-09	51	3.9512437185814275	TCGA-D8-A27F	TCGA-D8-A27F	TCGA-D8-A27F	0.0313834764090185	Cold	BLIS	TNBC_proxy	BASAL	488	0	14731	Stage IIA	6.46261538023448	0.0240076220774574	0.0726695501885196	0.248325154631685	0.75166450177186	Low	0.519933478861476	Low	High	Poor_access	51.0	1.34210526315789	59.0	0.0508474576271187	0.135593220338983	Mid	APOBEC_high	-0.701050571705618	-0.478461866190149	-0.334509072697241	0.0047718350259454	-1.28303860133603	-1.26664216010025	-0.676488406167225	Low	Poor_ICB_ready									-0.757953249456377	Low	0	1	1	Partial_escape	Unknown
TCGA-D8-A27M-01A-11D-A16D-09	50	3.9318256327243257	TCGA-D8-A27M	TCGA-D8-A27M	TCGA-D8-A27M	0.26572987997138	Hot	BLIA	TNBC_proxy	BASAL	410	0	21910	Stage IA	7.71214390177439	0.066434573538663	0.0678121377799696	0.494865594996869	0.505126956086571	Mid	0.66979897123607	Mid	Mid	Medium	50.0	1.31578947368421	60.0	0.166666666666667	0.1	Mid	APOBEC_low	1.18645163398404	1.19377620046299	-0.34233479975437	-0.373715157330409	0.0621451569943554	0.0150361796471671	0.290226535667296	High	High_ICB_ready	1.0	0.0	0.0	0.0	0.0	0.0	0.0	Low	1.35210612883303	High	0	0	0	No_escape	0.0|0.0|0.0|0.0
TCGA-BH-A0BL-01A-11D-A10Y-09	49	3.912023005428146	TCGA-BH-A0BL	TCGA-BH-A0BL	TCGA-BH-A0BL	0.0860147653658673	Intermediate	IM	TNBC_proxy	BASAL	2278	0	12841	Stage I	7.17128900305335	0.0397254496171382	0.141713946117256	0.218944901747742	0.781049586800434	Low	0.474684669472837	Low	High	Poor_access	49.0	1.28947368421053	54.0	0.166666666666667	0.0555555555555556	Mid	APOBEC_low	-0.26103238991056	0.469952666557158	-0.350160526811499	-0.84632325360607	-1.44337255374771	-1.65361862795731	-0.680759114245997	Low	Poor_ICB_ready									-0.0678708752311061	Mid	0	0	0	No_escape	Unknown
TCGA-AR-A0TP-01A-11D-A099-09	49	3.912023005428146	TCGA-AR-A0TP	TCGA-AR-A0TP	TCGA-AR-A0TP	0.0053596820569682	Cold	BLIS	TNBC_proxy	BASAL	4275	0	15812	Stage IIA	5.73345169960916	0.0158426169177385	0.0521149296602181	0.233121773720765	0.766863511426573	Low	0.519035921279969	Low	High	Poor_access	49.0	1.28947368421053	56.0	0.0892857142857143	0.0535714285714286	Mid	APOBEC_low	-0.910654681234176	-1.45429814566929	-0.350160526811499	-0.867421829332662	-1.36596901614728	-1.27431824411844	-1.03713707388556	Low	Poor_ICB_ready									-1.4223947958958	Low	0	1	1	Partial_escape	Unknown
TCGA-C8-A131-01A-11D-A10Y-09	48	3.8918202981106265	TCGA-C8-A131	TCGA-C8-A131	TCGA-C8-A131	0.0452895573924427	Intermediate	IM	TNBC_proxy	BASAL	411	0	29966	Stage IIIA	6.60532294858259	0.0319028540700218	0.057090955475739	0.358479940941022	0.641508822448607	Low	0.59225832434054	Low	High	Poor_access	48.0	1.26315789473684	58.0	0.258620689655172	0.103448275862069	Low	APOBEC_low	-0.589046469531601	-0.287477007439493	-0.357986253868631	-0.33704728779178	-0.681995744753673	-0.648106255621351	-0.483609836501088	Low	Poor_ICB_ready									-0.717675476303298	Low	0	1	1	Partial_escape	Unknown
TCGA-AR-A2LR-01A-12D-A18P-09	47	3.871201010907891	TCGA-AR-A2LR	TCGA-AR-A2LR	TCGA-AR-A2LR	0.018421371959349	Cold	BLIS	TNBC_proxy	BASAL	1742	0	18214	Stage I	5.96207400777456	0.0262572893371473	0.0891637016883436	0.227489485355944	0.772501850783806	Low	0.500833408854379	Low	High	Poor_access	47.0	1.23684210526316	54.0	0.259259259259259	0.0555555555555556	Low	APOBEC_low	-0.805451579646072	-1.14833399998566	-0.365811980925761	-0.84632325360607	-1.39673350885861	-1.42998961005602	-0.998773988846365	Low	Poor_ICB_ready									-1.24506307958674	Low	0	1	1	Partial_escape	Unknown
TCGA-AQ-A04J-01A-02W-A050-09	47	3.871201010907891	TCGA-AQ-A04J	TCGA-AQ-A04J	TCGA-AQ-A04J	0.195365428975013	Hot	BLIA	TNBC_proxy	BASAL	819	0	16615	Stage IIA	6.8513365135845	0.0645653291416964	0.0708034030182762	0.476955432440367	0.523037180383903	Mid	0.657856330562348	Mid	Mid	Medium	47.0	1.23684210526316	63.0	0.0634920634920635	0.0952380952380952	Low	APOBEC_low	0.619713444539447	0.0417617744029916	-0.365811980925761	-0.424351739074231	-0.0355784686946099	-0.087099566403275	-0.041894422692573	Mid	Intermediate									-0.314934288233855	Mid	0	0	0	No_escape	Unknown
TCGA-EW-A6SB-01A-12D-A32I-09	47	3.871201010907891	TCGA-EW-A6SB	TCGA-EW-A6SB	TCGA-EW-A6SB	0.319588661182557	Hot	BLIA	TNBC_proxy	BASAL	760	0	22844	Stage II	6.86547955162201	0.11010568614279	0.0196082154194633	0.848828352153107	0.151163938632393	High	0.901458350652779	High	Low	High_access	48.0	1.26315789473684	58.0	0.241379310344828	0.103448275862069	Low	APOBEC_low	1.62024778697173	0.0606893348201805	-0.357986253868631	-0.33704728779178	1.99347492993201	1.99623147746517	0.82926833125478	High	High_ICB_ready									1.51938642205994	High	0	0	0	No_escape	Unknown
TCGA-B6-A0I2-01A-11W-A050-09	45	3.828641396489095	TCGA-B6-A0I2	TCGA-B6-A0I2	TCGA-B6-A0I2	0.174079911814824	Hot	BLIA	TNBC_proxy	BASAL	4361	0	16702	Stage IA	7.39002029854297	0.0905653030388253	0.0156624353914421	0.85254992553899	0.147440660812549	High	0.905270629355894	High	Low	High_access	45.0	1.18421052631579	55.0	0.181818181818182	0.363636363636364	Low	APOBEC_high	0.448272961654415	0.762679717105252	-0.381463435040022	2.42971014103204	2.01379026501448	2.02883481370651	1.21697074391211	High	High_ICB_ready									1.63702698072176	High	0	0	0	No_escape	Unknown
TCGA-B6-A0RT-01A-21D-A099-09	45	3.828641396489095	TCGA-B6-A0RT	TCGA-B6-A0RT	TCGA-B6-A0RT	0.556160736924658	Hot	BLIA	TNBC_proxy	BASAL	2721	0	14374	Stage IIIA	7.77777426597489	0.141711263337822	0.0329922967499159	0.811148050552622	0.188846225498332	High	0.873495346001034	High	Low	High_access	45.0	1.18421052631579	50.0	0.1	0.18	Low	APOBEC_high	3.52567628077394	1.28160900415853	-0.381463435040022	0.47697941596578	1.78786892323673	1.75708651615002	1.40795945087416	High	High_ICB_ready									0.729130039444966	High	0	0	0	No_escape	Unknown
TCGA-E2-A573-01A-11D-A29N-09	44	3.8066624897703196	TCGA-E2-A573	TCGA-E2-A573	TCGA-E2-A573	0.112728310593107	Intermediate	IM	TNBC_proxy	BASAL	1062	0	17689	Stage IA	7.45625008440833	0.0732314132814106	0.0276160260532552	0.72615316374299	0.27383692038715	High	0.824651437346408	High	Low	High_access	44.0	1.15789473684211	48.0	0.208333333333333	0.0833333333333333	Low	APOBEC_low	-0.0458728023439105	0.851314723958759	-0.389289162097151	-0.550943193433783	1.32413386797016	1.33936407211494	0.42145125102817	High	High_ICB_ready									1.15880175178472	High	0	0	0	No_escape	Unknown
TCGA-AR-A1AY-01A-21D-A12Q-09	44	3.8066624897703196	TCGA-AR-A1AY	TCGA-AR-A1AY	TCGA-AR-A1AY	0.013314747053826	Cold	BLIS	TNBC_proxy	BASAL	1026	0	23927	Stage I	7.06711497495564	0.0256056294015726	0.0452396145920844	0.361425362279828	0.638560522645841	Low	0.598767840575662	Low	High	Poor_access	44.0	1.15789473684211	56.0	0.214285714285714	0.142857142857143	Low	APOBEC_high	-0.846581998659476	0.330537061119918	-0.389289162097151	0.0820140783639791	-0.665908925205172	-0.59243562839026	-0.34694409581136	Mid	Intermediate									-0.648399874472456	Low	0	1	1	Partial_escape	Unknown
TCGA-A2-A04U-01A-11D-A10Y-09	44	3.8066624897703196	TCGA-A2-A04U	TCGA-A2-A04U	TCGA-A2-A04U	0.0021013129573502	Cold	BLIS	TNBC_proxy	BASAL	2654	0	17474	Stage IIA	5.88500771854735	0.0420594462661193	0.0707303212645133	0.372897952438319	0.627093181587791	Low	0.59545196254152	Low	High	Poor_access	44.0	1.15789473684211	53.0	0.188679245283019	0.0566037735849057	Low	APOBEC_low	-0.936898646445459	-1.25147144765482	-0.389289162097151	-0.835176836241078	-0.603339628104213	-0.620793651216364	-0.772828228626513	Low	Poor_ICB_ready									-1.27417162777615	Low	0	1	1	Partial_escape	Unknown
TCGA-A7-A13E-01A-11D-A12Q-09	44	3.8066624897703196	TCGA-A7-A13E	TCGA-A7-A13E	TCGA-A7-A13E	0.284241034186787	Hot	BLIA	TNBC_proxy	BASAL	614	1	22690	Stage IIB	6.96039494634335	0.0648150494153391	0.0640050046864119	0.503140188281211	0.496852049012553	Mid	0.676286768717904	Mid	Mid	Medium	104.0	2.73684210526316	127.0	0.362204724409449	0.062992125984252	High	APOBEC_low	1.33554649475558	0.18771415532514	0.0802544613306772	-0.767245127260733	0.107295564275004	0.0705210639482858	0.169014435395659	Mid	Intermediate									-0.894955158964763	Low	0	1	1	Partial_escape	Unknown
TCGA-A7-A13E-01A-11D-A12Q-09	44	3.8066624897703196	TCGA-A7-A13E	TCGA-A7-A13E	TCGA-A7-A13E	0.284241034186787	Hot	BLIA	TNBC_proxy	BASAL	614	1	22690	Stage IIB	6.96039494634335	0.0648150494153391	0.0640050046864119	0.503140188281211	0.496852049012553	Mid	0.676286768717904	Mid	Mid	Medium	104.0	2.73684210526316	127.0	0.362204724409449	0.062992125984252	High	APOBEC_low	1.33554649475558	0.18771415532514	0.0802544613306772	-0.767245127260733	0.107295564275004	0.0705210639482858	0.169014435395659	Mid	Intermediate									-0.894955158964763	Low	0	1	1	Partial_escape	Unknown
TCGA-A7-A13E-01A-11D-A12Q-09	44	3.8066624897703196	TCGA-A7-A13E	TCGA-A7-A13E	TCGA-A7-A13E	0.284241034186787	Hot	BLIA	TNBC_proxy	BASAL	614	1	22690	Stage IIB	6.96039494634335	0.0648150494153391	0.0640050046864119	0.503140188281211	0.496852049012553	Mid	0.676286768717904	Mid	Mid	Medium	104.0	2.73684210526316	127.0	0.362204724409449	0.062992125984252	High	APOBEC_low	1.33554649475558	0.18771415532514	0.0802544613306772	-0.767245127260733	0.107295564275004	0.0705210639482858	0.169014435395659	Mid	Intermediate									-0.894955158964763	Low	0	1	1	Partial_escape	Unknown
TCGA-A7-A13E-01A-11D-A12Q-09	44	3.8066624897703196	TCGA-A7-A13E	TCGA-A7-A13E	TCGA-A7-A13E	0.284241034186787	Hot	BLIA	TNBC_proxy	BASAL	614	1	22690	Stage IIB	6.08924096887718	0.0648150494153391	0.0640050046864119	0.503140188281211	0.496852049012553	Mid	0.676286768717904	Mid	Mid	Medium	104.0	2.73684210526316	127.0	0.362204724409449	0.062992125984252	High	APOBEC_low	1.33554649475558	-0.978147061864128	0.0802544613306772	-0.767245127260733	0.107295564275004	0.0705210639482858	-0.0252957674692188	Mid	Intermediate									-0.894955158964763	Low	0	1	1	Partial_escape	Unknown
TCGA-A7-A13E-01A-11D-A12Q-09	44	3.8066624897703196	TCGA-A7-A13E	TCGA-A7-A13E	TCGA-A7-A13E	0.284241034186787	Hot	BLIA	TNBC_proxy	BASAL	614	1	22690	Stage IIB	6.08924096887718	0.0648150494153391	0.0640050046864119	0.503140188281211	0.496852049012553	Mid	0.676286768717904	Mid	Mid	Medium	104.0	2.73684210526316	127.0	0.362204724409449	0.062992125984252	High	APOBEC_low	1.33554649475558	-0.978147061864128	0.0802544613306772	-0.767245127260733	0.107295564275004	0.0705210639482858	-0.0252957674692188	Mid	Intermediate									-0.894955158964763	Low	0	1	1	Partial_escape	Unknown
TCGA-A7-A13E-01A-11D-A12Q-09	44	3.8066624897703196	TCGA-A7-A13E	TCGA-A7-A13E	TCGA-A7-A13E	0.284241034186787	Hot	BLIA	TNBC_proxy	BASAL	614	1	22690	Stage IIB	6.08924096887718	0.0648150494153391	0.0640050046864119	0.503140188281211	0.496852049012553	Mid	0.676286768717904	Mid	Mid	Medium	104.0	2.73684210526316	127.0	0.362204724409449	0.062992125984252	High	APOBEC_low	1.33554649475558	-0.978147061864128	0.0802544613306772	-0.767245127260733	0.107295564275004	0.0705210639482858	-0.0252957674692188	Mid	Intermediate									-0.894955158964763	Low	0	1	1	Partial_escape	Unknown
TCGA-A7-A13E-01A-11D-A12Q-09	44	3.8066624897703196	TCGA-A7-A13E	TCGA-A7-A13E	TCGA-A7-A13E	0.284241034186787	Hot	BLIA	TNBC_proxy	BASAL	614	1	22690	Stage IIB	6.18274665268467	0.0648150494153391	0.0640050046864119	0.503140188281211	0.496852049012553	Mid	0.676286768717904	Mid	Mid	Medium	104.0	2.73684210526316	127.0	0.362204724409449	0.062992125984252	High	APOBEC_low	1.33554649475558	-0.853008850758218	0.0802544613306772	-0.767245127260733	0.107295564275004	0.0705210639482858	-0.004439398951567	Mid	Intermediate									-0.894955158964763	Low	0	1	1	Partial_escape	Unknown
TCGA-A7-A13E-01A-11D-A12Q-09	44	3.8066624897703196	TCGA-A7-A13E	TCGA-A7-A13E	TCGA-A7-A13E	0.284241034186787	Hot	BLIA	TNBC_proxy	BASAL	614	1	22690	Stage IIB	6.18274665268467	0.0648150494153391	0.0640050046864119	0.503140188281211	0.496852049012553	Mid	0.676286768717904	Mid	Mid	Medium	104.0	2.73684210526316	127.0	0.362204724409449	0.062992125984252	High	APOBEC_low	1.33554649475558	-0.853008850758218	0.0802544613306772	-0.767245127260733	0.107295564275004	0.0705210639482858	-0.004439398951567	Mid	Intermediate									-0.894955158964763	Low	0	1	1	Partial_escape	Unknown
TCGA-A7-A13E-01A-11D-A12Q-09	44	3.8066624897703196	TCGA-A7-A13E	TCGA-A7-A13E	TCGA-A7-A13E	0.284241034186787	Hot	BLIA	TNBC_proxy	BASAL	614	1	22690	Stage IIB	6.18274665268467	0.0648150494153391	0.0640050046864119	0.503140188281211	0.496852049012553	Mid	0.676286768717904	Mid	Mid	Medium	104.0	2.73684210526316	127.0	0.362204724409449	0.062992125984252	High	APOBEC_low	1.33554649475558	-0.853008850758218	0.0802544613306772	-0.767245127260733	0.107295564275004	0.0705210639482858	-0.004439398951567	Mid	Intermediate									-0.894955158964763	Low	0	1	1	Partial_escape	Unknown
TCGA-A2-A0CM-01A-31W-A050-09	43	3.784189633918261	TCGA-A2-A0CM	TCGA-A2-A0CM	TCGA-A2-A0CM	0.175691495701674	Hot	BLIA	TNBC_proxy	BASAL	754	1	14969	Stage IIA	8.01355972430501	0.080378995274321	0.0567936836972812	0.585965149268623	0.41402756070309	High	0.728865990099234	High	Low	High_access	43.0	1.13157894736842	52.0	0.0769230769230769	0.461538461538462	Low	APOBEC_high	0.461253182792197	1.5971595595768	-0.397114889154283	3.47076993352737	0.559211138254708	0.520188616481275	1.03524459024634	High	High_ICB_ready									0.645173281232734	High	0	0	0	No_escape	Unknown
TCGA-A8-A07U-01A-11W-A050-09	43	3.784189633918261	TCGA-A8-A07U	TCGA-A8-A07U	TCGA-A8-A07U	0.230805558930016	Hot	BLIA	TNBC_proxy	BASAL	760	0	24411	Stage IIIA	8.12889626528696	0.085241758813033	0.098004863561979	0.465172522885933	0.534822020017342	Mid	0.639904842564803	Mid	Mid	Medium	43.0	1.13157894736842	65.0	0.153846153846154	0.292307692307692	Low	APOBEC_high	0.905159785695672	1.75151390282014	-0.397114889154283	1.67122372078543	-0.0998801344930797	-0.240624123445265	0.598379710368102	High	High_ICB_ready									1.3996235017464	High	0	0	0	No_escape	Unknown
TCGA-S3-AA0Z-01A-11D-A41F-09	43	3.784189633918261	TCGA-S3-AA0Z	TCGA-S3-AA0Z	TCGA-S3-AA0Z	0.0897715326663845	Intermediate	IM	TNBC_proxy	BASAL	629	0	23314	Stage IIB	7.16994889420583	0.0532738286741639	0.0203896418295513	0.72319570492911	0.276790720005555	High	0.825769711264847	High	Low	High_access	43.0	1.13157894736842	51.0	0.215686274509804	0.156862745098039	Low	APOBEC_high	-0.230774163378391	0.46815920527184	-0.397114889154283	0.230945201139919	1.30801703975645	1.34892776443969	0.454693359679204	High	High_ICB_ready									0.922234128539947	High	0	0	0	No_escape	Unknown
TCGA-BH-A0DL-01A-11D-A10Y-09	42	3.7612001156935624	TCGA-BH-A0DL	TCGA-BH-A0DL	TCGA-BH-A0DL	0.203035836218453	Hot	BLIA	TNBC_proxy	BASAL	2381	0	23628	Stage IIA	8.05339239710929	0.0785923145072691	0.0196169899850518	0.80024509559905	0.199744722170021	High	0.872306370703967	High	Low	High_access	42.0	1.10526315789474	51.0	0.254901960784314	0.156862745098039	Low	APOBEC_high	0.681493400922171	1.65046743579699	-0.404940616211413	0.230945201139919	1.72840341394798	1.74691817211965	0.938881167952551	High	High_ICB_ready									0.0909598660456373	Mid	0	0	0	No_escape	Unknown
TCGA-D8-A143-01A-11D-A10Y-09	42	3.7612001156935624	TCGA-D8-A143	TCGA-D8-A143	TCGA-D8-A143	0.043917008672831	Intermediate	IM	TNBC_proxy	BASAL	431	0	18984	Stage IIA	6.58060187806557	0.0432729635217781	0.0425296246258757	0.50432580333718	0.495662542138556	Mid	0.685590624866516	Mid	Mid	Medium	42.0	1.10526315789474	44.0	0.181818181818182	0.0227272727272727	Low	APOBEC_low	-0.600101423635021	-0.320561098322054	-0.404940616211413	-1.19540877926423	0.113785875204625	0.150089420298098	-0.376189436988332	Low	Poor_ICB_ready									-0.613523088380326	Low	0	1	1	Partial_escape	Unknown
TCGA-A7-A13E-01A-11D-A272-09	42	3.7612001156935624	TCGA-A7-A13E	TCGA-A7-A13E	TCGA-A7-A13E	0.284241034186787	Hot	BLIA	TNBC_proxy	BASAL	614	1	22690	Stage IIB	6.96039494634335	0.0648150494153391	0.0640050046864119	0.503140188281211	0.496852049012553	Mid	0.676286768717904	Mid	Mid	Medium	104.0	2.73684210526316	127.0	0.362204724409449	0.062992125984252	High	APOBEC_low	1.33554649475558	0.18771415532514	0.0802544613306772	-0.767245127260733	0.107295564275004	0.0705210639482858	0.169014435395659	Mid	Intermediate									-0.894955158964763	Low	0	1	1	Partial_escape	Unknown
TCGA-A7-A13E-01A-11D-A272-09	42	3.7612001156935624	TCGA-A7-A13E	TCGA-A7-A13E	TCGA-A7-A13E	0.284241034186787	Hot	BLIA	TNBC_proxy	BASAL	614	1	22690	Stage IIB	6.96039494634335	0.0648150494153391	0.0640050046864119	0.503140188281211	0.496852049012553	Mid	0.676286768717904	Mid	Mid	Medium	104.0	2.73684210526316	127.0	0.362204724409449	0.062992125984252	High	APOBEC_low	1.33554649475558	0.18771415532514	0.0802544613306772	-0.767245127260733	0.107295564275004	0.0705210639482858	0.169014435395659	Mid	Intermediate									-0.894955158964763	Low	0	1	1	Partial_escape	Unknown
TCGA-A7-A13E-01A-11D-A272-09	42	3.7612001156935624	TCGA-A7-A13E	TCGA-A7-A13E	TCGA-A7-A13E	0.284241034186787	Hot	BLIA	TNBC_proxy	BASAL	614	1	22690	Stage IIB	6.96039494634335	0.0648150494153391	0.0640050046864119	0.503140188281211	0.496852049012553	Mid	0.676286768717904	Mid	Mid	Medium	104.0	2.73684210526316	127.0	0.362204724409449	0.062992125984252	High	APOBEC_low	1.33554649475558	0.18771415532514	0.0802544613306772	-0.767245127260733	0.107295564275004	0.0705210639482858	0.169014435395659	Mid	Intermediate									-0.894955158964763	Low	0	1	1	Partial_escape	Unknown
TCGA-A7-A13E-01A-11D-A272-09	42	3.7612001156935624	TCGA-A7-A13E	TCGA-A7-A13E	TCGA-A7-A13E	0.284241034186787	Hot	BLIA	TNBC_proxy	BASAL	614	1	22690	Stage IIB	6.08924096887718	0.0648150494153391	0.0640050046864119	0.503140188281211	0.496852049012553	Mid	0.676286768717904	Mid	Mid	Medium	104.0	2.73684210526316	127.0	0.362204724409449	0.062992125984252	High	APOBEC_low	1.33554649475558	-0.978147061864128	0.0802544613306772	-0.767245127260733	0.107295564275004	0.0705210639482858	-0.0252957674692188	Mid	Intermediate									-0.894955158964763	Low	0	1	1	Partial_escape	Unknown
TCGA-A7-A13E-01A-11D-A272-09	42	3.7612001156935624	TCGA-A7-A13E	TCGA-A7-A13E	TCGA-A7-A13E	0.284241034186787	Hot	BLIA	TNBC_proxy	BASAL	614	1	22690	Stage IIB	6.08924096887718	0.0648150494153391	0.0640050046864119	0.503140188281211	0.496852049012553	Mid	0.676286768717904	Mid	Mid	Medium	104.0	2.73684210526316	127.0	0.362204724409449	0.062992125984252	High	APOBEC_low	1.33554649475558	-0.978147061864128	0.0802544613306772	-0.767245127260733	0.107295564275004	0.0705210639482858	-0.0252957674692188	Mid	Intermediate									-0.894955158964763	Low	0	1	1	Partial_escape	Unknown
TCGA-A7-A13E-01A-11D-A272-09	42	3.7612001156935624	TCGA-A7-A13E	TCGA-A7-A13E	TCGA-A7-A13E	0.284241034186787	Hot	BLIA	TNBC_proxy	BASAL	614	1	22690	Stage IIB	6.08924096887718	0.0648150494153391	0.0640050046864119	0.503140188281211	0.496852049012553	Mid	0.676286768717904	Mid	Mid	Medium	104.0	2.73684210526316	127.0	0.362204724409449	0.062992125984252	High	APOBEC_low	1.33554649475558	-0.978147061864128	0.0802544613306772	-0.767245127260733	0.107295564275004	0.0705210639482858	-0.0252957674692188	Mid	Intermediate									-0.894955158964763	Low	0	1	1	Partial_escape	Unknown
TCGA-A7-A13E-01A-11D-A272-09	42	3.7612001156935624	TCGA-A7-A13E	TCGA-A7-A13E	TCGA-A7-A13E	0.284241034186787	Hot	BLIA	TNBC_proxy	BASAL	614	1	22690	Stage IIB	6.18274665268467	0.0648150494153391	0.0640050046864119	0.503140188281211	0.496852049012553	Mid	0.676286768717904	Mid	Mid	Medium	104.0	2.73684210526316	127.0	0.362204724409449	0.062992125984252	High	APOBEC_low	1.33554649475558	-0.853008850758218	0.0802544613306772	-0.767245127260733	0.107295564275004	0.0705210639482858	-0.004439398951567	Mid	Intermediate									-0.894955158964763	Low	0	1	1	Partial_escape	Unknown
TCGA-A7-A13E-01A-11D-A272-09	42	3.7612001156935624	TCGA-A7-A13E	TCGA-A7-A13E	TCGA-A7-A13E	0.284241034186787	Hot	BLIA	TNBC_proxy	BASAL	614	1	22690	Stage IIB	6.18274665268467	0.0648150494153391	0.0640050046864119	0.503140188281211	0.496852049012553	Mid	0.676286768717904	Mid	Mid	Medium	104.0	2.73684210526316	127.0	0.362204724409449	0.062992125984252	High	APOBEC_low	1.33554649475558	-0.853008850758218	0.0802544613306772	-0.767245127260733	0.107295564275004	0.0705210639482858	-0.004439398951567	Mid	Intermediate									-0.894955158964763	Low	0	1	1	Partial_escape	Unknown
TCGA-A7-A13E-01A-11D-A272-09	42	3.7612001156935624	TCGA-A7-A13E	TCGA-A7-A13E	TCGA-A7-A13E	0.284241034186787	Hot	BLIA	TNBC_proxy	BASAL	614	1	22690	Stage IIB	6.18274665268467	0.0648150494153391	0.0640050046864119	0.503140188281211	0.496852049012553	Mid	0.676286768717904	Mid	Mid	Medium	104.0	2.73684210526316	127.0	0.362204724409449	0.062992125984252	High	APOBEC_low	1.33554649475558	-0.853008850758218	0.0802544613306772	-0.767245127260733	0.107295564275004	0.0705210639482858	-0.004439398951567	Mid	Intermediate									-0.894955158964763	Low	0	1	1	Partial_escape	Unknown
TCGA-AC-A62X-01A-11D-A29N-09	42	3.7612001156935624	TCGA-AC-A62X	TCGA-AC-A62X	TCGA-AC-A62X	0.0042298909709127	Cold	BLIS	TNBC_proxy	BASAL	417	0	26627	Stage IIA	8.6522499264391	0.0340509157200003	0.0532392221180229	0.390084452595691	0.609904091487652	Low	0.6127618562602	Low	High	Poor_access	42.0	1.10526315789474	52.0	0.461538461538462	0.0576923076923077	Low	APOBEC_low	-0.919754386347981	2.451915613877	-0.404940616211413	-0.823601710515894	-0.509550729707776	-0.472756131097269	-0.113114660000556	Mid	Intermediate									0.989326675558513	High	0	0	0	No_escape	Unknown
TCGA-E9-A1N9-01A-11D-A14G-09	42	3.7612001156935624	TCGA-E9-A1N9	TCGA-E9-A1N9	TCGA-E9-A1N9	0.0061395251862935	Cold	BLIS	TNBC_proxy	BASAL	1101	0	21228	Stage IIA	6.22468723085061	0.0220417820362782	0.0775960439820922	0.221216797879718	0.778773165871964	Low	0.501697682883985	Low	High	Poor_access	42.0	1.10526315789474	59.0	0.220338983050847	0.101694915254237	Low	APOBEC_low	-0.904373570859458	-0.796879974836207	-0.404940616211413	-0.355691967218205	-1.43095170948405	-1.42259817333633	-0.885906001990944	Low	Poor_ICB_ready									-1.27428048782125	Low	0	1	1	Partial_escape	Unknown
TCGA-B6-A1KF-01A-11D-A13L-09	42	3.7612001156935624	TCGA-B6-A1KF	TCGA-B6-A1KF	TCGA-B6-A1KF	0.0037516389841412	Cold	BLIS	TNBC_proxy	BASAL	3088	0	24891	Stage IIB	5.40094953557806	0.0209472135161021	0.0879602448329966	0.192337802165533	0.807653015811187	Low	0.480224092580089	Low	High	Poor_access	42.0	1.10526315789474	54.0	0.240740740740741	0.148148148148148	Low	APOBEC_high	-0.923606383503408	-1.89928420749372	-0.404940616211413	0.138276946968221	-1.58852894573533	-1.60624442260311	-1.04738793809646	Low	Poor_ICB_ready									-0.885028639697464	Low	0	1	1	Partial_escape	Unknown
TCGA-OL-A5D7-01A-11D-A27P-09	42	3.7612001156935624	TCGA-OL-A5D7	TCGA-OL-A5D7	TCGA-OL-A5D7	0.199956085200629	Hot	BLIA	TNBC_proxy	BASAL	1780	0	25643	Stage IIA	6.90124643349529	0.100558534183582	1.5290989597949502e-19	0.999990055642082	1.52059073484113e-18	High	1.0	High	Low	High_access	42.0	1.10526315789474	52.0	0.153846153846154	0.134615384615385	Low	APOBEC_high	0.656688083875473	0.108555982410005	-0.404940616211413	-0.0056261592695542	2.81827130943812	2.8389785003464	1.00198785009817	High	High_ICB_ready									0.675284330450899	High	0	0	0	No_escape	Unknown
TCGA-BH-A1F0-01A-11D-A135-09	41	3.7376696182833684	TCGA-BH-A1F0	TCGA-BH-A1F0	TCGA-BH-A1F0	0.317190718950996	Hot	BLIA	TNBC_proxy	BASAL	785	1	29335	Stage IIA	7.52629199601787	0.0789105317189675	0.0941156360571527	0.456058622083382	0.543935598477396	Mid	0.635992386490701	Mid	Mid	Medium	41.0	1.07894736842105	67.0	0.149253731343284	0.149253731343284	Low	APOBEC_high	1.60093397979404	0.945051480531775	-0.412766343268545	0.150033367273592	-0.149606587681609	-0.274084195713642	0.309926950155936	High	High_ICB_ready									0.621420898693445	High	0	0	0	No_escape	Unknown
TCGA-A1-A0SP-01A-11D-A099-09	41	3.7376696182833684	TCGA-A1-A0SP	TCGA-A1-A0SP	TCGA-A1-A0SP	0.102437862262652	Intermediate	IM	TNBC_proxy	BASAL	584	0	14954	Stage IIA	6.71724898226432	0.0543860911195638	0.0373541755093403	0.592820364466484	0.4071687353134	High	0.740757088608224	High	Low	High_access	41.0	1.07894736842105	49.0	0.224489795918367	0.0612244897959184	Low	APOBEC_low	-0.128755422371406	-0.137686929865732	-0.412766343268545	-0.78604160867295	0.596634973597065	0.621883564085898	-0.0411219610826116	Mid	Intermediate									-0.786348296316683	Low	0	1	1	Partial_escape	Unknown
TCGA-A7-A26G-01A-21D-A167-09	40	3.713572066704308	TCGA-A7-A26G	TCGA-A7-A26G	TCGA-A7-A26G	0.110152600450602	Intermediate	IM	TNBC_proxy	BASAL	722	0	18362	Stage IIA	6.79348749550283	0.0390312184582415	0.114280630701517	0.25458543541624	0.745408041973259	Low	0.507042922535438	Low	High	Poor_access	40.0	1.05263157894737	54.0	0.0925925925925926	0.166666666666667	Low	APOBEC_high	-0.0666184101334565	-0.0356572908580854	-0.420592070325674	0.335196987083085	-1.24890145568412	-1.37688466201711	-0.468909483655893	Low	Poor_ICB_ready									-0.700324977771517	Low	0	1	1	Partial_escape	Unknown
TCGA-E2-A1AZ-01A-11D-A12Q-09	39	3.6888794541139363	TCGA-E2-A1AZ	TCGA-E2-A1AZ	TCGA-E2-A1AZ	0.0880701547864249	Intermediate	IM	TNBC_proxy	BASAL	2329	0	23230	Stage IIB	7.79777789898465	0.0569454837052503	0.0920257800035744	0.382255611128752	0.617737676212294	Low	0.592547082271194	Low	High	Poor_access	39.0	1.02631578947368	53.0	0.169811320754717	0.264150943396226	Low	APOBEC_high	-0.244477614561421	1.30837977090266	-0.428417797382806	1.37181380202733	-0.55229314815687	-0.645636742598137	0.134894711705126	Mid	Intermediate									-0.232574112916047	Mid	0	0	0	No_escape	Unknown
TCGA-AR-A1AR-01A-31D-A135-09	39	3.6888794541139363	TCGA-AR-A1AR	TCGA-AR-A1AR	TCGA-AR-A1AR	0.259143749479376	Hot	BLIA	TNBC_proxy	BASAL	524	1	18482	Stage IIIA	7.14251702975363	0.0830449502655115	0.101155845811359	0.450836810683731	0.549157760487553	Mid	0.630043005382925	Mid	Mid	Medium	39.0	1.02631578947368	51.0	0.137254901960784	0.176470588235294	Low	APOBEC_high	1.1334047954508	0.431447271782154	-0.428417797382806	0.439448773026241	-0.178100290334106	-0.324964440257726	0.178803052047426	Mid	Intermediate									-0.245127516573346	Mid	0	0	0	No_escape	Unknown
TCGA-B6-A0RU-01A-11D-A099-09	39	3.6888794541139363	TCGA-B6-A0RU	TCGA-B6-A0RU	TCGA-B6-A0RU	8.23841500833242e-18	Cold	BLIS	TNBC_proxy	BASAL	8605	0	14920	Stage IA	5.81277887445663	0.0266467225804187	0.098621812593839	0.212715107015855	0.78727691019728	Low	0.488185128844097	Low	High	Poor_access	39.0	1.02631578947368	45.0	0.222222222222222	0.0888888888888889	Low	APOBEC_low	-0.9538233049064	-1.34813496554715	-0.428417797382806	-0.491867181399324	-1.47735072233871	-1.53816011860591	-1.03962568169672	Low	Poor_ICB_ready									-0.667636690514275	Low	0	1	1	Partial_escape	Unknown
TCGA-EW-A1PH-01A-11D-A14K-09	37	3.6375861597263857	TCGA-EW-A1PH	TCGA-EW-A1PH	TCGA-EW-A1PH	0.0260538027656837	Cold	BLIS	TNBC_proxy	BASAL	607	0	19073	Stage IIA	6.93785788258744	0.0280658672285809	0.047931988703566	0.369293285857337	0.63069355604985	Low	0.602411070888664	Low	High	Poor_access	37.0	0.973684210526316	43.0	0.348837209302326	0.0930232558139535	Low	APOBEC_low	-0.74397749784777	0.157552910284669	-0.444069251497066	-0.447903637559728	-0.6229843651231	-0.561278026297215	-0.443776644673368	Low	Poor_ICB_ready									0.593050295579098	High	0	0	0	No_escape	Unknown
TCGA-A7-A6VV-01A-22D-A33E-09	37	3.6375861597263857	TCGA-A7-A6VV	TCGA-A7-A6VV	TCGA-A7-A6VV	0.0807802197755016	Intermediate	IM	TNBC_proxy	BASAL	313	0	18695	Stage IIA	6.35417909190481	0.0456570250649368	0.0344182994646065	0.570168839955837	0.429818671958504	High	0.728341477039055	High	Low	High_access	37.0	0.973684210526316	48.0	0.1875	0.145833333333333	Low	APOBEC_high	-0.30319312375331	-0.623581634187104	-0.444069251497066	0.113661941953862	0.47305003720324	0.515702880522355	-0.0447381916263372	Mid	Intermediate									-0.452496314502658	Low	0	1	1	Partial_escape	Unknown
TCGA-C8-A12V-01A-11D-A10Y-09	36	3.6109179126442243	TCGA-C8-A12V	TCGA-C8-A12V	TCGA-C8-A12V	0.441438411461354	Hot	BLIA	TNBC_proxy	BASAL	385	0	20346	Stage IIA	8.31269201830809	0.136807900654055	0.0396816443200024	0.775157109261375	0.224837224712719	High	0.849225007444368	High	Low	High_access	36.0	0.947368421052632	41.0	0.121951219512195	0.0975609756097561	Low	APOBEC_low	2.60166533346615	1.99748688334269	-0.451894978554196	-0.399650967491879	1.59149109585673	1.54952194118661	1.14810321796768	High	High_ICB_ready									1.12200911321121	High	0	0	0	No_escape	Unknown
TCGA-A7-A26F-01A-21D-A167-09	35	3.58351893845611	TCGA-A7-A26F	TCGA-A7-A26F	TCGA-A7-A26F	0.132358307614481	Hot	BLIA	TNBC_proxy	BASAL	738	0	20210	Stage IA	7.40796093857803	0.0427394554079183	0.0528360057768868	0.447175537554984	0.552813999617793	Mid	0.64717719791857	Mid	Mid	Medium	67.0	1.76315789473684	73.0	0.219178082191781	0.136986301369863	Mid	APOBEC_high	0.11223358253033	0.786689590181039	-0.209297439783152	0.019585415940089	-0.198049841956759	-0.178429550243773	0.0554552927779623	Mid	Intermediate									-0.690996650516951	Low	0	1	1	Partial_escape	Unknown
TCGA-A7-A26F-01A-21D-A167-09	35	3.58351893845611	TCGA-A7-A26F	TCGA-A7-A26F	TCGA-A7-A26F	0.132358307614481	Hot	BLIA	TNBC_proxy	BASAL	738	0	20210	Stage IA	7.40796093857803	0.0427394554079183	0.0528360057768868	0.447175537554984	0.552813999617793	Mid	0.64717719791857	Mid	Mid	Medium	67.0	1.76315789473684	73.0	0.219178082191781	0.136986301369863	Mid	APOBEC_high	0.11223358253033	0.786689590181039	-0.209297439783152	0.019585415940089	-0.198049841956759	-0.178429550243773	0.0554552927779623	Mid	Intermediate									-0.690996650516951	Low	0	1	1	Partial_escape	Unknown
TCGA-A7-A26F-01A-21D-A167-09	35	3.58351893845611	TCGA-A7-A26F	TCGA-A7-A26F	TCGA-A7-A26F	0.132358307614481	Hot	BLIA	TNBC_proxy	BASAL	738	0	20210	Stage IA	7.71746096956558	0.0427394554079183	0.0528360057768868	0.447175537554984	0.552813999617793	Mid	0.64717719791857	Mid	Mid	Medium	67.0	1.76315789473684	73.0	0.219178082191781	0.136986301369863	Mid	APOBEC_high	0.11223358253033	1.20089200695331	-0.209297439783152	0.019585415940089	-0.198049841956759	-0.178429550243773	0.124489028906674	Mid	Intermediate									-0.690996650516951	Low	0	1	1	Partial_escape	Unknown
TCGA-A7-A26F-01A-21D-A167-09	35	3.58351893845611	TCGA-A7-A26F	TCGA-A7-A26F	TCGA-A7-A26F	0.132358307614481	Hot	BLIA	TNBC_proxy	BASAL	738	0	20210	Stage IA	7.71746096956558	0.0427394554079183	0.0528360057768868	0.447175537554984	0.552813999617793	Mid	0.64717719791857	Mid	Mid	Medium	67.0	1.76315789473684	73.0	0.219178082191781	0.136986301369863	Mid	APOBEC_high	0.11223358253033	1.20089200695331	-0.209297439783152	0.019585415940089	-0.198049841956759	-0.178429550243773	0.124489028906674	Mid	Intermediate									-0.690996650516951	Low	0	1	1	Partial_escape	Unknown
TCGA-GM-A2DF-01A-11D-A17W-09	34	3.5553480614894135	TCGA-GM-A2DF	TCGA-GM-A2DF	TCGA-GM-A2DF	0.197422307935251	Hot	BLIA	TNBC_proxy	BASAL	2155	0	19614	Stage IIA	6.78927159993494	0.0760815718037129	0.0509406515951693	0.598957968219711	0.401034159204131	High	0.739003243839454	High	Low	High_access	34.0	0.894736842105263	43.0	0.255813953488372	0.13953488372093	Low	APOBEC_high	0.636280217125964	-0.0412994038087931	-0.467546432668458	0.0466862306357283	0.630107084806302	0.606884348350542	0.235185340740214	High	High_ICB_ready									-0.119673015853745	Mid	0	0	0	No_escape	Unknown
TCGA-A7-A26I-01A-11D-A167-09	34	3.5553480614894135	TCGA-A7-A26I	TCGA-A7-A26I	TCGA-A7-A26I	0.113876222019291	Intermediate	IM	TNBC_proxy	BASAL	661	0	23948	Stage IIA	6.75999528159363	0.0374671782978992	0.0682728921885148	0.354329477898686	0.645661065037986	Low	0.585294204101802	Low	High	Poor_access	62.0	1.63157894736842	70.0	0.157142857142857	0.128571428571429	Mid	APOBEC_high	-0.0366271501131859	-0.0804797611498646	-0.248426075068804	-0.0698956668674801	-0.7046516419573	-0.707664743195508	-0.307957506392024	Mid	Intermediate									-1.05647579765346	Low	0	1	1	Partial_escape	Unknown
TCGA-A7-A26I-01A-11D-A167-09	34	3.5553480614894135	TCGA-A7-A26I	TCGA-A7-A26I	TCGA-A7-A26I	0.113876222019291	Intermediate	IM	TNBC_proxy	BASAL	661	0	23948	Stage IIA	6.75999528159363	0.0374671782978992	0.0682728921885148	0.354329477898686	0.645661065037986	Low	0.585294204101802	Low	High	Poor_access	62.0	1.63157894736842	70.0	0.157142857142857	0.128571428571429	Mid	APOBEC_high	-0.0366271501131859	-0.0804797611498646	-0.248426075068804	-0.0698956668674801	-0.7046516419573	-0.707664743195508	-0.307957506392024	Mid	Intermediate									-1.05647579765346	Low	0	1	1	Partial_escape	Unknown
TCGA-A7-A26I-01A-11D-A167-09	34	3.5553480614894135	TCGA-A7-A26I	TCGA-A7-A26I	TCGA-A7-A26I	0.113876222019291	Intermediate	IM	TNBC_proxy	BASAL	661	0	23948	Stage IIA	7.04329908521383	0.0374671782978992	0.0682728921885148	0.354329477898686	0.645661065037986	Low	0.585294204101802	Low	High	Poor_access	62.0	1.63157894736842	70.0	0.157142857142857	0.128571428571429	Mid	APOBEC_high	-0.0366271501131859	0.298664369355838	-0.248426075068804	-0.0698956668674801	-0.7046516419573	-0.707664743195508	-0.244766817974407	Mid	Intermediate									-1.05647579765346	Low	0	1	1	Partial_escape	Unknown
TCGA-A7-A26I-01A-11D-A167-09	34	3.5553480614894135	TCGA-A7-A26I	TCGA-A7-A26I	TCGA-A7-A26I	0.113876222019291	Intermediate	IM	TNBC_proxy	BASAL	661	0	23948	Stage IIA	7.04329908521383	0.0374671782978992	0.0682728921885148	0.354329477898686	0.645661065037986	Low	0.585294204101802	Low	High	Poor_access	62.0	1.63157894736842	70.0	0.157142857142857	0.128571428571429	Mid	APOBEC_high	-0.0366271501131859	0.298664369355838	-0.248426075068804	-0.0698956668674801	-0.7046516419573	-0.707664743195508	-0.244766817974407	Mid	Intermediate									-1.05647579765346	Low	0	1	1	Partial_escape	Unknown
TCGA-BH-A0B3-01A-11W-A071-09	33	3.5263605246161616	TCGA-BH-A0B3	TCGA-BH-A0B3	TCGA-BH-A0B3	0.0981945216874163	Intermediate	IM	TNBC_proxy	BASAL	1203	0	19479	Stage IIB	7.55756521716988	0.0513886605504103	0.0507699473732139	0.503023274999539	0.49696693639594	Mid	0.68151185921315	Mid	Mid	Medium	33.0	0.868421052631579	38.0	0.210526315789474	0.210526315789474	Low	APOBEC_high	-0.162932668420409	0.986904283389611	-0.475372159725588	0.801586555776171	0.106668703803348	0.115207036715371	0.228676958589751	High	High_ICB_ready									1.28993904108692	High	0	0	0	No_escape	Unknown
TCGA-A8-A07O-01A-11W-A019-09	32	3.4965075614664802	TCGA-A8-A07O	TCGA-A8-A07O	TCGA-A8-A07O	0.0455043754528232	Intermediate	IM	TNBC_proxy	BASAL	304	0	18870	Stage IIA	6.59093876066394	0.0423216474925142	0.0394301691539573	0.517678157506526	0.482309610499018	Mid	0.694842166039006	Mid	Mid	Medium	32.0	0.842105263157895	42.0	0.333333333333333	0.285714285714286	Low	APOBEC_high	-0.587316254957677	-0.306727297593587	-0.483197886782718	1.6011115306786	0.186643527444465	0.22921036897135	0.106620664626739	Mid	Intermediate									-0.618781845599101	Low	0	1	1	Partial_escape	Unknown
TCGA-AR-A1AQ-01A-11D-A12Q-09	32	3.4965075614664802	TCGA-AR-A1AQ	TCGA-AR-A1AQ	TCGA-AR-A1AQ	0.207993516014331	Hot	BLIA	TNBC_proxy	BASAL	3021	0	18109	Stage IIA	7.55581534154934	0.0853893971169878	0.0426641903311791	0.66682028983578	0.333171900994554	High	0.783031183270796	High	Low	High_access	33.0	0.868421052631579	31.0	0.225806451612903	0.129032258064516	Low	APOBEC_high	0.721424167546172	0.984562433184408	-0.475372159725588	-0.0649953525051809	1.00038418517006	0.983419702945812	0.524903829435947	High	High_ICB_ready									0.921559386916855	High	0	0	0	No_escape	Unknown
TCGA-A7-A26F-01B-04D-A22N-09	32	3.4965075614664802	TCGA-A7-A26F	TCGA-A7-A26F	TCGA-A7-A26F	0.132358307614481	Hot	BLIA	TNBC_proxy	BASAL	738	0	20210	Stage IA	7.40796093857803	0.0427394554079183	0.0528360057768868	0.447175537554984	0.552813999617793	Mid	0.64717719791857	Mid	Mid	Medium	67.0	1.76315789473684	73.0	0.219178082191781	0.136986301369863	Mid	APOBEC_high	0.11223358253033	0.786689590181039	-0.209297439783152	0.019585415940089	-0.198049841956759	-0.178429550243773	0.0554552927779623	Mid	Intermediate									-0.690996650516951	Low	0	1	1	Partial_escape	Unknown
TCGA-A7-A26F-01B-04D-A22N-09	32	3.4965075614664802	TCGA-A7-A26F	TCGA-A7-A26F	TCGA-A7-A26F	0.132358307614481	Hot	BLIA	TNBC_proxy	BASAL	738	0	20210	Stage IA	7.40796093857803	0.0427394554079183	0.0528360057768868	0.447175537554984	0.552813999617793	Mid	0.64717719791857	Mid	Mid	Medium	67.0	1.76315789473684	73.0	0.219178082191781	0.136986301369863	Mid	APOBEC_high	0.11223358253033	0.786689590181039	-0.209297439783152	0.019585415940089	-0.198049841956759	-0.178429550243773	0.0554552927779623	Mid	Intermediate									-0.690996650516951	Low	0	1	1	Partial_escape	Unknown
TCGA-A7-A26F-01B-04D-A22N-09	32	3.4965075614664802	TCGA-A7-A26F	TCGA-A7-A26F	TCGA-A7-A26F	0.132358307614481	Hot	BLIA	TNBC_proxy	BASAL	738	0	20210	Stage IA	7.71746096956558	0.0427394554079183	0.0528360057768868	0.447175537554984	0.552813999617793	Mid	0.64717719791857	Mid	Mid	Medium	67.0	1.76315789473684	73.0	0.219178082191781	0.136986301369863	Mid	APOBEC_high	0.11223358253033	1.20089200695331	-0.209297439783152	0.019585415940089	-0.198049841956759	-0.178429550243773	0.124489028906674	Mid	Intermediate									-0.690996650516951	Low	0	1	1	Partial_escape	Unknown
TCGA-A7-A26F-01B-04D-A22N-09	32	3.4965075614664802	TCGA-A7-A26F	TCGA-A7-A26F	TCGA-A7-A26F	0.132358307614481	Hot	BLIA	TNBC_proxy	BASAL	738	0	20210	Stage IA	7.71746096956558	0.0427394554079183	0.0528360057768868	0.447175537554984	0.552813999617793	Mid	0.64717719791857	Mid	Mid	Medium	67.0	1.76315789473684	73.0	0.219178082191781	0.136986301369863	Mid	APOBEC_high	0.11223358253033	1.20089200695331	-0.209297439783152	0.019585415940089	-0.198049841956759	-0.178429550243773	0.124489028906674	Mid	Intermediate									-0.690996650516951	Low	0	1	1	Partial_escape	Unknown
TCGA-OL-A66I-01A-21D-A29N-09	32	3.4965075614664802	TCGA-OL-A66I	TCGA-OL-A66I	TCGA-OL-A66I	0.24133942042976	Hot	BLIA	TNBC_proxy	BASAL	714	0	13458	Stage IIA	7.18935876761241	0.113356606368106	0.0237757968196558	0.826615570918918	0.173377136911729	High	0.8864633991251	High	Low	High_access	32.0	0.842105263157895	43.0	0.255813953488372	0.116279069767442	Low	APOBEC_low	0.990002934610928	0.494135346368165	-0.483197886782718	-0.200608703461997	1.87227297076236	1.86799178549825	0.756766074499164	High	High_ICB_ready									1.27453956063318	High	0	0	0	No_escape	Unknown
TCGA-AR-A1AJ-01A-21D-A12Q-09	31	3.4657359027997265	TCGA-AR-A1AJ	TCGA-AR-A1AJ	TCGA-AR-A1AJ	0.363501499069156	Hot	BLIA	TNBC_proxy	BASAL	2383	0	30489	Stage I	8.0629196367559	0.109012400092272	0.0886487666322563	0.551508677147088	0.448486263715817	Mid	0.695448735117607	Mid	Low	Medium	31.0	0.81578947368421	36.0	0.277777777777778	0.305555555555556	Low	APOBEC_high	1.97393607537335	1.66321769522089	-0.491023613839849	1.81209728794453	0.371193984530699	0.234397863686012	0.927303215485938	High	High_ICB_ready									0.871577489521874	High	0	0	0	No_escape	Unknown
TCGA-AO-A12F-01A-11D-A10Y-09	31	3.4657359027997265	TCGA-AO-A12F	TCGA-AO-A12F	TCGA-AO-A12F	0.0140487454236967	Cold	BLIS	TNBC_proxy	BASAL	1842	0	13409	Stage IIA	6.02354816283779	0.0251459466145715	0.107597406260396	0.189431384988984	0.810561081733868	Low	0.470624388455521	Low	High	Poor_access	31.0	0.81578947368421	34.0	0.382352941176471	0.0	Low	APOBEC_low	-0.84067013689824	-1.06606343117513	-0.491023613839849	-1.43708337395065	-1.60439623700924	-1.68834292739893	-1.18792995337867	Low	Poor_ICB_ready									-1.70723654466617	Low	0	1	1	Partial_escape	Unknown
TCGA-BH-A0B9-01A-11W-A071-09	31	3.4657359027997265	TCGA-BH-A0B9	TCGA-BH-A0B9	TCGA-BH-A0B9	0.175529375879225	Hot	BLIA	TNBC_proxy	BASAL	1572	0	16310	Stage IA	6.78293641530127	0.0830488013935739	0.0552936986102941	0.600308662071235	0.399684109544345	High	0.738072054829275	High	Low	High_access	31.0	0.81578947368421	38.0	0.236842105263158	0.157894736842105	Low	APOBEC_high	0.459947416977971	-0.0497777512182971	-0.491023613839849	0.241919073344462	0.637473365955226	0.598920641925222	0.232909855524122	High	High_ICB_ready									0.306567554220654	Mid	0	0	0	No_escape	Unknown
TCGA-E2-A1LK-01A-21D-A14G-09	30	3.4339872044851463	TCGA-E2-A1LK	TCGA-E2-A1LK	TCGA-E2-A1LK	0.0465236456095055	Intermediate	IM	TNBC_proxy	BASAL	266	1	30757	Stage IIIC	6.12928025799105	0.0363316237114383	0.0316612691185085	0.534336573467031	0.465648719329743	Mid	0.707946260754751	Mid	Mid	Medium	30.0	0.789473684210526	40.0	0.5	0.075	Low	APOBEC_low	-0.579106721379665	-0.924562672021286	-0.49884934089698	-0.639557211485469	0.277550411983781	0.341279092017938	-0.337207740296947	Mid	Intermediate									-0.321236335198683	Mid	0	0	0	No_escape	Unknown
TCGA-BH-A0RX-01A-21D-A099-09	30	3.4339872044851463	TCGA-BH-A0RX	TCGA-BH-A0RX	TCGA-BH-A0RX	0.171626998272035	Hot	BLIA	TNBC_proxy	BASAL	170	0	21857	Stage IIA	7.02815294416115	0.0855322397596484	0.105573301325426	0.447563119891182	0.55243164742555	Mid	0.6263116910145	Mid	Mid	Medium	30.0	0.789473684210526	36.0	0.416666666666667	0.111111111111111	Low	APOBEC_low	0.428516397644897	0.278394360953008	-0.49884934089698	-0.255563133261496	-0.19596361222028	-0.356875354031292	-0.100056780302024	Mid	Intermediate									1.10106498093624	High	0	0	0	No_escape	Unknown
TCGA-A2-A04Q-01A-21W-A050-09	30	3.4339872044851463	TCGA-A2-A04Q	TCGA-A2-A04Q	TCGA-A2-A04Q	0.331106538068521	Hot	BLIA	TNBC_proxy	BASAL	2385	0	17660	Stage IA	7.95967781387158	0.124061007007671	0.060441690025281	0.672403908445878	0.327590671608527	High	0.779268921024771	High	Low	High_access	30.0	0.789473684210526	46.0	0.108695652173913	0.130434782608696	Low	APOBEC_high	1.71301651606952	1.52504965557898	-0.49884934089698	-0.0500813522720727	1.03083706852594	0.951244117006875	0.778536110668711	High	High_ICB_ready									1.37837712576508	High	0	0	0	No_escape	Unknown
TCGA-E2-A14Y-01A-21D-A12B-09	30	3.4339872044851463	TCGA-E2-A14Y	TCGA-E2-A14Y	TCGA-E2-A14Y	0.0102961063480883	Cold	BLIS	TNBC_proxy	BASAL	2109	0	13004	Stage IIA	6.72750004180951	0.030507235876619	0.0421006172519837	0.420158624769702	0.579827602805078	Mid	0.63526319141616	Mid	Mid	Medium	30.0	0.789473684210526	37.0	0.0810810810810811	0.432432432432432	Low	APOBEC_high	-0.870895113363403	-0.123967985720409	-0.49884934089698	3.16126567089362	-0.345444268880699	-0.280320411387319	0.173631425107468	Mid	Intermediate									0.0406568165280375	Mid	0	0	0	No_escape	Unknown
TCGA-AR-A0U0-01A-11D-A10G-09	30	3.4339872044851463	TCGA-AR-A0U0	TCGA-AR-A0U0	TCGA-AR-A0U0	0.161323803139841	Hot	BLIA	TNBC_proxy	BASAL	1988	0	26993	Stage IIB	7.87714102902735	0.0798329634508935	0.0465027250507267	0.631906411334105	0.368085673308829	High	0.760547505994412	High	Low	High_access	30.0	0.789473684210526	34.0	0.147058823529412	0.176470588235294	Low	APOBEC_high	0.345531110727566	1.41459106969125	-0.49884934089698	0.439448773026241	0.809884035066511	0.791134996797555	0.550290107402024	High	High_ICB_ready									1.89030637500199	High	0	0	0	No_escape	Unknown
TCGA-E2-A1LL-01A-11D-A142-09	30	3.4339872044851463	TCGA-E2-A1LL	TCGA-E2-A1LL	TCGA-E2-A1LL	0.0036906126786893	Cold	BLIS	TNBC_proxy	BASAL	1309	0	27028	Stage IIIA	7.26432036333191	0.0349567328368323	0.0579298151607345	0.376333896097117	0.623655338197236	Low	0.602634871017365	Low	High	Poor_access	30.0	0.789473684210526	40.0	0.15	0.075	Low	APOBEC_low	-0.924097909229404	0.594456092744346	-0.49884934089698	-0.639557211485469	-0.58458170999562	-0.559364044813927	-0.435332353946175	Low	Poor_ICB_ready									-1.17349709753704	Low	0	1	1	Partial_escape	Unknown
TCGA-AC-A2QH-01B-04D-A22N-09	29	3.4011973816621555	TCGA-AC-A2QH	TCGA-AC-A2QH	TCGA-AC-A2QH	0.0464317960406619	Intermediate	IM	TNBC_proxy	BASAL	1005	0	21488	Stage IIB	5.80365764362454	0.0223096654627611	0.074077037738462	0.231457589732027	0.768532035500583	Low	0.509249963604265	Low	High	Poor_access	51.0	1.34210526315789	55.0	0.381818181818182	0.109090909090909	Mid	APOBEC_low	-0.579846507700891	-1.36034186530912	-0.334509072697241	-0.277045319455843	-1.3750729904669	-1.35800962488863	-0.880804230086437	Low	Poor_ICB_ready									-1.42557044410634	Low	0	1	1	Partial_escape	Unknown
TCGA-AC-A2QH-01B-04D-A22N-09	29	3.4011973816621555	TCGA-AC-A2QH	TCGA-AC-A2QH	TCGA-AC-A2QH	0.0464317960406619	Intermediate	IM	TNBC_proxy	BASAL	1005	0	21488	Stage IIB	5.80365764362454	0.0223096654627611	0.074077037738462	0.231457589732027	0.768532035500583	Low	0.509249963604265	Low	High	Poor_access	51.0	1.34210526315789	55.0	0.381818181818182	0.109090909090909	Mid	APOBEC_low	-0.579846507700891	-1.36034186530912	-0.334509072697241	-0.277045319455843	-1.3750729904669	-1.35800962488863	-0.880804230086437	Low	Poor_ICB_ready									-1.42557044410634	Low	0	1	1	Partial_escape	Unknown
TCGA-AC-A2QH-01B-04D-A22N-09	29	3.4011973816621555	TCGA-AC-A2QH	TCGA-AC-A2QH	TCGA-AC-A2QH	0.0464317960406619	Intermediate	IM	TNBC_proxy	BASAL	1005	0	21488	Stage IIB	6.31229756359625	0.0223096654627611	0.074077037738462	0.231457589732027	0.768532035500583	Low	0.509249963604265	Low	High	Poor_access	51.0	1.34210526315789	55.0	0.381818181818182	0.109090909090909	Mid	APOBEC_low	-0.579846507700891	-0.679631483966343	-0.334509072697241	-0.277045319455843	-1.3750729904669	-1.35800962488863	-0.767352499862641	Low	Poor_ICB_ready									-1.42557044410634	Low	0	1	1	Partial_escape	Unknown
TCGA-AC-A2QH-01B-04D-A22N-09	29	3.4011973816621555	TCGA-AC-A2QH	TCGA-AC-A2QH	TCGA-AC-A2QH	0.0464317960406619	Intermediate	IM	TNBC_proxy	BASAL	1005	0	21488	Stage IIB	6.31229756359625	0.0223096654627611	0.074077037738462	0.231457589732027	0.768532035500583	Low	0.509249963604265	Low	High	Poor_access	51.0	1.34210526315789	55.0	0.381818181818182	0.109090909090909	Mid	APOBEC_low	-0.579846507700891	-0.679631483966343	-0.334509072697241	-0.277045319455843	-1.3750729904669	-1.35800962488863	-0.767352499862641	Low	Poor_ICB_ready									-1.42557044410634	Low	0	1	1	Partial_escape	Unknown
TCGA-LL-A6FR-01A-12D-A31U-09	28	3.367295829986474	TCGA-LL-A6FR	TCGA-LL-A6FR	TCGA-LL-A6FR	0.0192633539728043	Cold	BLIS	TNBC_proxy	BASAL	489	0	18520	Stage IIA	5.36702164409022	0.0390926612215596	0.0334869794674866	0.538610032240449	0.461376189980925	Mid	0.70977949422445	Mid	Mid	Medium	28.0	0.736842105263158	33.0	0.272727272727273	0.0606060606060606	Low	APOBEC_low	-0.798669982474579	-1.94468974301309	-0.51450079501124	-0.7926177881202	0.300862630295374	0.356957255099939	-0.5654430705373	Low	Poor_ICB_ready									0.350678070109894	Mid	0	0	0	No_escape	Unknown
TCGA-A7-A26I-01B-06D-A22N-09	28	3.367295829986474	TCGA-A7-A26I	TCGA-A7-A26I	TCGA-A7-A26I	0.113876222019291	Intermediate	IM	TNBC_proxy	BASAL	661	0	23948	Stage IIA	6.75999528159363	0.0374671782978992	0.0682728921885148	0.354329477898686	0.645661065037986	Low	0.585294204101802	Low	High	Poor_access	62.0	1.63157894736842	70.0	0.157142857142857	0.128571428571429	Mid	APOBEC_high	-0.0366271501131859	-0.0804797611498646	-0.248426075068804	-0.0698956668674801	-0.7046516419573	-0.707664743195508	-0.307957506392024	Mid	Intermediate									-1.05647579765346	Low	0	1	1	Partial_escape	Unknown
TCGA-A7-A26I-01B-06D-A22N-09	28	3.367295829986474	TCGA-A7-A26I	TCGA-A7-A26I	TCGA-A7-A26I	0.113876222019291	Intermediate	IM	TNBC_proxy	BASAL	661	0	23948	Stage IIA	6.75999528159363	0.0374671782978992	0.0682728921885148	0.354329477898686	0.645661065037986	Low	0.585294204101802	Low	High	Poor_access	62.0	1.63157894736842	70.0	0.157142857142857	0.128571428571429	Mid	APOBEC_high	-0.0366271501131859	-0.0804797611498646	-0.248426075068804	-0.0698956668674801	-0.7046516419573	-0.707664743195508	-0.307957506392024	Mid	Intermediate									-1.05647579765346	Low	0	1	1	Partial_escape	Unknown
TCGA-A7-A26I-01B-06D-A22N-09	28	3.367295829986474	TCGA-A7-A26I	TCGA-A7-A26I	TCGA-A7-A26I	0.113876222019291	Intermediate	IM	TNBC_proxy	BASAL	661	0	23948	Stage IIA	7.04329908521383	0.0374671782978992	0.0682728921885148	0.354329477898686	0.645661065037986	Low	0.585294204101802	Low	High	Poor_access	62.0	1.63157894736842	70.0	0.157142857142857	0.128571428571429	Mid	APOBEC_high	-0.0366271501131859	0.298664369355838	-0.248426075068804	-0.0698956668674801	-0.7046516419573	-0.707664743195508	-0.244766817974407	Mid	Intermediate									-1.05647579765346	Low	0	1	1	Partial_escape	Unknown
TCGA-A7-A26I-01B-06D-A22N-09	28	3.367295829986474	TCGA-A7-A26I	TCGA-A7-A26I	TCGA-A7-A26I	0.113876222019291	Intermediate	IM	TNBC_proxy	BASAL	661	0	23948	Stage IIA	7.04329908521383	0.0374671782978992	0.0682728921885148	0.354329477898686	0.645661065037986	Low	0.585294204101802	Low	High	Poor_access	62.0	1.63157894736842	70.0	0.157142857142857	0.128571428571429	Mid	APOBEC_high	-0.0366271501131859	0.298664369355838	-0.248426075068804	-0.0698956668674801	-0.7046516419573	-0.707664743195508	-0.244766817974407	Mid	Intermediate									-1.05647579765346	Low	0	1	1	Partial_escape	Unknown
TCGA-E2-A1B6-01A-31D-A12Q-09	28	3.367295829986474	TCGA-E2-A1B6	TCGA-E2-A1B6	TCGA-E2-A1B6	0.649960050371917	Hot	BLIA	TNBC_proxy	BASAL	867	0	16370	Stage IIA	6.99222303009563	0.160683039528355	0.0220979144290067	0.879096847634303	0.12089768136608	High	0.918622225408749	High	Low	High_access	28.0	0.736842105263158	38.0	0.105263157894737	0.0789473684210526	Low	APOBEC_low	4.28116647961014	0.230309528157121	-0.51450079501124	-0.597582150303091	2.15861682581211	2.14302021550153	1.28350501729443	High	High_ICB_ready									1.24578132325692	High	0	0	0	No_escape	Unknown
TCGA-D8-A1JM-01A-11D-A13L-09	28	3.367295829986474	TCGA-D8-A1JM	TCGA-D8-A1JM	TCGA-D8-A1JM	0.0407263505441727	Intermediate	IM	TNBC_proxy	BASAL	590	0	21602	Stage IIB	6.5526498770026	0.0291049166921984	0.0201386324060236	0.591028189417399	0.408951503766551	High	0.74657364477766	High	Low	High_access	28.0	0.736842105263158	42.0	0.214285714285714	0.0476190476190476	Low	APOBEC_low	-0.625800022648689	-0.357969128159598	-0.51450079501124	-0.930717556512438	0.586907647232326	0.671627864365887	-0.195075331788959	Mid	Intermediate									-0.174139609344811	Mid	0	0	0	No_escape	Unknown
TCGA-BH-A0E0-01A-11W-A071-09	28	3.367295829986474	TCGA-BH-A0E0	TCGA-BH-A0E0	TCGA-BH-A0E0	0.0647851158774553	Intermediate	IM	TNBC_proxy	BASAL	134	0	14175	Stage IIIC	6.42123212746155	0.0442375326859797	0.0463348294470898	0.48841659008955	0.51157236913669	Mid	0.67452264673915	Mid	Mid	Medium	28.0	0.736842105263158	37.0	0.405405405405405	0.027027027027027	Low	APOBEC_low	-0.432022896384165	-0.533844876194226	-0.51450079501124	-1.14968655864788	0.0269770249897533	0.0554339555485087	-0.424607357616541	Low	Poor_ICB_ready									-1.88422459715438	Low	0	1	1	Partial_escape	Unknown
TCGA-AN-A0G0-01A-11W-A050-09	27	3.332204510175204	TCGA-AN-A0G0	TCGA-AN-A0G0	TCGA-AN-A0G0	0.0334659331370234	Cold	BLIS	TNBC_proxy	BASAL	16	0	20504	Stage IIA	6.61402550350429	0.0417135479284646	0.0618025548940307	0.402962861122499	0.597027478638055	Mid	0.617062490859555	Mid	Mid	Medium	27.0	0.710526315789474	31.0	0.290322580645161	0.0645161290322581	Low	APOBEC_low	-0.684277787452854	-0.27583041965351	-0.522326522068371	-0.751039363227912	-0.439292017512687	-0.43597628187498	-0.518123731965052	Low	Poor_ICB_ready									-0.911778852457677	Low	0	1	1	Partial_escape	Unknown
TCGA-B6-A0WX-01A-11D-A10G-09	25	3.258096538021482	TCGA-B6-A0WX	TCGA-B6-A0WX	TCGA-B6-A0WX	0.0407139503693203	Intermediate	IM	TNBC_proxy	BASAL	639	1	14784	Stage IIIA	5.86944248719387	0.0371605368529835	0.0668017355484231	0.357439083963278	0.642551297255234	Low	0.58774852742749	Low	High	Poor_access	25.0	0.657894736842105	35.0	0.228571428571429	0.0285714285714286	Low	APOBEC_low	-0.625899897692765	-1.27230232261033	-0.537977976182632	-1.13326388348772	-0.687683804048841	-0.686674900934767	-0.823967130826177	Low	Poor_ICB_ready									-0.716637854093416	Low	0	1	1	Partial_escape	Unknown
TCGA-OL-A5S0-01A-11D-A28B-09	25	3.258096538021482	TCGA-OL-A5S0	TCGA-OL-A5S0	TCGA-OL-A5S0	0.0685683166588126	Intermediate	IM	TNBC_proxy	BASAL	620	0	24139	Stage IIB	6.98944972994145	0.0620019934328343	0.0585880297576369	0.514150985640974	0.485840721867815	Mid	0.685060354976256	Mid	Mid	Medium	25.0	0.657894736842105	27.0	0.296296296296296	0.148148148148148	Low	APOBEC_high	-0.401551765994154	0.226598033774936	-0.537977976182632	0.138276946968221	0.167376710907624	0.145554450827823	-0.043620599949697	Mid	Intermediate									0.674299480106756	High	0	0	0	No_escape	Unknown
TCGA-EW-A1P8-01A-11D-A142-09	25	3.258096538021482	TCGA-EW-A1P8	TCGA-EW-A1P8	TCGA-EW-A1P8	0.123754108528807	Hot	BLIA	TNBC_proxy	BASAL	239	1	21501	Stage IIIC	6.45907075478693	0.0589666795475295	0.0461504659124201	0.56095623918704	0.439034247707534	Mid	0.718119265010512	Mid	Low	Medium	25.0	0.657894736842105	34.0	0.205882352941176	0.0588235294117647	Low	APOBEC_low	0.0429325627343044	-0.483205621537258	-0.537977976182632	-0.811572658291684	0.422767055814745	0.428280569130342	-0.156462678055364	Mid	Intermediate									0.162944219561671	Mid	0	0	0	No_escape	Unknown
TCGA-E9-A1N8-01A-11D-A142-09	24	3.2188758248682006	TCGA-E9-A1N8	TCGA-E9-A1N8	TCGA-E9-A1N8	0.0065609730537456	Cold	BLIS	TNBC_proxy	BASAL	1039	0	17652	Stage IIA	6.36605144323129	0.0257244848612999	0.0519072310381798	0.331361392722733	0.668625726109986	Low	0.578061671918736	Low	High	Poor_access	24.0	0.631578947368421	25.0	0.16	0.16	Low	APOBEC_high	-0.900979092568745	-0.607692922975974	-0.545803703239762	0.264305772641733	-0.829953810451548	-0.769518741028389	-0.564940416270448	Low	Poor_ICB_ready									-1.16817193147647	Low	0	1	1	Partial_escape	Unknown
TCGA-BH-A1F6-01A-11D-A13L-09	24	3.2188758248682006	TCGA-BH-A1F6	TCGA-BH-A1F6	TCGA-BH-A1F6	0.161150596760797	Hot	BLIA	TNBC_proxy	BASAL	2965	1	18691		7.06455747544547	0.0585539387789739	0.0377055226722164	0.608286495786894	0.391703115731845	High	0.749895921492007	High	Low	High_access	24.0	0.631578947368421	37.0	0.216216216216216	0.108108108108108	Low	APOBEC_low	0.344136050178245	0.327114371711371	-0.545803703239762	-0.287496112739581	0.681020093177111	0.700040609928305	0.203168551502615	Mid	Intermediate									-0.239739235589859	Mid	0	0	0	No_escape	Unknown
TCGA-A2-A0SX-01A-12D-A099-09	23	3.1780538303479458	TCGA-A2-A0SX	TCGA-A2-A0SX	TCGA-A2-A0SX	0.181900511653528	Hot	BLIA	TNBC_proxy	BASAL	1534	0	17774	Stage IA	7.39189808637639	0.0577852692263086	0.0711226909611511	0.448264179171697	0.551728063415641	Mid	0.640514085566155	Mid	Mid	Medium	23.0	0.605263157894737	30.0	0.133333333333333	0.133333333333333	Low	APOBEC_high	0.51126261808173	0.76519275161548	-0.553629430296893	-0.0192590851236674	-0.192124644082101	-0.235413760832078	0.0460047415604118	Mid	Intermediate									0.266271872811137	Mid	0	0	0	No_escape	Unknown
TCGA-A2-A1G1-01A-21D-A13L-09	23	3.1780538303479458	TCGA-A2-A1G1	TCGA-A2-A1G1	TCGA-A2-A1G1	0.180152424883207	Hot	BLIA	TNBC_proxy	BASAL	584	0	31223	Stage IIB	8.04018244957593	0.0649657257949649	0.0689321364849249	0.485185047048171	0.514807484628477	Mid	0.663542654628944	Mid	Mid	Medium	24.0	0.631578947368421	28.0	0.142857142857143	0.0714285714285714	Low	APOBEC_low	0.497182958293651	1.63278862595554	-0.545803703239762	-0.677534647793335	0.009325251894591	-0.038469035962526	0.146248241524694	Mid	Intermediate									0.477043904655068	Mid	0	0	0	No_escape	Unknown
TCGA-B6-A409-01A-11D-A243-09	23	3.1780538303479458	TCGA-B6-A409	TCGA-B6-A409	TCGA-B6-A409	0.0250494571895844	Cold	BLIS	TNBC_proxy	BASAL	573	1	16178	Stage IIIA	5.89553381079281	0.0403273415731872	0.0438757948772996	0.478923521731028	0.521064602367833	Mid	0.66981092062838	Mid	Mid	Medium	23.0	0.605263157894737	36.0	0.25	0.194444444444444	Low	APOBEC_high	-0.752066823996347	-1.23738442855719	-0.553629430296893	0.630577047255365	-0.0248154836819979	0.0151383731345014	-0.320363457690427	Mid	Intermediate									-0.190504406343478	Mid	0	0	0	No_escape	Unknown
TCGA-A2-A0YE-01A-11D-A10G-09	22	3.1354942159291497	TCGA-A2-A0YE	TCGA-A2-A0YE	TCGA-A2-A0YE	0.0104134756439164	Cold	BLIS	TNBC_proxy	BASAL	554	0	17727	Stage IIB	6.52976158386216	0.0267046387589314	0.0779834563240998	0.255085200017742	0.744905247888994	Low	0.521863468736964	Low	High	Poor_access	22.0	0.578947368421053	32.0	0.3125	0.125	Low	APOBEC_high	-0.869949782855283	-0.388600421811856	-0.561455157354023	-0.10787310317535	-1.24615805838916	-1.25013651773956	-0.737362173554205	Low	Poor_ICB_ready									-0.567048044542261	Low	0	1	1	Partial_escape	Unknown
TCGA-E2-A1II-01A-11D-A142-09	22	3.1354942159291497	TCGA-E2-A1II	TCGA-E2-A1II	TCGA-E2-A1II	0.347253612011488	Hot	BLIA	TNBC_proxy	BASAL	1025	0	18788	Stage I	7.86983795012867	0.127328099848618	0.0450226195702547	0.738768956166709	0.261225241744381	High	0.82525580712527	High	Low	High_access	22.0	0.578947368421053	26.0	0.115384615384615	0.0384615384615385	Low	APOBEC_low	1.843070304903	1.40481739399869	-0.561455157354023	-1.02809559832748	1.392947018634	1.34453275799781	0.732636119975333	High	High_ICB_ready									0.899796472656706	High	0	0	0	No_escape	Unknown
TCGA-A2-A0T2-01A-11W-A097-09	22	3.1354942159291497	TCGA-A2-A0T2	TCGA-A2-A0T2	TCGA-A2-A0T2	0.0322190660184464	Cold	BLIS	TNBC_proxy	BASAL	255	1	24235	Stage IV	6.31578278724779	0.0373797279344353	0.0759373298541802	0.329865589508812	0.670125585772344	Low	0.567549716594922	Low	High	Poor_access	22.0	0.578947368421053	26.0	0.269230769230769	0.115384615384615	Low	APOBEC_low	-0.694320461036662	-0.674967225759797	-0.561455157354023	-0.210120047081146	-0.838137500493447	-0.859418992470188	-0.639736564032544	Low	Poor_ICB_ready									-0.61617724426883	Low	0	1	1	Partial_escape	Unknown
TCGA-AC-A2QH-01A-11D-A18P-09	22	3.1354942159291497	TCGA-AC-A2QH	TCGA-AC-A2QH	TCGA-AC-A2QH	0.0464317960406619	Intermediate	IM	TNBC_proxy	BASAL	1005	0	21488	Stage IIB	5.80365764362454	0.0223096654627611	0.074077037738462	0.231457589732027	0.768532035500583	Low	0.509249963604265	Low	High	Poor_access	51.0	1.34210526315789	55.0	0.381818181818182	0.109090909090909	Mid	APOBEC_low	-0.579846507700891	-1.36034186530912	-0.334509072697241	-0.277045319455843	-1.3750729904669	-1.35800962488863	-0.880804230086437	Low	Poor_ICB_ready									-1.42557044410634	Low	0	1	1	Partial_escape	Unknown
TCGA-AC-A2QH-01A-11D-A18P-09	22	3.1354942159291497	TCGA-AC-A2QH	TCGA-AC-A2QH	TCGA-AC-A2QH	0.0464317960406619	Intermediate	IM	TNBC_proxy	BASAL	1005	0	21488	Stage IIB	5.80365764362454	0.0223096654627611	0.074077037738462	0.231457589732027	0.768532035500583	Low	0.509249963604265	Low	High	Poor_access	51.0	1.34210526315789	55.0	0.381818181818182	0.109090909090909	Mid	APOBEC_low	-0.579846507700891	-1.36034186530912	-0.334509072697241	-0.277045319455843	-1.3750729904669	-1.35800962488863	-0.880804230086437	Low	Poor_ICB_ready									-1.42557044410634	Low	0	1	1	Partial_escape	Unknown
TCGA-AC-A2QH-01A-11D-A18P-09	22	3.1354942159291497	TCGA-AC-A2QH	TCGA-AC-A2QH	TCGA-AC-A2QH	0.0464317960406619	Intermediate	IM	TNBC_proxy	BASAL	1005	0	21488	Stage IIB	6.31229756359625	0.0223096654627611	0.074077037738462	0.231457589732027	0.768532035500583	Low	0.509249963604265	Low	High	Poor_access	51.0	1.34210526315789	55.0	0.381818181818182	0.109090909090909	Mid	APOBEC_low	-0.579846507700891	-0.679631483966343	-0.334509072697241	-0.277045319455843	-1.3750729904669	-1.35800962488863	-0.767352499862641	Low	Poor_ICB_ready									-1.42557044410634	Low	0	1	1	Partial_escape	Unknown
TCGA-AC-A2QH-01A-11D-A18P-09	22	3.1354942159291497	TCGA-AC-A2QH	TCGA-AC-A2QH	TCGA-AC-A2QH	0.0464317960406619	Intermediate	IM	TNBC_proxy	BASAL	1005	0	21488	Stage IIB	6.31229756359625	0.0223096654627611	0.074077037738462	0.231457589732027	0.768532035500583	Low	0.509249963604265	Low	High	Poor_access	51.0	1.34210526315789	55.0	0.381818181818182	0.109090909090909	Mid	APOBEC_low	-0.579846507700891	-0.679631483966343	-0.334509072697241	-0.277045319455843	-1.3750729904669	-1.35800962488863	-0.767352499862641	Low	Poor_ICB_ready									-1.42557044410634	Low	0	1	1	Partial_escape	Unknown
TCGA-E2-A14X-01A-11D-A10Y-09	20	3.044522437723423	TCGA-E2-A14X	TCGA-E2-A14X	TCGA-E2-A14X	0.153131856526319	Hot	BLIA	TNBC_proxy	BASAL	972	0	20105	Stage IIIA	6.68304071524125	0.0415090060110355	0.061166274436979	0.404270643910321	0.595719616741939	Mid	0.618101720180045	Mid	Mid	Medium	20.0	0.526315789473684	31.0	0.387096774193548	0.193548387096774	Low	APOBEC_high	0.279550506515733	-0.183467690627971	-0.577106611468284	0.621048658217552	-0.432155925620865	-0.42708859406241	-0.119869942841041	Mid	Intermediate									0.0618584774502804	Mid	0	0	0	No_escape	Unknown
TCGA-S3-AA15-01A-11D-A41F-09	20	3.044522437723423	TCGA-S3-AA15	TCGA-S3-AA15	TCGA-S3-AA15	0.392769873807573	Hot	BLIA	TNBC_proxy	BASAL	525	0	18659	Stage IIB	6.88146379122551	0.0874262354939306	0.11198434038898	0.438421065110407	0.561573920135582	Mid	0.618261911763059	Mid	Mid	Medium	20.0	0.526315789473684	25.0	0.12	0.32	Low	APOBEC_high	2.20967309132893	0.0820809665202208	-0.577106611468284	1.96569491923411	-0.245846629955278	-0.425718605021533	0.501462855106362	High	High_ICB_ready									0.30854394167425	Mid	0	0	0	No_escape	Unknown
TCGA-A7-A13E-01B-06D-A272-09	18	2.9444389791664403	TCGA-A7-A13E	TCGA-A7-A13E	TCGA-A7-A13E	0.284241034186787	Hot	BLIA	TNBC_proxy	BASAL	614	1	22690	Stage IIB	6.96039494634335	0.0648150494153391	0.0640050046864119	0.503140188281211	0.496852049012553	Mid	0.676286768717904	Mid	Mid	Medium	104.0	2.73684210526316	127.0	0.362204724409449	0.062992125984252	High	APOBEC_low	1.33554649475558	0.18771415532514	0.0802544613306772	-0.767245127260733	0.107295564275004	0.0705210639482858	0.169014435395659	Mid	Intermediate									-0.894955158964763	Low	0	1	1	Partial_escape	Unknown
TCGA-A7-A13E-01B-06D-A272-09	18	2.9444389791664403	TCGA-A7-A13E	TCGA-A7-A13E	TCGA-A7-A13E	0.284241034186787	Hot	BLIA	TNBC_proxy	BASAL	614	1	22690	Stage IIB	6.96039494634335	0.0648150494153391	0.0640050046864119	0.503140188281211	0.496852049012553	Mid	0.676286768717904	Mid	Mid	Medium	104.0	2.73684210526316	127.0	0.362204724409449	0.062992125984252	High	APOBEC_low	1.33554649475558	0.18771415532514	0.0802544613306772	-0.767245127260733	0.107295564275004	0.0705210639482858	0.169014435395659	Mid	Intermediate									-0.894955158964763	Low	0	1	1	Partial_escape	Unknown
TCGA-A7-A13E-01B-06D-A272-09	18	2.9444389791664403	TCGA-A7-A13E	TCGA-A7-A13E	TCGA-A7-A13E	0.284241034186787	Hot	BLIA	TNBC_proxy	BASAL	614	1	22690	Stage IIB	6.96039494634335	0.0648150494153391	0.0640050046864119	0.503140188281211	0.496852049012553	Mid	0.676286768717904	Mid	Mid	Medium	104.0	2.73684210526316	127.0	0.362204724409449	0.062992125984252	High	APOBEC_low	1.33554649475558	0.18771415532514	0.0802544613306772	-0.767245127260733	0.107295564275004	0.0705210639482858	0.169014435395659	Mid	Intermediate									-0.894955158964763	Low	0	1	1	Partial_escape	Unknown
TCGA-A7-A13E-01B-06D-A272-09	18	2.9444389791664403	TCGA-A7-A13E	TCGA-A7-A13E	TCGA-A7-A13E	0.284241034186787	Hot	BLIA	TNBC_proxy	BASAL	614	1	22690	Stage IIB	6.08924096887718	0.0648150494153391	0.0640050046864119	0.503140188281211	0.496852049012553	Mid	0.676286768717904	Mid	Mid	Medium	104.0	2.73684210526316	127.0	0.362204724409449	0.062992125984252	High	APOBEC_low	1.33554649475558	-0.978147061864128	0.0802544613306772	-0.767245127260733	0.107295564275004	0.0705210639482858	-0.0252957674692188	Mid	Intermediate									-0.894955158964763	Low	0	1	1	Partial_escape	Unknown
TCGA-A7-A13E-01B-06D-A272-09	18	2.9444389791664403	TCGA-A7-A13E	TCGA-A7-A13E	TCGA-A7-A13E	0.284241034186787	Hot	BLIA	TNBC_proxy	BASAL	614	1	22690	Stage IIB	6.08924096887718	0.0648150494153391	0.0640050046864119	0.503140188281211	0.496852049012553	Mid	0.676286768717904	Mid	Mid	Medium	104.0	2.73684210526316	127.0	0.362204724409449	0.062992125984252	High	APOBEC_low	1.33554649475558	-0.978147061864128	0.0802544613306772	-0.767245127260733	0.107295564275004	0.0705210639482858	-0.0252957674692188	Mid	Intermediate									-0.894955158964763	Low	0	1	1	Partial_escape	Unknown
TCGA-A7-A13E-01B-06D-A272-09	18	2.9444389791664403	TCGA-A7-A13E	TCGA-A7-A13E	TCGA-A7-A13E	0.284241034186787	Hot	BLIA	TNBC_proxy	BASAL	614	1	22690	Stage IIB	6.08924096887718	0.0648150494153391	0.0640050046864119	0.503140188281211	0.496852049012553	Mid	0.676286768717904	Mid	Mid	Medium	104.0	2.73684210526316	127.0	0.362204724409449	0.062992125984252	High	APOBEC_low	1.33554649475558	-0.978147061864128	0.0802544613306772	-0.767245127260733	0.107295564275004	0.0705210639482858	-0.0252957674692188	Mid	Intermediate									-0.894955158964763	Low	0	1	1	Partial_escape	Unknown
TCGA-A7-A13E-01B-06D-A272-09	18	2.9444389791664403	TCGA-A7-A13E	TCGA-A7-A13E	TCGA-A7-A13E	0.284241034186787	Hot	BLIA	TNBC_proxy	BASAL	614	1	22690	Stage IIB	6.18274665268467	0.0648150494153391	0.0640050046864119	0.503140188281211	0.496852049012553	Mid	0.676286768717904	Mid	Mid	Medium	104.0	2.73684210526316	127.0	0.362204724409449	0.062992125984252	High	APOBEC_low	1.33554649475558	-0.853008850758218	0.0802544613306772	-0.767245127260733	0.107295564275004	0.0705210639482858	-0.004439398951567	Mid	Intermediate									-0.894955158964763	Low	0	1	1	Partial_escape	Unknown
TCGA-A7-A13E-01B-06D-A272-09	18	2.9444389791664403	TCGA-A7-A13E	TCGA-A7-A13E	TCGA-A7-A13E	0.284241034186787	Hot	BLIA	TNBC_proxy	BASAL	614	1	22690	Stage IIB	6.18274665268467	0.0648150494153391	0.0640050046864119	0.503140188281211	0.496852049012553	Mid	0.676286768717904	Mid	Mid	Medium	104.0	2.73684210526316	127.0	0.362204724409449	0.062992125984252	High	APOBEC_low	1.33554649475558	-0.853008850758218	0.0802544613306772	-0.767245127260733	0.107295564275004	0.0705210639482858	-0.004439398951567	Mid	Intermediate									-0.894955158964763	Low	0	1	1	Partial_escape	Unknown
TCGA-A7-A13E-01B-06D-A272-09	18	2.9444389791664403	TCGA-A7-A13E	TCGA-A7-A13E	TCGA-A7-A13E	0.284241034186787	Hot	BLIA	TNBC_proxy	BASAL	614	1	22690	Stage IIB	6.18274665268467	0.0648150494153391	0.0640050046864119	0.503140188281211	0.496852049012553	Mid	0.676286768717904	Mid	Mid	Medium	104.0	2.73684210526316	127.0	0.362204724409449	0.062992125984252	High	APOBEC_low	1.33554649475558	-0.853008850758218	0.0802544613306772	-0.767245127260733	0.107295564275004	0.0705210639482858	-0.004439398951567	Mid	Intermediate									-0.894955158964763	Low	0	1	1	Partial_escape	Unknown
TCGA-OL-A6VO-01A-12D-A33E-09	16	2.833213344056216	TCGA-OL-A6VO	TCGA-OL-A6VO	TCGA-OL-A6VO	0.038373996763534	Intermediate	IM	TNBC_proxy	BASAL	858	0	15780	Stage IA	6.93805468021825	0.0469916348616643	0.0306816475041037	0.604983186589106	0.395003939136816	High	0.750724977516269	High	Low	High_access	16.0	0.421052631578947	21.0	0.285714285714286	0.0952380952380952	Low	APOBEC_low	-0.644746645605232	0.157816283616285	-0.608409519696806	-0.424351739074231	0.663009797742631	0.707130855533863	-0.0249251612472482	Mid	Intermediate									0.250563337078919	Mid	0	0	0	No_escape	Unknown
TCGA-A2-A3XU-01A-12D-A22X-09	16	2.833213344056216	TCGA-A2-A3XU	TCGA-A2-A3XU	TCGA-A2-A3XU	0.0092031592413007	Cold	BLIS	TNBC_proxy	BASAL	912	1	13046	Stage IIB	5.48510143438861	0.0388325648484768	0.0221282150513806	0.636998540926257	0.362985055353221	High	0.773357680767515	High	Low	High_access	16.0	0.421052631578947	19.0	0.315789473684211	0.0	Low	APOBEC_low	-0.879698065076783	-1.78666412228053	-0.608409519696806	-1.43708337395065	0.8377145564269	0.900690060307614	-0.495575077378375	Low	Poor_ICB_ready									-0.989292994585936	Low	0	1	1	Partial_escape	Unknown
TCGA-AC-A7VC-01A-11D-A351-09	14	2.70805020110221	TCGA-AC-A7VC	TCGA-AC-A7VC	TCGA-AC-A7VC	0.0204191202707277	Cold	BLIS	TNBC_proxy	BASAL	1	0	20479	Stage IIB	5.75864063596507	0.0421711974402764	0.0919104814212395	0.314516370036371	0.685476171878749	Low	0.551950104304255	Low	High	Poor_access	14.0	0.368421052631579	17.0	0.176470588235294	0.0	Low	APOBEC_low	-0.789361064550385	-1.42058791216382	-0.624060973811067	-1.43708337395065	-0.921894962480789	-0.992829858871846	-1.03096969097143	Low	Poor_ICB_ready									-0.412743961401965	Low	0	1	1	Partial_escape	Unknown
TCGA-A2-A0ST-01A-12D-A099-09	9	2.302585092994046	TCGA-A2-A0ST	TCGA-A2-A0ST	TCGA-A2-A0ST	0.593531076903124	Hot	BLIA	TNBC_proxy	BASAL	3017	0	22922	Stage IIA	8.07527654506858	0.162953170695297	0.0366473585337592	0.816392396013647	0.183602594004697	High	0.875179500183678	High	Low	High_access	9.0	0.236842105263158	18.0	0.111111111111111	0.277777777777778	Low	APOBEC_high	3.82666916167368	1.67975488673785	-0.66318960909672	1.51671722777224	1.81647976991447	1.77148972467046	1.65798686027866	High	High_ICB_ready									1.52747765960902	High	0	0	0	No_escape	Unknown
TCGA-A2-A25F-01A-11D-A167-09	1	0.6931471805599453	TCGA-A2-A25F	TCGA-A2-A25F	TCGA-A2-A25F	0.638090124875077	Hot	BLIA	TNBC_proxy	BASAL	322	0	24319	Stage IIA	8.23602572383611	0.162901322717375	0.139298610116097	0.539049701766281	0.460946989177091	Mid	0.667712362447307	Mid	Mid	Medium	1.0	0.0263157894736842	2.0	0.0	0.0	Low	APOBEC_low	4.18556223642108	1.89488474674858	-0.725795425553764	-1.43708337395065	0.303204480291386	-0.0028088975998316	0.702993961059467	High	High_ICB_ready									0.953987294409182	High	0	0	0	No_escape	Unknown
