drug	correlation	p_value	n	p_adjusted	significant_fdr
BRD:BRD-K11900042-001-14-4	-0.1741207886635532	5.401145093464169e-05	532	0.18336887592310855	False
BRD:BRD-K93258693-001-17-3	-0.16019007636036142	0.00015497765729954345	553	0.263074573265975	False
BRD:BRD-A53037217-001-02-0	-0.1411932987547821	0.0009286967818950808	547	0.5355023888774286	False
BRD:BRD-K46435977-003-11-1	-0.137141505127467	0.001302915391145582	547	0.5355023888774286	False
BRD:BRD-K71926323-001-13-8	-0.1330336782688888	0.0017336444060061752	552	0.5355023888774286	False
BRD:BRD-A13964793-001-02-6	-0.13183739450378348	0.001945943427687681	550	0.5355023888774286	False
BRD:BRD-K86309810-001-01-5	-0.13133118601521274	0.004386776270685428	469	0.6170534873939046	False
BRD:BRD-K44963273-001-06-9	-0.1294472404289189	0.00304747936957006	522	0.6066651021855239	False
BRD:BRD-K58319700-001-01-1	-0.12867051111160557	0.0052108179940916705	470	0.6170534873939046	False
BRD:BRD-K67772619-001-05-1	-0.12615479501610102	0.003176237561588826	545	0.6066651021855239	False
BRD:BRD-K72339976-065-04-7	-0.12549044317797695	0.0033410086625466724	545	0.6066651021855239	False
BRD:BRD-K73753850-003-01-6	-0.1250512898073948	0.0037667868208580515	535	0.6170534873939046	False
BRD:BRD-K07409305-001-01-1	-0.12465371188821218	0.003913352304485068	534	0.6170534873939046	False
BRD:BRD-K00610438-003-02-5	-0.12436826688232477	0.0034845270965000643	550	0.6066651021855239	False
BRD:BRD-K53723268-001-01-3	-0.12002753159646565	0.009197400845118263	470	0.6219614748185904	False
BRD:BRD-K75527158-360-04-9	-0.11998643720091197	0.006056277316368033	522	0.6170534873939046	False
BRD:BRD-A24191444-046-03-9	-0.11501031742104675	0.008535706132696162	522	0.6170534873939046	False
BRD:BRD-K15424032-001-03-6	-0.11493635209906125	0.007232133288962083	545	0.6170534873939046	False
BRD:BRD-K29542628-001-03-9	-0.11467749061515928	0.007365025708550612	545	0.6170534873939046	False
BRD:BRD-K47177710-001-03-1	-0.1136941098828576	0.00755373142174631	551	0.6170534873939046	False
BRD:BRD-K31633810-003-02-8	-0.11224440566972489	0.00860204128221678	547	0.6170534873939046	False
BRD:BRD-K72215350-001-06-5	-0.11221670697608939	0.008259863611720444	553	0.6170534873939046	False
BRD:BRD-A32269193-001-01-5	-0.11106234653349846	0.008951049440456316	553	0.620179854088759	False
BRD:BRD-K66664625-001-01-2	-0.11066337409379866	0.009394245117297346	550	0.6219614748185904	False
BRD:BRD-K96344439-002-02-7	-0.10922918129091629	0.011544753249804023	534	0.6749207357190978	False
BRD:BRD-K15318909-001-10-5	-0.10904476165533138	0.010779159092695948	546	0.6601242884954591	False
BRD:BRD-K63151507-001-02-4	-0.10823752278877077	0.011922167393241697	539	0.6749207357190978	False
BRD:BRD-K97181463-003-01-1	-0.10719003837406801	0.012125876686690204	547	0.6749207357190978	False
BRD:BRD-K89210380-001-13-7	-0.10700248048530385	0.013018442315562435	538	0.6749207357190978	False
BRD:BRD-A56152450-001-02-0	-0.10661000426853583	0.014815332321672075	522	0.6869642806957202	False
BRD:BRD-K21937671-001-10-0	-0.10563558042050641	0.013020821594733145	552	0.6749207357190978	False
BRD:BRD-K34388247-236-08-2	-0.10537188853216345	0.013418895334621237	550	0.6749207357190978	False
BRD:BRD-K67217586-001-08-0	-0.10506023745535162	0.014678665363932166	539	0.6869642806957202	False
BRD:BRD-K13050303-001-18-1	-0.10489271200649786	0.014112150248956248	547	0.6773823561305425	False
BRD:BRD-A68942014-003-01-7	-0.10432245116107317	0.014112347854144395	553	0.6773823561305425	False
BRD:BRD-K14003026-003-09-0	-0.10404953427806411	0.02348264011096904	474	0.701051528330237	False
BRD:BRD-K64990520-001-08-4	-0.10346891662361575	0.015482170824802856	547	0.6903650571913567	False
BRD:BRD-K28861668-001-01-9	-0.10281084338213668	0.015768125255205157	551	0.6903650571913567	False
BRD:BRD-K46908090-001-02-2	-0.10258831103422351	0.02614777439480113	470	0.701051528330237	False
BRD:BRD-K14590126-001-01-6	-0.10237529368625482	0.02646173189121151	470	0.701051528330237	False
BRD:BRD-K76634210-001-12-1	-0.10220898982792526	0.018149906420494178	534	0.701051528330237	False
BRD:BRD-K04622161-001-02-3	-0.10188905547226387	0.016734978142885683	551	0.6911249791794933	False
BRD:BRD-K49685476-001-15-9	-0.10187733879719849	0.017355787065205824	545	0.6911249791794933	False
BRD:BRD-K43410529-001-02-3	-0.10144361450787366	0.01848460392791789	539	0.701051528330237	False
BRD:BRD-K36395411-003-02-2	-0.10095296189626501	0.017359088548090082	555	0.6911249791794933	False
BRD:BRD-K97810537-001-12-8	-0.1008105493536853	0.021245085384868037	522	0.701051528330237	False
BRD:BRD-K89014967-001-04-3	-0.10025509325500401	0.018684378685181895	550	0.701051528330237	False
BRD:BRD-K97399794-001-15-3	-0.09996755756120283	0.018702627320670007	553	0.701051528330237	False
BRD:BRD-K85751432-001-03-3	-0.09986880411734365	0.02039456040216867	539	0.701051528330237	False
BRD:BRD-K00003230-001-01-9	-0.09927900123006887	0.0032313257089344157	878	0.6066651021855239	False
BRD:BRD-K82028950-300-02-9	-0.09899546136352069	0.020574482924158217	547	0.701051528330237	False
BRD:BRD-K26060080-065-05-6	-0.09850069998323908	0.021218550670981114	547	0.701051528330237	False
BRD:BRD-K82894950-001-01-0	-0.09842089188155984	0.032907184069925495	470	0.701051528330237	False
BRD:BRD-K05919151-001-01-6	-0.09839504487066808	0.02456780825862486	522	0.701051528330237	False
BRD:BRD-K47631482-003-06-2	-0.09783011794647922	0.02211941053152795	547	0.701051528330237	False
BRD:BRD-A66966115-001-01-0	-0.0976610364039359	0.021625130156355036	553	0.701051528330237	False
BRD:BRD-A47494775-003-11-3	-0.09733946246976843	0.022799402711598585	547	0.701051528330237	False
BRD:BRD-K54799382-003-08-4	-0.09704282345071748	0.003999752698945621	878	0.6170534873939046	False
BRD:BRD-A34205397-001-04-5	-0.09664282691190289	0.023286847927009368	551	0.701051528330237	False
BRD:BRD-K16338837-001-02-6	-0.0965309660648536	0.023959416351533428	547	0.701051528330237	False
BRD:BRD-K22316123-001-01-9	-0.09620345410577069	0.03707606667770466	470	0.701051528330237	False
BRD:BRD-K00004648-001-01-9	-0.09602606793215093	0.004401088841382191	878	0.6170534873939046	False
BRD:BRD-K44273375-001-25-0	-0.09600235723443369	0.02582706495938494	539	0.701051528330237	False
BRD:BRD-K49027941-001-01-1	-0.0958931314233527	0.02517747192226779	545	0.701051528330237	False
BRD:BRD-K93441486-067-12-8	-0.09529948877272461	0.024758038462414603	555	0.701051528330237	False
BRD:BRD-K12343256-001-08-9	-0.09497026606314067	0.0257971392766557	551	0.701051528330237	False
BRD:BRD-K40718343-001-02-6	-0.09476558864139052	0.02558047923209542	555	0.701051528330237	False
BRD:BRD-K15697815-001-16-2	-0.09472438521388395	0.02604901591330256	552	0.701051528330237	False
BRD:BRD-A20348246-001-15-8	-0.09453296574326332	0.02635348690677011	552	0.701051528330237	False
BRD:BRD-K97309399-001-09-4	-0.09434364889783947	0.02624702496285925	555	0.701051528330237	False
BRD:BRD-K51918615-303-02-9	-0.09398381276630446	0.02853535233117207	543	0.701051528330237	False
BRD:BRD-K02950022-001-02-9	-0.09374589668065018	0.027922221312007982	550	0.701051528330237	False
BRD:BRD-K82804538-001-01-0	-0.0935828668401743	0.04257271399469342	470	0.7290166652463389	False
BRD:BRD-K80725821-300-02-9	-0.09347676975255591	0.028089185057215565	552	0.701051528330237	False
BRD:BRD-K49481516-004-18-3	-0.09315215586285475	0.029525454768633264	546	0.701051528330237	False
BRD:BRD-K47936004-003-11-4	-0.09271142500032567	0.03139240339425303	539	0.701051528330237	False
BRD:BRD-K66295376-001-13-1	-0.09262406334389169	0.03219378583340464	535	0.701051528330237	False
BRD:BRD-K92517771-001-01-2	-0.0923783883902656	0.04532080428348978	470	0.7349749151867362	False
BRD:BRD-K74236708-001-01-9	-0.09165337258186107	0.03209696803995311	547	0.701051528330237	False
BRD:BRD-K51770398-001-01-9	-0.09145949840769055	0.03278413653128465	545	0.701051528330237	False
BRD:BRD-K00091285-001-01-9	-0.09144353852387263	0.007356866621286865	858	0.6170534873939046	False
BRD:BRD-K24696047-001-02-3	-0.09138773528477152	0.03260098796442119	547	0.701051528330237	False
BRD:BRD-K86873305-236-14-7	-0.09108206280085403	0.03536034406038434	534	0.701051528330237	False
BRD:BRD-K85046107-003-01-2	-0.09071642441749077	0.032936597750069435	553	0.701051528330237	False
BRD:BRD-K74363950-004-01-0	-0.09060523171933857	0.03315261173841349	553	0.701051528330237	False
BRD:BRD-K05104363-001-10-0	-0.09058659623268751	0.03672819433797232	532	0.701051528330237	False
BRD:BRD-A55748233-001-08-7	-0.09053807418367599	0.05005154593272572	469	0.7349749151867362	False
BRD:BRD-A00218260-001-03-4	-0.09040869724225518	0.03451739295244689	547	0.701051528330237	False
BRD:BRD-A20830788-001-01-9	-0.09034611273680195	0.05029504202674198	470	0.7349749151867362	False
BRD:BRD-K59332007-300-02-7	-0.09022975394686689	0.033568587193407204	555	0.701051528330237	False
BRD:BRD-K07507905-236-02-6	-0.08997482120183926	0.034729199114556936	551	0.701051528330237	False
BRD:BRD-K01174345-001-01-9	-0.08991342262402723	0.03552287966814778	547	0.701051528330237	False
BRD:BRD-K00091085-001-01-9	-0.08983022145188677	0.008469353545005977	858	0.6170534873939046	False
BRD:BRD-K03109492-001-02-2	-0.08981348786390217	0.03572875658106507	547	0.701051528330237	False
BRD:BRD-A07870296-001-07-4	-0.08975622517303083	0.03584718094458817	547	0.701051528330237	False
BRD:BRD-A47884604-051-01-2	-0.08963546761622529	0.03609801297575729	547	0.701051528330237	False
BRD:BRD-K24497734-001-01-6	-0.0895596106907361	0.03855620920188627	534	0.7152914220787098	False
BRD:BRD-A32172948-001-07-6	-0.0894732844251786	0.03643723901131666	547	0.701051528330237	False
BRD:BRD-A99939097-001-24-2	-0.0893265416401916	0.03589305512539484	552	0.701051528330237	False
BRD:BRD-K13619941-213-01-8	-0.089304623505367	0.03820403486023612	539	0.7109825274416225	False
BRD:BRD-K09778810-001-10-6	-0.08924415156137358	0.035561317365674056	555	0.701051528330237	False
BRD:BRD-K43106192-320-11-8	-0.0892295252754564	0.04156647629743323	522	0.7231751647092168	False
BRD:BRD-K59983611-001-21-9	-0.0890093488732221	0.0583603349162619	453	0.7349749151867362	False
BRD:BRD-K89732114-300-14-7	-0.08895264118845964	0.03754459214100517	547	0.7042203885011743	False
BRD:BRD-K00004747-001-01-9	-0.08869955226829879	0.008736855898780642	873	0.6179505370075058	False
BRD:BRD-K33809398-001-01-8	-0.08834966441647885	0.04362659070495716	522	0.7314186441645905	False
BRD:BRD-K81447180-003-21-4	-0.08814106050893764	0.042137545991093706	532	0.7243508772285912	False
BRD:BRD-K11292736-300-02-8	-0.08813431994285753	0.03934274321835849	547	0.7183352112231243	False
BRD:BRD-K92902018-001-01-9	-0.08789309777898285	0.0421382321804556	535	0.7243508772285912	False
BRD:BRD-K89072800-001-01-8	-0.08787000240048719	0.03993890730337815	547	0.7183352112231243	False
BRD:BRD-K57432881-003-21-8	-0.08749890320936732	0.03933705829375721	555	0.7183352112231243	False
BRD:BRD-A68509429-003-03-9	-0.08748685465879501	0.04008355147260864	551	0.7183352112231243	False
BRD:BRD-K14329163-001-03-9	-0.08737329733180355	0.05550223728942904	481	0.7349749151867362	False
BRD:BRD-A75919782-399-02-6	-0.08719744073164853	0.04149041801750519	547	0.7231751647092168	False
BRD:BRD-K91159026-001-01-7	-0.08716584888292507	0.04063951165409856	552	0.7183352112231243	False
BRD:BRD-K67578145-001-09-7	-0.08706804908339531	0.04678074663037606	522	0.7349749151867362	False
BRD:BRD-K04701033-001-04-7	-0.086644588670634	0.04515839079917835	535	0.7349749151867362	False
BRD:BRD-K94832621-001-02-3	-0.08640359246214213	0.0426243911786151	551	0.7290166652463389	False
BRD:BRD-K72748448-001-01-0	-0.08623552799481667	0.06203498834945976	469	0.7349749151867362	False
BRD:BRD-K33588785-001-01-9	-0.08616281219703954	0.047831801498660655	528	0.7349749151867362	False
BRD:BRD-A33168282-003-18-0	-0.08615135539042718	0.044394711335762595	545	0.7349749151867362	False
BRD:BRD-A54236247-003-04-3	-0.08612256268916291	0.04349654503361492	550	0.7314186441645905	False
BRD:BRD-A31454688-001-01-6	-0.08604166235605426	0.04586411083888923	539	0.7349749151867362	False
BRD:BRD-K16508793-001-05-9	-0.08593251291524122	0.04338857698984102	553	0.7314186441645905	False
BRD:BRD-A82035391-001-02-7	-0.08555380491904575	0.04432386011481912	553	0.7349749151867362	False
BRD:BRD-K15119094-001-01-1	-0.08519583517995714	0.06526113792262452	469	0.735063097914755	False
BRD:BRD-K74664543-213-01-2	-0.08495162473702356	0.052407446171676766	522	0.7349749151867362	False
BRD:BRD-K88443722-001-01-7	-0.08489548981768737	0.06621837059750409	469	0.735063097914755	False
BRD:BRD-K51143828-003-03-1	-0.08481300683836618	0.05122397318020066	529	0.7349749151867362	False
BRD:BRD-K35882976-001-04-7	-0.08458100654973583	0.050548453093858754	535	0.7349749151867362	False
BRD:BRD-A73368467-003-17-6	-0.08448977523889756	0.04704289589943494	553	0.7349749151867362	False
BRD:BRD-K29530284-001-06-2	-0.08448461158665457	0.04827488847020656	547	0.7349749151867362	False
BRD:BRD-K41866823-001-01-3	-0.08444539469499639	0.05005830787229377	539	0.7349749151867362	False
BRD:BRD-K17953908-001-01-7	-0.08404429485663878	0.04822214028972273	553	0.7349749151867362	False
BRD:BRD-K63001556-001-09-6	-0.08379158641727438	0.05364519450101701	531	0.7349749151867362	False
BRD:BRD-A57798112-001-03-7	-0.08375551654716214	0.04962030220029392	550	0.7349749151867362	False
BRD:BRD-K18135438-001-16-7	-0.083705172278556	0.049758004491493445	550	0.7349749151867362	False
BRD:BRD-K65667145-001-14-0	-0.08367143868575473	0.06154676930770291	500	0.7349749151867362	False
BRD:BRD-K40578143-001-02-6	-0.08356252371816834	0.05099581979554813	546	0.7349749151867362	False
BRD:BRD-K68392338-003-02-0	-0.0834429176282789	0.049853257456358546	553	0.7349749151867362	False
BRD:BRD-K81839095-001-30-1	-0.0833979316034244	0.05833905216768258	516	0.7349749151867362	False
BRD:BRD-A28545468-003-16-6	-0.08333260798933359	0.05036635116573511	552	0.7349749151867362	False
BRD:BRD-K36258877-001-03-1	-0.0832631092093768	0.05098091930675731	550	0.7349749151867362	False
BRD:BRD-K73381198-001-01-1	-0.08309364677416485	0.05253292603112232	545	0.7349749151867362	False
BRD:BRD-A04327189-003-03-3	-0.08300985873275424	0.055692693581449695	532	0.7349749151867362	False
BRD:BRD-K71696703-001-07-9	-0.08284924283775402	0.07274424797760241	470	0.7476476669361565	False
BRD:BRD-K37694030-003-12-7	-0.08282550367382947	0.051575615210243966	553	0.7349749151867362	False
BRD:BRD-K47878171-086-06-0	-0.08273561062009653	0.06372062249147552	503	0.7349749151867362	False
BRD:BRD-A15739803-001-01-0	-0.08270988854948193	0.05589063087771901	535	0.7349749151867362	False
BRD:BRD-K63165456-001-10-8	-0.08247924429085106	0.05386755117864669	547	0.7349749151867362	False
BRD:BRD-K55512740-001-01-6	-0.08245169184621887	0.05264234735101334	553	0.7349749151867362	False
BRD:BRD-K94176593-001-09-4	-0.08244823005495017	0.053958110967434414	547	0.7349749151867362	False
BRD:BRD-K00674894-001-01-4	-0.08237458530097944	0.05759880601892312	532	0.7349749151867362	False
BRD:BRD-K34801930-001-01-9	-0.08227298742367657	0.05337532378944252	552	0.7349749151867362	False
BRD:BRD-K12630395-001-14-9	-0.08223234997921855	0.05393014206543666	550	0.7349749151867362	False
BRD:BRD-K01567962-001-23-0	-0.08221903402365803	0.05375033435199708	551	0.7349749151867362	False
BRD:BRD-K43167535-001-01-3	-0.08212119202909933	0.07561660427531121	469	0.7543862461153806	False
BRD:BRD-A48420483-001-02-3	-0.0818207607348117	0.05858895503273189	535	0.7349749151867362	False
BRD:BRD-K81616657-001-01-4	-0.08180579304464759	0.05863528639726102	535	0.7349749151867362	False
BRD:BRD-K99241550-001-03-5	-0.08158169204372072	0.0583858150717639	539	0.7349749151867362	False
BRD:BRD-K50891186-001-04-4	-0.08151029199495476	0.0560796017175967	550	0.7349749151867362	False
BRD:BRD-K00003112-001-01-9	-0.08138516433172778	0.01586111177052307	878	0.6903650571913567	False
BRD:BRD-A00827783-001-24-6	-0.08108705393165838	0.057372264779238846	550	0.7349749151867362	False
BRD:BRD-K65992024-001-01-5	-0.0809734547582276	0.057723397845543284	550	0.7349749151867362	False
BRD:BRD-K00003204-003-01-9	-0.08087221938817288	0.016848877461307768	873	0.6911249791794933	False
BRD:BRD-A16700644-003-04-4	-0.0808676452424035	0.058052053876468765	550	0.7349749151867362	False
BRD:BRD-A95869247-001-26-9	-0.08067104757855371	0.05797925673053745	553	0.7349749151867362	False
BRD:BRD-K88677950-001-03-9	-0.08066569586020386	0.05845344878686207	551	0.7349749151867362	False
BRD:BRD-K25691735-001-09-5	-0.08065937585279982	0.05939999176996856	547	0.7349749151867362	False
BRD:BRD-K03390685-001-01-7	-0.08056801949834948	0.05968967615511664	547	0.7349749151867362	False
BRD:BRD-K38458514-001-01-8	-0.08052806038054403	0.0634484160169187	532	0.7349749151867362	False
BRD:BRD-K52408781-001-02-8	-0.08051808877814028	0.05984849614360847	547	0.7349749151867362	False
BRD:BRD-K80267133-325-22-9	-0.08045670208376283	0.01710290730410841	878	0.6911249791794933	False
BRD:BRD-K06405316-001-04-9	-0.0802586294229349	0.017507142329730906	876	0.6911249791794933	False
BRD:BRD-A49622760-001-01-9	-0.08005638664162296	0.06327048639214325	539	0.7349749151867362	False
BRD:BRD-K78692225-001-24-5	-0.07995006070765566	0.06411910378635644	537	0.7349749151867362	False
BRD:BRD-K76037122-001-02-5	-0.07990497054985535	0.05994458031926658	555	0.7349749151867362	False
BRD:BRD-A60594020-034-01-1	-0.07988511975087723	0.061892319736540906	547	0.7349749151867362	False
BRD:BRD-K78841970-001-13-8	-0.07973257204474321	0.0653522368899316	535	0.735063097914755	False
BRD:BRD-A88369366-001-01-7	-0.07965825310434152	0.06144556275293136	552	0.7349749151867362	False
BRD:BRD-K93725829-001-03-8	-0.07948078173546579	0.08554230269514869	469	0.7649689023275337	False
BRD:BRD-A58564983-001-04-6	-0.07930382399125094	0.0619011250929985	555	0.7349749151867362	False
BRD:BRD-A26503646-001-16-6	-0.07920098890153171	0.06224104350333181	555	0.7349749151867362	False
BRD:BRD-K20079257-001-09-6	-0.07917941757464568	0.06423855724072376	547	0.7349749151867362	False
BRD:BRD-K29392254-001-02-2	-0.0791709836079197	0.0707083137432639	522	0.737495315386731	False
BRD:BRD-K16472653-001-01-6	-0.07906341567821405	0.08720326585429278	469	0.7649689023275337	False
BRD:BRD-K39503511-001-03-9	-0.07890729154455811	0.06370005495290695	553	0.7349749151867362	False
BRD:BRD-A98174560-001-02-1	-0.07883582132378786	0.0644260075783222	551	0.7349749151867362	False
BRD:BRD-K78086729-001-02-7	-0.0787012735406367	0.06391483203736535	555	0.7349749151867362	False
BRD:BRD-A07395371-003-10-0	-0.07860741838665733	0.06545108945129455	550	0.735063097914755	False
BRD:BRD-K10671814-001-14-8	-0.07855931003829013	0.06561663556270517	550	0.735063097914755	False
BRD:BRD-K57091285-001-07-7	-0.07845632720196076	0.08966546342520469	469	0.7649689023275337	False
BRD:BRD-K21565985-001-22-5	-0.07841093807163405	0.06588237741833657	551	0.735063097914755	False
BRD:BRD-K61691541-001-01-1	-0.07831299817970848	0.0664696232871369	550	0.735063097914755	False
BRD:BRD-A67006024-001-04-8	-0.07830086991104597	0.07442733812033411	520	0.7536781247477776	False
BRD:BRD-K07691486-001-15-5	-0.07829277578948514	0.06678892781657297	549	0.735539702623859	False
BRD:BRD-K49962337-001-01-1	-0.07813031066024338	0.06587245923940753	555	0.735063097914755	False
BRD:BRD-K51033547-003-02-6	-0.07799736208691355	0.06633529664885628	555	0.735063097914755	False
BRD:BRD-A95602221-003-02-1	-0.07795402531788125	0.06848632910436334	547	0.735539702623859	False
BRD:BRD-K69624312-001-01-1	-0.07777502480582825	0.09249476712973566	469	0.7649689023275337	False
BRD:BRD-K72093121-001-16-3	-0.07769916601766505	0.06939809895004592	547	0.7374685566871314	False
BRD:BRD-K20714604-003-02-9	-0.07762127311712945	0.06840901037725375	552	0.735539702623859	False
BRD:BRD-K59058747-001-20-9	-0.0776065542660254	0.07024703157829648	545	0.7374685566871314	False
BRD:BRD-K51199656-003-01-4	-0.07757112019119575	0.07037562274060406	545	0.7374685566871314	False
BRD:BRD-K57080016-001-15-9	-0.07747055161022902	0.06819563553137406	555	0.735539702623859	False
BRD:BRD-K77641333-003-27-1	-0.07745075673289059	0.06826636324303643	555	0.735539702623859	False
BRD:BRD-A67181951-001-01-2	-0.07740572888623093	0.06892969395271327	553	0.7368696442676123	False
BRD:BRD-K58968598-001-03-6	-0.07731537359790147	0.07289289477345148	539	0.7476476669361565	False
BRD:BRD-K00003480-001-01-9	-0.0772111974766847	0.022137115211714565	878	0.701051528330237	False
BRD:BRD-K31627533-001-09-5	-0.07708435316428616	0.07111953575900239	549	0.7383817244703764	False
BRD:BRD-K15170068-001-03-2	-0.07705585393190102	0.07577193223132395	532	0.7543862461153806	False
BRD:BRD-A93353767-008-02-2	-0.07682074317878566	0.07106007101721504	553	0.7383817244703764	False
BRD:BRD-A57806482-001-01-4	-0.07676120009789783	0.09647970209462223	470	0.7659608129196168	False
BRD:BRD-A74391928-051-02-1	-0.07672131059025047	0.07990181570582872	522	0.7552490273426546	False
BRD:BRD-K49522529-001-02-9	-0.07654051264022756	0.08061705402681302	522	0.7552490273426546	False
BRD:BRD-K19318328-001-01-3	-0.07643132857790395	0.08745244232034734	501	0.7649689023275337	False
BRD:BRD-K08478539-001-13-8	-0.07636833368811777	0.09856239682285149	469	0.7692398556634042	False
BRD:BRD-A52551912-001-02-9	-0.07635971232653571	0.023814142872226454	876	0.701051528330237	False
BRD:BRD-K95600043-001-01-5	-0.07630980360205354	0.07322543531921455	552	0.7479795523426409	False
BRD:BRD-K28343777-001-01-6	-0.07623577799320735	0.07482766331914772	547	0.7538276467908206	False
BRD:BRD-K53319039-001-01-8	-0.07602785345198622	0.08005820220835957	531	0.7552490273426546	False
BRD:BRD-A16694057-001-06-8	-0.07599697570874125	0.07574568119005393	547	0.7543862461153806	False
BRD:BRD-A91822151-001-05-0	-0.07591314096890305	0.07825909222676229	539	0.7552490273426546	False
BRD:BRD-K11576103-003-01-1	-0.0758927180834449	0.10031997564802081	470	0.7704570214513049	False
BRD:BRD-K26838195-075-04-9	-0.07577387792176249	0.07447982646623841	555	0.7536781247477776	False
BRD:BRD-K23614267-001-01-2	-0.07567806099337938	0.02509868009560636	876	0.701051528330237	False
BRD:BRD-A22642447-001-01-9	-0.07563155029093992	0.07716819526663969	547	0.7552490273426546	False
BRD:BRD-K57304726-003-06-9	-0.07562625867693004	0.0750482002230228	555	0.7543862461153806	False
BRD:BRD-K76810206-001-07-3	-0.07553195590162672	0.07810646649484859	545	0.7552490273426546	False
BRD:BRD-A18043272-001-09-9	-0.07512035350053348	0.07755974189723648	553	0.7552490273426546	False
BRD:BRD-A07780951-065-10-0	-0.07502912362841577	0.08741026061630298	520	0.7649689023275337	False
BRD:BRD-K54006094-051-01-7	-0.07446169242986284	0.08130966287413705	549	0.7552490273426546	False
BRD:BRD-K49865102-001-08-4	-0.07441128765358847	0.08292395572486164	544	0.7598564903803111	False
BRD:BRD-A39052811-048-11-0	-0.0743834044229748	0.08135252761143952	550	0.7552490273426546	False
BRD:BRD-K01291782-001-01-1	-0.0743216137724427	0.08619763741696244	534	0.7649689023275337	False
BRD:BRD-K38385169-001-04-5	-0.07430092485706138	0.10767306271231236	470	0.782272670276762	False
BRD:BRD-K00003119-066-01-9	-0.0742442776408843	0.027818277910783777	878	0.701051528330237	False
BRD:BRD-A96466199-001-01-4	-0.07392800776125671	0.08758097913648895	535	0.7649689023275337	False
BRD:BRD-K19203487-001-01-4	-0.0738968338234994	0.08280830733443695	552	0.7598564903803111	False
BRD:BRD-K04993719-001-01-7	-0.07374442324201462	0.08457799173583586	548	0.7649689023275337	False
BRD:BRD-K79425933-001-09-3	-0.0737074945497796	0.08502009235203219	547	0.7649689023275337	False
BRD:BRD-K29343434-001-02-9	-0.07333657672221142	0.02978998790683921	878	0.701051528330237	False
BRD:BRD-K02265150-001-26-5	-0.07328473312140026	0.08682890822502884	547	0.7649689023275337	False
BRD:BRD-K82244583-001-01-3	-0.07327457831145741	0.09133789121764438	532	0.7649689023275337	False
BRD:BRD-K28307902-001-21-7	-0.07318663135394075	0.08725304192529308	547	0.7649689023275337	False
BRD:BRD-K60379054-001-09-9	-0.073121924789044	0.03027341564261607	878	0.701051528330237	False
BRD:BRD-K83551379-001-01-8	-0.07283260899394005	0.10106797709475633	508	0.7704570214513049	False
BRD:BRD-K26901728-001-06-2	-0.07272199057985045	0.08782809998807832	552	0.7649689023275337	False
BRD:BRD-K03988082-001-01-7	-0.07267101481137686	0.11602662928996867	469	0.7927546382963394	False
BRD:BRD-K03289534-001-01-4	-0.07242918229230813	0.09028859037540839	548	0.7649689023275337	False
BRD:BRD-K34608650-001-02-4	-0.07239151835751945	0.0913474302198825	545	0.7649689023275337	False
BRD:BRD-A68464583-001-02-5	-0.072389352864139	0.0907621534779293	547	0.7649689023275337	False
BRD:BRD-A23603052-001-03-2	-0.07228813077969604	0.0903287218197222	550	0.7649689023275337	False
BRD:BRD-A52660433-066-02-1	-0.07225125490611448	0.09596451218260289	532	0.7659608129196168	False
BRD:BRD-K71731651-001-04-3	-0.07223137987875108	0.09388592122039385	539	0.7654378047034796	False
BRD:BRD-A39794701-003-01-6	-0.07211422324280198	0.1204475414104386	465	0.7989855807926727	False
BRD:BRD-A29014990-001-02-3	-0.07185186994650318	0.12020588234972872	469	0.7989855807926727	False
BRD:BRD-K13394247-003-01-4	-0.07180967417877798	0.09738580541700377	534	0.7659608129196168	False
BRD:BRD-K93767137-001-01-1	-0.07180238325618202	0.0916305573889452	553	0.7649689023275337	False
BRD:BRD-K44067360-001-30-3	-0.07158051582672459	0.0990972096692788	532	0.7704570214513049	False
BRD:BRD-K99108507-001-10-9	-0.07148818677651286	0.03629273616448417	858	0.701051528330237	False
BRD:BRD-K95957366-001-02-6	-0.07146689812988244	0.09375698946919836	551	0.7654378047034796	False
BRD:BRD-K41567364-001-04-6	-0.07141662031639212	0.09519582897947737	547	0.7659608129196168	False
BRD:BRD-K73303757-001-21-6	-0.07132379756780935	0.09562780038298645	547	0.7659608129196168	False
BRD:BRD-K00003463-001-01-9	-0.07123564012120326	0.03481854556630066	878	0.701051528330237	False
BRD:BRD-A74975734-004-09-9	-0.0712038928562211	0.1002502051790657	534	0.7704570214513049	False
BRD:BRD-K00003464-001-01-9	-0.07114692714622245	0.035570805085206526	873	0.701051528330237	False
BRD:BRD-K62685538-001-01-7	-0.0710152233088013	0.09769102562421032	545	0.7659608129196168	False
BRD:BRD-A76533773-001-01-9	-0.0709905789753323	0.10095399284873681	535	0.7704570214513049	False
BRD:BRD-K00003094-001-01-9	-0.07089415082701495	0.03570072879713999	878	0.701051528330237	False
BRD:BRD-K36574127-001-01-3	-0.07081198543667255	0.1018167055267168	535	0.7706570507159977	False
BRD:BRD-K31553034-001-03-0	-0.07071210806080212	0.09728528115067507	551	0.7659608129196168	False
BRD:BRD-K47598052-001-15-8	-0.07066397488660092	0.10030492222417661	542	0.7704570214513049	False
BRD:BRD-K59110290-238-01-7	-0.07057046466484805	0.09734896450696158	553	0.7659608129196168	False
BRD:BRD-K24527118-001-02-9	-0.07046371226804587	0.03683974981173447	878	0.701051528330237	False
BRD:BRD-K99922388-001-02-0	-0.07038894428383893	0.09882792678002564	551	0.7704266622690863	False
BRD:BRD-K16505263-003-02-9	-0.07030261378187294	0.10430944964524723	535	0.7751560791540202	False
BRD:BRD-K07762753-001-04-4	-0.07019328101141308	0.10101548053479274	547	0.7704570214513049	False
BRD:BRD-K25312248-001-01-5	-0.07017568428182393	0.10110120855863221	547	0.7704570214513049	False
BRD:BRD-K22520627-001-01-7	-0.07009056010243642	0.10151673423645896	547	0.7705351671631437	False
BRD:BRD-K55567017-001-12-3	-0.0699630571326217	0.10214166373865345	547	0.7706570507159977	False
BRD:BRD-K42748308-300-02-0	-0.06984948490706505	0.10270088209429742	547	0.7706570507159977	False
BRD:BRD-A70407468-001-02-0	-0.06984633215968034	0.10271644048571103	547	0.7706570507159977	False
BRD:BRD-A57957888-001-08-0	-0.06980849523469498	0.10195993892176118	550	0.7706570507159977	False
BRD:BRD-A21446384-001-01-1	-0.06932924373198587	0.1092071294973468	535	0.7848472174256721	False
BRD:BRD-K77060810-001-01-5	-0.06931510926748484	0.10377921201389959	552	0.7751560791540202	False
BRD:BRD-K34685430-050-12-5	-0.06923117569100033	0.11071584002207749	532	0.7848472174256721	False
BRD:BRD-K55991142-001-01-6	-0.06916028907233235	0.11007543230800783	535	0.7848472174256721	False
BRD:BRD-K96159438-001-06-3	-0.06910882560504795	0.10705233718518137	545	0.7790839973069469	False
BRD:BRD-A38747044-001-02-3	-0.06888657483165234	0.10657617331286147	550	0.7772848730336512	False
BRD:BRD-K35189033-001-26-1	-0.06886077936218109	0.10575245963516235	553	0.7757735529815507	False
BRD:BRD-K49657628-001-14-8	-0.06880511555363149	0.10860708259693405	545	0.7834119317779726	False
BRD:BRD-A40639672-234-18-0	-0.06879292890976374	0.1106440903371366	539	0.7848472174256721	False
BRD:BRD-K78299798-001-02-2	-0.06874338381297374	0.10827507045445137	547	0.782272670276762	False
BRD:BRD-A83029242-001-05-3	-0.06873913126998968	0.10829695288072994	547	0.782272670276762	False
BRD:BRD-K13474508-001-01-2	-0.0686186789465257	0.10957027449960778	545	0.7848472174256721	False
BRD:BRD-K10031916-075-01-3	-0.06854494876979016	0.13785995870683732	470	0.8162057943456041	False
BRD:BRD-K66998413-300-01-6	-0.06847641614234184	0.13867736532165292	469	0.8162057943456041	False
BRD:BRD-K86161929-001-13-3	-0.0684758146458185	0.10868542558687043	550	0.7834119317779726	False
BRD:BRD-K00003439-001-01-9	-0.06831570365228924	0.04299609788797615	878	0.7314186441645905	False
BRD:BRD-K00090629-001-01-9	-0.0682215417308053	0.04574537342877863	858	0.7349749151867362	False
BRD:BRD-K25186396-001-09-6	-0.06800410121110956	0.11213194372218749	547	0.7851765385640259	False
BRD:BRD-A94543220-001-24-7	-0.06789671004926959	0.11009232350660847	555	0.7848472174256721	False
BRD:BRD-K00003278-003-01-9	-0.0678737985440369	0.04497617915157846	873	0.7349749151867362	False
BRD:BRD-K55344148-003-02-6	-0.06783084140807677	0.11141051516004359	552	0.7848472174256721	False
BRD:BRD-K62050508-001-01-0	-0.067744311737417	0.11791304646841809	534	0.7974478964517558	False
BRD:BRD-K70914287-300-02-8	-0.06767760957980087	0.11189673957673565	553	0.7851765385640259	False
BRD:BRD-A80280426-001-03-8	-0.06765794041836896	0.11838331883344164	534	0.7989855807926727	False
BRD:BRD-K02135007-001-01-8	-0.06762815354239587	0.1432169833919385	470	0.8181000078615306	False
BRD:BRD-K93460210-001-23-7	-0.06749623846526544	0.11286295053129569	553	0.7867251427894043	False
BRD:BRD-K56908511-001-01-2	-0.0674471282710751	0.1425881457752297	474	0.8173291850122136	False
BRD:BRD-K38436528-003-26-1	-0.0674283997704072	0.11791423976989145	539	0.7974478964517558	False
BRD:BRD-K00004721-001-01-9	-0.06737519463498225	0.04657820510956314	873	0.7349749151867362	False
BRD:BRD-K00077971-001-02-9	-0.06728994886916433	0.048793358164972545	858	0.7349749151867362	False
BRD:BRD-A45153512-001-01-0	-0.06726971186691648	0.11912758869620492	538	0.7989855807926727	False
BRD:BRD-K32830106-003-20-4	-0.06720755591837405	0.1164076302060865	547	0.7927546382963394	False
BRD:BRD-K00075727-003-02-9	-0.06713328700035448	0.049322281530852434	858	0.7349749151867362	False
BRD:BRD-A66788520-001-01-7	-0.06703706796588373	0.14675431386217858	470	0.8219650492154336	False
BRD:BRD-K22025381-003-01-9	-0.06693367411659165	0.11623321538490715	552	0.7927546382963394	False
BRD:BRD-K57718010-001-11-9	-0.06688485488319267	0.11550757149119731	555	0.7927546382963394	False
BRD:BRD-K00003295-300-01-9	-0.06666373301341856	0.04830217053707079	878	0.7349749151867362	False
BRD:BRD-K50850824-237-04-8	-0.06663788073080675	0.12837592127856481	522	0.8075091514097005	False
BRD:BRD-K50679358-001-02-9	-0.0665894896094362	0.04881065547929019	876	0.7349749151867362	False
BRD:BRD-K49545903-003-01-4	-0.06654709200112793	0.12004884025323605	547	0.7989855807926727	False
BRD:BRD-K48371964-001-06-5	-0.06652498554689727	0.15030881689478265	469	0.8219650492154336	False
BRD:BRD-K86344238-003-04-6	-0.06650863159042032	0.11823973290340728	553	0.7988535188200352	False
BRD:BRD-K00084839-001-01-9	-0.06638096425684227	0.05192963203732198	858	0.7349749151867362	False
BRD:BRD-K00003512-001-01-9	-0.06637750679643212	0.04927517093183326	878	0.7349749151867362	False
BRD:BRD-K91065602-003-05-5	-0.06636695457725728	0.12382384711069414	539	0.7989855807926727	False
BRD:BRD-K55191674-237-18-3	-0.06634375650828597	0.12016731767360125	550	0.7989855807926727	False
BRD:BRD-K59522102-001-15-3	-0.06623469202191291	0.13070761961246452	522	0.8075566307266916	False
BRD:BRD-K70402238-001-02-8	-0.06623013800038213	0.12012827834623682	552	0.7989855807926727	False
BRD:BRD-A30655177-001-14-0	-0.06618225314097956	0.12209803584135513	547	0.7989855807926727	False
BRD:BRD-K37723606-001-01-5	-0.06615160550361178	0.12227140875714414	547	0.7989855807926727	False
BRD:BRD-K20897876-001-10-0	-0.06606530820891834	0.12276062121484345	547	0.7989855807926727	False
BRD:BRD-K00090628-001-01-9	-0.06602193005883492	0.05321395320614155	858	0.7349749151867362	False
BRD:BRD-K32977963-001-05-0	-0.06590473805141733	0.123674937263107	547	0.7989855807926727	False
BRD:BRD-K01995783-001-01-6	-0.06587738980084754	0.1238311901800377	547	0.7989855807926727	False
BRD:BRD-K88611939-001-22-4	-0.06579086491778381	0.12261149005264217	552	0.7989855807926727	False
BRD:BRD-K70301465-001-02-6	-0.06572957727229867	0.12467837077950278	547	0.7989855807926727	False
BRD:BRD-K38797369-003-01-1	-0.06556203590640539	0.13467042550943592	522	0.8142584053509082	False
BRD:BRD-K87573013-001-01-0	-0.06553928352566685	0.1300231933075051	535	0.8075566307266916	False
BRD:BRD-K46791647-001-01-2	-0.0654847607820795	0.12962397366814046	537	0.8075566307266916	False
BRD:BRD-K00003120-001-01-9	-0.06540796512919331	0.05269383606926538	878	0.7349749151867362	False
BRD:BRD-K15179513-001-03-4	-0.06534508873077574	0.12690316275443467	547	0.8030498370015018	False
BRD:BRD-K70592483-001-01-0	-0.06513554100925162	0.12812858933200064	547	0.8075091514097005	False
BRD:BRD-K19939891-001-05-4	-0.06510844012856844	0.1255173028863279	555	0.8009985776298557	False
BRD:BRD-A88138582-001-04-8	-0.06490625088607031	0.13233008256044057	539	0.8129638368659343	False
BRD:BRD-A19958636-065-04-4	-0.06486927530038417	0.12864703092570365	550	0.8075566307266916	False
BRD:BRD-K01039503-001-01-2	-0.06486440473416547	0.12972777518973397	547	0.8075566307266916	False
BRD:BRD-K00003569-003-01-9	-0.06485536981631959	0.05472935635103901	878	0.7349749151867362	False
BRD:BRD-A19232309-001-08-6	-0.06484429439447323	0.055048297137752264	876	0.7349749151867362	False
BRD:BRD-A31575449-066-07-8	-0.06482483137330598	0.1605862122881497	470	0.8234961688556373	False
BRD:BRD-K83063356-003-02-5	-0.06475061254948897	0.13040351769979447	547	0.8075566307266916	False
BRD:BRD-K78294846-001-12-4	-0.0647388080767229	0.13047377291421164	547	0.8075566307266916	False
BRD:BRD-K53605365-001-01-4	-0.06459321349762762	0.1625390449098864	469	0.8250461874533705	False
BRD:BRD-K47289408-001-01-5	-0.06453021323984304	0.1625000476496478	470	0.8250461874533705	False
BRD:BRD-K08791496-001-01-0	-0.06451243956655174	0.13913953085660913	527	0.8162057943456041	False
BRD:BRD-K66412701-066-01-6	-0.06442671016860041	0.129533032900068	555	0.8075566307266916	False
BRD:BRD-K91644281-311-02-9	-0.06440990367142016	0.05712661104862133	873	0.7349749151867362	False
BRD:BRD-K49945136-001-10-0	-0.06427325555393223	0.13434197043267077	544	0.8139234579517742	False
BRD:BRD-M01344114-348-01-0	-0.06422571165264969	0.05741274672893007	876	0.7349749151867362	False
BRD:BRD-K72280606-001-01-2	-0.06421593596649745	0.13797450805455314	535	0.8162057943456041	False
BRD:BRD-K52662033-003-21-2	-0.06416130187542038	0.16091087511909308	479	0.8234961688556373	False
BRD:BRD-K67482377-001-01-8	-0.06404282796873555	0.1390416891848315	535	0.8162057943456041	False
BRD:BRD-K17500877-001-02-1	-0.06399334610343785	0.13568886611688405	545	0.8160561567171326	False
BRD:BRD-K00004592-001-01-9	-0.06394623280228151	0.05822045334386812	878	0.7349749151867362	False
BRD:BRD-K61717546-001-05-0	-0.06384172776039876	0.14178804530087916	531	0.8173280729157864	False
BRD:BRD-K48988407-001-01-2	-0.06380542689905885	0.13684353377482358	545	0.8162057943456041	False
BRD:BRD-K21372554-003-01-7	-0.06355449731056854	0.13839713698851047	545	0.8162057943456041	False
BRD:BRD-K25140590-001-03-0	-0.06351930154652378	0.13609593750786414	552	0.8162057943456041	False
BRD:BRD-A32597168-001-03-6	-0.06351847019682963	0.13862130310731444	545	0.8162057943456041	False
BRD:BRD-A05515753-001-03-2	-0.06349858406744545	0.1369390336362646	550	0.8162057943456041	False
BRD:BRD-K42805893-001-04-9	-0.06349291139826942	0.1351941639431697	555	0.8152472230676041	False
BRD:BRD-A25619068-003-03-4	-0.0634318420958423	0.13557093424303965	555	0.8160561567171326	False
BRD:BRD-A35989968-001-04-2	-0.06341879373365748	0.13815446524729375	548	0.8162057943456041	False
BRD:BRD-K01674964-300-06-3	-0.0633977173229098	0.1386476659971483	547	0.8162057943456041	False
BRD:BRD-K42352790-001-05-3	-0.06336324323578704	0.14179859644989637	539	0.8173280729157864	False
BRD:BRD-K00076962-001-02-9	-0.06319971759826791	0.06425960523995623	858	0.7349749151867362	False
BRD:BRD-K00004553-001-01-9	-0.06316781592562211	0.06135453112509738	878	0.7349749151867362	False
BRD:BRD-M41245765-001-04-2	-0.06316677944392271	0.14953628352147608	522	0.8219650492154336	False
BRD:BRD-A29844814-300-01-5	-0.06314139162856118	0.14025380416601219	547	0.8162057943456041	False
BRD:BRD-K24697665-001-01-4	-0.06312824893810769	0.15057160922815846	520	0.8219650492154336	False
BRD:BRD-K02953697-001-09-2	-0.06311794640795193	0.14076630043207997	546	0.816206777525615	False
BRD:BRD-K00003355-001-01-9	-0.06308033821535133	0.061715294005432	878	0.7349749151867362	False
BRD:BRD-A15035311-001-01-8	-0.06304389886788507	0.13977863894210057	550	0.8162057943456041	False
BRD:BRD-K60902958-001-01-9	-0.06298737781748263	0.17326329342880856	469	0.8300684798335919	False
BRD:BRD-A91444184-300-01-9	-0.06297800611559444	0.14574604421998572	535	0.8209157294362215	False
BRD:BRD-K47409078-001-02-6	-0.06294934027547557	0.17352356180793257	469	0.8300684798335919	False
BRD:BRD-K13302470-001-02-7	-0.06294644643344743	0.13859443102567195	555	0.8162057943456041	False
BRD:BRD-K69351586-001-01-0	-0.06292755531964017	0.1732123250382567	470	0.8300684798335919	False
BRD:BRD-K65428967-001-08-4	-0.06287984142139566	0.1426413967952096	545	0.8173291850122136	False
BRD:BRD-K88854110-001-01-5	-0.06283856266619436	0.147021774140958	534	0.8219650492154336	False
BRD:BRD-K30019776-003-01-5	-0.06281623558841866	0.15181277957932657	522	0.8219650492154336	False
BRD:BRD-K00003099-001-01-9	-0.06278570818104258	0.06294328038293993	878	0.7349749151867362	False
BRD:BRD-A18598741-001-02-9	-0.06270342523548794	0.06328980659938532	878	0.7349749151867362	False
BRD:BRD-A11551002-001-04-6	-0.0624715826517354	0.15016997373283034	532	0.8219650492154336	False
BRD:BRD-K34713073-001-01-3	-0.06243509028676789	0.14255862351095405	553	0.8173291850122136	False
BRD:BRD-K81613478-001-01-8	-0.06230503373513021	0.14559377342152546	547	0.8209157294362215	False
BRD:BRD-K33422401-001-06-4	-0.06224004513098116	0.06527078989691025	878	0.735063097914755	False
BRD:BRD-K95523387-001-09-6	-0.062189496286405195	0.14450377244225318	552	0.8209157294362215	False
BRD:BRD-K00003407-001-01-9	-0.06218702662387962	0.06627506953567437	873	0.735063097914755	False
BRD:BRD-K40738845-001-05-0	-0.062168379799818985	0.14948074546380996	539	0.8219650492154336	False
BRD:BRD-A88080608-001-04-2	-0.06216763451359269	0.14537827486731444	550	0.8209157294362215	False
BRD:BRD-K53236343-003-03-7	-0.06216603270565053	0.15140639367035694	534	0.8219650492154336	False
BRD:BRD-K52618540-001-09-9	-0.06201977421054465	0.15314669367407366	532	0.8225946202430823	False
BRD:BRD-K53123955-001-10-5	-0.06199662236303871	0.14909752338587132	543	0.8219650492154336	False
BRD:BRD-K78815826-001-14-6	-0.06198718822406979	0.1461841411694687	551	0.8219650492154336	False
BRD:BRD-A90515964-001-16-5	-0.06188302350511151	0.14723342408322662	550	0.8219650492154336	False
BRD:BRD-K29546239-001-02-3	-0.06187032824179395	0.14955271571464535	544	0.8219650492154336	False
BRD:BRD-K10705233-001-02-2	-0.061856537089726736	0.14852055884046705	547	0.8219650492154336	False
BRD:BRD-K14349461-003-13-1	-0.061855698305912955	0.15192432058400135	538	0.8219650492154336	False
BRD:BRD-K00004584-001-01-9	-0.06169945273862898	0.0676460858819055	878	0.735539702623859	False
BRD:BRD-K83904070-001-02-9	-0.061664880072429554	0.06780037826995558	878	0.735539702623859	False
BRD:BRD-K52397688-003-06-4	-0.06163483635858752	0.14886584054310123	550	0.8219650492154336	False
BRD:BRD-K80036624-001-04-0	-0.06162650732050243	0.14855025710948702	551	0.8219650492154336	False
BRD:BRD-K45158365-001-11-4	-0.06161524201885327	0.15314252438417397	539	0.8225946202430823	False
BRD:BRD-K39339537-001-21-0	-0.061550870207269556	0.15357304835860783	539	0.8225946202430823	False
BRD:BRD-K82800842-001-01-9	-0.06152704553945785	0.15145110632128186	545	0.8219650492154336	False
BRD:BRD-K26323068-001-01-8	-0.06147661357185509	0.15561477638091611	535	0.8234961688556373	False
BRD:BRD-K19136521-001-08-9	-0.061429303159243505	0.15135005722851494	547	0.8219650492154336	False
BRD:BRD-K35952844-236-01-6	-0.06141814166243268	0.15446364371280263	539	0.8225946202430823	False
BRD:BRD-K26603252-003-04-9	-0.06135415301639411	0.15489439660534138	539	0.8230695417399172	False
BRD:BRD-K84748119-050-01-1	-0.061172685814215276	0.1561209289834556	539	0.8234961688556373	False
BRD:BRD-K43428468-003-04-0	-0.06116762458458237	0.18604344412572515	469	0.8458190333488427	False
BRD:BRD-A57133233-003-11-0	-0.061078981601006166	0.15370058299242953	547	0.8225946202430823	False
BRD:BRD-K82818427-001-02-2	-0.06106815648227089	0.16355949249752666	522	0.8250461874533705	False
BRD:BRD-K26501486-001-02-9	-0.06106241032518347	0.07085782442316885	876	0.7379212083333074	False
BRD:BRD-K83335125-001-07-0	-0.06105298489791319	0.15693399732407884	539	0.8234961688556373	False
BRD:BRD-K99149715-001-01-6	-0.06099096639935481	0.1524166254613602	552	0.8225946202430823	False
BRD:BRD-K06273313-001-07-9	-0.060865025309515285	0.1601693420036864	534	0.8234961688556373	False
BRD:BRD-K66465025-001-05-1	-0.060855149333326114	0.15408380571091704	550	0.8225946202430823	False
BRD:BRD-A93695607-322-02-5	-0.06085369619810934	0.16504642437824438	522	0.8250461874533705	False
BRD:BRD-K26502378-001-07-9	-0.0608146883496051	0.15398247312750749	551	0.8225946202430823	False
BRD:BRD-A01307728-001-01-4	-0.06072327164737454	0.18926708351054544	469	0.8494016046485983	False
BRD:BRD-K50836978-001-02-5	-0.06069852196772081	0.15439639738451102	552	0.8225946202430823	False
BRD:BRD-K05878375-236-05-7	-0.06061308222075734	0.16672674187449907	522	0.8281452650532909	False
BRD:BRD-K11129031-001-27-5	-0.060600139970130085	0.16519349265594485	526	0.8250461874533705	False
BRD:BRD-A14574269-051-02-2	-0.0605877460370175	0.15780706284117574	545	0.8234961688556373	False
BRD:BRD-K43419711-001-01-4	-0.06048329779673064	0.19102499278760116	469	0.8497755455995537	False
BRD:BRD-K51486818-003-02-8	-0.06041976411877263	0.1581985723647966	547	0.8234961688556373	False
BRD:BRD-K33226500-001-01-0	-0.06040391421407125	0.1594589790630801	544	0.8234961688556373	False
BRD:BRD-A78952587-001-01-5	-0.060377018729812326	0.15849362996602082	547	0.8234961688556373	False
BRD:BRD-K23082237-003-01-5	-0.06026161351159015	0.15929230987501786	547	0.8234961688556373	False
BRD:BRD-K65856711-001-04-4	-0.06024867604063504	0.16015028661256564	545	0.8234961688556373	False
BRD:BRD-A44090213-001-25-6	-0.060231375321770114	0.17106991512908654	518	0.8299270843048359	False
BRD:BRD-K00004550-001-01-9	-0.06022697629083676	0.07447788827924368	878	0.7536781247477776	False
BRD:BRD-K53734668-003-04-6	-0.06021101945458221	0.1577398864916017	552	0.8234961688556373	False
BRD:BRD-K45664306-001-19-6	-0.060175969154061676	0.17022349012646895	521	0.8299270843048359	False
BRD:BRD-K64052750-001-17-5	-0.06013199563523363	0.16096267150187507	545	0.8234961688556373	False
BRD:BRD-K87048468-003-02-7	-0.06012323218434953	0.1606383797779367	546	0.8234961688556373	False
BRD:BRD-K97810537-001-13-6	-0.06005051423993571	0.16664552853773684	532	0.8281452650532909	False
BRD:BRD-K17868609-001-05-0	-0.06000009015807415	0.15996428854930198	550	0.8234961688556373	False
BRD:BRD-K09295674-001-09-8	-0.05983650734833384	0.16110832848586137	550	0.8234961688556373	False
BRD:BRD-A23359898-003-10-0	-0.05969763921866818	0.1617015036953146	551	0.8242891967651548	False
BRD:BRD-K90574421-001-03-5	-0.05963846932501437	0.16365741888345825	547	0.8250461874533705	False
BRD:BRD-K79145628-001-05-5	-0.059531740744265725	0.1624894826709233	552	0.8250461874533705	False
BRD:BRD-K74117820-066-10-8	-0.05952804984684245	0.16444019355534673	547	0.8250461874533705	False
BRD:BRD-K08832567-001-11-5	-0.05939818541807186	0.17130828256603062	532	0.8299270843048359	False
BRD:BRD-K48812570-001-02-3	-0.059335713557699746	0.16895351387217783	539	0.8297442629772196	False
BRD:BRD-K98384930-003-01-5	-0.05928242882966057	0.16619150561310123	547	0.8281452650532909	False
BRD:BRD-K00003300-001-01-9	-0.05927828460075205	0.07917035357106586	878	0.7552490273426546	False
BRD:BRD-K31682896-001-24-0	-0.059068576935941794	0.16656145959995627	550	0.8281452650532909	False
BRD:BRD-K13060017-001-02-1	-0.059047694427160624	0.17263909452990883	535	0.8300684798335919	False
BRD:BRD-A08079565-001-01-8	-0.059041289152813314	0.17108163276089078	539	0.8299270843048359	False
BRD:BRD-K37814297-050-09-6	-0.0589324021807435	0.16754272483915197	550	0.8297442629772196	False
BRD:BRD-K48112880-001-04-9	-0.05891879979056765	0.0810100091913221	878	0.7552490273426546	False
BRD:BRD-K72414522-001-06-7	-0.0588921091644071	0.16667380450767658	553	0.8281452650532909	False
BRD:BRD-K41024817-325-01-0	-0.05885484079854765	0.17243960715383808	539	0.8300684798335919	False
BRD:BRD-K64538373-001-01-4	-0.0588474372116632	0.16815716624997273	550	0.8297442629772196	False
BRD:BRD-K27293958-001-01-5	-0.05882663065760215	0.17465991613817652	534	0.8300744760213049	False
BRD:BRD-K66911501-003-01-2	-0.05882572714740754	0.16831443726625167	550	0.8297442629772196	False
BRD:BRD-A94033181-001-01-4	-0.05881186295256404	0.16958571699303115	547	0.8299270843048359	False
BRD:BRD-K23190681-001-01-1	-0.0587792356831175	0.1698229665132561	547	0.8299270843048359	False
BRD:BRD-K60020910-001-02-5	-0.05868029504104451	0.20461712584312158	469	0.8645614713595492	False
BRD:BRD-K21586122-001-01-9	-0.058621341162966946	0.1761717048643687	534	0.8318396010342048	False
BRD:BRD-K00004526-001-01-9	-0.05856326607117753	0.08321546788907386	876	0.7610886858229873	False
BRD:BRD-K26439554-001-01-3	-0.05854291786333706	0.20568079679553847	469	0.8653800660165171	False
BRD:BRD-A16997652-001-02-3	-0.05851106493920902	0.1709972812958142	549	0.8299270843048359	False
BRD:BRD-K61868322-050-01-7	-0.05848446590102078	0.17041094040908097	551	0.8299270843048359	False
BRD:BRD-K04851519-001-06-8	-0.05841725177063906	0.17012553587277876	553	0.8299270843048359	False
BRD:BRD-K52756523-001-24-7	-0.05835462651449394	0.17136344214954047	551	0.8299270843048359	False
BRD:BRD-K58513245-304-02-7	-0.05835112522679365	0.1831544042421026	522	0.8457416713452229	False
BRD:BRD-K00079347-066-02-9	-0.058336588177126204	0.08768505419059949	858	0.7649689023275337	False
BRD:BRD-K97428065-001-01-2	-0.05833352019194117	0.17073968115719063	553	0.8299270843048359	False
BRD:BRD-K41278234-001-03-0	-0.05828645393491467	0.17343646736399285	547	0.8300684798335919	False
BRD:BRD-K86436199-003-01-3	-0.05822352229529781	0.1746946135838652	545	0.8300744760213049	False
BRD:BRD-K54665485-001-07-9	-0.058205078964949246	0.17285720530617069	550	0.8300684798335919	False
BRD:BRD-K69122748-001-10-1	-0.05815785116950063	0.1743888550343823	547	0.8300684798335919	False
BRD:BRD-K99615199-001-18-5	-0.05811166187241308	0.1731565001980857	551	0.8300684798335919	False
BRD:BRD-A34716233-004-03-5	-0.058023680919756605	0.17420203987708965	550	0.8300684798335919	False
BRD:BRD-K24084088-001-11-3	-0.05800961626018899	0.17430663595654564	550	0.8300684798335919	False
BRD:BRD-K76452401-001-03-6	-0.05797192312934441	0.17419407521225735	551	0.8300684798335919	False
BRD:BRD-K72005722-001-01-2	-0.05795892781571559	0.17350748966846777	553	0.8300684798335919	False
BRD:BRD-K14704277-001-22-6	-0.0578334834465268	0.1756204634169863	550	0.8318396010342048	False
BRD:BRD-K12769093-003-01-3	-0.05782879232618353	0.1768434739565423	547	0.8332874310651784	False
BRD:BRD-K04035716-011-02-9	-0.057690725498446754	0.08755744858008767	878	0.7649689023275337	False
BRD:BRD-A01643550-001-04-9	-0.05768555327964393	0.18401254558632782	532	0.8457416713452229	False
BRD:BRD-K97028990-001-04-4	-0.05746839459000902	0.18279072743071106	539	0.8457416713452229	False
BRD:BRD-K66715657-050-01-0	-0.05721305812374352	0.18230933086602225	545	0.8457416713452229	False
BRD:BRD-A29731977-001-04-5	-0.05720003327545326	0.17961254866065762	552	0.8410822106247346	False
BRD:BRD-K69236721-001-02-7	-0.057156878634340796	0.1795459251299451	553	0.8410822106247346	False
BRD:BRD-K01292756-001-25-0	-0.05714164003572721	0.18205191705776785	547	0.8457416713452229	False
BRD:BRD-K69812556-305-02-0	-0.057127321506710765	0.18056408734055038	551	0.8426324075892352	False
BRD:BRD-K81795818-019-01-4	-0.057123545599382014	0.18543526010581146	539	0.8458190333488427	False
BRD:BRD-K83914624-415-01-3	-0.05706485386280266	0.09105461720875181	878	0.7649689023275337	False
BRD:BRD-K89665618-003-02-5	-0.056959978769207054	0.18425438111531864	545	0.8457416713452229	False
BRD:BRD-K00004583-001-01-9	-0.056863357272363434	0.09220408054400159	878	0.7649689023275337	False
BRD:BRD-K63169195-001-01-5	-0.05686229195349946	0.18420144203341032	547	0.8457416713452229	False
BRD:BRD-K83245588-001-01-4	-0.05685398700986121	0.1862930774978156	542	0.8458190333488427	False
BRD:BRD-K28308851-303-01-8	-0.05681649236177453	0.1813630843133091	555	0.8446195764659595	False
BRD:BRD-K51677086-001-12-0	-0.05678918892295451	0.1909328892624896	532	0.8497755455995537	False
BRD:BRD-A24284985-001-09-9	-0.056719634535230615	0.18410000800040796	550	0.8457416713452229	False
BRD:BRD-A01907367-001-01-7	-0.056688115272507285	0.18434428182487922	550	0.8457416713452229	False
BRD:BRD-K82823076-001-02-6	-0.056665721820047324	0.1857252015734872	547	0.8458190333488427	False
BRD:BRD-K29656036-001-02-5	-0.056657380836563735	0.18378285575951886	552	0.8457416713452229	False
BRD:BRD-K46344388-001-01-3	-0.05661428652854504	0.22103824904431743	469	0.8749052024850136	False
BRD:BRD-K00003532-001-01-9	-0.056612129231314263	0.09365350872368357	878	0.7654378047034796	False
BRD:BRD-A10652366-238-04-1	-0.056491428907449286	0.19753272929736249	522	0.8564315701905659	False
BRD:BRD-K34776109-001-16-6	-0.056450624055713584	0.18499093590223192	553	0.8458190333488427	False
BRD:BRD-A62428732-300-06-3	-0.05643442315130235	0.18432101655472324	555	0.8457416713452229	False
BRD:BRD-K52818472-001-02-2	-0.056401917481921054	0.1865732692575869	550	0.8458190333488427	False
BRD:BRD-K08681769-323-03-7	-0.05633121644496983	0.19880891350063887	522	0.8592695879499286	False
BRD:BRD-K61721596-001-01-0	-0.05632095646362544	0.09535615843484085	878	0.7659608129196168	False
BRD:BRD-K56343971-001-10-6	-0.056170842426458874	0.18638228745526408	555	0.8458190333488427	False
BRD:BRD-A66435872-332-01-8	-0.05614185205645611	0.18661003266959716	555	0.8458190333488427	False
BRD:BRD-K70301876-034-13-7	-0.05610159999730183	0.19014970379646243	547	0.8497755455995537	False
BRD:BRD-K70821460-300-02-4	-0.056091701836907926	0.19022802192905305	547	0.8497755455995537	False
BRD:BRD-K00004660-001-01-9	-0.05604051008724465	0.09701939465267255	878	0.7659608129196168	False
BRD:BRD-K00005340-001-01-9	-0.05599944839754317	0.0972648501158784	878	0.7659608129196168	False
BRD:BRD-K51541829-050-01-0	-0.0559467101892092	0.18935198026623165	552	0.8494016046485983	False
BRD:BRD-K62858456-001-01-8	-0.055940957280399724	0.19020500367701726	550	0.8497755455995537	False
BRD:BRD-K46392623-001-02-5	-0.05584303364216617	0.1889694772009878	555	0.8494016046485983	False
BRD:BRD-A67616246-001-07-9	-0.05582764661280623	0.19110563448166695	550	0.8497755455995537	False
BRD:BRD-K45437867-005-03-3	-0.055778945971917945	0.18947835229917886	555	0.8494016046485983	False
BRD:BRD-K89634775-001-09-9	-0.05573882915001829	0.19140850582083918	551	0.8498548241024169	False
BRD:BRD-A99888680-001-04-6	-0.05572749510412258	0.19149895152823238	551	0.8498548241024169	False
BRD:BRD-K89208535-051-01-5	-0.05563871247967907	0.1918037426166592	552	0.8499935238253084	False
BRD:BRD-K08619574-334-05-4	-0.05562714526690931	0.1914924288487966	553	0.8498548241024169	False
BRD:BRD-K85030058-003-16-9	-0.05562421241504074	0.10050262311520597	873	0.7704570214513049	False
BRD:BRD-K70327167-348-13-4	-0.05561645014813168	0.19238674946779985	551	0.8499935238253084	False
BRD:BRD-K68795758-001-02-9	-0.05556217937417856	0.10029775319649772	876	0.7704570214513049	False
BRD:BRD-K15766189-001-09-8	-0.05555576054812111	0.19206382071827185	553	0.8499935238253084	False
BRD:BRD-A31990649-304-02-3	-0.055550739620115926	0.20511185591962436	522	0.8653800660165171	False
BRD:BRD-A22106989-001-05-0	-0.0555213478390996	0.194780990591457	547	0.8535149629792522	False
BRD:BRD-K54316499-046-04-5	-0.05551639603684212	0.19813272355325343	539	0.8574386188187321	False
BRD:BRD-K92581468-001-01-6	-0.05543742486768091	0.20045481509425936	535	0.8608946139030731	False
BRD:BRD-K00091288-001-01-9	-0.055380303098539405	0.10500498401973575	858	0.7751560791540202	False
BRD:BRD-K01436366-001-22-2	-0.05537486753745885	0.2313302838424916	469	0.8802224989698733	False
BRD:BRD-K61496577-001-20-2	-0.05534852191129315	0.19454123560345626	551	0.8535149629792522	False
BRD:BRD-K00091091-003-01-9	-0.05533423166610381	0.10529493897935395	858	0.7751560791540202	False
BRD:BRD-K02733959-236-07-7	-0.05528073283932197	0.19508913439525766	551	0.8535149629792522	False
BRD:BRD-K83896451-001-06-7	-0.055259168124418695	0.20750329647739021	522	0.8656517475142127	False
BRD:BRD-K27316855-001-19-0	-0.05524181851208211	0.19499737822602	552	0.8535149629792522	False
BRD:BRD-K45435259-003-11-1	-0.055169117639714445	0.19558656148178272	552	0.8537106351391391	False
BRD:BRD-K47192521-001-05-4	-0.055113234033230464	0.19685618509261552	550	0.856280266994785	False
BRD:BRD-A53566267-001-01-9	-0.05508856665252502	0.19746651073898516	549	0.8564315701905659	False
BRD:BRD-A83650191-004-02-8	-0.05500024639243766	0.21863741119011737	502	0.8733093218740651	False
BRD:BRD-K19540840-001-09-4	-0.05500013687947095	0.1957429994308821	555	0.8537106351391391	False
BRD:BRD-K00004634-001-01-9	-0.05498767488882383	0.10347100171527089	878	0.7746065067769453	False
BRD:BRD-K35984734-001-02-9	-0.05477036351979492	0.10484411871114376	878	0.7751560791540202	False
BRD:BRD-K47827687-001-02-2	-0.05468651701138663	0.2028346464104017	544	0.8643552231340308	False
BRD:BRD-K44022883-001-01-7	-0.05465628592885948	0.238458602856552	467	0.8840507683168202	False
BRD:BRD-K88219015-001-10-8	-0.054647913012225276	0.20525270396020148	539	0.8653800660165171	False
BRD:BRD-K45746021-003-01-9	-0.05453326355242168	0.20368779833838502	545	0.8645614713595492	False
BRD:BRD-K50660797-001-05-1	-0.05442306999079997	0.20882732878177915	535	0.8656517475142127	False
BRD:BRD-K93502141-001-01-6	-0.05433079638291049	0.21525191729184412	522	0.8701340847397637	False
BRD:BRD-K00005245-001-01-9	-0.05432017421716114	0.10773463943163933	878	0.782272670276762	False
BRD:BRD-K44030614-001-01-6	-0.054290790090291995	0.20993752608217375	535	0.867527364376465	False
BRD:BRD-K38793468-001-01-4	-0.054192688234432365	0.24095511343028445	470	0.8865500618843776	False
BRD:BRD-A55464252-001-01-2	-0.05415581641955329	0.21021950772717646	537	0.867527364376465	False
BRD:BRD-K28667793-001-28-1	-0.054135779000451925	0.2045142194776248	551	0.8645614713595492	False
BRD:BRD-K27911943-001-02-8	-0.054129079930064716	0.20622881655551437	547	0.8653800660165171	False
BRD:BRD-K00003276-001-01-9	-0.0541046003462284	0.10914089530263178	878	0.7848472174256721	False
BRD:BRD-K52020312-001-26-8	-0.054100312295777574	0.2031680318294423	555	0.8643552231340308	False
BRD:BRD-K49841478-001-01-6	-0.05404909886383494	0.2124066068630669	534	0.8696145100248978	False
BRD:BRD-K77139516-001-02-2	-0.053918041310864445	0.24385589917588812	469	0.8865500618843776	False
BRD:BRD-K00003438-001-01-9	-0.05391442214647603	0.111415737020378	873	0.7848472174256721	False
BRD:BRD-K00090634-001-01-9	-0.05390449737829326	0.11461240841382217	858	0.792434678315576	False
BRD:BRD-K18787491-001-08-6	-0.053852004758742224	0.20856403391583206	547	0.8656517475142127	False
BRD:BRD-A61633223-001-02-8	-0.05383033355208552	0.2142658431917016	534	0.8696145100248978	False
BRD:BRD-K79095980-001-09-6	-0.053807428308182324	0.20603910768190142	554	0.8653800660165171	False
BRD:BRD-K21396683-001-04-8	-0.05375242785574448	0.20609280353402584	555	0.8653800660165171	False
BRD:BRD-K33892651-001-02-4	-0.05363284864744662	0.20875706725000964	551	0.8656517475142127	False
BRD:BRD-A11731518-001-01-7	-0.053630799203865286	0.21044205103158198	547	0.867527364376465	False
BRD:BRD-K88560311-011-06-3	-0.05361503546694167	0.21057634815385493	547	0.867527364376465	False
BRD:BRD-K63828191-003-32-1	-0.0535453537842962	0.20784815490104686	555	0.8656517475142127	False
BRD:BRD-K95785537-001-23-1	-0.05353977080175821	0.21332711740284346	542	0.8696145100248978	False
BRD:BRD-K00405906-001-01-9	-0.05345754033908203	0.20859579893018948	555	0.8656517475142127	False
BRD:BRD-K72735080-001-01-0	-0.05336315730314028	0.24824283479504822	470	0.8879224466284608	False
BRD:BRD-K44824027-001-02-1	-0.05322023198926853	0.21228522190549157	551	0.8696145100248978	False
BRD:BRD-K48213016-001-01-8	-0.05315830284124943	0.21533812244704373	545	0.8701340847397637	False
BRD:BRD-K00069020-001-02-9	-0.052935249432492566	0.12128895336847291	858	0.7989855807926727	False
BRD:BRD-K97009491-238-03-8	-0.05292575249131856	0.22737094327430224	522	0.8776726345548256	False
BRD:BRD-K20722021-001-02-1	-0.05287896180174417	0.2233596488276695	532	0.8751367660357046	False
BRD:BRD-K10029415-005-06-9	-0.052873724548083645	0.21444657176718343	553	0.8698280897844537	False
BRD:BRD-K35498378-001-06-1	-0.052851679233192006	0.21505489658989593	552	0.8701340847397637	False
BRD:BRD-K61988078-001-01-2	-0.052846804301982665	0.21593397403989603	550	0.8702565654186281	False
BRD:BRD-K94146583-001-01-6	-0.052751390584617606	0.22317169524359992	535	0.8749052024850136	False
BRD:BRD-A90642009-001-03-2	-0.052717706766611194	0.25452717842919564	469	0.8926857136023959	False
BRD:BRD-K75615183-300-03-9	-0.05271438012266907	0.2170883536302538	550	0.8716015035897768	False
BRD:BRD-A14966924-003-07-7	-0.05266118259651231	0.21546487068285453	555	0.8701340847397637	False
BRD:BRD-K06543683-066-02-1	-0.052655051554835505	0.2167686535451092	552	0.8709576659867934	False
BRD:BRD-K80194255-001-01-9	-0.05259315102415633	0.2551439189302707	470	0.8938020718914449	False
BRD:BRD-K40992116-001-09-7	-0.05252573989111489	0.22647153101480422	532	0.8776253277558302	False
BRD:BRD-K55166090-001-09-0	-0.05245905755256343	0.21890610689685697	551	0.8733093218740651	False
BRD:BRD-K80082640-001-01-0	-0.05241490084825187	0.2244065076414779	539	0.8762048228209518	False
BRD:BRD-K78844995-001-02-6	-0.052387574648772715	0.22207435832258499	545	0.8749052024850136	False
BRD:BRD-A65013509-003-24-4	-0.05238591622692066	0.21997076054308592	550	0.8749052024850136	False
BRD:BRD-A59825838-326-01-4	-0.05236466567496539	0.2218511824194049	546	0.8749052024850136	False
BRD:BRD-K28578425-001-07-0	-0.052359068892516084	0.2214759252991295	547	0.8749052024850136	False
BRD:BRD-K32021043-001-14-3	-0.05235188625782802	0.21985005911601585	551	0.8749052024850136	False
BRD:BRD-A84465106-001-09-5	-0.05234027227673063	0.12162717289152047	876	0.7989855807926727	False
BRD:BRD-A92670106-003-05-4	-0.05228051046247211	0.2204803426638039	551	0.8749052024850136	False
BRD:BRD-K00004965-342-01-9	-0.05222508464813624	0.12309456239241227	873	0.7989855807926727	False
BRD:BRD-K65890018-236-01-1	-0.05218259291406928	0.2213471041331314	551	0.8749052024850136	False
BRD:BRD-K56940463-001-13-8	-0.05217965557041338	0.22306524103715183	547	0.8749052024850136	False
BRD:BRD-K77547509-001-03-3	-0.05212667083102143	0.25989891834414347	469	0.8952942830951071	False
BRD:BRD-K64157027-003-02-7	-0.052095031927507696	0.22296904457109254	549	0.8749052024850136	False
BRD:BRD-K00003235-001-01-9	-0.052053164711388836	0.1232587983425067	878	0.7989855807926727	False
BRD:BRD-A79643124-001-01-9	-0.051932760792716345	0.26167822717309214	469	0.8952942830951071	False
BRD:BRD-K64973364-001-01-4	-0.0519165348792791	0.2613168091636266	470	0.8952942830951071	False
BRD:BRD-K19655798-001-01-9	-0.051847019682961404	0.2268877976026904	545	0.8776253277558302	False
BRD:BRD-K50018155-003-02-1	-0.05180383064392426	0.22430070852555348	552	0.8762048228209518	False
BRD:BRD-K69231085-003-05-7	-0.051803305516325435	0.22642550522105306	547	0.8776253277558302	False
BRD:BRD-K48449981-001-02-7	-0.051782937079856754	0.26305873637022226	469	0.8958430398924067	False
BRD:BRD-K18163608-001-05-6	-0.051667928582363104	0.23862484309842935	522	0.8840507683168202	False
BRD:BRD-K40787673-001-02-1	-0.051657143765132814	0.22945579940340655	543	0.8792352584363038	False
BRD:BRD-K17295893-238-03-9	-0.05162104184304082	0.12640669162877555	878	0.8030498370015018	False
BRD:BRD-K16730910-001-07-3	-0.051606326474250556	0.2256527647668044	553	0.877555094292756	False
BRD:BRD-K09118247-001-03-3	-0.05160240415877127	0.2647288533829681	469	0.8958862034255123	False
BRD:BRD-K41783120-001-02-8	-0.051562434143421924	0.23204457520371374	539	0.8802224989698733	False
BRD:BRD-K89125793-001-26-0	-0.051554198977066486	0.22696761053597025	551	0.8776253277558302	False
BRD:BRD-K49522529-001-03-7	-0.05154254153807872	0.22749688318357777	550	0.8776726345548256	False
BRD:BRD-K00004681-001-01-9	-0.05153716323596928	0.1270249036901126	878	0.8030717840371179	False
BRD:BRD-K41626799-001-01-1	-0.05152702404767059	0.2649166956752442	470	0.8958862034255123	False
BRD:BRD-K87316765-001-01-4	-0.05144613840018803	0.23529067058230052	534	0.8802224989698733	False
BRD:BRD-A22032524-074-06-5	-0.0514244941250629	0.22645170676797616	555	0.8776253277558302	False
BRD:BRD-K62490786-001-01-1	-0.05136723188635213	0.23557030036835996	535	0.8802224989698733	False
BRD:BRD-K80653534-001-01-7	-0.051366394424965885	0.23252377729730062	542	0.8802224989698733	False
BRD:BRD-K73132780-001-01-2	-0.051359552129095154	0.23564042128253626	535	0.8802224989698733	False
BRD:BRD-A49046702-003-08-3	-0.05125562248289927	0.2300985493679755	550	0.8801594221192166	False
BRD:BRD-K67637637-003-12-6	-0.05120956253210486	0.23179973193164102	547	0.8802224989698733	False
BRD:BRD-K00074079-001-02-9	-0.051202697593510496	0.13397551017386533	858	0.8139234579517742	False
BRD:BRD-K04497194-001-02-1	-0.051187727737606964	0.22859983165848274	555	0.8785929207577381	False
BRD:BRD-K30233223-001-04-9	-0.05116845904813169	0.1297702641101517	878	0.8075566307266916	False
BRD:BRD-K28965160-001-01-1	-0.0511424016808396	0.23241327303026368	547	0.8802224989698733	False
BRD:BRD-K04804440-001-09-5	-0.051134089398943164	0.2312068998574713	550	0.8802224989698733	False
BRD:BRD-A09370961-001-01-0	-0.051110541004146456	0.23924843173807	532	0.8852843877392346	False
BRD:BRD-K21865955-003-01-5	-0.05109659724146581	0.2689341813983576	470	0.8986530963065198	False
BRD:BRD-K10852020-001-04-5	-0.05105993272047101	0.23971454516552357	532	0.8860536394689875	False
BRD:BRD-K87973152-001-02-9	-0.05099596337808799	0.13151130602591052	876	0.8110461107320004	False
BRD:BRD-K05658747-001-02-9	-0.05088812893827638	0.2347465652838719	547	0.8802224989698733	False
BRD:BRD-K93631643-001-02-4	-0.050838858095426764	0.23520059783616606	547	0.8802224989698733	False
BRD:BRD-K76239644-001-01-8	-0.05080021614775557	0.2334186201537532	552	0.8802224989698733	False
BRD:BRD-K53195974-001-01-9	-0.050734757107262184	0.24183698181080432	534	0.8865500618843776	False
BRD:BRD-K61036791-001-01-6	-0.050666262105954235	0.23422980050758152	553	0.8802224989698733	False
BRD:BRD-K30652337-004-02-1	-0.05064972866710965	0.23438268321737085	553	0.8802224989698733	False
BRD:BRD-K59045783-001-01-1	-0.050597049702989186	0.2374378570546116	547	0.8835890469668406	False
BRD:BRD-K82255054-001-15-9	-0.05057401921049044	0.23593592755893508	551	0.8802224989698733	False
BRD:BRD-K29653726-001-13-4	-0.050529175309556605	0.23592537789211876	552	0.8802224989698733	False
BRD:BRD-K49350383-001-13-7	-0.05043981248109689	0.23976512807088396	545	0.8860536394689875	False
BRD:BRD-K92588747-051-02-7	-0.050377617525485856	0.2403458959340008	545	0.886064540965938	False
BRD:BRD-K27316855-001-13-3	-0.05033957406854571	0.2509292868223704	522	0.8896551551855247	False
BRD:BRD-A35912562-001-02-8	-0.05032793196311092	0.23865464776505615	550	0.8840507683168202	False
BRD:BRD-K25075681-001-02-0	-0.05024487459513846	0.2770062900150145	470	0.9007005353687138	False
BRD:BRD-K00003191-001-01-9	-0.05023269221633386	0.1369443929010962	878	0.8162057943456041	False
BRD:BRD-K35520305-001-17-7	-0.05008376674593621	0.24310319976133923	545	0.8865500618843776	False
BRD:BRD-A01787639-003-16-9	-0.050069367774434555	0.2423720251690749	547	0.8865500618843776	False
BRD:BRD-K45163704-001-01-5	-0.04999487470370167	0.2537365323195213	523	0.8922170142151993	False
BRD:BRD-K70161083-001-06-9	-0.049985719272663084	0.13888786296864047	878	0.8162057943456041	False
BRD:BRD-K42417338-045-01-9	-0.04994900066594171	0.24700070422371082	539	0.8870853890659492	False
BRD:BRD-K29220403-001-10-8	-0.04987043880888662	0.2508542803796329	532	0.8896551551855247	False
BRD:BRD-K17754715-036-03-9	-0.049832181720092406	0.14471810005627192	858	0.8209157294362215	False
BRD:BRD-A65615053-003-02-2	-0.049808202979448914	0.24484051106580498	547	0.8868618342500938	False
BRD:BRD-K67789209-001-01-0	-0.04972648157351789	0.24303196212010822	553	0.8865500618843776	False
BRD:BRD-K66353228-001-14-6	-0.0496705235898797	0.24442146036046464	551	0.8865500618843776	False
BRD:BRD-K00003116-001-01-9	-0.04964329031113706	0.14161748638645694	878	0.8173280729157864	False
BRD:BRD-A55469827-001-07-4	-0.049620309462493635	0.24489925467141768	551	0.8868618342500938	False
BRD:BRD-K00003447-001-01-9	-0.04958355706932508	0.14324160977532271	873	0.8181000078615306	False
BRD:BRD-K18573821-001-03-9	-0.04956254983838208	0.14226705281505056	878	0.8173291850122136	False
BRD:BRD-K45117373-001-02-9	-0.04950759395793915	0.2512072170197272	539	0.8896551551855247	False
BRD:BRD-K28061410-001-06-6	-0.049374726702515984	0.2542592309699184	535	0.8926681376865285	False
BRD:BRD-A69777949-001-24-2	-0.04935563050273617	0.25266686481404604	539	0.8908137576489822	False
BRD:BRD-K73276278-305-01-1	-0.049253033406733	0.28712781912158514	469	0.9053703640123841	False
BRD:BRD-K62012036-001-14-4	-0.04920610675237317	0.261772132211804	522	0.8952942830951071	False
BRD:BRD-K43449605-001-01-0	-0.049068333819931774	0.2519289704481211	547	0.8904198641970975	False
BRD:BRD-K32533226-001-01-3	-0.04905530620376907	0.2885532065647526	470	0.9053703640123841	False
BRD:BRD-K51662849-001-05-4	-0.04903050069604323	0.25893426647424067	532	0.8946312841230952	False
BRD:BRD-K47337578-034-02-5	-0.0490243419959589	0.252354891858549	547	0.8908137576489822	False
BRD:BRD-A42746051-001-02-9	-0.0490230921875324	0.2510643794468622	550	0.8896551551855247	False
BRD:BRD-A40084411-003-07-7	-0.04900457423027789	0.2560613528061563	539	0.8938020718914449	False
BRD:BRD-K00004600-001-01-9	-0.04899121436747104	0.14692894907402515	878	0.8219650492154336	False
BRD:BRD-K36381762-300-02-7	-0.04898298553078699	0.24929948316945133	555	0.888579260220774	False
BRD:BRD-A29111201-001-04-8	-0.04892189876510486	0.25204521045461287	550	0.8904198641970975	False
BRD:BRD-K00003413-001-01-9	-0.04888951557812118	0.14893285367224254	873	0.8219650492154336	False
BRD:BRD-K00003228-001-01-9	-0.048877816022336915	0.14786795735815675	878	0.8219650492154336	False
BRD:BRD-K68764924-001-03-2	-0.04877170902810321	0.26011279493054323	535	0.8952942830951071	False
BRD:BRD-K32892871-003-02-9	-0.0487431490113735	0.14945409749287664	876	0.8219650492154336	False
BRD:BRD-K30185465-001-03-0	-0.04874121326963501	0.29217191528652847	469	0.9053703640123841	False
BRD:BRD-K00003423-001-01-9	-0.0486886131023404	0.15061203030977438	873	0.8219650492154336	False
BRD:BRD-A24228527-213-01-9	-0.04868085213805365	0.25439231011091035	550	0.8926737910351842	False
BRD:BRD-K34675210-003-01-4	-0.04867328077871109	0.2928458377152713	469	0.9053703640123841	False
BRD:BRD-K77950083-001-03-3	-0.04856037489245831	0.25687743067905205	547	0.8938020718914449	False
BRD:BRD-K95902121-001-01-0	-0.048529986699418715	0.2937538944476611	470	0.9053703640123841	False
BRD:BRD-K86307448-001-17-5	-0.048512781938947605	0.26400322869288745	532	0.8958430398924067	False
BRD:BRD-K16542329-001-13-5	-0.048502226550403725	0.25484273048974726	553	0.8933309963992689	False
BRD:BRD-K30649484-003-13-7	-0.048499237713483044	0.25617069908627854	550	0.8938020718914449	False
BRD:BRD-K00003209-001-01-9	-0.04846049734695121	0.15136306425403886	878	0.8219650492154336	False
BRD:BRD-K76139886-003-01-3	-0.04838177594608209	0.2957495051553198	469	0.9053703640123841	False
BRD:BRD-K27955832-001-02-9	-0.048365557394520586	0.25661783788034165	552	0.8938020718914449	False
BRD:BRD-A42167015-003-10-2	-0.04834379707452831	0.25683214096932266	552	0.8938020718914449	False
BRD:BRD-K69469734-003-02-5	-0.04829226948186056	0.2630456294128384	539	0.8958430398924067	False
BRD:BRD-K62594868-082-08-6	-0.048275143179436354	0.256214083087256	555	0.8938020718914449	False
BRD:BRD-K89071957-001-01-1	-0.04823778334134149	0.26358522336733703	539	0.8958430398924067	False
BRD:BRD-K85883481-001-25-7	-0.04820421803958712	0.2639180102676873	539	0.8958430398924067	False
BRD:BRD-K00004691-001-01-9	-0.04818535211272101	0.15370158553865446	878	0.8225946202430823	False
BRD:BRD-K44665581-001-01-8	-0.04814057086289392	0.25927336150110714	551	0.8946312841230952	False
BRD:BRD-K82225283-001-03-1	-0.048088947525426286	0.2682034589729903	532	0.8984220455977328	False
BRD:BRD-K63630713-001-25-8	-0.04805688613846657	0.26053822962947615	550	0.8952942830951071	False
BRD:BRD-A33692381-001-01-9	-0.0480488232993604	0.26192848538845553	547	0.8952942830951071	False
BRD:BRD-K02992638-001-11-8	-0.04804207788635122	0.2619955435213517	547	0.8952942830951071	False
BRD:BRD-K00003501-001-01-9	-0.04803667191849106	0.15497661141763105	878	0.8230695417399172	False
BRD:BRD-K00068629-001-02-9	-0.04797594945836571	0.16030279063902328	858	0.8234961688556373	False
BRD:BRD-K96299080-001-02-7	-0.04797381723948665	0.2626748082341862	547	0.8958430398924067	False
BRD:BRD-K09353376-001-03-9	-0.04794870467717885	0.274173370780619	522	0.9006014710328264	False
BRD:BRD-M86143595-034-03-4	-0.04794799451130153	0.30114418907855367	467	0.9053703640123841	False
BRD:BRD-A54228901-001-01-7	-0.047889730677917415	0.3006941955918492	469	0.9053703640123841	False
BRD:BRD-K00004642-001-01-9	-0.04788821359877638	0.15744517283426046	873	0.8234961688556373	False
BRD:BRD-K27853494-003-04-7	-0.047839094030430164	0.27070086105135177	532	0.8987728791238515	False
BRD:BRD-K35430135-003-02-3	-0.0478357799511405	0.2614368639544772	553	0.8952942830951071	False
BRD:BRD-K37682401-001-09-3	-0.047829663189786265	0.27536782949201044	522	0.9007005353687138	False
BRD:BRD-K48367671-001-05-9	-0.047813094892155884	0.26515801890964064	545	0.8958862034255123	False
BRD:BRD-A11070335-236-02-1	-0.047745142339119404	0.26190971808538893	554	0.8952942830951071	False
BRD:BRD-K50564936-001-01-6	-0.04770560658984836	0.26623506961772364	545	0.8962499368886185	False
BRD:BRD-A01563671-001-02-7	-0.04770077465202833	0.2654039884775088	547	0.8958862034255123	False
BRD:BRD-K65544384-001-15-8	-0.04767266848966293	0.2643732478746847	550	0.8958862034255123	False
BRD:BRD-K46937689-001-15-0	-0.04762753489721544	0.2705752795618478	537	0.8987728791238515	False
BRD:BRD-K11072003-001-02-4	-0.04761825400961593	0.1586078374553565	878	0.8234961688556373	False
BRD:BRD-K00003106-001-01-9	-0.04761731359103535	0.15981024016676001	873	0.8234961688556373	False
BRD:BRD-M92675308-003-07-1	-0.04757730426607779	0.26664450199937906	547	0.8967390631876097	False
BRD:BRD-K76609936-001-08-4	-0.04756746731543557	0.27162945815415956	536	0.8996897662764602	False
BRD:BRD-K36660044-001-24-2	-0.04755156816446275	0.2655899989220281	550	0.8958862034255123	False
BRD:BRD-K00003260-001-01-9	-0.04755151989906483	0.15919288448184768	878	0.8234961688556373	False
BRD:BRD-K83794243-001-01-8	-0.04752213474826125	0.27389182238086146	532	0.9006014710328264	False
BRD:BRD-K52396582-001-06-7	-0.047402987658261224	0.26708810272801997	550	0.8977862462986413	False
BRD:BRD-K51329597-001-02-9	-0.047388147192773795	0.16111071917058697	876	0.8234961688556373	False
BRD:BRD-A91008255-003-24-8	-0.047357908621185524	0.26754376819429565	550	0.8979842738701272	False
BRD:BRD-K00003343-001-01-9	-0.04731231250810961	0.1613033732810011	878	0.8234961688556373	False
BRD:BRD-K61228301-001-01-2	-0.047299801132078864	0.2672595748413842	552	0.8979181163646702	False
BRD:BRD-K13005598-001-02-3	-0.047269032438927654	0.3070096423155459	469	0.9068255200230618	False
BRD:BRD-K09821361-066-25-8	-0.04724382915831427	0.2753581764807342	535	0.9007005353687138	False
BRD:BRD-K84925803-001-01-9	-0.04721909942302931	0.2738139230816345	539	0.9006014710328264	False
BRD:BRD-K10596918-001-02-9	-0.04715420609755282	0.16319082471451352	876	0.8250461874533705	False
BRD:BRD-A58048407-001-18-8	-0.04714788809015232	0.2674978881236055	555	0.8979842738701272	False
BRD:BRD-K68620903-001-11-4	-0.04711686199413431	0.26998934417144466	550	0.8987728791238515	False
BRD:BRD-K59424860-001-01-4	-0.04706738324304002	0.2704932239622502	550	0.8987728791238515	False
BRD:BRD-K47464228-001-14-9	-0.04703769075772012	0.16423434144152219	876	0.8250461874533705	False
BRD:BRD-K15811707-001-02-0	-0.04697706231526493	0.31001043025149183	469	0.9086375092457968	False
BRD:BRD-A72066420-001-04-5	-0.04696728430698726	0.27283174286749395	547	0.900596759392457	False
BRD:BRD-K95015809-001-02-8	-0.04692997798021623	0.2799217563499246	532	0.9021449727973566	False
BRD:BRD-K00003146-318-01-9	-0.04692857364286838	0.16473300431199162	878	0.8250461874533705	False
BRD:BRD-A50311610-300-10-4	-0.04691003809431849	0.27697002460552317	539	0.9007005353687138	False
BRD:BRD-K41434598-003-01-9	-0.04690122528678025	0.2770603810947524	539	0.9007005353687138	False
BRD:BRD-A56241705-003-01-2	-0.046867828043057204	0.2796532544616901	534	0.9021449727973566	False
BRD:BRD-A62021152-003-03-4	-0.046824677477608524	0.2742921711481421	547	0.9006014710328264	False
BRD:BRD-K33720171-001-01-0	-0.04681777183104851	0.2779170106152121	539	0.9015769444892728	False
BRD:BRD-A51355958-003-01-9	-0.04671088529293201	0.2754613239533825	547	0.9007005353687138	False
BRD:BRD-K14385366-001-04-4	-0.04664153798245832	0.28981506821174097	517	0.9053703640123841	False
BRD:BRD-K00003107-001-01-9	-0.046628677925553856	0.16745123239245902	878	0.8297442629772196	False
BRD:BRD-K41298358-395-03-4	-0.04655791876671332	0.2883494557335953	522	0.9053703640123841	False
BRD:BRD-K00091078-001-01-9	-0.04653863475754823	0.17321573587992908	858	0.8300684798335919	False
BRD:BRD-K39495750-001-01-2	-0.04651489172307745	0.28879574303188327	522	0.9053703640123841	False
BRD:BRD-K60600693-314-03-2	-0.046512113212852035	0.16900387565500657	876	0.8297442629772196	False
BRD:BRD-K87535339-001-01-6	-0.04644835447379499	0.27994395547629314	543	0.9021449727973566	False
BRD:BRD-K21025364-001-05-6	-0.04644334871718877	0.28953883207161624	522	0.9053703640123841	False
BRD:BRD-K71223042-001-03-9	-0.0463789426237373	0.17022869032250265	876	0.8299270843048359	False
BRD:BRD-K32572029-001-04-4	-0.046362470047066846	0.279062167366536	547	0.9021449727973566	False
BRD:BRD-A29700858-304-01-8	-0.046342987956050796	0.29291678711899966	517	0.9053703640123841	False
BRD:BRD-K65377893-001-07-4	-0.04622500756242476	0.2918145883972497	522	0.9053703640123841	False
BRD:BRD-K64994968-001-32-5	-0.046124416597973006	0.2824261365006118	545	0.9049710449976277	False
BRD:BRD-K44366189-001-01-9	-0.04609363538537888	0.27835502976688137	555	0.9017321813535899	False
BRD:BRD-K26358347-001-01-7	-0.04605427387262891	0.31962111757333467	469	0.9086375092457968	False
BRD:BRD-K73524797-001-01-1	-0.04601880794125554	0.2791368429179219	555	0.9021449727973566	False
BRD:BRD-K95237249-001-26-5	-0.04600752221796153	0.2801267931442893	553	0.9023059418641955	False
BRD:BRD-K30114692-001-15-9	-0.04600285534964238	0.28637642940901065	539	0.9053703640123841	False
BRD:BRD-K26739552-003-15-4	-0.045841780334067286	0.2912359070895081	532	0.9053703640123841	False
BRD:BRD-K01773083-001-01-4	-0.04583767669032355	0.2903697456916459	534	0.9053703640123841	False
BRD:BRD-A46717658-236-02-5	-0.045807977353383614	0.2884248339161034	539	0.9053703640123841	False
BRD:BRD-A56085258-001-01-8	-0.045782653257882194	0.28248659981753016	553	0.9049710449976277	False
BRD:BRD-K00091092-001-01-9	-0.045776470776097214	0.18037045972239676	858	0.8424232968147908	False
BRD:BRD-K00673382-001-18-9	-0.04575338118098461	0.28587624972778586	546	0.9053703640123841	False
BRD:BRD-K97233161-003-01-5	-0.045737474893077654	0.28916832087489874	539	0.9053703640123841	False
BRD:BRD-K12244279-001-05-8	-0.045687048909669965	0.2861331743089662	547	0.9053703640123841	False
BRD:BRD-K12745498-001-03-4	-0.045459976302418624	0.1788623108724322	876	0.8404201965303179	False
BRD:BRD-K57853941-304-02-5	-0.045391970158871434	0.28574465609921035	555	0.9053703640123841	False
BRD:BRD-K39381259-001-01-0	-0.045368966234586056	0.2877400683291487	551	0.9053703640123841	False
BRD:BRD-K40407248-001-04-9	-0.04536158001727112	0.17980566837035478	876	0.8411899303823461	False
BRD:BRD-K00003731-001-01-9	-0.045279385201991484	0.1813469067242644	873	0.8446195764659595	False
BRD:BRD-K54496168-003-01-2	-0.04523352389650286	0.2918360851537416	545	0.9053703640123841	False
BRD:BRD-K88061624-001-21-4	-0.045224279675590506	0.3033306538951731	520	0.9053703640123841	False
BRD:BRD-A85025557-001-02-5	-0.045218743384626385	0.29243915047784474	544	0.9053703640123841	False
BRD:BRD-K39084158-001-08-9	-0.04521236876315639	0.18074439560530492	878	0.8428945371978163	False
BRD:BRD-K35687421-001-02-5	-0.04517354150233754	0.28894605762371667	553	0.9053703640123841	False
BRD:BRD-K75940276-001-04-9	-0.0451093056519401	0.18224116232715956	876	0.8457416713452229	False
BRD:BRD-K13486660-001-01-0	-0.045076024262061705	0.28911484746866584	555	0.9053703640123841	False
BRD:BRD-K00354853-001-01-2	-0.04500492626881958	0.3307834613090816	469	0.9137838053599907	False
BRD:BRD-K94436377-001-10-2	-0.04499663416890646	0.28996588231341175	555	0.9053703640123841	False
BRD:BRD-A95683721-001-03-8	-0.044993526638493306	0.33090608806643224	469	0.9137838053599907	False
BRD:BRD-K26573499-300-02-1	-0.04497542741689003	0.29238664139141196	550	0.9053703640123841	False
BRD:BRD-K04710043-001-17-8	-0.04487909084212457	0.3001319234400954	535	0.9053703640123841	False
BRD:BRD-A67862938-034-14-9	-0.04482433286069443	0.2931325275296777	552	0.9053703640123841	False
BRD:BRD-K87349682-347-03-8	-0.04482097607185955	0.3067345402263653	522	0.9068255200230618	False
BRD:BRD-A89196962-300-01-7	-0.04478436569702185	0.29224958101867715	555	0.9053703640123841	False
BRD:BRD-K06234293-001-04-2	-0.04476064949621345	0.29691517010282564	545	0.9053703640123841	False
BRD:BRD-A18233884-003-02-7	-0.0447377433683424	0.29716268990687356	545	0.9053703640123841	False
BRD:BRD-K36270037-001-01-7	-0.04473005320227955	0.2950302726694677	550	0.9053703640123841	False
BRD:BRD-K83720053-001-03-8	-0.04470703900655382	0.30335627377946744	532	0.9053703640123841	False
BRD:BRD-K00073093-001-02-9	-0.04470483975838088	0.1907976879897071	858	0.8497755455995537	False
BRD:BRD-K15164005-001-05-6	-0.044681322493943416	0.29688409579477587	547	0.9053703640123841	False
BRD:BRD-K95435023-001-10-1	-0.044670544497070065	0.2970007495970506	547	0.9053703640123841	False
BRD:BRD-A36074203-003-07-6	-0.044667444520815634	0.2948269485675523	552	0.9053703640123841	False
BRD:BRD-K25204779-001-01-1	-0.04466566088802938	0.29484624966036976	552	0.9053703640123841	False
BRD:BRD-K79684402-300-02-8	-0.044662773837049814	0.33138763195768245	475	0.9137838053599907	False
BRD:BRD-K82467063-001-02-7	-0.044645830877636114	0.30401941578083513	532	0.9053703640123841	False
BRD:BRD-K03353589-236-01-4	-0.044632898861574004	0.29608140115788245	550	0.9053703640123841	False
BRD:BRD-K04176066-001-08-3	-0.0446270155539213	0.29482566130756904	553	0.9053703640123841	False
BRD:BRD-K75089421-003-24-5	-0.044600010081661465	0.2986539129567868	545	0.9053703640123841	False
BRD:BRD-K81144366-003-19-7	-0.044562939608527904	0.29552019895912723	553	0.9053703640123841	False
BRD:BRD-A81615860-003-01-7	-0.04453716798210773	0.29623892195630547	552	0.9053703640123841	False
BRD:BRD-K18850819-001-04-6	-0.0444275665427264	0.2961152986253151	555	0.9053703640123841	False
BRD:BRD-K41410256-304-02-2	-0.04440597462371226	0.30345151308389573	539	0.9053703640123841	False
BRD:BRD-K51247865-001-01-2	-0.04440384076776045	0.2963735586315976	555	0.9053703640123841	False
BRD:BRD-K87278688-001-01-0	-0.04440194993882775	0.2985900968316803	550	0.9053703640123841	False
BRD:BRD-A22707317-001-10-8	-0.044341689555663484	0.29792678649414756	553	0.9053703640123841	False
BRD:BRD-K81647657-001-04-3	-0.044314202262933526	0.29735064872782024	555	0.9053703640123841	False
BRD:BRD-K20008181-001-01-3	-0.04424169753304115	0.30166710769103766	547	0.9053703640123841	False
BRD:BRD-K79753741-001-01-7	-0.044096597833637285	0.30325692367405477	547	0.9053703640123841	False
BRD:BRD-K50388907-001-30-4	-0.044047935847505056	0.3105476069242674	532	0.9086375092457968	False
BRD:BRD-K49460120-001-02-5	-0.04402774689210419	0.30224373303761365	551	0.9053703640123841	False
BRD:BRD-K12106308-003-01-9	-0.04402410816093826	0.19299664417257878	876	0.8509397493063701	False
BRD:BRD-K00084848-001-01-9	-0.044024084473006785	0.19764775706754298	858	0.8564315701905659	False
BRD:BRD-K00003732-001-01-9	-0.043988850971144855	0.1928446239167094	878	0.8509392394551489	False
BRD:BRD-A00147595-001-01-5	-0.04396940756227894	0.3033265862906649	550	0.9053703640123841	False
BRD:BRD-K33583600-001-16-1	-0.04396894822440932	0.3046601279144011	547	0.9053703640123841	False
BRD:BRD-K86892782-001-17-0	-0.04396648374343541	0.30826691922834154	539	0.9069813256941689	False
BRD:BRD-K35719256-001-02-6	-0.04394098428031857	0.30231850285672945	553	0.9053703640123841	False
BRD:BRD-K48830578-001-01-9	-0.04392187697275835	0.30517864746583845	547	0.9064580123766592	False
BRD:BRD-K62427771-001-01-0	-0.04390237393079704	0.30539365676561975	547	0.9066163798271062	False
BRD:BRD-K39009484-001-01-4	-0.04387974291135572	0.3114884242299705	534	0.9086375092457968	False
BRD:BRD-K90027355-001-13-3	-0.04387412801161359	0.31707586231152235	522	0.9086375092457968	False
BRD:BRD-A31811760-001-06-7	-0.043829726668366716	0.30708540789967315	545	0.9068255200230618	False
BRD:BRD-K50699835-001-01-2	-0.043793558103429005	0.34346141751404274	470	0.9137838053599907	False
BRD:BRD-A31362467-065-01-3	-0.043790692190074434	0.31247237145098283	534	0.9086375092457968	False
BRD:BRD-A78877355-001-03-0	-0.04376106881106492	0.30342746238768753	555	0.9053703640123841	False
BRD:BRD-K85925969-001-17-4	-0.043719035434383276	0.31100021636210085	539	0.9086375092457968	False
BRD:BRD-A75769826-003-02-1	-0.04370845021141838	0.3084270811528477	545	0.9069813256941689	False
BRD:BRD-K78161388-001-01-2	-0.04368128960062908	0.3452176634940412	469	0.9137838053599907	False
BRD:BRD-K69216798-001-01-9	-0.043672902302748284	0.31151155776716827	539	0.9086375092457968	False
BRD:BRD-K76845197-001-05-4	-0.04365291665877784	0.30682365388371546	550	0.9068255200230618	False
BRD:BRD-K04266228-001-03-8	-0.04361775811088403	0.34540396757833197	470	0.9137838053599907	False
BRD:BRD-K73469236-001-01-8	-0.04354094008900169	0.3129772827538988	539	0.9086375092457968	False
BRD:BRD-K37682401-213-01-1	-0.04353754931418603	0.3161927871987904	532	0.9086375092457968	False
BRD:BRD-K62066682-300-01-0	-0.043514017474004775	0.34706983443020994	469	0.9137838053599907	False
BRD:BRD-K03155172-001-02-2	-0.043455216333966824	0.3081395972593846	552	0.9069813256941689	False
BRD:BRD-K75608666-001-08-3	-0.043407368579965494	0.3144654865996951	539	0.9086375092457968	False
BRD:BRD-A06935312-001-04-3	-0.04334320564245291	0.31027149078233707	550	0.9086375092457968	False
BRD:BRD-K02898090-001-02-7	-0.04331855080660178	0.3154576251892993	539	0.9086375092457968	False
BRD:BRD-K49788188-001-02-9	-0.043311918166960076	0.1997894664259992	878	0.8608946139030731	False
BRD:BRD-K34362291-001-02-9	-0.0432984534092608	0.2004439421942367	876	0.8608946139030731	False
BRD:BRD-A64227845-004-09-3	-0.043274479840461705	0.3088407934920075	555	0.9076032149715656	False
BRD:BRD-K77677632-003-02-6	-0.04324743658931463	0.313562475936475	545	0.9086375092457968	False
BRD:BRD-K28690501-001-02-1	-0.04323377152611596	0.3128251932426372	547	0.9086375092457968	False
BRD:BRD-K00003376-001-01-9	-0.04317621601973422	0.20120334574082785	878	0.8616164406940132	False
BRD:BRD-K99616396-001-05-1	-0.043053111006972906	0.3202457187000492	535	0.9086375092457968	False
BRD:BRD-K55781385-001-01-7	-0.04304740030787351	0.31138872593933775	555	0.9086375092457968	False
BRD:BRD-A21474126-001-01-6	-0.043033049600260796	0.32047147324966946	535	0.9086375092457968	False
BRD:BRD-K71799949-001-36-4	-0.043032425692481446	0.31243462586608844	553	0.9086375092457968	False
BRD:BRD-K19477839-001-07-6	-0.04301579203833036	0.3152735012374617	547	0.9086375092457968	False
BRD:BRD-A17453586-003-02-3	-0.043008372110000546	0.3118280278095587	555	0.9086375092457968	False
BRD:BRD-K00004708-001-01-9	-0.04295076677696913	0.20356838344968933	878	0.8645614713595492	False
BRD:BRD-A09056319-003-07-7	-0.042938100327826516	0.3143781177753781	551	0.9086375092457968	False
BRD:BRD-K83189926-001-03-1	-0.04291739990776429	0.3128535929842628	555	0.9086375092457968	False
BRD:BRD-K13314656-001-01-0	-0.04286430095374717	0.32146751162888604	537	0.9086375092457968	False
BRD:BRD-K77625799-001-07-7	-0.04283337697097663	0.31380278200451134	555	0.9086375092457968	False
BRD:BRD-K42095107-001-17-1	-0.04277130047502417	0.3189248969468654	545	0.9086375092457968	False
BRD:BRD-K77793136-003-03-0	-0.0427142280849963	0.31868125795756386	547	0.9086375092457968	False
BRD:BRD-K76805682-001-15-9	-0.04268853611471776	0.31720163502626536	551	0.9086375092457968	False
BRD:BRD-K02160913-001-02-7	-0.04266846734296719	0.35652865836115927	469	0.9137838053599907	False
BRD:BRD-K10836013-001-01-3	-0.042661259810572845	0.3157530462423607	555	0.9086375092457968	False
BRD:BRD-K68220839-413-02-8	-0.04264282521337132	0.3563031098274327	470	0.9137838053599907	False
BRD:BRD-K00003189-001-01-9	-0.04260301894372012	0.20725588376856396	878	0.8656517475142127	False
BRD:BRD-K86358349-001-02-0	-0.04260103759851482	0.3258128413350346	534	0.9103702688905027	False
BRD:BRD-K17223896-001-10-0	-0.04256149907633052	0.3190868026718421	550	0.9086375092457968	False
BRD:BRD-K54997624-001-06-0	-0.042547755141579	0.3170435048598692	555	0.9086375092457968	False
BRD:BRD-K64103579-003-02-9	-0.042513800159322726	0.20873000788915266	876	0.8656517475142127	False
BRD:BRD-K88956297-003-01-9	-0.04250003256907133	0.32469728770620054	539	0.9099171644256352	False
BRD:BRD-A93964801-003-03-3	-0.04249498249158498	0.3185221594046261	553	0.9086375092457968	False
BRD:BRD-K02314383-001-01-3	-0.04249435130438909	0.3220713784385678	545	0.9086375092457968	False
BRD:BRD-K76810206-001-08-1	-0.04241129683822461	0.31859948825555906	555	0.9086375092457968	False
BRD:BRD-A06771424-004-01-7	-0.04240316831925965	0.3258022270609981	539	0.9103702688905027	False
BRD:BRD-K00004571-001-01-9	-0.042372801264074986	0.2110297047903009	873	0.8678932135228001	False
BRD:BRD-K60060639-005-02-2	-0.04235550590850939	0.32143674289051954	550	0.9086375092457968	False
BRD:BRD-K52459018-001-09-1	-0.04235317570901811	0.3192637338049249	555	0.9086375092457968	False
BRD:BRD-K86118762-001-01-8	-0.042268893614733204	0.32869413039332657	536	0.9130870005803612	False
BRD:BRD-K94358652-001-02-1	-0.042255248440552375	0.3362110524876707	520	0.9137838053599907	False
BRD:BRD-K02260986-001-03-9	-0.04219152190470048	0.21299087458975402	873	0.8696145100248978	False
BRD:BRD-A29289453-001-04-7	-0.04208959572750029	0.323604699026652	552	0.9096613583764639	False
BRD:BRD-K37087535-001-01-1	-0.042078943603237044	0.36321830035461083	469	0.9137838053599907	False
BRD:BRD-K33510429-001-03-1	-0.04205870128673097	0.33846556196174143	520	0.9137838053599907	False
BRD:BRD-A78093359-001-06-3	-0.04204129981762455	0.326371925940093	547	0.9108365709548835	False
BRD:BRD-K00075632-305-02-9	-0.042039916118075435	0.21863472262403194	858	0.8733093218740651	False
BRD:BRD-K32830106-001-02-6	-0.0420233635633356	0.3252494500233969	550	0.9103230691091776	False
BRD:BRD-K20738689-001-01-2	-0.04201937722534473	0.32662447821599216	547	0.9111668886962148	False
BRD:BRD-K53532120-003-09-5	-0.041988216350030624	0.32698367503596615	547	0.9117943135499836	False
BRD:BRD-K28405228-001-06-7	-0.04182046086128072	0.3289218157444389	547	0.9130870005803612	False
BRD:BRD-K82522873-001-01-1	-0.041803820773549924	0.33269317657165837	539	0.9137838053599907	False
BRD:BRD-K61339991-003-01-8	-0.04177908205473321	0.36613769080936265	470	0.9137838053599907	False
BRD:BRD-K01109406-001-03-7	-0.04167668091659603	0.33058885567023094	547	0.9137838053599907	False
BRD:BRD-K90727284-001-05-0	-0.04163796402602374	0.36827317453146435	469	0.9137838053599907	False
BRD:BRD-K47726410-001-01-2	-0.041633194792928055	0.3683280809344029	469	0.9137838053599907	False
BRD:BRD-K57597776-001-01-2	-0.04162781337365519	0.33027020025044235	549	0.9137838053599907	False
BRD:BRD-K62213621-001-01-6	-0.041617731872472384	0.3312739067366535	547	0.9137838053599907	False
BRD:BRD-K24283677-001-01-9	-0.041597134737814324	0.3687433912645618	469	0.9137838053599907	False
BRD:BRD-A34255068-001-34-5	-0.04154712499499592	0.33209563835402395	547	0.9137838053599907	False
BRD:BRD-K60842365-001-03-9	-0.041542240896859636	0.21880269758022336	878	0.8733093218740651	False
BRD:BRD-K07061232-001-01-8	-0.04147487062779149	0.36964125962372146	470	0.914744725752089	False
BRD:BRD-K48061146-066-01-7	-0.041427628841330374	0.33706600323152286	539	0.9137838053599907	False
BRD:BRD-K64659768-001-12-8	-0.041413455951450115	0.3318855968637673	551	0.9137838053599907	False
BRD:BRD-K18905250-003-02-4	-0.04138619685372625	0.3322042246203661	551	0.9137838053599907	False
BRD:BRD-K03665769-001-02-9	-0.04137487029925448	0.22119388756493114	876	0.8749052024850136	False
BRD:BRD-A72988804-001-11-1	-0.041318504610205295	0.34014853132322986	535	0.9137838053599907	False
BRD:BRD-K96809896-300-02-3	-0.04131646119796482	0.3347892774172031	547	0.9137838053599907	False
BRD:BRD-K33183200-303-02-4	-0.041289529404898766	0.3328954572908241	552	0.9137838053599907	False
BRD:BRD-K13087974-001-02-5	-0.04122641200025044	0.3371794566886023	544	0.9137838053599907	False
BRD:BRD-K23913458-001-20-7	-0.04119030295817657	0.33494078969421714	550	0.9137838053599907	False
BRD:BRD-K97939847-001-12-0	-0.041180739168799496	0.34176243549995683	535	0.9137838053599907	False
BRD:BRD-K90756851-001-01-1	-0.04117456502422183	0.22291062676518372	878	0.8749052024850136	False
BRD:BRD-K00003461-001-01-9	-0.04116331028410738	0.22436336504598206	873	0.8762048228209518	False
BRD:BRD-K68851986-001-01-6	-0.04113835777856103	0.37405253269757227	469	0.9167652580427085	False
BRD:BRD-K00004662-001-01-9	-0.0411324507692442	0.22471125681029255	873	0.8763868085823587	False
BRD:BRD-K07220430-001-19-2	-0.0411040397128285	0.33595482040428126	550	0.9137838053599907	False
BRD:BRD-K91614056-001-02-2	-0.04105501298594143	0.34919952557184597	522	0.9137838053599907	False
BRD:BRD-K58114536-001-01-6	-0.04105169762131557	0.33437434455127757	555	0.9137838053599907	False
BRD:BRD-K67277431-002-10-5	-0.041041167236501745	0.3398030890987428	543	0.9137838053599907	False
BRD:BRD-A15297126-001-04-3	-0.04103104455577205	0.3448846139571366	532	0.9137838053599907	False
BRD:BRD-A50737080-001-03-0	-0.040892089840247337	0.33801391577208745	551	0.9137838053599907	False
BRD:BRD-K43837174-003-01-3	-0.04088389304135628	0.3452565245017772	535	0.9137838053599907	False
BRD:BRD-K62412084-001-07-1	-0.040883230580137306	0.336363382634402	555	0.9137838053599907	False
BRD:BRD-K00004710-001-01-9	-0.04084103630804561	0.22668444297753662	878	0.8776253277558302	False
BRD:BRD-K82818427-001-04-8	-0.040807163754184576	0.338579084916092	552	0.9137838053599907	False
BRD:BRD-K51087630-001-01-6	-0.040804781693796296	0.34755370577739436	532	0.9137838053599907	False
BRD:BRD-K93869735-001-01-1	-0.04079410215046951	0.34768000911131375	532	0.9137838053599907	False
BRD:BRD-A42628519-001-12-4	-0.04078127842792142	0.34828734865291194	531	0.9137838053599907	False
BRD:BRD-K54028654-001-02-6	-0.04076357778409518	0.3480411709085418	532	0.9137838053599907	False
BRD:BRD-K43975632-001-01-1	-0.0406969928264798	0.34746808196191403	535	0.9137838053599907	False
BRD:BRD-K93806173-003-01-8	-0.04059684918427498	0.3441705325116074	545	0.9137838053599907	False
BRD:BRD-K61032563-001-02-9	-0.04059418876803682	0.3433143289755103	547	0.9137838053599907	False
BRD:BRD-K17977438-048-02-4	-0.04057036075263803	0.341831564009058	551	0.9137838053599907	False
BRD:BRD-K33445938-001-01-8	-0.04052330450683104	0.23165730305704235	873	0.8802224989698733	False
BRD:BRD-K68408467-065-01-8	-0.04044898603329914	0.34327891998226023	551	0.9137838053599907	False
BRD:BRD-K29673530-001-05-4	-0.04043538333621806	0.34300184321788674	552	0.9137838053599907	False
BRD:BRD-A94008949-001-01-9	-0.04041706419517514	0.3436602255576867	551	0.9137838053599907	False
BRD:BRD-A80908310-003-13-8	-0.04038277511961722	0.3440701080954798	551	0.9137838053599907	False
BRD:BRD-K49328571-001-15-0	-0.04036875159379207	0.34689057239175347	545	0.9137838053599907	False
BRD:BRD-K14379200-001-04-7	-0.040333153121966885	0.3829746173076019	470	0.9172395510459721	False
BRD:BRD-K07237224-001-19-6	-0.040307186590248685	0.3454149122272439	550	0.9137838053599907	False
BRD:BRD-K47608922-001-05-9	-0.04030393598529054	0.23339125928328072	876	0.8802224989698733	False
BRD:BRD-K50422030-001-05-3	-0.04030292427486168	0.3476780865726915	545	0.9137838053599907	False
BRD:BRD-K72029282-001-22-0	-0.04029203825704979	0.3469213105058506	547	0.9137838053599907	False
BRD:BRD-A21858158-001-23-5	-0.0402886655505452	0.34696170812810656	547	0.9137838053599907	False
BRD:BRD-K65170927-001-01-6	-0.040258360863777744	0.3508914921056983	539	0.9137838053599907	False
BRD:BRD-A94523291-304-02-7	-0.04022878512896662	0.3463547440354797	550	0.9137838053599907	False
BRD:BRD-K53979406-003-02-8	-0.040214537679779956	0.3545779436233734	532	0.9137838053599907	False
BRD:BRD-K47278471-003-26-3	-0.04017973913662825	0.3469435042910866	550	0.9137838053599907	False
BRD:BRD-A91448670-001-08-9	-0.04016678455953069	0.23498707965263627	876	0.8802224989698733	False
BRD:BRD-K57569181-001-27-5	-0.04015067972941384	0.34510043520756956	555	0.9137838053599907	False
BRD:BRD-K00091077-001-01-9	-0.040123952481677605	0.24037273703376402	858	0.886064540965938	False
BRD:BRD-K31238592-001-02-9	-0.04009598648666174	0.23527831228958107	878	0.8802224989698733	False
BRD:BRD-K20463415-300-01-4	-0.04005393070351278	0.355145779655773	535	0.9137838053599907	False
BRD:BRD-K68538666-001-12-3	-0.04004075144951644	0.3486153953187048	550	0.9137838053599907	False
BRD:BRD-K02867583-300-08-9	-0.03998174925862778	0.3506503857846256	547	0.9137838053599907	False
BRD:BRD-A40787240-066-04-6	-0.03997113997113996	0.3543416924086484	539	0.9137838053599907	False
BRD:BRD-K02464583-001-02-2	-0.03995708302125983	0.3474333397844055	555	0.9137838053599907	False
BRD:BRD-K15563106-001-18-0	-0.03989977782662499	0.3516397410010464	547	0.9137838053599907	False
BRD:BRD-K31920458-001-23-6	-0.03989233383159267	0.35981492643724855	529	0.9137838053599907	False
BRD:BRD-K85333151-003-13-4	-0.03985621509174087	0.3588854813114601	532	0.9137838053599907	False
BRD:BRD-K52681925-050-01-6	-0.03977521391382057	0.3589580469630057	534	0.9137838053599907	False
BRD:BRD-K61734568-003-02-1	-0.03973003066276102	0.3523715017081609	550	0.9137838053599907	False
BRD:BRD-K51207550-001-23-0	-0.039705724045969795	0.3526664023465817	550	0.9137838053599907	False
BRD:BRD-K26514105-001-01-7	-0.039702237002967405	0.39097436381994677	469	0.9176382899445187	False
BRD:BRD-A91728607-236-11-9	-0.03969972149125213	0.3594200289760479	535	0.9137838053599907	False
BRD:BRD-K49111258-003-29-7	-0.03969319454504236	0.3536993493987804	548	0.9137838053599907	False
BRD:BRD-K11452913-001-01-9	-0.03969196336912518	0.3595140056314561	535	0.9137838053599907	False
BRD:BRD-K00091072-001-01-9	-0.03968164773176706	0.24559992049438797	858	0.8870853890659492	False
BRD:BRD-K50000283-001-04-4	-0.03967988454392111	0.3507910482229178	555	0.9137838053599907	False
BRD:BRD-K74990253-001-02-8	-0.03966837262944059	0.3509309344477631	555	0.9137838053599907	False
BRD:BRD-K46690591-001-01-2	-0.0396183349839583	0.35593517104884775	545	0.9137838053599907	False
BRD:BRD-K95899059-003-02-8	-0.03959154177998837	0.3553757603471326	547	0.9137838053599907	False
BRD:BRD-K46331928-001-05-8	-0.039485018256422026	0.3549122559172049	551	0.9137838053599907	False
BRD:BRD-K00003416-001-01-9	-0.03948068216012708	0.24389683256542977	873	0.8865500618843776	False
BRD:BRD-K64636206-001-02-7	-0.03943325217887087	0.3608602454843854	539	0.9137838053599907	False
BRD:BRD-K41256143-001-12-7	-0.03942175721251664	0.3610003644130495	539	0.9137838053599907	False
BRD:BRD-K82357231-001-17-5	-0.039406305594670996	0.35456086780656076	554	0.9137838053599907	False
BRD:BRD-K47886988-001-21-4	-0.03933206333825503	0.35854009372042867	547	0.9137838053599907	False
BRD:BRD-K00003326-001-01-9	-0.039326806717227915	0.24438940904008966	878	0.8865500618843776	False
BRD:BRD-K00003479-003-01-9	-0.03929635649806724	0.2474679861940031	868	0.8870853890659492	False
BRD:BRD-K11153516-001-05-5	-0.03926613047389358	0.3660502680431644	532	0.9137838053599907	False
BRD:BRD-K23976833-001-01-0	-0.039242095165453586	0.3583211810108574	550	0.9137838053599907	False
BRD:BRD-K57275767-001-02-4	-0.03922762913270009	0.37108549201933805	522	0.9155656282291454	False
BRD:BRD-A00100033-001-08-9	-0.039195331216732146	0.35670953862980814	555	0.9137838053599907	False
BRD:BRD-K58648841-001-04-7	-0.03918057717552707	0.35863728052251664	551	0.9137838053599907	False
BRD:BRD-K61536336-001-01-7	-0.03916993154702748	0.35833026006068197	552	0.9137838053599907	False
BRD:BRD-K92467929-001-01-1	-0.03909074126200064	0.3579952204946789	555	0.9137838053599907	False
BRD:BRD-K46523383-003-22-9	-0.039087896243265925	0.3597761393962143	551	0.9137838053599907	False
BRD:BRD-K52670952-003-01-4	-0.03903466856344711	0.3595570002518472	553	0.9137838053599907	False
BRD:BRD-K24312986-001-01-2	-0.03902938128347076	0.36005886720015695	552	0.9137838053599907	False
BRD:BRD-K30466858-001-09-6	-0.039005837330692225	0.3603489405949579	552	0.9137838053599907	False
BRD:BRD-A10977446-001-12-1	-0.0389890202339888	0.3694454257660563	532	0.914744725752089	False
BRD:BRD-K10995081-001-27-9	-0.03898174255259458	0.3681822758222995	535	0.9137838053599907	False
BRD:BRD-K65678996-001-05-5	-0.03896920925600713	0.3643199467678125	544	0.9137838053599907	False
BRD:BRD-K00003190-001-01-9	-0.03896512344006467	0.2487580250032005	878	0.8879224466284608	False
BRD:BRD-K31560319-001-01-5	-0.03886614321087291	0.36207305023887537	552	0.9137838053599907	False
BRD:BRD-K87343924-001-16-9	-0.03884633530491793	0.25020463664490933	878	0.8896551551855247	False
BRD:BRD-K26011976-001-01-0	-0.03882027984991034	0.3793128488562139	515	0.9169314186760723	False
BRD:BRD-K80025777-001-01-4	-0.03878697720713727	0.36392714746178506	550	0.9137838053599907	False
BRD:BRD-K66093087-001-03-1	-0.03877633964640171	0.3618775125408669	555	0.9137838053599907	False
BRD:BRD-K38627885-001-01-9	-0.03867157874536703	0.2528860000627963	876	0.8910721019337764	False
BRD:BRD-K40438880-305-06-6	-0.03865327526541475	0.3860539180096898	505	0.9172395510459721	False
BRD:BRD-K54262262-001-09-0	-0.038617681346957144	0.3686660349015389	544	0.9137838053599907	False
BRD:BRD-K00521308-019-01-9	-0.038600674562710796	0.3662376427767638	550	0.9137838053599907	False
BRD:BRD-K14880289-001-02-2	-0.03859483368817627	0.36762663017180314	547	0.9137838053599907	False
BRD:BRD-K00078221-019-02-9	-0.0384925488102366	0.2600455642903574	858	0.8952942830951071	False
BRD:BRD-K35170555-001-09-5	-0.03847254670026658	0.38037141517594936	522	0.9172395510459721	False
BRD:BRD-K31139048-001-03-2	-0.038426514938520576	0.40588568864220237	470	0.9214917579261755	False
BRD:BRD-K19352500-070-12-4	-0.0384149489299589	0.3685500434362178	550	0.9137838053599907	False
BRD:BRD-K66175015-001-09-0	-0.03839403058733913	0.37366523452299655	539	0.9167053946558427	False
BRD:BRD-K06426971-001-02-7	-0.038378298888833096	0.3685705431638919	551	0.9137838053599907	False
BRD:BRD-A86525947-001-01-4	-0.03833844156947438	0.40696336950314344	470	0.9214917579261755	False
BRD:BRD-K23541596-300-07-2	-0.03833278905671117	0.3708905535617787	547	0.9155656282291454	False
BRD:BRD-A40940854-001-01-1	-0.038314476772124566	0.36980475289977677	550	0.914744725752089	False
BRD:BRD-K00003342-001-01-9	-0.03829153573466891	0.2584015931519836	873	0.8946312841230952	False
BRD:BRD-K00004614-001-01-9	-0.038219572283877526	0.259298139492526	873	0.8946312841230952	False
BRD:BRD-K62289640-003-05-9	-0.0382145419920889	0.2579971831845838	878	0.8946312841230952	False
BRD:BRD-K55696337-003-24-4	-0.0381814805004694	0.37810352932942015	535	0.9169314186760723	False
BRD:BRD-K41337261-001-03-0	-0.03817779028801546	0.3693409197337116	555	0.914744725752089	False
BRD:BRD-K18895904-001-16-1	-0.038164300370895056	0.37299862591922295	547	0.9159476664266681	False
BRD:BRD-K53857191-001-22-7	-0.03815856619320426	0.3797365462911805	532	0.9169314186760723	False
BRD:BRD-K71926323-001-14-6	-0.03814717478057151	0.380329239924999	531	0.9172395510459721	False
BRD:BRD-K56981171-001-01-0	-0.03808979110316309	0.3796985550135834	534	0.9169314186760723	False
BRD:BRD-K22031190-001-23-6	-0.03805611979483629	0.37304328547509125	550	0.9159476664266681	False
BRD:BRD-A19661776-003-27-6	-0.037922938707817516	0.37559334885186973	548	0.9169314186760723	False
BRD:BRD-K00003264-001-01-9	-0.03790209373750813	0.26191238019898266	878	0.8952942830951071	False
BRD:BRD-K50631926-001-02-3	-0.037889501063799166	0.37296945411936233	555	0.9159476664266681	False
BRD:BRD-K35698076-001-01-2	-0.037857195020028614	0.37554872583908705	550	0.9169314186760723	False
BRD:BRD-K82118441-001-03-7	-0.03783107117575913	0.38294614135783195	534	0.9172395510459721	False
BRD:BRD-K67525671-001-02-5	-0.037812078757378804	0.38095683235131783	539	0.9172395510459721	False
BRD:BRD-K24864897-001-01-0	-0.0377788417985678	0.3831567487171757	535	0.9172395510459721	False
BRD:BRD-K00003328-001-01-9	-0.03777465357102532	0.2635210028815015	878	0.8958430398924067	False
BRD:BRD-K22229656-003-01-5	-0.037702532462773816	0.41529430793603495	469	0.926223108797766	False
BRD:BRD-K43002771-034-01-6	-0.037602104038641476	0.3836089674248246	539	0.9172395510459721	False
BRD:BRD-K09090523-001-02-1	-0.037583122314440866	0.3785826030248582	551	0.9169314186760723	False
BRD:BRD-K57927309-001-01-7	-0.037573954414274545	0.379133953025481	550	0.9169314186760723	False
BRD:BRD-K60866521-001-07-1	-0.03753642222332973	0.37744334037770255	555	0.9169314186760723	False
BRD:BRD-A15909516-001-06-6	-0.03750003902743076	0.3787708411326902	553	0.9169314186760723	False
BRD:BRD-K10115470-001-01-8	-0.03744210432937822	0.4180275481496196	470	0.926223108797766	False
BRD:BRD-A44133049-003-07-8	-0.037439168472408836	0.382155412493818	547	0.9172395510459721	False
BRD:BRD-K95921201-001-14-6	-0.03724607689170215	0.3820102058969192	553	0.9172395510459721	False
BRD:BRD-K17874705-300-03-2	-0.03724249653869866	0.3886197383746642	538	0.9176382899445187	False
BRD:BRD-A26690767-066-01-9	-0.03723707524228316	0.3829913292132792	551	0.9172395510459721	False
BRD:BRD-A29260609-003-26-0	-0.03722990179551373	0.3830830513454986	551	0.9172395510459721	False
BRD:BRD-K87956243-001-01-9	-0.03721979301528366	0.42129606784681767	469	0.926223108797766	False
BRD:BRD-K16343284-001-02-9	-0.0372179804564973	0.2706273541215684	878	0.8987728791238515	False
BRD:BRD-A73556557-001-06-4	-0.03720069216110444	0.38129737688745774	556	0.9172395510459721	False
BRD:BRD-A84907376-300-03-8	-0.03718200968545097	0.38196714893584205	555	0.9172395510459721	False
BRD:BRD-K83607951-001-02-2	-0.03717640085448853	0.38333438069292114	552	0.9172395510459721	False
BRD:BRD-K52487250-003-01-2	-0.03712215662503676	0.38446233184043965	551	0.9172395510459721	False
BRD:BRD-A64698388-003-01-7	-0.03711395113413169	0.3898181204286039	539	0.9176382899445187	False
BRD:BRD-A70998768-004-01-1	-0.03711061622752056	0.38374495673984615	553	0.9172395510459721	False
BRD:BRD-K19871656-001-01-3	-0.037100213219616214	0.4227905702131025	469	0.926223108797766	False
BRD:BRD-K03739921-001-06-8	-0.03709647216366013	0.38653032136682786	547	0.9172395510459721	False
BRD:BRD-K77345217-001-05-0	-0.037094026525784356	0.390072843033192	539	0.9176382899445187	False
BRD:BRD-K23647661-001-02-2	-0.03708364121500138	0.3866947128662908	547	0.9172395510459721	False
BRD:BRD-A77118605-237-09-5	-0.0370633253963652	0.2726247059027038	878	0.9003510472175871	False
BRD:BRD-K07106112-003-03-8	-0.03705276861922008	0.38578570796673445	550	0.9172395510459721	False
BRD:BRD-K70751730-001-10-4	-0.037026904118514684	0.2736450768111696	876	0.9006014710328264	False
BRD:BRD-K00003133-001-01-9	-0.037012937951576085	0.27327762292322455	878	0.9006014710328264	False
BRD:BRD-K16939217-001-02-9	-0.03699712817446061	0.2740313258722298	876	0.9006014710328264	False
BRD:BRD-K60640630-001-11-0	-0.0369658472199307	0.3864686758233411	551	0.9172395510459721	False
BRD:BRD-K25650355-065-02-0	-0.036939074379329286	0.3920572428761485	539	0.9176382899445187	False
BRD:BRD-K00003598-001-01-9	-0.03692382912064361	0.2744349001430877	878	0.9006345925430475	False
BRD:BRD-K47635719-001-21-1	-0.03688432808814125	0.38665357851579957	553	0.9172395510459721	False
BRD:BRD-M89827113-001-01-5	-0.03687907065496019	0.3928273198800498	539	0.9183861892848417	False
BRD:BRD-K00003425-001-01-9	-0.036785479586439934	0.27761392701210375	873	0.9014818576815803	False
BRD:BRD-K12609457-001-03-1	-0.036765682769903746	0.39738732039472124	532	0.9214917579261755	False
BRD:BRD-K43927145-001-01-2	-0.036738450004948714	0.3876753566551495	555	0.9172395510459721	False
BRD:BRD-K15086322-050-01-3	-0.036726280964928394	0.39129032792531493	547	0.9176382899445187	False
BRD:BRD-K23005288-001-01-8	-0.03671752171710708	0.4270993451613852	470	0.926223108797766	False
BRD:BRD-K59929863-001-01-9	-0.03664003717506042	0.3889488335511525	555	0.9176382899445187	False
BRD:BRD-K00003132-001-01-9	-0.03663387969345108	0.2782236456829183	878	0.9017321813535899	False
BRD:BRD-A15202882-003-02-7	-0.036585883891207975	0.3997011637961905	532	0.9214917579261755	False
BRD:BRD-K32318651-001-24-5	-0.03654021688877328	0.40029013962982996	532	0.9214917579261755	False
BRD:BRD-K73838513-003-05-5	-0.03650155606413362	0.3941971279844836	547	0.9201094874577668	False
BRD:BRD-A09722536-002-18-0	-0.036499991434982955	0.3929178026321745	550	0.9183861892848417	False
BRD:BRD-K82027074-001-07-5	-0.03649487474124515	0.39083188621570997	555	0.9176382899445187	False
BRD:BRD-K00003528-457-01-9	-0.03643482459639326	0.282223054111338	873	0.9049710449976277	False
BRD:BRD-K46061689-001-01-9	-0.0364242770933546	0.395199729296245	547	0.9202273392399618	False
BRD:BRD-K13888115-003-02-2	-0.03638358465617969	0.39572828178186403	547	0.9202273392399618	False
BRD:BRD-K59650319-003-04-9	-0.03633723755821192	0.2826868315817332	876	0.9049710449976277	False
BRD:BRD-K76927775-001-11-8	-0.03631780716286257	0.40183691568613317	535	0.9214917579261755	False
BRD:BRD-K27062708-001-23-1	-0.03626883931531711	0.3972209965201519	547	0.9214917579261755	False
BRD:BRD-K07441213-001-18-9	-0.036250869780420795	0.39572689968004193	551	0.9202273392399618	False
BRD:BRD-K43880410-001-14-4	-0.03624512235269838	0.3940845804033992	555	0.9201094874577668	False
BRD:BRD-K95110148-003-01-5	-0.03623928018859134	0.39544775548143685	552	0.9202273392399618	False
BRD:BRD-K44844162-001-01-6	-0.036180710816436666	0.39923744248339976	545	0.9214917579261755	False
BRD:BRD-K91263825-003-21-4	-0.036175497480154944	0.39628052134575087	552	0.9202273392399618	False
BRD:BRD-K44133266-001-10-0	-0.03616013672365797	0.40521225405051836	532	0.9214917579261755	False
BRD:BRD-K00004651-001-01-9	-0.03612069241031965	0.2863958662169509	873	0.9053703640123841	False
BRD:BRD-K66788707-001-14-3	-0.03611186182344057	0.39926858333645354	547	0.9214917579261755	False
BRD:BRD-A71407503-001-01-8	-0.036086639844362785	0.399598163977671	547	0.9214917579261755	False
BRD:BRD-A33697453-008-02-4	-0.03607996775106023	0.39968537684192623	547	0.9214917579261755	False
BRD:BRD-K56542719-065-01-4	-0.03602902555574787	0.39819689441473766	552	0.9214917579261755	False
BRD:BRD-K23566484-001-15-1	-0.03602304111102343	0.3987048918634784	551	0.9214917579261755	False
BRD:BRD-K98357249-001-02-9	-0.03591895767531951	0.4017934464098658	547	0.9214917579261755	False
BRD:BRD-K41415459-300-02-9	-0.03591134159104044	0.2883703332274089	876	0.9053703640123841	False
BRD:BRD-A07440155-003-25-4	-0.03588056940233311	0.4010037425962461	550	0.9214917579261755	False
BRD:BRD-A04506385-001-01-2	-0.03587000384953476	0.4041694021993058	543	0.9214917579261755	False
BRD:BRD-K28639661-001-01-6	-0.035869382108103136	0.4378619739089551	470	0.9295062818997621	False
BRD:BRD-K18749874-003-08-9	-0.035867209160539835	0.40770621414777686	535	0.9221602911603615	False
BRD:BRD-K44876623-001-03-7	-0.035849350325874885	0.40357219802555183	545	0.9214917579261755	False
BRD:BRD-K58794715-001-01-8	-0.03583507993094456	0.40289427003032624	547	0.9214917579261755	False
BRD:BRD-K19388745-003-01-7	-0.03578269379703434	0.4022904680584698	550	0.9214917579261755	False
BRD:BRD-K00004235-334-01-9	-0.035722650589868635	0.29036115053095357	878	0.9053703640123841	False
BRD:BRD-K01584643-001-04-9	-0.035692484831985935	0.2913206481803962	876	0.9053703640123841	False
BRD:BRD-K00077386-001-02-9	-0.03563560703895113	0.2971175180127879	858	0.9053703640123841	False
BRD:BRD-K26273521-001-07-3	-0.03559057646069397	0.44192247196743345	469	0.9296102303526885	False
BRD:BRD-K72327355-001-14-7	-0.03556159742524652	0.40649599252417795	547	0.9214917579261755	False
BRD:BRD-K29713308-001-01-7	-0.03556047217586594	0.4052210656451307	550	0.9214917579261755	False
BRD:BRD-A59303141-001-10-4	-0.03555395309273598	0.41313668110737767	532	0.9251845613232064	False
BRD:BRD-A08302182-001-01-7	-0.03554737340216196	0.4066838435153933	547	0.9214917579261755	False
BRD:BRD-A27924917-001-03-3	-0.03554494761755888	0.40456984953139347	552	0.9214917579261755	False
BRD:BRD-K50135270-300-02-3	-0.035523177898976875	0.4070035025067158	547	0.9214917579261755	False
BRD:BRD-A99388803-001-01-5	-0.03551829653794603	0.41053567207511654	539	0.9238295960905085	False
BRD:BRD-A42571354-300-12-0	-0.035498375214306724	0.40561388304237056	551	0.9214917579261755	False
BRD:BRD-K51263939-001-08-6	-0.03548848996946346	0.4061730689436645	550	0.9214917579261755	False
BRD:BRD-K15071410-001-01-1	-0.035479294046482396	0.4084462320567869	545	0.9222979433540349	False
BRD:BRD-K31054881-300-04-7	-0.03544413669247987	0.4059046537864164	552	0.9214917579261755	False
BRD:BRD-A86665761-001-01-1	-0.03540250548162265	0.41381229937239733	535	0.9251845613232064	False
BRD:BRD-A78322124-003-14-0	-0.03538648427030427	0.4092428331511604	546	0.9231756933875014	False
BRD:BRD-K24790130-001-07-1	-0.035286543331205206	0.408423454145453	551	0.9222979433540349	False
BRD:BRD-K64834129-001-19-6	-0.035232063791934186	0.4460506735085577	470	0.9306349839662539	False
BRD:BRD-K95851186-001-07-8	-0.03519011183984392	0.40885383662178626	553	0.9228336413792578	False
BRD:BRD-K81689258-001-04-8	-0.03514084441042783	0.29884669102402367	876	0.9053703640123841	False
BRD:BRD-K54330070-001-15-4	-0.03512541849055546	0.41227989607344595	547	0.9244981817499002	False
BRD:BRD-K55127134-300-11-2	-0.035120861406303674	0.4110558843274755	550	0.9238295960905085	False
BRD:BRD-K53913008-001-01-5	-0.035101788229765375	0.4482212393493548	469	0.9309948654579746	False
BRD:BRD-A85472596-001-02-2	-0.03502277090128542	0.4136480828736751	547	0.9251845613232064	False
BRD:BRD-K47264279-001-08-9	-0.03501800512035502	0.4137116708755444	547	0.9251845613232064	False
BRD:BRD-K16758059-001-01-8	-0.03497368875189978	0.42522837701053984	522	0.926223108797766	False
BRD:BRD-K22662557-300-01-7	-0.03496413061019886	0.41314809383713447	550	0.9251845613232064	False
BRD:BRD-A70814879-001-01-2	-0.034953280371803695	0.4496598245677072	470	0.9319872432279401	False
BRD:BRD-A11662333-001-03-3	-0.0349474162962812	0.4260222566179468	521	0.926223108797766	False
BRD:BRD-K09291936-001-13-3	-0.034925309564311335	0.45002284548782084	470	0.9324550262014963	False
BRD:BRD-K00004555-001-01-9	-0.03488499921178754	0.30182795430374565	878	0.9053703640123841	False
BRD:BRD-K96734425-304-01-7	-0.03488145746119763	0.42072251581055525	535	0.926223108797766	False
BRD:BRD-A24191444-046-02-1	-0.034877891161001415	0.41558373537250604	547	0.926223108797766	False
BRD:BRD-A09472452-015-23-4	-0.03487372994128722	0.42213709483964273	532	0.926223108797766	False
BRD:BRD-K00003102-001-01-9	-0.03486150752834433	0.30215381647441586	878	0.9053703640123841	False
BRD:BRD-K94288301-001-01-7	-0.03483975625626925	0.4126903181196192	555	0.9251129943982219	False
BRD:BRD-K39915878-036-24-4	-0.034833732974996916	0.4196201588165621	539	0.926223108797766	False
BRD:BRD-A45889380-300-07-1	-0.034817410122773895	0.41983819954732315	539	0.926223108797766	False
BRD:BRD-K93788137-001-04-1	-0.0347795741889105	0.4524010942176132	469	0.9331397543258395	False
BRD:BRD-K50387473-001-11-0	-0.03474115413022958	0.3043799214862329	876	0.9053703640123841	False
BRD:BRD-K65480835-001-02-9	-0.03472683369631825	0.3040264376854929	878	0.9053703640123841	False
BRD:BRD-K40624912-003-17-9	-0.03471967903388843	0.30467912839002914	876	0.9053703640123841	False
BRD:BRD-K40176866-001-01-6	-0.03456565663615521	0.45518817731534295	469	0.9350302140869271	False
BRD:BRD-K46435528-001-04-4	-0.03454763665315238	0.43089337927680715	522	0.928485616988773	False
BRD:BRD-A51747092-003-03-0	-0.03449199080748276	0.41948861563657425	550	0.926223108797766	False
BRD:BRD-K77038618-356-01-3	-0.03449151386823104	0.4259379203545868	535	0.926223108797766	False
BRD:BRD-A85651701-001-19-7	-0.03447582974064015	0.4463989109140923	490	0.9306349839662539	False
BRD:BRD-K52989797-003-26-4	-0.034419430988529495	0.41835430191455725	555	0.926223108797766	False
BRD:BRD-A85242401-001-12-3	-0.03437702201530814	0.4206173208412375	551	0.926223108797766	False
BRD:BRD-K00989047-001-01-2	-0.034368898542541784	0.45727857648604375	470	0.9350302140869271	False
BRD:BRD-K00077013-001-02-9	-0.03436500442869956	0.31468660356180045	858	0.9086375092457968	False
BRD:BRD-K98963219-001-01-2	-0.03436062063078703	0.42253807220081663	547	0.926223108797766	False
BRD:BRD-K77627880-001-04-0	-0.034288429947705576	0.42181635337135714	551	0.926223108797766	False
BRD:BRD-A65767837-001-04-4	-0.03427755884392105	0.422387032271185	550	0.926223108797766	False
BRD:BRD-K58626373-003-07-8	-0.03426465189444697	0.4204514307966057	555	0.926223108797766	False
BRD:BRD-A38076815-003-10-3	-0.034240153978875636	0.4207839207934936	555	0.926223108797766	False
BRD:BRD-K65518078-002-01-1	-0.03423971643456824	0.4241732927289743	547	0.926223108797766	False
BRD:BRD-K15426076-001-01-2	-0.03423526858613128	0.43068828188761465	532	0.928485616988773	False
BRD:BRD-A01593789-001-03-1	-0.034231831452694705	0.4225834201766337	551	0.926223108797766	False
BRD:BRD-K00004699-001-01-9	-0.03422602646445404	0.311057479527342	878	0.9086375092457968	False
BRD:BRD-K17008822-303-02-1	-0.034192131944970915	0.4248178801237027	547	0.926223108797766	False
BRD:BRD-A94276798-001-01-4	-0.034181572070324316	0.4224211846781424	553	0.926223108797766	False
BRD:BRD-K00077266-001-02-9	-0.03413837097817412	0.31789056926709797	858	0.9086375092457968	False
BRD:BRD-K20168442-004-06-3	-0.034095223154757236	0.4248607934364558	550	0.926223108797766	False
BRD:BRD-K69116396-001-04-1	-0.034046445687914074	0.42679491557242205	547	0.926223108797766	False
BRD:BRD-K83597974-003-22-2	-0.034033074545683065	0.4334171063630531	532	0.928485616988773	False
BRD:BRD-K28537285-001-01-8	-0.03402978805437268	0.43216177613123763	535	0.928485616988773	False
BRD:BRD-K47978074-001-02-4	-0.03400862429009003	0.43072487388010916	539	0.928485616988773	False
BRD:BRD-K06191411-001-02-5	-0.0339989155344117	0.31483437331405084	876	0.9086375092457968	False
BRD:BRD-K92446736-003-02-2	-0.03395652397348271	0.4267481750211857	550	0.926223108797766	False
BRD:BRD-K22631935-001-02-7	-0.03392643931567097	0.315867681691412	876	0.9086375092457968	False
BRD:BRD-K00003103-001-01-9	-0.033900263300993376	0.31568803647837296	878	0.9086375092457968	False
BRD:BRD-K31495718-001-01-1	-0.03388902827779781	0.4289371486483774	547	0.928485616988773	False
BRD:BRD-K11640013-236-10-1	-0.033879130117403906	0.4290720569294106	547	0.928485616988773	False
BRD:BRD-K64755930-003-03-2	-0.033877739256540904	0.42572063330771603	555	0.926223108797766	False
BRD:BRD-K55930204-236-24-3	-0.03384025533987874	0.4262331454443237	555	0.926223108797766	False
BRD:BRD-A75726477-003-21-3	-0.033782344794473715	0.4270256531026431	555	0.926223108797766	False
BRD:BRD-K74227494-001-03-9	-0.03373832138660078	0.31800668928739667	878	0.9086375092457968	False
BRD:BRD-K20878815-001-06-9	-0.03373575415500912	0.323634892128578	858	0.9096613583764639	False
BRD:BRD-K72925150-001-11-1	-0.03371592045046454	0.4313000889474732	547	0.928485616988773	False
BRD:BRD-K81728688-001-04-4	-0.033712767703079814	0.4313431939557852	547	0.928485616988773	False
BRD:BRD-K19781342-001-01-4	-0.033711382298235275	0.46641388037687703	469	0.9411356294436842	False
BRD:BRD-K77552740-004-01-0	-0.03367682641158087	0.43268173911528046	545	0.928485616988773	False
BRD:BRD-K43055376-001-04-9	-0.033626607606826654	0.32520369811213595	858	0.9103230691091776	False
BRD:BRD-K13211965-003-02-8	-0.03361063353352352	0.4306360514188338	552	0.928485616988773	False
BRD:BRD-K61269089-001-05-5	-0.03360928915894396	0.4361598052862536	539	0.928485616988773	False
BRD:BRD-A43005764-003-01-5	-0.033600992000483915	0.4678755709986193	469	0.9413984492287408	False
BRD:BRD-K00003505-001-01-9	-0.03352772952551524	0.32103852210200734	878	0.9086375092457968	False
BRD:BRD-K94239562-001-05-5	-0.033518323841119704	0.43400648050660945	547	0.928485616988773	False
BRD:BRD-K33502629-001-02-9	-0.03349463457303072	0.32207003431872155	876	0.9086375092457968	False
BRD:BRD-K24526313-001-17-7	-0.03346826822448883	0.3224513081558019	876	0.9086375092457968	False
BRD:BRD-K42090719-001-06-5	-0.03343399552375323	0.4459053982870043	522	0.9306349839662539	False
BRD:BRD-K32847234-065-04-6	-0.03343027048504653	0.4360602143335042	545	0.928485616988773	False
BRD:BRD-K62537556-001-02-5	-0.033380603476394086	0.4367426157022962	545	0.928485616988773	False
BRD:BRD-K95926480-003-03-6	-0.03336105307041668	0.43616752500649664	547	0.928485616988773	False
BRD:BRD-K00003346-003-01-9	-0.03334218955024498	0.3237252587469593	878	0.9096613583764639	False
BRD:BRD-K00005239-001-01-9	-0.03333180002081274	0.32387613689053213	878	0.9096613583764639	False
BRD:BRD-K09255212-001-16-6	-0.03332902166696036	0.44299649920653406	532	0.9296102303526885	False
BRD:BRD-A67036568-001-03-9	-0.03332355576964211	0.3239958935512631	878	0.9096613583764639	False
BRD:BRD-K05048137-001-03-9	-0.0332975582044825	0.4370417523310969	547	0.9287992170041152	False
BRD:BRD-U45393375-000-01-6	-0.03328909462403539	0.4608390190417124	493	0.9376692665263742	False
BRD:BRD-K45861246-001-13-4	-0.033274862271144796	0.4407415144394991	539	0.9296102303526885	False
BRD:BRD-K47642186-001-01-3	-0.03327229974558631	0.43823278344191835	545	0.9296102303526885	False
BRD:BRD-K33457401-001-02-9	-0.033218975023820305	0.3260707649398678	876	0.9103702688905027	False
BRD:BRD-K00003245-001-01-9	-0.033187800433699025	0.32597202671446196	878	0.9103702688905027	False
BRD:BRD-A85548292-001-01-8	-0.033171139761509864	0.4451610998563778	532	0.9303305226299801	False
BRD:BRD-K90629600-001-01-4	-0.03316989033620096	0.4438917398505538	535	0.9296102303526885	False
BRD:BRD-K31111078-001-04-2	-0.03316918510523476	0.4396542590057375	545	0.9296102303526885	False
BRD:BRD-K82236179-213-01-0	-0.033158437837189414	0.44319481347580253	537	0.9296102303526885	False
BRD:BRD-K43363084-001-01-3	-0.03312569945159713	0.4373200593267215	552	0.9288092595647292	False
BRD:BRD-K00003450-001-01-9	-0.03306947816866977	0.32908590431287565	873	0.9130870005803612	False
BRD:BRD-K24675965-001-06-9	-0.03305847411675187	0.3284149542716238	876	0.9130870005803612	False
BRD:BRD-K63516691-003-02-0	-0.033004939255356254	0.44108364876166467	547	0.9296102303526885	False
BRD:BRD-K11672787-001-01-5	-0.03299627905662663	0.4391139199063386	552	0.9296102303526885	False
BRD:BRD-K00003476-075-01-9	-0.03298508050276351	0.32893746521353806	878	0.9130870005803612	False
BRD:BRD-K89669299-001-04-9	-0.03295852434018845	0.33491374701090904	858	0.9137838053599907	False
BRD:BRD-K68553471-003-12-3	-0.0329494222219818	0.4405979911263486	550	0.9296102303526885	False
BRD:BRD-K10706131-046-03-6	-0.03290522445435107	0.4424658567186083	547	0.9296102303526885	False
BRD:BRD-K50199947-001-07-9	-0.032904453226285116	0.33067473283856025	876	0.9137838053599907	False
BRD:BRD-K82164249-001-03-5	-0.03289987134442819	0.4412859910165069	550	0.9296102303526885	False
BRD:BRD-K63979671-001-11-9	-0.03287262182496711	0.33059004343572973	878	0.9137838053599907	False
BRD:BRD-K87714311-001-05-9	-0.03287224950741609	0.33114848904780964	876	0.9137838053599907	False
BRD:BRD-K60371362-001-01-7	-0.03286676274926514	0.47766166980972447	469	0.9413984492287408	False
BRD:BRD-K10990317-001-04-5	-0.03286189250773779	0.4430672766809386	547	0.9296102303526885	False
BRD:BRD-K93240442-001-08-4	-0.03281209344343437	0.4425062676341187	550	0.9296102303526885	False
BRD:BRD-K00073070-001-02-9	-0.03279487101276569	0.33732046156636725	858	0.9137838053599907	False
BRD:BRD-K00004728-001-01-9	-0.03278478065720559	0.33326910118085906	873	0.9137838053599907	False
BRD:BRD-K11696279-003-02-3	-0.0327808162160473	0.4421097210443591	552	0.9296102303526885	False
BRD:BRD-K41194171-003-09-7	-0.03268960985635778	0.47956915796676813	470	0.9413984492287408	False
BRD:BRD-A49447682-001-02-4	-0.03268233794311567	0.44431363211598957	550	0.9296102303526885	False
BRD:BRD-K78364995-236-18-3	-0.03267842264484547	0.3348406218029507	873	0.9137838053599907	False
BRD:BRD-K01663662-003-20-2	-0.03266272875941417	0.4450033280096166	549	0.9303305226299801	False
BRD:BRD-K10859802-001-01-0	-0.03263795957601576	0.4525154116496731	532	0.9331397543258395	False
BRD:BRD-K37708699-001-01-4	-0.03260923144696193	0.4520614972434802	534	0.9331397543258395	False
BRD:BRD-K94623186-001-01-5	-0.03258828606558045	0.4814023002275534	469	0.9413984492287408	False
BRD:BRD-M92352362-002-02-3	-0.032580625824975014	0.4576072042083711	522	0.9350302140869271	False
BRD:BRD-K12932420-001-02-3	-0.03256025924083128	0.45875540619850785	520	0.9351393599783454	False
BRD:BRD-K89588135-001-01-9	-0.03255205399026231	0.448216623084648	545	0.9309948654579746	False
BRD:BRD-K00005242-001-01-9	-0.03255052868299532	0.33535281886950946	878	0.9137838053599907	False
BRD:BRD-K70586315-001-02-4	-0.03248370167414528	0.4470885593074993	550	0.9306349839662539	False
BRD:BRD-K67186445-001-02-1	-0.03247021775462547	0.45399269006791293	534	0.9349272592828207	False
BRD:BRD-K37543758-001-01-3	-0.03242238254416729	0.45465829310042327	534	0.9349272592828207	False
BRD:BRD-K82903013-001-01-4	-0.03241170950908203	0.4493430360526185	547	0.931899576908149	False
BRD:BRD-K98353094-001-01-6	-0.032382627428673795	0.4841749736636117	469	0.9413984492287408	False
BRD:BRD-K54838207-001-02-0	-0.032344268014215805	0.4469787986801364	555	0.9306349839662539	False
BRD:BRD-K00003229-001-01-9	-0.03233454703189716	0.33857111362163395	878	0.9137838053599907	False
BRD:BRD-K92116564-001-01-4	-0.03228515969545339	0.4511162102923996	547	0.9330924354177058	False
BRD:BRD-K55029398-001-01-6	-0.032225131256231825	0.4574087302233876	534	0.9350302140869271	False
BRD:BRD-A65280694-003-13-7	-0.03221741078633167	0.4508239906913014	550	0.9330924354177058	False
BRD:BRD-K69253806-001-02-0	-0.03215355082206788	0.4529644521734856	547	0.9331397543258395	False
BRD:BRD-K00004646-001-01-9	-0.03214517746898634	0.34140909647057865	878	0.9137838053599907	False
BRD:BRD-A21280314-001-06-8	-0.032130301971189934	0.45831198478023527	535	0.9351393599783454	False
BRD:BRD-K24621118-001-04-9	-0.03210169068953061	0.34763715857502414	858	0.9137838053599907	False
BRD:BRD-K27141178-003-07-3	-0.032097044887115046	0.454589660291351	545	0.9349272592828207	False
BRD:BRD-K98572433-001-02-9	-0.032081612460167185	0.4515001580216268	553	0.9331397543258395	False
BRD:BRD-A13689093-001-01-8	-0.032073906827796955	0.48835327231199815	469	0.9413984492287408	False
BRD:BRD-K31329721-001-08-2	-0.032066392525784145	0.487989534859679	470	0.9413984492287408	False
BRD:BRD-K50293352-300-02-1	-0.032065151396891256	0.45214363684193576	552	0.9331397543258395	False
BRD:BRD-K90524085-001-07-8	-0.03204228029525907	0.45287802302317	551	0.9331397543258395	False
BRD:BRD-K50817623-303-05-7	-0.03202768613087789	0.4652802230452709	522	0.9405959938717414	False
BRD:BRD-K00074712-001-02-9	-0.03194462985161512	0.3500022668352002	858	0.9137838053599907	False
BRD:BRD-K55216666-001-01-4	-0.03194455592042128	0.49010968224504475	469	0.9416651789597775	False
BRD:BRD-K58930050-050-15-8	-0.03190177063367051	0.45445216840940084	552	0.9349272592828207	False
BRD:BRD-K67013324-001-04-9	-0.03189260666700881	0.34576941259380406	876	0.9137838053599907	False
BRD:BRD-K47079459-004-04-6	-0.031880522852376275	0.46013804025908206	539	0.9368327716219392	False
BRD:BRD-K00003388-001-01-9	-0.0318662276282946	0.3469982480938965	873	0.9137838053599907	False
BRD:BRD-K33681278-036-01-2	-0.03181915856923348	0.46142052326422445	538	0.9376692665263742	False
BRD:BRD-K29582115-066-01-2	-0.03181883319960855	0.46100706193221813	539	0.9376692665263742	False
BRD:BRD-K46209126-001-06-4	-0.031816157822391736	0.49139272590119487	470	0.9422420221996343	False
BRD:BRD-K68558722-001-04-0	-0.031761296385300175	0.4568523465223414	551	0.9350302140869271	False
BRD:BRD-K53061490-003-13-9	-0.03169522399474603	0.46275109358612365	539	0.9391103142610095	False
BRD:BRD-K84996356-001-01-1	-0.03164510594144157	0.463459265187111	539	0.9399308275449473	False
BRD:BRD-K00003455-001-01-9	-0.031642293241070055	0.3503990064447007	873	0.9137838053599907	False
BRD:BRD-K10878147-001-02-2	-0.031607899295807505	0.4586211278496775	552	0.9351393599783454	False
BRD:BRD-K45446451-001-05-0	-0.031573110133222324	0.45789272426327676	555	0.9350651421797441	False
BRD:BRD-K97883416-001-01-4	-0.0315260955919244	0.4710258046309902	525	0.9413984492287408	False
BRD:BRD-K65576800-001-01-6	-0.03152315783481678	0.49539361403266036	470	0.9443266218845091	False
BRD:BRD-A11132253-001-08-2	-0.03144473050222595	0.4704811156411483	529	0.9413984492287408	False
BRD:BRD-K00073457-001-02-9	-0.03141166412208287	0.35810369522012425	858	0.9137838053599907	False
BRD:BRD-K00004640-001-01-9	-0.03131772059504097	0.35398741577603476	878	0.9137838053599907	False
BRD:BRD-A22256192-003-22-7	-0.03114481220426078	0.46482802204719104	553	0.9405959938717414	False
BRD:BRD-K05638300-001-01-2	-0.031143606934288973	0.4776952097124224	522	0.9413984492287408	False
BRD:BRD-A07232941-001-02-7	-0.03112339665134881	0.4663539493481553	550	0.9411356294436842	False
BRD:BRD-A12454076-001-01-9	-0.031122136407065914	0.47842287194439576	521	0.9413984492287408	False
BRD:BRD-K00003426-001-01-9	-0.031069525495009343	0.3591929070029304	873	0.9137838053599907	False
BRD:BRD-K69669039-001-01-8	-0.031067831064147913	0.47331650220124133	535	0.9413984492287408	False
BRD:BRD-K71059170-001-11-6	-0.031065926294045157	0.46840064192841135	547	0.9413984492287408	False
BRD:BRD-K20482099-001-11-0	-0.031047422770145668	0.46541726574258324	555	0.9405959938717414	False
BRD:BRD-K83547600-001-02-9	-0.031019792860263955	0.3585869424314097	878	0.9137838053599907	False
BRD:BRD-K09951645-001-06-8	-0.031012915632484397	0.4753471824616993	532	0.9413984492287408	False
BRD:BRD-K00003364-001-01-9	-0.030943644346763166	0.3597685469512355	878	0.9137838053599907	False
BRD:BRD-K85606544-001-09-1	-0.03094007158322556	0.4763851867893545	532	0.9413984492287408	False
BRD:BRD-K28121004-001-01-1	-0.030939533669191093	0.4669699927076606	555	0.9413984492287408	False
BRD:BRD-K00004745-001-01-9	-0.030936257841400923	0.36125869866010374	873	0.9137838053599907	False
BRD:BRD-A91831168-003-02-5	-0.030934170781246398	0.470290114306501	547	0.9413984492287408	False
BRD:BRD-K94353609-001-21-6	-0.03089857847764485	0.4695816205569112	550	0.9413984492287408	False
BRD:BRD-A30051119-002-01-8	-0.030890260690716976	0.4705136906452626	548	0.9413984492287408	False
BRD:BRD-K49055432-001-04-2	-0.030870999906745192	0.46957316583986863	551	0.9413984492287408	False
BRD:BRD-K00091294-001-01-9	-0.030856280128520104	0.3666701346460976	858	0.9137838053599907	False
BRD:BRD-K26667523-001-02-5	-0.030815759455052744	0.47199179653276746	547	0.9413984492287408	False
BRD:BRD-K14287049-001-01-3	-0.030748910513737678	0.36335007527907537	876	0.9137838053599907	False
BRD:BRD-K73290745-003-02-6	-0.030740394252266892	0.4738905314745448	545	0.9413984492287408	False
BRD:BRD-K13142315-004-01-2	-0.03069848134118867	0.5067469459806059	470	0.9505004870741198	False
BRD:BRD-K58466253-003-14-0	-0.030675278897166026	0.4740150152109791	547	0.9413984492287408	False
BRD:BRD-K77908580-001-09-6	-0.030673928512532637	0.47160882869765053	553	0.9413984492287408	False
BRD:BRD-K85757157-001-01-7	-0.030670717272942474	0.4724615329422067	551	0.9413984492287408	False
BRD:BRD-A54490543-066-11-9	-0.030644880281853932	0.4724315975353143	552	0.9413984492287408	False
BRD:BRD-A89207210-001-01-6	-0.030640816476905232	0.4798348890520731	534	0.9413984492287408	False
BRD:BRD-K33151569-003-09-7	-0.030586733676359147	0.47448302632486217	549	0.9413984492287408	False
BRD:BRD-A62743154-003-01-5	-0.03056322316404883	0.5090756877679461	469	0.9525261581404227	False
BRD:BRD-K76775527-001-30-2	-0.03052671922370387	0.47293754589113196	555	0.9413984492287408	False
BRD:BRD-A29854054-236-12-6	-0.030502610988072495	0.4765082983158182	547	0.9413984492287408	False
BRD:BRD-K27584835-001-02-9	-0.0305024556674484	0.367210416020864	876	0.9137838053599907	False
BRD:BRD-A02759312-003-24-5	-0.030476219965585877	0.474873611905457	552	0.9413984492287408	False
BRD:BRD-K00004286-001-01-9	-0.030462861516422066	0.3678329685024539	876	0.9137838053599907	False
BRD:BRD-K96631475-001-04-0	-0.030427384969078874	0.4775967803821254	547	0.9413984492287408	False
BRD:BRD-K95362002-001-01-1	-0.030418662509390224	0.4830266185116907	534	0.9413984492287408	False
BRD:BRD-K51730347-001-06-4	-0.03036262559929534	0.48342252024920324	535	0.9413984492287408	False
BRD:BRD-K01653460-001-01-1	-0.030361622885719405	0.4846716933965536	532	0.9413984492287408	False
BRD:BRD-K50050533-001-02-1	-0.030302892248344843	0.48966685897305084	522	0.9413984492287408	False
BRD:BRD-A09062839-003-10-0	-0.030255341578008174	0.47768193112135054	553	0.9413984492287408	False
BRD:BRD-K08953028-001-09-6	-0.03021211831043827	0.4807190595942479	547	0.9413984492287408	False
BRD:BRD-K93944989-001-08-0	-0.030196161801199665	0.47854397435173296	553	0.9413984492287408	False
BRD:BRD-K29133151-001-03-2	-0.030168639724411746	0.48135102672905966	547	0.9413984492287408	False
BRD:BRD-K26373640-001-05-1	-0.030162339052555397	0.47823953417971765	555	0.9413984492287408	False
BRD:BRD-K43977121-001-06-9	-0.03013513689973374	0.3738331300339033	873	0.9167053946558427	False
BRD:BRD-K45086103-001-15-5	-0.030105692310327694	0.48106264206107563	550	0.9413984492287408	False
BRD:BRD-K08356259-003-24-7	-0.030058305226553714	0.4817536027530348	550	0.9413984492287408	False
BRD:BRD-A24397426-001-10-4	-0.030052241362522197	0.501708237606413	502	0.947163659399923	False
BRD:BRD-K25311561-001-10-7	-0.030049055282912147	0.4830915262599717	547	0.9413984492287408	False
BRD:BRD-K56707426-001-02-0	-0.030037910687505682	0.48325390442667954	547	0.9413984492287408	False
BRD:BRD-K22662435-001-18-3	-0.030002497269207524	0.48377007849854375	547	0.9413984492287408	False
BRD:BRD-K45071273-003-25-6	-0.030000022989932706	0.4870357363126637	539	0.9413984492287408	False
BRD:BRD-A59709458-001-01-8	-0.02998127416799875	0.4828779563066107	550	0.9413984492287408	False
BRD:BRD-K00003508-001-01-9	-0.02998068035088845	0.3749209801242287	878	0.9169314186760723	False
BRD:BRD-K00003397-001-01-9	-0.029970378472921867	0.37645231586037253	873	0.9169314186760723	False
BRD:BRD-K75254015-001-01-9	-0.029961369211924948	0.5174575561550881	469	0.9542862151387215	False
BRD:BRD-K00004714-001-01-9	-0.02990896605438936	0.37743148181939046	873	0.9169314186760723	False
BRD:BRD-K35034482-001-01-8	-0.02990239168610706	0.48283570199952197	553	0.9413984492287408	False
BRD:BRD-K13511380-001-01-4	-0.029883939303600622	0.48550030840729136	547	0.9413984492287408	False
BRD:BRD-K07202345-001-19-4	-0.02988287797073255	0.48312151718100854	553	0.9413984492287408	False
BRD:BRD-K74724920-001-02-4	-0.02984591787100032	0.3770724680503923	878	0.9169314186760723	False
BRD:BRD-K36732695-001-01-9	-0.02984448917066852	0.48368406090729793	553	0.9413984492287408	False
BRD:BRD-K52080565-001-09-2	-0.029824632829593474	0.48318218325494167	555	0.9413984492287408	False
BRD:BRD-K32107296-001-16-9	-0.02981560533702942	0.4864990868529936	547	0.9413984492287408	False
BRD:BRD-K36449075-001-01-0	-0.029803770951609458	0.48547421499184795	550	0.9413984492287408	False
BRD:BRD-K00003187-236-01-9	-0.029800831568361788	0.3777939658319341	878	0.9169314186760723	False
BRD:BRD-K34730807-001-17-6	-0.029788543255309028	0.49789913044026746	520	0.9443266218845091	False
BRD:BRD-K43786866-300-02-3	-0.029761212883177266	0.48809565437674635	545	0.9413984492287408	False
BRD:BRD-A86414188-003-01-5	-0.029748737764590652	0.4874775034921075	547	0.9413984492287408	False
BRD:BRD-K18135438-001-14-2	-0.029738882401627028	0.4928641674121877	534	0.9426918325407772	False
BRD:BRD-A45869167-001-10-0	-0.029709400558120103	0.48606295612675376	552	0.9413984492287408	False
BRD:BRD-K54634444-001-05-9	-0.029704132337902055	0.4857438425892203	553	0.9413984492287408	False
BRD:BRD-K00074641-001-02-9	-0.02969518503849895	0.38498711787896317	858	0.9172395510459721	False
BRD:BRD-K28143534-003-25-9	-0.029659173458859225	0.48680079427895095	552	0.9413984492287408	False
BRD:BRD-K00091082-001-01-9	-0.029648657641371208	0.38573256701892045	858	0.9172395510459721	False
BRD:BRD-A48015106-004-08-9	-0.02962240218557908	0.4861552091851651	555	0.9413984492287408	False
BRD:BRD-K97840621-001-02-9	-0.029592030394089655	0.3811463856493256	878	0.9172395510459721	False
BRD:BRD-K01942991-005-08-2	-0.02958941404210222	0.489813015509562	547	0.9413984492287408	False
BRD:BRD-K52284881-236-02-4	-0.029564356577692012	0.48859134471946924	551	0.9413984492287408	False
BRD:BRD-K00003148-001-01-9	-0.029512842427890276	0.38378490261896775	873	0.9172395510459721	False
BRD:BRD-K55703048-001-07-7	-0.02950665128936952	0.4878613114532454	555	0.9413984492287408	False
BRD:BRD-K98004573-051-02-8	-0.029500052996923362	0.48795866349131756	555	0.9413984492287408	False
BRD:BRD-K78643075-001-11-6	-0.029480068578151115	0.4898322122422889	551	0.9413984492287408	False
BRD:BRD-K71603915-003-01-8	-0.029444422526008592	0.4895676169659962	553	0.9413984492287408	False
BRD:BRD-K29322660-001-01-9	-0.02943849233229281	0.4888674407297252	555	0.9413984492287408	False
BRD:BRD-K51662849-001-08-8	-0.029424551240090493	0.5031681287252823	520	0.94871723807207	False
BRD:BRD-K00075537-001-02-9	-0.02940293066936215	0.389684116518628	858	0.9176382899445187	False
BRD:BRD-K77564118-001-03-1	-0.029392155049597125	0.49751876501006576	535	0.9443266218845091	False
BRD:BRD-K13094524-001-07-5	-0.0293557910878422	0.5033439786485389	522	0.94871723807207	False
BRD:BRD-K96055017-003-02-7	-0.029307298623975245	0.4908071926743731	555	0.941673025786661	False
BRD:BRD-K70912147-001-01-8	-0.02923392111856872	0.4942546009745436	549	0.9441989089495241	False
BRD:BRD-K47679368-236-01-7	-0.02920970573652464	0.49858776722473713	539	0.9443266218845091	False
BRD:BRD-K11094367-001-10-1	-0.02920086587814415	0.4943486187504504	550	0.9441989089495241	False
BRD:BRD-K80451230-051-02-6	-0.029163215866378524	0.49490566028580907	550	0.9443266218845091	False
BRD:BRD-K02152879-414-02-1	-0.029130421676836903	0.5017595998323303	534	0.947163659399923	False
BRD:BRD-K76600340-045-04-9	-0.029097003776721725	0.49588609590108795	550	0.9443266218845091	False
BRD:BRD-A56371469-001-03-3	-0.02908799564482257	0.49484157753488445	553	0.9443266218845091	False
BRD:BRD-K97714174-001-01-3	-0.029053896116202946	0.49456549927472127	555	0.9443266218845091	False
BRD:BRD-K20484910-001-16-9	-0.02904634416831977	0.3905353475875962	876	0.9176382899445187	False
BRD:BRD-K19741031-001-01-4	-0.029033992102486077	0.39019508434857647	878	0.9176382899445187	False
BRD:BRD-K48905682-001-11-1	-0.029015425741999838	0.39104016799906455	876	0.9176382899445187	False
BRD:BRD-K27406233-001-07-7	-0.029001075585824623	0.4973083843959135	550	0.9443266218845091	False
BRD:BRD-K18316707-001-02-7	-0.029000584888863267	0.49653108746181596	552	0.9443266218845091	False
BRD:BRD-K00005328-001-01-9	-0.028947861839718477	0.39160322519011265	878	0.9176382899445187	False
BRD:BRD-A65051990-001-12-9	-0.02894550630842378	0.49734950420513635	552	0.9443266218845091	False
BRD:BRD-A00758722-001-04-9	-0.028861226746390255	0.5065236738161584	532	0.9505004870741198	False
BRD:BRD-K61314889-001-04-4	-0.028850331774779216	0.49759571588206963	555	0.9443266218845091	False
BRD:BRD-A72483914-001-03-7	-0.028823868410394134	0.4979903668375719	555	0.9443266218845091	False
BRD:BRD-K21867462-001-02-9	-0.028813324947514082	0.5012749935011241	547	0.9469444210181963	False
BRD:BRD-K59273480-001-10-6	-0.028785401769325095	0.4985643199971951	555	0.9443266218845091	False
BRD:BRD-K61871885-001-01-3	-0.028758019776494146	0.39607105259851527	873	0.9202273392399618	False
BRD:BRD-K62738477-001-01-7	-0.02872931337735654	0.5343980325066149	470	0.9565857972951394	False
BRD:BRD-K98710228-001-01-6	-0.02869822625165403	0.3962420567975677	876	0.9202273392399618	False
BRD:BRD-K99077012-001-01-9	-0.028689502397572463	0.5082582126093249	534	0.9523723209627027	False
BRD:BRD-K19687926-379-07-4	-0.028679973541281406	0.5005273170008375	554	0.9465839735770711	False
BRD:BRD-K00003522-001-01-9	-0.02858374961113507	0.3975900252280962	878	0.9214917579261755	False
BRD:BRD-K00004738-001-01-9	-0.028571055237289537	0.3977997372995876	878	0.9214917579261755	False
BRD:BRD-K99107520-001-24-1	-0.028525617965979754	0.5043896675303178	550	0.948962549883862	False
BRD:BRD-K36040345-001-01-1	-0.02851515255743497	0.5026065239306031	555	0.9479717493024431	False
BRD:BRD-K89272869-003-01-8	-0.02844676125828904	0.5114578351379714	535	0.9529804998995005	False
BRD:BRD-K26305185-001-02-1	-0.0283433900611157	0.5181835782737435	522	0.9542862151387215	False
BRD:BRD-K82928892-001-02-5	-0.028325673043147984	0.5184452648147072	522	0.9542862151387215	False
BRD:BRD-K00003284-236-01-9	-0.02832532336368745	0.4018723483055473	878	0.9214917579261755	False
BRD:BRD-K34566599-001-03-9	-0.02832476012363429	0.40322904712533614	873	0.9214917579261755	False
BRD:BRD-K86799112-001-02-0	-0.02832094376212024	0.5093992462219076	545	0.9525261581404227	False
BRD:BRD-K52075040-001-09-7	-0.028283223468640938	0.5091846840488206	547	0.9525261581404227	False
BRD:BRD-K00003108-001-01-9	-0.028278127241932134	0.40265739730667455	878	0.9214917579261755	False
BRD:BRD-K81332461-001-01-4	-0.028236473461773177	0.5157726663903718	532	0.9542862151387215	False
BRD:BRD-K54847683-001-03-2	-0.02821508520261318	0.5164873634467251	531	0.9542862151387215	False
BRD:BRD-K43316319-001-01-8	-0.028203281607294826	0.5150803905455194	535	0.9542862151387215	False
BRD:BRD-K77771411-003-10-7	-0.028187561251141628	0.5094566246399144	550	0.9525261581404227	False
BRD:BRD-K36485341-001-02-9	-0.02816962225878316	0.4044657199626031	878	0.9214917579261755	False
BRD:BRD-K33499285-001-02-9	-0.02816806205641108	0.40449175730714826	878	0.9214917579261755	False
BRD:BRD-K47105409-001-14-5	-0.028130058601508707	0.5114821501327933	547	0.9529804998995005	False
BRD:BRD-K95581532-001-01-5	-0.028122726630846563	0.5115922645680442	547	0.9529804998995005	False
BRD:BRD-K00004292-003-02-9	-0.028073847108624542	0.40606591238828477	878	0.9214917579261755	False
BRD:BRD-K91336023-003-01-0	-0.028056220259425203	0.509510310215908	555	0.9525261581404227	False
BRD:BRD-K34533029-001-08-5	-0.02804896700598538	0.5127007019341495	547	0.9529804998995005	False
BRD:BRD-K91290917-300-01-8	-0.02799346894910847	0.5123777387296323	550	0.9529804998995005	False
BRD:BRD-K51324732-001-01-0	-0.027975870093034115	0.512643033761456	550	0.9529804998995005	False
BRD:BRD-K36234266-001-09-8	-0.027974201153369436	0.523650668700269	522	0.9549005509487988	False
BRD:BRD-K83359602-001-02-3	-0.027961378162593344	0.5124768749954639	551	0.9529804998995005	False
BRD:BRD-K22314899-001-02-4	-0.027951184002182387	0.5149457980653996	545	0.9542862151387215	False
BRD:BRD-K94882685-003-10-0	-0.02793984700035004	0.40831108261153415	878	0.9222979433540349	False
BRD:BRD-K01826017-001-02-9	-0.027840915986302447	0.40997339683753986	878	0.9238288173669259	False
BRD:BRD-K00003255-001-01-9	-0.02783107607361492	0.4101389538532624	878	0.9238288173669259	False
BRD:BRD-K12867552-001-04-7	-0.027809451124870724	0.5221443076076498	532	0.9549005509487988	False
BRD:BRD-A49906757-004-09-8	-0.027731827905776718	0.5151821384488942	553	0.9542862151387215	False
BRD:BRD-A73891132-001-02-9	-0.027724326318134537	0.41193757186376817	878	0.9240357162058096	False
BRD:BRD-K86283245-001-03-9	-0.027714930380508516	0.41748747431107874	858	0.926223108797766	False
BRD:BRD-K80762071-236-02-5	-0.027693831587625246	0.522702891586287	535	0.9549005509487988	False
BRD:BRD-K68870568-066-01-5	-0.02757224119349573	0.5176038669476452	553	0.9542862151387215	False
BRD:BRD-K74339692-001-01-9	-0.027557406166418583	0.5208868474070855	545	0.9547972905048029	False
BRD:BRD-K61560897-003-01-4	-0.027547439328957278	0.5517769337728347	469	0.9571041036670742	False
BRD:BRD-A61392169-001-02-7	-0.02750430730199258	0.5197781343156552	550	0.9542862151387215	False
BRD:BRD-K00010389-001-01-9	-0.027484717596300983	0.41732609931501335	873	0.926223108797766	False
BRD:BRD-K55591206-001-20-7	-0.02748230080696358	0.5522928708061339	470	0.9571041036670742	False
BRD:BRD-K27771035-001-02-5	-0.027481399157028664	0.5212715104420182	547	0.9547972905048029	False
BRD:BRD-K63343048-001-12-2	-0.027452369502570555	0.5232451266820436	543	0.9549005509487988	False
BRD:BRD-K53397409-001-12-3	-0.02744075400232063	0.5188459993230609	555	0.9542862151387215	False
BRD:BRD-K09143580-001-01-0	-0.027413202865727484	0.5537176215507681	469	0.9571041036670742	False
BRD:BRD-K23952234-236-01-8	-0.027408519368646935	0.5223773678516538	547	0.9549005509487988	False
BRD:BRD-K00003216-001-01-9	-0.027351774813083984	0.4182511493056786	878	0.926223108797766	False
BRD:BRD-K37516142-001-10-5	-0.027351254955313153	0.5221048644245243	550	0.9549005509487988	False
BRD:BRD-K38527262-300-01-0	-0.02734980128095128	0.5282705779542258	534	0.9565857972951394	False
BRD:BRD-K14681867-001-01-6	-0.02734252187555345	0.5279927186594582	535	0.9565857972951394	False
BRD:BRD-K81645907-001-01-1	-0.027328964232335745	0.5332759142106616	522	0.9565857972951394	False
BRD:BRD-A71774530-001-05-9	-0.02731591142227929	0.5222634379739388	551	0.9549005509487988	False
BRD:BRD-K47031502-001-01-6	-0.027310813927914294	0.5269269178618478	539	0.9565857972951394	False
BRD:BRD-K53318339-001-24-9	-0.027304324665130573	0.5297331008874275	532	0.9565857972951394	False
BRD:BRD-K00003336-001-01-9	-0.02730136963872246	0.41910970551299037	878	0.926223108797766	False
BRD:BRD-K36741660-001-01-1	-0.027271568752389452	0.5302271341466278	532	0.9565857972951394	False
BRD:BRD-K96786677-236-02-4	-0.0272624034726687	0.5303654090667439	532	0.9565857972951394	False
BRD:BRD-K80666802-003-01-0	-0.027252328490816904	0.5560478005414303	469	0.9571041036670742	False
BRD:BRD-K88767641-001-01-7	-0.027230225796446253	0.420854559261891	876	0.926223108797766	False
BRD:BRD-K00004690-001-01-9	-0.027222100720477517	0.4204619921081206	878	0.926223108797766	False
BRD:BRD-A81233518-004-16-1	-0.027196513473830196	0.5233286461154105	553	0.9549005509487988	False
BRD:BRD-K05419687-001-01-0	-0.027192189624707888	0.5569201027235479	469	0.9571041036670742	False
BRD:BRD-K00003534-001-01-9	-0.027186709551833266	0.42239593798345826	873	0.926223108797766	False
BRD:BRD-K61041538-001-03-0	-0.027183868472478955	0.5566184958200926	470	0.9571041036670742	False
BRD:BRD-K34313798-001-01-6	-0.027170390952823906	0.5263792564937386	546	0.9565857972951394	False
BRD:BRD-K75989555-001-02-9	-0.02715893025398082	0.42154147673177117	878	0.926223108797766	False
BRD:BRD-A56359832-001-16-9	-0.027084084981657073	0.4241501353894775	873	0.926223108797766	False
BRD:BRD-K03827870-001-02-9	-0.027055105877948078	0.4233191941954089	878	0.926223108797766	False
BRD:BRD-K00003183-001-01-9	-0.027039662430454265	0.4249107823638478	873	0.926223108797766	False
BRD:BRD-K28907958-001-04-3	-0.027038446133362364	0.5261229097443489	552	0.9565857972951394	False
BRD:BRD-K00004735-001-01-9	-0.026992498414459408	0.4257192414832476	873	0.926223108797766	False
BRD:BRD-K28059174-334-01-2	-0.026986425977397827	0.5318488083484445	539	0.9565857972951394	False
BRD:BRD-K50495309-001-02-0	-0.02698094181233358	0.5270035162524673	552	0.9565857972951394	False
BRD:BRD-K58148589-001-03-6	-0.026962060580816342	0.528045429234541	550	0.9565857972951394	False
BRD:BRD-K19796430-001-05-6	-0.02693942416561433	0.5265150157074946	555	0.9565857972951394	False
BRD:BRD-K87202646-061-04-9	-0.026937898216943763	0.5284153666964518	550	0.9565857972951394	False
BRD:BRD-K63001556-001-08-8	-0.026918895790500438	0.5290830559153276	549	0.9565857972951394	False
BRD:BRD-K06152156-001-01-8	-0.026901843974109243	0.5569729699359801	479	0.9571041036670742	False
BRD:BRD-K00003469-015-01-9	-0.026892064730066063	0.4261196651157379	878	0.926223108797766	False
BRD:BRD-K32292990-001-03-6	-0.02686258083314355	0.5306993499702723	547	0.9565857972951394	False
BRD:BRD-K11510141-001-01-8	-0.02679323229790834	0.5298832638253278	552	0.9565857972951394	False
BRD:BRD-K33521504-300-01-6	-0.02678327607375853	0.42799425641947403	878	0.9278674971546068	False
BRD:BRD-K13356952-001-25-1	-0.026782505274273727	0.5349547142325283	539	0.9571041036670742	False
BRD:BRD-A98299281-050-09-6	-0.026675102343312482	0.533572567378183	547	0.9565857972951394	False
BRD:BRD-K67680372-003-02-6	-0.026666991235733614	0.5325720752131593	550	0.9565857972951394	False
BRD:BRD-A49225603-045-10-0	-0.026622633463251118	0.5332542554564385	550	0.9565857972951394	False
BRD:BRD-K00091100-001-01-9	-0.026614991554821454	0.4362165236804083	858	0.928485616988773	False
BRD:BRD-A22380646-236-05-8	-0.026614393626229915	0.5345046413752222	547	0.9565857972951394	False
BRD:BRD-K00003128-001-01-9	-0.026609029836113414	0.4310067430759045	878	0.928485616988773	False
BRD:BRD-K00090644-001-01-9	-0.02660524530952683	0.43638460850708777	858	0.928485616988773	False
BRD:BRD-A37441042-003-04-8	-0.026595984304498468	0.5332908745306457	551	0.9565857972951394	False
BRD:BRD-A15530910-001-02-1	-0.026595136245470337	0.5325585008587238	553	0.9565857972951394	False
BRD:BRD-K06328344-015-01-7	-0.026569622395389538	0.5401065242813219	534	0.9571041036670742	False
BRD:BRD-K00004723-001-01-9	-0.02656793268726712	0.43171904351765683	878	0.928485616988773	False
BRD:BRD-K26634012-001-04-9	-0.026550996651899462	0.5384918318056422	539	0.9571041036670742	False
BRD:BRD-K00091093-001-01-9	-0.026516199204856466	0.4379220317816405	858	0.9295062818997621	False
BRD:BRD-K00003136-001-01-9	-0.026493840804165884	0.43300493159683534	878	0.928485616988773	False
BRD:BRD-K02900412-001-11-3	-0.02643520026324707	0.5372606058897805	547	0.9571041036670742	False
BRD:BRD-K09946180-300-01-6	-0.026397937830138534	0.5685024921522933	469	0.960636755520703	False
BRD:BRD-A02971356-001-09-9	-0.026384874852134255	0.4349000838478348	878	0.928485616988773	False
BRD:BRD-K40782193-003-02-9	-0.026371849764191557	0.5371193381368567	550	0.9571041036670742	False
BRD:BRD-K17016787-001-16-7	-0.026370622080215993	0.5360252557916155	553	0.9571041036670742	False
BRD:BRD-K94723713-001-10-6	-0.02635447526625684	0.5385044655470005	547	0.9571041036670742	False
BRD:BRD-K00003210-001-01-9	-0.026346862648887293	0.4355623207788777	878	0.928485616988773	False
BRD:BRD-K21318844-001-01-4	-0.026342102906091482	0.5693210187062319	469	0.960636755520703	False
BRD:BRD-K88172511-003-20-3	-0.02633335218930246	0.5483007884523957	522	0.9571041036670742	False
BRD:BRD-K50866992-003-10-3	-0.02627389690867986	0.5397475005322045	547	0.9571041036670742	False
BRD:BRD-K80700417-001-04-2	-0.026252830198318956	0.537848617963934	553	0.9571041036670742	False
BRD:BRD-K91147684-001-01-5	-0.026230629866625554	0.5411602660423038	545	0.9571041036670742	False
BRD:BRD-A44448661-001-04-8	-0.02622940578164846	0.5374743419963265	555	0.9571041036670742	False
BRD:BRD-K78373679-001-03-7	-0.02621507845388443	0.5711852529748175	469	0.960636755520703	False
BRD:BRD-K26222048-001-01-7	-0.02620864236978676	0.5407551926126867	547	0.9571041036670742	False
BRD:BRD-K68232650-001-02-2	-0.026206706871070115	0.5385634302227177	553	0.9571041036670742	False
BRD:BRD-K76244476-362-02-5	-0.026193209775299337	0.5715064936860655	469	0.960636755520703	False
BRD:BRD-K89055274-048-22-7	-0.026188292146868884	0.5440568512690487	539	0.9571041036670742	False
BRD:BRD-K64642496-001-04-0	-0.026172736969815414	0.5718073072822559	469	0.960636755520703	False
BRD:BRD-K28192623-066-08-1	-0.026152801707233293	0.540506761437171	550	0.9571041036670742	False
BRD:BRD-A84687895-001-03-2	-0.02615216315287332	0.5401470896163889	551	0.9571041036670742	False
BRD:BRD-K84986517-001-01-8	-0.026117789686562913	0.5451418802942437	539	0.9571041036670742	False
BRD:BRD-K49197823-001-09-8	-0.02608898460858054	0.5426054385458629	547	0.9571041036670742	False
BRD:BRD-K06557128-001-07-0	-0.026072669210927515	0.5417486097281502	550	0.9571041036670742	False
BRD:BRD-K67121414-001-03-3	-0.026068211335345714	0.5436687905142903	545	0.9571041036670742	False
BRD:BRD-K00003147-001-01-9	-0.026061593828810993	0.4405506828864119	878	0.9296102303526885	False
BRD:BRD-K29458283-001-29-9	-0.026060023324465064	0.5430537340371594	547	0.9571041036670742	False
BRD:BRD-K14171291-001-01-4	-0.026052812988165912	0.5480191353404981	534	0.9571041036670742	False
BRD:BRD-K59527975-236-01-8	-0.026045425733761705	0.5403326532532132	555	0.9571041036670742	False
BRD:BRD-K72369578-001-04-1	-0.026024569876150875	0.5530026514868783	522	0.9571041036670742	False
BRD:BRD-K72078047-001-01-7	-0.026022386470451072	0.5736085675577702	470	0.960636755520703	False
BRD:BRD-K00004718-001-01-9	-0.025969719184582567	0.44216418648737393	878	0.9296102303526885	False
BRD:BRD-A61221616-001-04-3	-0.025960771045569632	0.5416503894733633	555	0.9571041036670742	False
BRD:BRD-K14561059-001-06-9	-0.025953372518820583	0.44245162016001094	878	0.9296102303526885	False
BRD:BRD-A38706605-001-01-2	-0.02592080576676212	0.5504248317498832	533	0.9571041036670742	False
BRD:BRD-K00004562-001-01-9	-0.025918587097752237	0.4430636290084756	878	0.9296102303526885	False
BRD:BRD-K42563464-001-01-9	-0.025884595135790035	0.5487383453417252	539	0.9571041036670742	False
BRD:BRD-A81129465-001-03-8	-0.025877489857821012	0.5514669671649864	532	0.9571041036670742	False
BRD:BRD-A67976398-001-02-9	-0.025868323759969992	0.44394880642747353	878	0.9296102303526885	False
BRD:BRD-K54057105-001-01-2	-0.02586452971653845	0.5558281223528226	521	0.9571041036670742	False
BRD:BRD-K06762493-001-08-1	-0.02583544528622033	0.5454332768311656	550	0.9571041036670742	False
BRD:BRD-K47195926-001-06-6	-0.025833642124737297	0.5454613317535536	550	0.9571041036670742	False
BRD:BRD-A10039652-001-01-2	-0.02582431603212005	0.5568237394752056	520	0.9571041036670742	False
BRD:BRD-K02715688-001-02-1	-0.02581524987761041	0.5457475327418352	550	0.9571041036670742	False
BRD:BRD-A60197193-001-14-6	-0.02579929844771916	0.5470977919498524	547	0.9571041036670742	False
BRD:BRD-K46133855-304-03-8	-0.025796467060407575	0.550100543464809	539	0.9571041036670742	False
BRD:BRD-K19462402-003-24-6	-0.025751274039882102	0.5478443079342361	547	0.9571041036670742	False
BRD:BRD-K33234937-001-02-9	-0.02569785360607122	0.4474779156472071	876	0.93087470810188	False
BRD:BRD-A81370665-001-03-6	-0.025637173937306395	0.5467022052993615	555	0.9571041036670742	False
BRD:BRD-K55424922-003-02-8	-0.025631944663434915	0.5478746547697712	552	0.9571041036670742	False
BRD:BRD-K18250272-003-11-0	-0.02562022444096377	0.5554316922453286	532	0.9571041036670742	False
BRD:BRD-K73073971-001-01-7	-0.025590064965613703	0.5485290636534979	552	0.9571041036670742	False
BRD:BRD-A88254928-001-07-9	-0.025530093134839536	0.55607991702867	534	0.9571041036670742	False
BRD:BRD-A00376169-001-01-6	-0.025522736514343017	0.5514036778119343	547	0.9571041036670742	False
BRD:BRD-K38580127-003-15-4	-0.025498364266287786	0.5547206014216219	539	0.9571041036670742	False
BRD:BRD-K03243820-001-25-3	-0.025463572834788974	0.5552610365017404	539	0.9571041036670742	False
BRD:BRD-K24201553-003-11-5	-0.0254619287862493	0.5505336969828999	552	0.9571041036670742	False
BRD:BRD-K00004655-001-01-9	-0.025461235047864836	0.4511550022792825	878	0.9330924354177058	False
BRD:BRD-K15601958-001-03-9	-0.025445448019304328	0.5507917920094205	552	0.9571041036670742	False
BRD:BRD-K00091126-001-01-9	-0.025426956550906	0.4569783369637498	858	0.9350302140869271	False
BRD:BRD-K00078614-001-02-9	-0.025413771571891446	0.45721182143941264	858	0.9350302140869271	False
BRD:BRD-K00089583-001-01-9	-0.02540602017212496	0.45734911729937855	858	0.9350302140869271	False
BRD:BRD-K09619578-001-01-3	-0.025403496976171665	0.5514490289566862	552	0.9571041036670742	False
BRD:BRD-K14401183-001-10-7	-0.025402492195483822	0.5532809698251231	547	0.9571041036670742	False
BRD:BRD-K06204668-001-03-9	-0.025388990666009144	0.4529575338814773	876	0.9331397543258395	False
BRD:BRD-A89082344-001-08-7	-0.025379100938401532	0.5584190356194214	534	0.9585411526501028	False
BRD:BRD-K39120595-304-04-7	-0.025355948584653475	0.5529186936583621	550	0.9571041036670742	False
BRD:BRD-K00003243-236-01-9	-0.025258341573960064	0.4560619324933212	873	0.9350302140869271	False
BRD:BRD-K00003261-001-01-9	-0.02525550108961963	0.45482185000410585	878	0.9349804303747741	False
BRD:BRD-K00003504-001-01-9	-0.025137528514803734	0.4569320424530485	878	0.9350302140869271	False
BRD:BRD-K11071038-001-01-7	-0.025117478698344835	0.5635881121854638	531	0.960636755520703	False
BRD:BRD-K44471774-001-01-8	-0.02509580105353731	0.5624534933042827	535	0.960527972720342	False
BRD:BRD-K00003437-001-01-9	-0.025080434937717885	0.45924200361187884	873	0.9358503014779884	False
BRD:BRD-K31841515-001-07-8	-0.024972957318133468	0.561457235334815	543	0.9595918113380415	False
BRD:BRD-M02179497-001-01-1	-0.024935553779289302	0.5701124905199727	521	0.960636755520703	False
BRD:BRD-K44849676-001-10-5	-0.024912232878775923	0.5595317903489475	551	0.95899398381464	False
BRD:BRD-K34441861-003-07-0	-0.024909578878716088	0.570143015375511	522	0.960636755520703	False
BRD:BRD-K29918010-003-04-1	-0.02488395303485601	0.5603357362484723	550	0.95899398381464	False
BRD:BRD-K63675182-003-23-6	-0.02486729182275283	0.5605984302109399	550	0.95899398381464	False
BRD:BRD-K70924353-001-01-2	-0.024850184337199276	0.5597967006633026	553	0.95899398381464	False
BRD:BRD-K79930101-300-03-7	-0.024791469390591535	0.5600137479036411	555	0.95899398381464	False
BRD:BRD-K43914553-001-01-5	-0.02479028395859743	0.5918950877323429	470	0.9680583822919181	False
BRD:BRD-K36636143-001-01-0	-0.02473649812472866	0.5680633856367452	535	0.960636755520703	False
BRD:BRD-K00004575-001-01-9	-0.024704696463559314	0.464721017958242	878	0.9405959938717414	False
BRD:BRD-K00004586-001-01-9	-0.02468187850386769	0.46513367156389196	878	0.9405959938717414	False
BRD:BRD-K14276241-001-01-2	-0.024660548304204357	0.5696154858793135	534	0.960636755520703	False
BRD:BRD-K00004552-001-01-9	-0.024638788566908657	0.46718975792261824	873	0.9413984492287408	False
BRD:BRD-A28940325-001-24-0	-0.024613406685942463	0.5646087277741355	550	0.960636755520703	False
BRD:BRD-K99749624-001-07-0	-0.024553274899620715	0.5648514757889593	552	0.960636755520703	False
BRD:BRD-K00091105-001-01-9	-0.024540599186431696	0.4728223490340355	858	0.9413984492287408	False
BRD:BRD-K03194791-001-04-8	-0.02448702233860829	0.5676751132289445	547	0.960636755520703	False
BRD:BRD-K00003331-001-01-9	-0.024449176597442515	0.470625186478333	873	0.9413984492287408	False
BRD:BRD-K72339976-065-02-1	-0.024445815369827047	0.5669097563979559	551	0.960636755520703	False
BRD:BRD-K62414032-001-12-0	-0.024412418547940455	0.5660305145822317	555	0.960636755520703	False
BRD:BRD-A86354194-002-01-7	-0.024396839099463895	0.5691027011948314	547	0.960636755520703	False
BRD:BRD-A83802939-304-04-2	-0.024347692809803426	0.568820555064435	550	0.960636755520703	False
BRD:BRD-K00010521-300-02-9	-0.024337561908724815	0.4764937578688309	858	0.9413984492287408	False
BRD:BRD-K48059230-003-03-9	-0.02431161203801431	0.472364744250227	876	0.9413984492287408	False
BRD:BRD-K39166528-001-01-0	-0.024252697102481402	0.5696267242695306	552	0.960636755520703	False
BRD:BRD-K20548681-001-01-3	-0.024199097157048485	0.5694301707416969	555	0.960636755520703	False
BRD:BRD-K14965640-001-12-4	-0.02419590623456712	0.5705311079829379	552	0.960636755520703	False
BRD:BRD-A74391928-051-01-3	-0.0241818994799282	0.5697046691743852	555	0.960636755520703	False
BRD:BRD-K47639036-003-06-6	-0.02417651735828376	0.5740112188779505	543	0.960636755520703	False
BRD:BRD-K25224017-001-25-0	-0.02406939328969246	0.5743004463775326	547	0.960636755520703	False
BRD:BRD-K27184429-300-01-3	-0.024054706863838617	0.5717367894354648	555	0.960636755520703	False
BRD:BRD-K63123526-001-01-2	-0.023988155054755884	0.575593451388708	547	0.9606844355302745	False
BRD:BRD-K00003370-001-01-9	-0.0239568985584519	0.4783500019884066	878	0.9413984492287408	False
BRD:BRD-K73309154-003-02-8	-0.02395278430392577	0.5733676537871547	555	0.960636755520703	False
BRD:BRD-K00005345-001-01-9	-0.023942236202068864	0.4786193926419937	878	0.9413984492287408	False
BRD:BRD-K00003227-001-01-9	-0.023902167368422347	0.4793559968798188	878	0.9413984492287408	False
BRD:BRD-A95340155-001-09-7	-0.023868270004934678	0.5747216344027257	555	0.960636755520703	False
BRD:BRD-K50417881-003-17-4	-0.023865857784111294	0.5775425428327806	547	0.9606844355302745	False
BRD:BRD-K96758128-001-01-8	-0.023848482457335927	0.5764259607066694	551	0.9606844355302745	False
BRD:BRD-K01295354-001-02-8	-0.023846185941439554	0.5757683613973961	553	0.9606844355302745	False
BRD:BRD-K10673031-004-02-0	-0.023757061223837493	0.5775425338559055	552	0.9606844355302745	False
BRD:BRD-K00091267-001-01-9	-0.02375303417192238	0.4871499576558286	858	0.9413984492287408	False
BRD:BRD-K56301217-001-07-4	-0.023727459636349847	0.5769808634783842	555	0.9606844355302745	False
BRD:BRD-K68653965-001-01-1	-0.023723449280144613	0.5784273540506831	551	0.9610170381496382	False
BRD:BRD-K00004547-001-01-9	-0.02372090286824311	0.48394873319163234	873	0.9413984492287408	False
BRD:BRD-K26712974-001-01-5	-0.023663933522905547	0.5780014713834781	555	0.960976981070964	False
BRD:BRD-K99819791-001-02-9	-0.02365871912564404	0.4843444626197229	876	0.9413984492287408	False
BRD:BRD-K58819470-001-05-9	-0.023643034941859212	0.5797162571271807	551	0.9617086210343408	False
BRD:BRD-K25837718-001-03-8	-0.023610737524704595	0.5844066513634437	539	0.9633735147173791	False
BRD:BRD-K89704198-001-12-3	-0.02358546038769775	0.5809850549536358	550	0.9626808589484526	False
BRD:BRD-K99433989-001-02-9	-0.023581297566946838	0.48527691413966784	878	0.9413984492287408	False
BRD:BRD-A31159102-003-30-4	-0.02355513482739603	0.5832019263658113	545	0.9633150402066792	False
BRD:BRD-K98028353-001-02-8	-0.023503662860623855	0.4872135099704558	876	0.9413984492287408	False
BRD:BRD-K26262077-238-01-5	-0.023502257084814026	0.5921311172314819	522	0.9680583822919181	False
BRD:BRD-K25290930-001-03-9	-0.023487445498056696	0.4882625953869177	873	0.9413984492287408	False
BRD:BRD-K00003305-001-01-9	-0.02348369627083	0.4870857318291803	878	0.9413984492287408	False
BRD:BRD-A20589515-001-03-9	-0.023460587708943718	0.4880121640450483	876	0.9413984492287408	False
BRD:BRD-K92781136-001-08-9	-0.023452761909414824	0.6124236368947742	469	0.9714661599370356	False
BRD:BRD-A91733352-300-04-5	-0.023386584219851795	0.5838356676091675	551	0.9633150402066792	False
BRD:BRD-K27889527-001-10-9	-0.02336470424244463	0.49429979434183957	858	0.9441989089495241	False
BRD:BRD-K00004678-001-01-9	-0.0233610962776151	0.48936298494583086	878	0.9413984492287408	False
BRD:BRD-K67966701-001-11-6	-0.023337126326542373	0.5839476738572447	553	0.9633150402066792	False
BRD:BRD-A17407635-001-04-0	-0.0233315037622541	0.5860948557699376	547	0.9645138319626458	False
BRD:BRD-K45152786-001-08-4	-0.02329792117365139	0.5893965114786281	539	0.9670612635582586	False
BRD:BRD-K76634210-001-14-7	-0.023236614128892365	0.5928110093622674	532	0.9680583822919181	False
BRD:BRD-K79700588-001-09-7	-0.023211857476703467	0.6160814865254259	469	0.9724216649144702	False
BRD:BRD-A78277353-001-01-9	-0.023194512578345275	0.5924370217233229	535	0.9680583822919181	False
BRD:BRD-K52087522-300-02-9	-0.02316741604875186	0.49346652322379037	876	0.9433101612301623	False
BRD:BRD-K77258318-001-04-6	-0.023099111672495388	0.5888096263182128	550	0.9668149454144833	False
BRD:BRD-K08033334-003-04-3	-0.022999216526335624	0.5904227655944633	550	0.9679656587281532	False
BRD:BRD-K00003224-001-01-9	-0.022979981389090545	0.4964784614713339	878	0.9443266218845091	False
BRD:BRD-K00004665-001-01-9	-0.022944617433277616	0.49837257021695064	873	0.9443266218845091	False
BRD:BRD-K17828029-001-01-5	-0.022944154755968515	0.5967840714190283	534	0.9684633104795523	False
BRD:BRD-K77428767-001-01-7	-0.022923428791634906	0.5971157054154879	534	0.9684633104795523	False
BRD:BRD-K79595931-312-01-3	-0.022908351766959434	0.5935885610372865	545	0.9683926299124118	False
BRD:BRD-K26349472-001-01-3	-0.0228938040677514	0.6017563004879682	522	0.9689175433515068	False
BRD:BRD-A96292436-003-16-1	-0.02287881656341191	0.5910207439298175	554	0.9680418155722174	False
BRD:BRD-K83459933-001-05-4	-0.022878387975333484	0.5933925327770259	547	0.9683093721595784	False
BRD:BRD-K81957469-001-01-0	-0.02273269786268759	0.5937287950405553	553	0.9683926299124118	False
BRD:BRD-K71103788-003-12-0	-0.022729255692065437	0.5958034332224429	547	0.9684633104795523	False
BRD:BRD-K92848252-001-01-9	-0.02270970715802817	0.5941023123171572	553	0.9684633104795523	False
BRD:BRD-M54096567-001-01-9	-0.022682887187183375	0.605109163256914	522	0.9710922284364089	False
BRD:BRD-K26701552-001-01-8	-0.022661054549340916	0.595227845528607	552	0.9684633104795523	False
BRD:BRD-K39558284-001-01-2	-0.022644131512677926	0.5971815602026398	547	0.9684633104795523	False
BRD:BRD-K46766488-003-02-0	-0.022642738438252118	0.597204125548816	547	0.9684633104795523	False
BRD:BRD-K59715032-362-01-4	-0.022583357842948	0.5954902681265658	555	0.9684633104795523	False
BRD:BRD-K01902415-001-11-7	-0.02254630151284226	0.5994393158535013	545	0.9689175433515068	False
BRD:BRD-K00005326-001-01-9	-0.022542167327998925	0.5047200060352303	878	0.9493210085814996	False
BRD:BRD-K00003351-003-01-9	-0.022495698118712413	0.5055989632861543	878	0.9497921901296786	False
BRD:BRD-K36551084-001-04-9	-0.022480302222261894	0.5063766764679708	876	0.9505004870741198	False
BRD:BRD-K85119730-001-28-9	-0.022471586359000057	0.6026710297971107	539	0.9693876265910067	False
BRD:BRD-A07704283-001-01-3	-0.022463734985329054	0.5997722858283876	548	0.9689175433515068	False
BRD:BRD-K44974079-001-01-3	-0.022451795356492228	0.601306457419641	544	0.9689175433515068	False
BRD:BRD-K29173907-001-09-2	-0.022403944977850872	0.5990800182049101	553	0.9689175433515068	False
BRD:BRD-A81603255-001-01-0	-0.022400157268369403	0.628475902966487	469	0.9745589053379713	False
BRD:BRD-K89402695-001-02-3	-0.02239421860099137	0.600568591657889	549	0.9689175433515068	False
BRD:BRD-A07815743-001-01-1	-0.022386574380861966	0.6003599856507964	550	0.9689175433515068	False
BRD:BRD-K41185545-001-02-3	-0.02238269195252732	0.6041070217661001	539	0.9699424634173137	False
BRD:BRD-K70504253-001-01-3	-0.0223703492408795	0.6056574363239511	535	0.9711992067156914	False
BRD:BRD-K34851558-001-02-3	-0.02236588322604949	0.6016963436256597	547	0.9689175433515068	False
BRD:BRD-K00091289-300-01-9	-0.02234138648356695	0.5134060758684384	858	0.954030447494991	False
BRD:BRD-M29182745-001-01-4	-0.022303854731599026	0.6177505970320043	503	0.9727166133297517	False
BRD:BRD-A06426627-001-03-5	-0.022299015653610723	0.6027836032055901	547	0.9693876265910067	False
BRD:BRD-K11099631-001-07-6	-0.02227091243866336	0.6082754481133773	532	0.9711992067156914	False
BRD:BRD-M02899238-238-01-6	-0.02224736769562445	0.6304549019190254	470	0.9751523206040598	False
BRD:BRD-K39371216-001-01-3	-0.022236118586718093	0.6028119060471425	550	0.9693876265910067	False
BRD:BRD-K00071599-001-02-9	-0.022214172334458195	0.5158078209132924	858	0.9542862151387215	False
BRD:BRD-K00073831-019-02-9	-0.02219222903364866	0.5162226880806582	858	0.9542862151387215	False
BRD:BRD-K00004693-001-01-9	-0.022188941056875234	0.5114213449659823	878	0.9529804998995005	False
BRD:BRD-K17561142-003-32-5	-0.0221764505360666	0.6027957363834754	553	0.9693876265910067	False
BRD:BRD-K00091094-001-01-9	-0.02214608160709771	0.5170957295329831	858	0.9542862151387215	False
BRD:BRD-K63178091-001-01-1	-0.022097405701116346	0.6037608963920742	554	0.9698214294430174	False
BRD:BRD-K48619321-004-16-8	-0.022089957652530554	0.6145791363074689	522	0.9718193608588062	False
BRD:BRD-A13116749-003-01-6	-0.022051835006350776	0.6111369502072461	534	0.9714661599370356	False
BRD:BRD-K22936972-003-23-6	-0.022032865118574826	0.6071198963196186	547	0.9711992067156914	False
BRD:BRD-K28346421-001-06-8	-0.022005339303521117	0.6341800569242548	470	0.975985763811493	False
BRD:BRD-K06408664-001-03-5	-0.021975782443706376	0.6067369646551724	551	0.9711992067156914	False
BRD:BRD-K00004688-001-01-9	-0.021966222168261284	0.5156704402118236	878	0.9542862151387215	False
BRD:BRD-K59506194-015-04-9	-0.021936325398512646	0.6067289384077686	553	0.9711992067156914	False
BRD:BRD-K39252998-003-01-5	-0.02191300762729334	0.6117195536516131	539	0.9714661599370356	False
BRD:BRD-K17702546-001-03-2	-0.021907664618622202	0.6065470433054924	555	0.9711992067156914	False
BRD:BRD-K64614248-001-12-3	-0.021896013715630224	0.6080437148184988	551	0.9711992067156914	False
BRD:BRD-K66766661-001-19-2	-0.021890131489279284	0.6081401254062182	551	0.9711992067156914	False
BRD:BRD-K59037100-001-14-7	-0.02188099067043565	0.6069853974544869	555	0.9711992067156914	False
BRD:BRD-K54955827-001-02-2	-0.021879550060262584	0.6135923978309231	535	0.9714661599370356	False
BRD:BRD-K34672903-001-01-7	-0.021871832714079813	0.60811348722304	552	0.9711992067156914	False
BRD:BRD-K30213273-001-01-6	-0.021852829566078202	0.6087516677145777	551	0.9711992067156914	False
BRD:BRD-K85090592-008-22-7	-0.021843048408046566	0.6198961595650989	518	0.97303057663476	False
BRD:BRD-K80859331-001-01-5	-0.02184236879646965	0.6145281785601034	534	0.9718193608588062	False
BRD:BRD-K78113049-001-16-2	-0.021791140591734225	0.6117257844499551	545	0.9714661599370356	False
BRD:BRD-K75114721-304-02-6	-0.02178013910614151	0.5197121647139169	876	0.9542862151387215	False
BRD:BRD-K00003511-001-01-9	-0.021772969828992687	0.5193721284787826	878	0.9542862151387215	False
BRD:BRD-K00076721-001-02-9	-0.02175575683209183	0.5245105144569611	858	0.9558310233931201	False
BRD:BRD-K71756122-001-02-5	-0.02173889359082074	0.520026265302579	878	0.9542862151387215	False
BRD:BRD-K00091272-001-01-9	-0.02169898922791964	0.5255934083943233	858	0.9565857972951394	False
BRD:BRD-A67521319-001-01-6	-0.021662380641016592	0.6131790725121842	547	0.9714661599370356	False
BRD:BRD-K91601245-001-12-0	-0.02165720630935713	0.6158832516489381	539	0.9724216649144702	False
BRD:BRD-K05804044-001-06-0	-0.021640642538562863	0.6125599390794731	550	0.9714661599370356	False
BRD:BRD-K72093555-001-01-0	-0.0216358937691143	0.6119896055342808	552	0.9714661599370356	False
BRD:BRD-K32681104-001-11-6	-0.02161951578360689	0.6112898707352723	555	0.9714661599370356	False
BRD:BRD-K52416806-001-05-9	-0.021613131270063642	0.5236341566789875	873	0.9549005509487988	False
BRD:BRD-K54824716-001-04-0	-0.021564098333608315	0.6134944445154134	551	0.9714661599370356	False
BRD:BRD-K54838207-001-03-8	-0.02155410786641613	0.6198686952048941	532	0.97303057663476	False
BRD:BRD-K82178523-001-01-6	-0.02155402552353966	0.6415081140983319	469	0.976583210826695	False
BRD:BRD-K34888156-213-01-4	-0.021546828783381176	0.6150743250591159	547	0.9721699252757587	False
BRD:BRD-K67860401-001-05-6	-0.021546569439178764	0.6134599082002159	552	0.9714661599370356	False
BRD:BRD-K74913225-001-12-4	-0.021543636041777302	0.61773581375005	539	0.9727166133297517	False
BRD:BRD-K55822903-003-01-8	-0.021532493958681224	0.6414844558819287	470	0.976583210826695	False
BRD:BRD-K46018455-001-27-6	-0.021500414968285385	0.6184414756619349	539	0.9727166133297517	False
BRD:BRD-K47458712-001-20-7	-0.02148337167279588	0.6422452879868583	470	0.976583210826695	False
BRD:BRD-K00003280-300-01-9	-0.021463819274880166	0.5253221538547318	878	0.9565857972951394	False
BRD:BRD-K55847762-304-01-7	-0.02145975287288951	0.6139265526200028	555	0.9714661599370356	False
BRD:BRD-K77087341-001-02-4	-0.021457250174889787	0.6426500241812757	470	0.976583210826695	False
BRD:BRD-K01624185-001-05-7	-0.02138224026378371	0.6184246477444225	545	0.9727166133297517	False
BRD:BRD-K55430733-003-03-9	-0.021343151805057962	0.5276539753030646	878	0.9565857972951394	False
BRD:BRD-K18574842-323-10-8	-0.021341287093266305	0.6266285006816339	522	0.9738630166235509	False
BRD:BRD-K01980392-003-11-6	-0.021335157457018087	0.6159863033655919	555	0.9724216649144702	False
BRD:BRD-K32821942-001-21-3	-0.021312028424458365	0.6170078974159012	553	0.9727166133297517	False
BRD:BRD-K62353271-001-04-7	-0.02127195708782835	0.6351301322664004	500	0.975985763811493	False
BRD:BRD-K06749501-001-02-1	-0.021268265388836683	0.618370664418008	551	0.9727166133297517	False
BRD:BRD-K53532120-003-11-1	-0.02123866605645118	0.62014124736219	547	0.97303057663476	False
BRD:BRD-K57764956-001-02-8	-0.02123574753708529	0.6182690530861715	553	0.9727166133297517	False
BRD:BRD-K79633074-001-01-8	-0.0212087369815339	0.6180793122390288	555	0.9727166133297517	False
BRD:BRD-K86171477-001-01-3	-0.021205455448787772	0.6245646135897437	535	0.97303057663476	False
BRD:BRD-K48578705-001-17-6	-0.02117992535955592	0.6259584324393405	532	0.9738630166235509	False
BRD:BRD-K69001009-001-02-8	-0.021161240446258927	0.6214171516898132	547	0.97303057663476	False
BRD:BRD-K69632891-001-02-9	-0.021142794663358225	0.532006559057456	876	0.9565857972951394	False
BRD:BRD-K10415035-001-04-4	-0.021135162160425425	0.6257136254138888	535	0.9738630166235509	False
BRD:BRD-A67514145-003-05-8	-0.021127901425299193	0.6245379268858021	539	0.97303057663476	False
BRD:BRD-K64857848-001-06-4	-0.021093953546492555	0.5329547369243826	876	0.9565857972951394	False
BRD:BRD-K00004579-001-01-9	-0.02108655359855851	0.5338025376203378	873	0.9565857972951394	False
BRD:BRD-A17411484-001-11-9	-0.02107914110133423	0.6208617497527117	553	0.97303057663476	False
BRD:BRD-K28595280-001-04-5	-0.021071492648059843	0.6219413897544788	550	0.97303057663476	False
BRD:BRD-K30331124-001-04-9	-0.02107136732648674	0.5340972598768958	873	0.9565857972951394	False
BRD:BRD-A22305049-003-13-6	-0.021061012407307386	0.6230705063605725	547	0.97303057663476	False
BRD:BRD-A59174698-003-18-5	-0.02104891258224499	0.6213627403419858	553	0.97303057663476	False
BRD:BRD-K62387885-001-01-9	-0.021048150525235607	0.6226455548973446	549	0.97303057663476	False
BRD:BRD-K94313941-001-03-9	-0.021016253948963066	0.5339974270014154	878	0.9565857972951394	False
BRD:BRD-A07164067-001-01-2	-0.021012692473597595	0.6222798648455282	552	0.97303057663476	False
BRD:BRD-K04643877-001-03-2	-0.020991422169571092	0.6283889615613071	534	0.9745589053379713	False
BRD:BRD-K36864847-303-02-5	-0.020967316855515325	0.6230320199191524	552	0.97303057663476	False
BRD:BRD-K00004643-001-01-9	-0.020951428241834418	0.5364278140574419	873	0.9571041036670742	False
BRD:BRD-K00003471-001-01-9	-0.020938081636925746	0.5366874694048143	873	0.9571041036670742	False
BRD:BRD-A78588743-001-03-4	-0.020913217713467044	0.6229839616212436	555	0.97303057663476	False
BRD:BRD-A61850409-001-10-7	-0.020912964570346405	0.6242493084998484	551	0.97303057663476	False
BRD:BRD-K97440753-066-18-1	-0.020884367732665266	0.6234636762216388	555	0.97303057663476	False
BRD:BRD-K01614093-001-02-6	-0.020878074821273115	0.6338077907179287	523	0.975985763811493	False
BRD:BRD-K52644305-300-02-9	-0.02084253959849025	0.5373839284527805	878	0.9571041036670742	False
BRD:BRD-K00003182-001-01-9	-0.020816370749613147	0.5378950131607636	878	0.9571041036670742	False
BRD:BRD-K04956647-003-02-5	-0.020815371591010517	0.6261832942726535	550	0.9738630166235509	False
BRD:BRD-K55462201-001-07-3	-0.02080534601316488	0.6263495913309277	550	0.9738630166235509	False
BRD:BRD-A78391468-001-02-8	-0.0207951761824006	0.6265183005119956	550	0.9738630166235509	False
BRD:BRD-K00003296-001-01-9	-0.02075747311006725	0.5390461904495817	878	0.9571041036670742	False
BRD:BRD-K46424862-001-14-1	-0.02073894130693915	0.6290277179216335	545	0.9745589053379713	False
BRD:BRD-K00938507-001-17-8	-0.02071060163698055	0.6276082385454785	551	0.9745589053379713	False
BRD:BRD-K31866293-001-01-6	-0.020690587720493817	0.6279408604680884	551	0.9745589053379713	False
BRD:BRD-K24179883-001-16-7	-0.020667512349402208	0.628637794784099	550	0.9745589053379713	False
BRD:BRD-A24560335-300-01-2	-0.02064939557433452	0.6298803267601392	547	0.9749611078464491	False
BRD:BRD-K00003482-001-01-9	-0.020633809342507758	0.5414672508646529	878	0.9571041036670742	False
BRD:BRD-K20976221-001-12-0	-0.02063056987997242	0.5419928888041309	876	0.9571041036670742	False
BRD:BRD-K79602928-003-19-9	-0.020628858459403526	0.6308498906172667	545	0.9751523206040598	False
BRD:BRD-K26801045-001-02-9	-0.020604906582711465	0.6296783032089642	550	0.9749611078464491	False
BRD:BRD-K85014146-001-02-5	-0.020595873711187044	0.6516177251907734	483	0.9767481203413484	False
BRD:BRD-K11848003-001-17-9	-0.0205923629200811	0.5469288477484476	858	0.9571041036670742	False
BRD:BRD-K00091278-001-01-9	-0.020586093405564092	0.5470509306159183	858	0.9571041036670742	False
BRD:BRD-A20550616-001-02-9	-0.020576418117574435	0.6390420051507681	522	0.976583210826695	False
BRD:BRD-K42436189-001-01-2	-0.020565263078833447	0.6287803081051971	555	0.9745589053379713	False
BRD:BRD-K00003468-001-01-9	-0.020552220467444274	0.5442214938998172	873	0.9571041036670742	False
BRD:BRD-K37687387-237-01-7	-0.02053083760872762	0.6318476260605111	547	0.9751523206040598	False
BRD:BRD-A63431791-001-01-9	-0.020471254982046605	0.6366102561303479	535	0.976583210826695	False
BRD:BRD-K76819217-001-02-2	-0.020452843905845872	0.6582919297016526	470	0.977605408971892	False
BRD:BRD-K06335600-003-20-7	-0.020451709983113395	0.63222752182314	550	0.9751523206040598	False
BRD:BRD-K67261995-001-11-7	-0.020449762568711723	0.6322599553038593	550	0.9751523206040598	False
BRD:BRD-K86677390-001-02-9	-0.020434463733054048	0.5465311290493006	873	0.9571041036670742	False
BRD:BRD-A94965935-001-01-6	-0.020427636467498386	0.5459749362733118	876	0.9571041036670742	False
BRD:BRD-K14116214-001-09-6	-0.020417638070916694	0.6324846568395109	551	0.9751523206040598	False
BRD:BRD-A04843135-001-09-9	-0.020382505170520863	0.5510225958720448	858	0.9571041036670742	False
BRD:BRD-K83144676-001-09-5	-0.020355931004604432	0.6388265234371465	534	0.976583210826695	False
BRD:BRD-K29562203-004-12-9	-0.020331132418603716	0.5478736476462474	876	0.9571041036670742	False
BRD:BRD-K80607346-001-01-1	-0.020316719458467403	0.6391580307868248	535	0.976583210826695	False
BRD:BRD-K07625016-001-01-2	-0.020308095794146254	0.6396151171221808	534	0.976583210826695	False
BRD:BRD-K75748943-300-02-9	-0.020265868119166256	0.5491595630915505	876	0.9571041036670742	False
BRD:BRD-K00003733-001-01-9	-0.020250903767169794	0.5489978904654425	878	0.9571041036670742	False
BRD:BRD-K00021095-001-01-9	-0.02024734072504385	0.5502112298281201	873	0.9571041036670742	False
BRD:BRD-K65359424-001-01-3	-0.020232544905596256	0.6418052202309146	531	0.976583210826695	False
BRD:BRD-K00003282-001-01-9	-0.020182964045694817	0.5503394364906653	878	0.9571041036670742	False
BRD:BRD-K91900765-001-07-6	-0.020162462402174727	0.6420184739106163	534	0.976583210826695	False
BRD:BRD-A93699261-236-03-4	-0.02015407815592503	0.6459401586003901	522	0.976583210826695	False
BRD:BRD-K77474816-003-15-9	-0.02009858372364425	0.5524623727345277	876	0.9571041036670742	False
BRD:BRD-K36338614-001-02-1	-0.020072431590527216	0.5529795902985766	876	0.9571041036670742	False
BRD:BRD-K93208532-001-02-5	-0.020033749563916042	0.6376785634190059	555	0.976583210826695	False
BRD:BRD-K22024824-001-03-7	-0.020022124791396756	0.6393991037056442	550	0.976583210826695	False
BRD:BRD-K26168087-001-09-7	-0.02001100088878148	0.6405041436749319	547	0.976583210826695	False
BRD:BRD-A26458246-004-02-1	-0.020001612366795537	0.6653684437423135	470	0.977605408971892	False
BRD:BRD-K99308954-304-02-4	-0.01998973172258643	0.6486327278308622	522	0.976583210826695	False
BRD:BRD-A39230911-001-10-2	-0.019983960435551805	0.6391230151942089	553	0.976583210826695	False
BRD:BRD-K00075618-001-03-9	-0.019969762131484464	0.5591177105983587	858	0.95899398381464	False
BRD:BRD-A49035384-003-30-5	-0.019965760326886187	0.6437209938469711	539	0.976583210826695	False
BRD:BRD-K51747290-001-12-3	-0.01995885349127127	0.6491391341015269	522	0.976583210826695	False
BRD:BRD-K44164034-003-01-1	-0.019944327538009586	0.6456253054600191	534	0.976583210826695	False
BRD:BRD-K60770992-066-25-0	-0.01992831272696502	0.649640164991631	522	0.976583210826695	False
BRD:BRD-K99750640-236-20-3	-0.019924622947381107	0.55590728782606	876	0.9571041036670742	False
BRD:BRD-A85667082-001-12-7	-0.01988479601284933	0.6416988489274212	550	0.976583210826695	False
BRD:BRD-K62814487-001-03-0	-0.01987203306058057	0.5569507724911116	876	0.9571041036670742	False
BRD:BRD-K11196887-001-21-2	-0.019857813835316502	0.6476777453235932	532	0.976583210826695	False
BRD:BRD-K53788420-001-01-1	-0.01984687272080096	0.6681362932840946	469	0.977605408971892	False
BRD:BRD-K16605796-001-01-9	-0.019843549111478488	0.5570655990710276	878	0.9571041036670742	False
BRD:BRD-K09711437-001-04-3	-0.019806408570795773	0.6485284465961032	532	0.976583210826695	False
BRD:BRD-K50905564-001-08-9	-0.019795718815477956	0.5584666862862749	876	0.9585411526501028	False
BRD:BRD-K05907307-001-07-1	-0.019737380113770867	0.6438690026715356	551	0.976583210826695	False
BRD:BRD-K84964099-001-03-9	-0.019729758315909736	0.559778543055918	876	0.95899398381464	False
BRD:BRD-K02908048-003-06-4	-0.019709334580699903	0.6449444959037305	549	0.976583210826695	False
BRD:BRD-K74763371-002-04-0	-0.019702501244199293	0.6432506724176558	555	0.976583210826695	False
BRD:BRD-K25690923-001-02-4	-0.019680255692212077	0.6460374350635301	547	0.976583210826695	False
BRD:BRD-K90082312-001-01-5	-0.019677157816249596	0.6708071106646373	469	0.9779044164884678	False
BRD:BRD-K86864073-001-01-1	-0.019674259554088365	0.6501023766176807	534	0.976583210826695	False
BRD:BRD-K47539947-001-03-7	-0.019660194218523337	0.6454674817528053	550	0.976583210826695	False
BRD:BRD-K05355328-001-02-9	-0.019627177409787304	0.5613741850056791	878	0.9595918113380415	False
BRD:BRD-K49793107-402-02-6	-0.019592706424822227	0.6511508086610756	535	0.9766542944132325	False
BRD:BRD-K61192372-001-05-5	-0.01958131227505451	0.6553438693774437	522	0.9771156945702335	False
BRD:BRD-K00003491-001-01-9	-0.019527235810112342	0.5633697296227284	878	0.960636755520703	False
BRD:BRD-K81048131-001-03-9	-0.019519291660995162	0.5639743603669528	876	0.960636755520703	False
BRD:BRD-K17378184-300-05-9	-0.019463449319732425	0.6496752068894286	547	0.976583210826695	False
BRD:BRD-K03273112-001-01-8	-0.019449516699725704	0.6484133882305237	552	0.976583210826695	False
BRD:BRD-A64125466-236-04-6	-0.019403928908555367	0.6497785129676742	550	0.976583210826695	False
BRD:BRD-K00003234-001-01-9	-0.01938008035910965	0.5663141981372545	878	0.960636755520703	False
BRD:BRD-K55013654-003-02-3	-0.01937962229176415	0.6501880225061579	550	0.976583210826695	False
BRD:BRD-K20013301-001-02-6	-0.019324878309139412	0.6511107161078277	550	0.9766542944132325	False
BRD:BRD-K00004715-001-01-9	-0.01932106830842893	0.568605370646435	873	0.960636755520703	False
BRD:BRD-K34098590-001-02-1	-0.019309694222364917	0.676604104291506	469	0.9785179697847339	False
BRD:BRD-K00003124-389-01-9	-0.019278702664069485	0.5683469674800178	878	0.960636755520703	False
BRD:BRD-K97197005-001-03-2	-0.019254625953201997	0.6525923683392907	549	0.9767481203413484	False
BRD:BRD-A30984645-001-01-5	-0.019240786384338366	0.6537175343946356	546	0.9771132149688614	False
BRD:BRD-K14109347-001-03-4	-0.019238969032230296	0.652263495869689	551	0.9767481203413484	False
BRD:BRD-K04466929-001-12-9	-0.01922904213174918	0.5693440023435957	878	0.960636755520703	False
BRD:BRD-K62277907-001-01-6	-0.01919889338939528	0.6547199576775239	545	0.9771132149688614	False
BRD:BRD-K36775483-001-01-4	-0.01919883849853558	0.6541263893762307	547	0.9771132149688614	False
BRD:BRD-A65671304-001-07-5	-0.019136076829667614	0.6551839520498665	547	0.9771132149688614	False
BRD:BRD-K09471561-001-18-2	-0.019121483232359845	0.659906514845418	532	0.977605408971892	False
BRD:BRD-K53382462-001-02-0	-0.019120696714751893	0.571522142501727	878	0.960636755520703	False
BRD:BRD-A59413292-001-08-2	-0.019098617606249035	0.6549299171523236	550	0.9771132149688614	False
BRD:BRD-K00010385-001-01-9	-0.019018379352374	0.5735827222638465	878	0.960636755520703	False
BRD:BRD-K02988401-001-01-2	-0.01901559944039896	0.6610740478702762	534	0.977605408971892	False
BRD:BRD-A74667430-001-23-6	-0.01901115462396401	0.6549445724029005	555	0.9771132149688614	False
BRD:BRD-K70650177-001-01-7	-0.01897265019871905	0.6617920383650512	534	0.977605408971892	False
BRD:BRD-K32273377-001-17-9	-0.0189631829516422	0.6578070258611967	548	0.977605408971892	False
BRD:BRD-K19669037-001-01-1	-0.01893059129965647	0.6613067163930396	538	0.977605408971892	False
BRD:BRD-K77821588-364-01-2	-0.01891887542445163	0.6612070979505201	539	0.977605408971892	False
BRD:BRD-A24297246-001-03-9	-0.018904901616177555	0.6579148057574874	551	0.977605408971892	False
BRD:BRD-K69343602-003-02-9	-0.018899869908757617	0.5764100092302465	876	0.9606844355302745	False
BRD:BRD-K86670086-001-02-5	-0.018868153511622597	0.6635402236181394	534	0.977605408971892	False
BRD:BRD-K96295391-300-01-7	-0.01886729209931602	0.683288155869862	470	0.9789647956926407	False
BRD:BRD-K33860217-003-04-0	-0.01886495279450716	0.5771148404098081	876	0.9606844355302745	False
BRD:BRD-A71765060-001-01-4	-0.018824260509904534	0.6639787562551088	535	0.977605408971892	False
BRD:BRD-K78809024-001-05-7	-0.01881482032639085	0.6582811116077347	555	0.977605408971892	False
BRD:BRD-K00004566-001-01-9	-0.01880336432559281	0.579012303159248	873	0.9617086210343408	False
BRD:BRD-A16263897-001-06-6	-0.018795108778276004	0.6644673654465219	535	0.977605408971892	False
BRD:BRD-K51671335-001-10-6	-0.018784507051699238	0.6596659638294696	552	0.977605408971892	False
BRD:BRD-K16551357-001-03-2	-0.01877046654985922	0.669350154095777	520	0.977605408971892	False
BRD:BRD-K37687095-001-06-9	-0.01875304907795882	0.6593322720244911	555	0.977605408971892	False
BRD:BRD-K00003520-001-01-9	-0.018727366150836873	0.5794626049875842	878	0.9617086210343408	False
BRD:BRD-K11796549-001-04-5	-0.018719917226527102	0.6598963529880357	555	0.977605408971892	False
BRD:BRD-K07753030-003-17-6	-0.018715914613091134	0.6614103062986741	550	0.977605408971892	False
BRD:BRD-K37747025-001-08-2	-0.018665717354412383	0.6864916436078985	470	0.9789647956926407	False
BRD:BRD-K22482860-001-21-4	-0.01865627266953679	0.6632915431406695	547	0.977605408971892	False
BRD:BRD-K68534611-001-07-8	-0.018650951693749928	0.5810112164905388	878	0.9626808589484526	False
BRD:BRD-K08223200-001-01-1	-0.018612081388659912	0.66462008035835	545	0.977605408971892	False
BRD:BRD-K67578145-001-12-1	-0.018601502848690558	0.6642195560301105	547	0.977605408971892	False
BRD:BRD-K81855038-003-13-9	-0.018597447687639435	0.6631331983520906	551	0.977605408971892	False
BRD:BRD-K02501528-001-01-1	-0.01859531917310621	0.6634576572261242	550	0.977605408971892	False
BRD:BRD-K80353138-001-12-1	-0.01857183848267254	0.6635686022674718	551	0.977605408971892	False
BRD:BRD-K56932272-001-02-9	-0.018530151936752896	0.5838935652031317	876	0.9633150402066792	False
BRD:BRD-K65877271-001-01-8	-0.018504290304608942	0.6681838791679195	539	0.977605408971892	False
BRD:BRD-K33864865-001-02-5	-0.018476866068726366	0.6648978250263617	552	0.977605408971892	False
BRD:BRD-K44084986-300-08-4	-0.01846080233168398	0.6666059196999546	547	0.977605408971892	False
BRD:BRD-A65440446-001-04-1	-0.018453470361021834	0.6667303667857889	547	0.977605408971892	False
BRD:BRD-K20075662-300-04-0	-0.01841463196565132	0.6656728155863184	553	0.977605408971892	False
BRD:BRD-A37288617-003-02-2	-0.018411552346570395	0.6651555837531873	555	0.977605408971892	False
BRD:BRD-K53517854-051-01-4	-0.01841067543724412	0.66659721471079	550	0.977605408971892	False
BRD:BRD-K92428153-001-04-4	-0.01838326810312211	0.6662078541482614	553	0.977605408971892	False
BRD:BRD-A65683612-001-07-7	-0.018375143500706	0.6718125966376383	534	0.9779044164884678	False
BRD:BRD-K05977355-001-19-0	-0.01836823640240146	0.6678913923841497	548	0.977605408971892	False
BRD:BRD-K05858796-001-01-7	-0.018352318809545735	0.672487118870669	533	0.9779044164884678	False
BRD:BRD-A24857382-001-03-4	-0.0183022479987722	0.6730391345323238	534	0.9779044164884678	False
BRD:BRD-K97884852-001-05-4	-0.018283868368277372	0.6673381006749655	555	0.977605408971892	False
BRD:BRD-K30968378-001-01-9	-0.018270568007661515	0.6735724519867422	534	0.9779044164884678	False
BRD:BRD-K47949423-001-03-1	-0.018259285267654156	0.6772560980341982	522	0.9787672983528036	False
BRD:BRD-K82731415-001-07-0	-0.018250846563043006	0.6707437644299534	545	0.9779044164884678	False
BRD:BRD-K64874225-001-04-7	-0.01823728342903613	0.6695507684594044	550	0.9776881113633024	False
BRD:BRD-K92778217-001-32-7	-0.01822833386632555	0.6751515181403903	531	0.97829253268742	False
BRD:BRD-A00047421-001-01-7	-0.018159718430987095	0.5910123887893162	878	0.9680418155722174	False
BRD:BRD-K70976396-236-26-0	-0.018114045188457654	0.6952875923376062	470	0.9789647956926407	False
BRD:BRD-K33141550-003-05-7	-0.018060333853415243	0.6717266261106134	553	0.9779044164884678	False
BRD:BRD-K28120222-001-08-4	-0.01805417123876137	0.6735214876096023	547	0.9779044164884678	False
BRD:BRD-K77597856-003-02-5	-0.018030928891762367	0.673917609501241	547	0.9779044164884678	False
BRD:BRD-K21670884-001-01-9	-0.018021329256926257	0.6743634466800438	546	0.9779044164884678	False
BRD:BRD-A10420615-001-04-4	-0.018001967607646892	0.6744113260560599	547	0.9779044164884678	False
BRD:BRD-K12807006-001-18-5	-0.01799621270548698	0.6731046020936794	552	0.9779044164884678	False
BRD:BRD-K00003529-458-01-9	-0.017982617732183976	0.5946373209085689	878	0.9684633104795523	False
BRD:BRD-A64406146-001-01-2	-0.017952521370451974	0.6760994408484905	544	0.9784026312249595	False
BRD:BRD-A41774846-001-01-4	-0.01794145910708256	0.673204769897706	555	0.9779044164884678	False
BRD:BRD-K49668410-001-18-8	-0.017941193751183245	0.6737671507565871	553	0.9779044164884678	False
BRD:BRD-A83644949-236-01-6	-0.01789398422430817	0.678506396466278	539	0.9789647956926407	False
BRD:BRD-K00003277-003-01-9	-0.01789395214056175	0.5964559470033897	878	0.9684633104795523	False
BRD:BRD-A62421304-004-18-9	-0.01788804711300323	0.6755151052263765	550	0.9784017842335956	False
BRD:BRD-K76788410-001-01-6	-0.017872875510220702	0.6994520577372151	469	0.9789647956926407	False
BRD:BRD-K00003202-001-01-9	-0.017867370530537646	0.5980510546157235	873	0.9684633104795523	False
BRD:BRD-K82142815-001-19-1	-0.017852772178504048	0.6758398555540827	551	0.9784026312249595	False
BRD:BRD-K08111240-001-02-8	-0.017831865888285107	0.6773139461389588	547	0.9787672983528036	False
BRD:BRD-K34657753-001-01-9	-0.01781813556712418	0.598431492599861	876	0.9688367520168307	False
BRD:BRD-K00005243-001-01-9	-0.017784241546488902	0.5987097218648928	878	0.9688367520168307	False
BRD:BRD-A49160188-003-12-7	-0.017750840632653912	0.6792559481091777	545	0.9789647956926407	False
BRD:BRD-A20781140-001-01-7	-0.01774976071311706	0.680954648032213	539	0.9789647956926407	False
BRD:BRD-K00531707-001-01-3	-0.017743295493549787	0.682190426969109	535	0.9789647956926407	False
BRD:BRD-A99833829-003-27-1	-0.017723387657506928	0.6862179432579936	522	0.9789647956926407	False
BRD:BRD-K37492701-001-02-9	-0.017704191951400147	0.7018490060903748	470	0.9789647956926407	False
BRD:BRD-A37752546-001-02-9	-0.017686711168661697	0.6007165109129956	878	0.9689175433515068	False
BRD:BRD-K94293891-001-01-3	-0.017658153699501123	0.6780738396835918	555	0.9787672983528036	False
BRD:BRD-K00091080-001-01-9	-0.017649186826393503	0.6056727505367786	858	0.9711992067156914	False
BRD:BRD-K53328210-001-04-4	-0.0176329016595768	0.7032953303632296	469	0.9789647956926407	False
BRD:BRD-K28912512-001-23-2	-0.01759425017228214	0.6816532880579986	546	0.9789647956926407	False
BRD:BRD-A68969091-001-12-7	-0.01754377091604919	0.6844572216273281	539	0.9789647956926407	False
BRD:BRD-K00004703-001-01-9	-0.01754184283249989	0.6037029146805638	878	0.9698214294430174	False
BRD:BRD-A04971881-003-01-3	-0.01749188643511246	0.6867320589485282	534	0.9789647956926407	False
BRD:BRD-A03623303-045-09-5	-0.017484860205398123	0.6824261534171355	550	0.9789647956926407	False
BRD:BRD-K02241333-001-02-7	-0.017470714403563768	0.6823952491963783	551	0.9789647956926407	False
BRD:BRD-K00078770-001-02-9	-0.01743925308271791	0.6099685455245285	858	0.9713148274182807	False
BRD:BRD-K74227499-001-01-1	-0.017421504744706853	0.6837880831061544	549	0.9789647956926407	False
BRD:BRD-K99964838-001-11-9	-0.017399351094456884	0.6830773852756099	553	0.9789647956926407	False
BRD:BRD-A56613951-004-01-1	-0.017312445438459282	0.6895017235331212	535	0.9789647956926407	False
BRD:BRD-K00003435-003-01-9	-0.01730946440940227	0.6095325353070175	873	0.9713148274182807	False
BRD:BRD-A10662413-043-11-2	-0.01728834690310023	0.6866204611184932	547	0.9789647956926407	False
BRD:BRD-K35960502-001-20-0	-0.017280742325519332	0.6859351462492433	550	0.9789647956926407	False
BRD:BRD-K05674516-001-02-5	-0.017277136002553276	0.685997203617159	550	0.9789647956926407	False
BRD:BRD-K49404994-001-10-9	-0.017262144240370474	0.6892568554452522	539	0.9789647956926407	False
BRD:BRD-A30000356-001-02-9	-0.017230192408677566	0.6101499282333915	878	0.9713758529202178	False
BRD:BRD-K83146339-001-04-0	-0.01722574066098847	0.6106504803372464	876	0.9714661599370356	False
BRD:BRD-K00004568-001-01-9	-0.017216867828860165	0.611447562208437	873	0.9714661599370356	False
BRD:BRD-K76594255-001-01-6	-0.017211022036310232	0.6915022166287762	534	0.9789647956926407	False
BRD:BRD-K68532323-003-02-8	-0.017186687076357243	0.6867447693998233	553	0.9789647956926407	False
BRD:BRD-A33894669-065-01-9	-0.01717855398571918	0.6920544414871216	534	0.9789647956926407	False
BRD:BRD-K00003431-001-01-9	-0.017163972455726352	0.611523721044816	878	0.9714661599370356	False
BRD:BRD-K00005247-001-01-9	-0.01711968398384627	0.6124432878751856	878	0.9714661599370356	False
BRD:BRD-K00004705-001-01-9	-0.01710448974029093	0.612758908306616	878	0.9714661599370356	False
BRD:BRD-K00005327-001-01-9	-0.017058162367583694	0.6137216800899294	878	0.9714661599370356	False
BRD:BRD-A26032986-050-02-1	-0.017007652070034268	0.6901051482010953	552	0.9789647956926407	False
BRD:BRD-K91876515-001-03-9	-0.016985630686854537	0.6152303636097106	878	0.9721699252757587	False
BRD:BRD-K42828737-044-09-0	-0.016944770757872075	0.6925280588083724	547	0.9789647956926407	False
BRD:BRD-K00003531-001-01-9	-0.016942813769484477	0.6161217334911142	878	0.9724216649144702	False
BRD:BRD-K06593056-001-04-8	-0.01693435935953183	0.6927073706157517	547	0.9789647956926407	False
BRD:BRD-K36363294-001-04-2	-0.016931698661861193	0.696801966860236	532	0.9789647956926407	False
BRD:BRD-K24556098-001-19-1	-0.016927178421927164	0.69202923999503	550	0.9789647956926407	False
BRD:BRD-K96006502-001-02-6	-0.016895573234729077	0.693375521313212	547	0.9789647956926407	False
BRD:BRD-K83036479-001-09-2	-0.016891479751436452	0.6931789732534415	548	0.9789647956926407	False
BRD:BRD-K00090636-001-01-9	-0.016883223139174605	0.6214110733879697	858	0.97303057663476	False
BRD:BRD-K46585355-001-14-3	-0.016859850083575472	0.6923954003240167	553	0.9789647956926407	False
BRD:BRD-K00076493-001-02-9	-0.016838063636123307	0.622344485760578	858	0.97303057663476	False
BRD:BRD-K33059059-001-01-0	-0.016776533512005094	0.7170714969443213	469	0.9789647956926407	False
BRD:BRD-K00003487-001-01-9	-0.016762686471008325	0.6208789257882534	873	0.97303057663476	False
BRD:BRD-K00076949-001-02-9	-0.01674818159618401	0.6242040824185672	858	0.97303057663476	False
BRD:BRD-A28044053-001-01-7	-0.016742597490108615	0.6968100231390237	544	0.9789647956926407	False
BRD:BRD-K00004598-001-01-9	-0.016729527013392625	0.6205703769246472	878	0.97303057663476	False
BRD:BRD-A51571244-001-01-9	-0.0167028758106825	0.698825110759107	539	0.9789647956926407	False
BRD:BRD-A92933783-050-01-6	-0.01668099844030767	0.6976055442582667	545	0.9789647956926407	False
BRD:BRD-K30237152-300-02-5	-0.01668047953126205	0.6976144884105353	545	0.9789647956926407	False
BRD:BRD-K68770713-001-01-8	-0.01667844223095574	0.6984456457011982	542	0.9789647956926407	False
BRD:BRD-K82861010-001-02-5	-0.01657937561870729	0.7117910106957567	499	0.9789647956926407	False
BRD:BRD-K75956464-237-01-5	-0.016575228137335158	0.6975915996578484	552	0.9789647956926407	False
BRD:BRD-K00004711-001-01-9	-0.01654953639428668	0.624335363013157	878	0.97303057663476	False
BRD:BRD-K41779183-001-01-2	-0.016526910619803856	0.6981691417606488	553	0.9789647956926407	False
BRD:BRD-A55416093-001-06-4	-0.016482145822920277	0.7039380176732488	534	0.9789647956926407	False
BRD:BRD-K28849549-001-13-4	-0.01647391605702197	0.7072826945260097	522	0.9789647956926407	False
BRD:BRD-K52523550-001-01-5	-0.016457571031235362	0.7014605004556317	545	0.9789647956926407	False
BRD:BRD-K62398570-300-01-2	-0.016455940152865722	0.7059818107788223	528	0.9789647956926407	False
BRD:BRD-K70557564-305-03-6	-0.016397126672822122	0.7004245676005965	553	0.9789647956926407	False
BRD:BRD-K74057757-001-01-9	-0.01636720480187223	0.7004284159588613	555	0.9789647956926407	False
BRD:BRD-K56735750-001-06-8	-0.016366467327164718	0.7017345307527401	550	0.9789647956926407	False
BRD:BRD-K43806473-066-02-1	-0.016366467327164718	0.7017345307527401	550	0.9789647956926407	False
BRD:BRD-K10852020-001-05-2	-0.016339013620210664	0.7095707756712236	522	0.9789647956926407	False
BRD:BRD-K30990140-003-02-4	-0.01630786029485437	0.7019773983913574	553	0.9789647956926407	False
BRD:BRD-K50005760-001-01-1	-0.016288326894868654	0.724966748161578	469	0.9789647956926407	False
BRD:BRD-K62779383-001-05-5	-0.016282150429209524	0.7105360170415327	522	0.9789647956926407	False
BRD:BRD-K00003411-001-01-9	-0.01623942741477778	0.6318222820092525	873	0.9751523206040598	False
BRD:BRD-K22193694-001-13-6	-0.0162219980291445	0.7042430929044473	550	0.9789647956926407	False
BRD:BRD-K29950728-048-17-4	-0.016204241720995344	0.7053242384748775	547	0.9789647956926407	False
BRD:BRD-K37688416-003-13-1	-0.016203822161395574	0.7045589263664542	550	0.9789647956926407	False
BRD:BRD-K21160401-065-01-0	-0.016198878149894954	0.7033628985032717	555	0.9789647956926407	False
BRD:BRD-K64341947-003-02-4	-0.016191904047976012	0.7045092206663884	551	0.9789647956926407	False
BRD:BRD-K91333421-001-02-9	-0.01616680241081609	0.6327629124176559	876	0.9753598581874877	False
BRD:BRD-K35586044-003-15-4	-0.016145410175361606	0.7068592778360924	545	0.9789647956926407	False
BRD:BRD-K00005240-001-01-9	-0.016043729423002855	0.6349679656500301	878	0.975985763811493	False
BRD:BRD-K65417056-003-10-1	-0.016033026705723145	0.7075292333622404	550	0.9789647956926407	False
BRD:BRD-K77171813-034-01-8	-0.015967766698189518	0.7096830926691652	546	0.9789647956926407	False
BRD:BRD-K70898774-001-03-5	-0.01594748343938846	0.7102900460627246	545	0.9789647956926407	False
BRD:BRD-K00078209-001-02-9	-0.015947298612958256	0.6408782940500337	858	0.976583210826695	False
BRD:BRD-K97521363-001-16-1	-0.015946835586834397	0.709029875059135	550	0.9789647956926407	False
BRD:BRD-K94144010-001-13-9	-0.01591567695640767	0.7095726440485011	550	0.9789647956926407	False
BRD:BRD-K13049116-001-05-7	-0.01591103621421613	0.7104140710212071	547	0.9789647956926407	False
BRD:BRD-K98684188-001-02-9	-0.015878335625062964	0.71098253343402	547	0.9789647956926407	False
BRD:BRD-K91758890-001-10-0	-0.015830856240246022	0.7110509259927326	550	0.9789647956926407	False
BRD:BRD-K00003377-001-01-9	-0.015807961569095173	0.6399500363864771	878	0.976583210826695	False
BRD:BRD-K79450420-001-02-6	-0.015789283927783018	0.7158330636614061	534	0.9789647956926407	False
BRD:BRD-K90027121-003-01-7	-0.01576588692424512	0.7116822143317341	552	0.9789647956926407	False
BRD:BRD-K13050303-001-17-3	-0.01575283342573602	0.7195431037759376	522	0.9789647956926407	False
BRD:BRD-K63177377-001-01-8	-0.01572976647618583	0.7171131455438218	533	0.9789647956926407	False
BRD:BRD-K19171642-001-02-3	-0.015728858059008772	0.7125795220252769	551	0.9789647956926407	False
BRD:BRD-K14661019-001-02-9	-0.015726175051568012	0.641682096198287	878	0.976583210826695	False
BRD:BRD-K97118047-001-03-8	-0.0157180142202621	0.7125188181317154	552	0.9789647956926407	False
BRD:BRD-K00029604-001-02-9	-0.01571321773912776	0.6457866707524438	858	0.976583210826695	False
BRD:BRD-K77175907-001-08-0	-0.015709570388109856	0.71695160536134	535	0.9789647956926407	False
BRD:BRD-A04661934-001-02-9	-0.015705059135441183	0.7119970931630775	555	0.9789647956926407	False
BRD:BRD-K58772419-001-07-0	-0.015660997252569888	0.7137649762436513	551	0.9789647956926407	False
BRD:BRD-K64137799-003-02-5	-0.0156467976170337	0.7130182271876042	555	0.9789647956926407	False
BRD:BRD-A60786380-412-01-5	-0.015637916275862418	0.7220180962160514	520	0.9789647956926407	False
BRD:BRD-A52588987-004-08-2	-0.01560857051249763	0.7144327065605126	552	0.9789647956926407	False
BRD:BRD-K00003403-001-01-9	-0.01560297225289118	0.6442949385049569	878	0.976583210826695	False
BRD:BRD-A87125127-001-03-9	-0.015586296460759526	0.6450271055554742	876	0.976583210826695	False
BRD:BRD-K84163249-001-01-9	-0.015577158438148457	0.7202482016887017	531	0.9789647956926407	False
BRD:BRD-A51078674-003-01-0	-0.01556607382646912	0.7144338991611532	555	0.9789647956926407	False
BRD:BRD-K28456624-001-01-1	-0.015555582276515299	0.7166017875644329	547	0.9789647956926407	False
BRD:BRD-K90472149-066-01-0	-0.01551356916461196	0.737285073666247	470	0.9806896545937699	False
BRD:BRD-A97104540-004-15-0	-0.015508649472079493	0.7159346893020109	553	0.9789647956926407	False
BRD:BRD-K62782754-337-02-5	-0.015487244802167796	0.7197862859523521	539	0.9789647956926407	False
BRD:BRD-A53151380-001-01-2	-0.015485514753016464	0.7170807883835196	550	0.9789647956926407	False
BRD:BRD-K46386702-001-02-1	-0.015474118772443727	0.7172800712801777	550	0.9789647956926407	False
BRD:BRD-K92428232-001-10-6	-0.015474021497160364	0.7165416119601333	553	0.9789647956926407	False
BRD:BRD-K32501161-300-06-2	-0.01544384514568001	0.7190461764394552	545	0.9789647956926407	False
BRD:BRD-K68264559-045-02-4	-0.015403883803515503	0.7192482311937547	547	0.9789647956926407	False
BRD:BRD-A63752151-001-01-2	-0.015392482579455023	0.7174815258132244	555	0.9789647956926407	False
BRD:BRD-K62715847-003-02-9	-0.015388307854342437	0.64923232249719	876	0.976583210826695	False
BRD:BRD-K44869961-001-01-6	-0.015365162070313642	0.739707002636478	470	0.9806896545937699	False
BRD:BRD-K35775715-001-03-1	-0.01535552002561335	0.7186199302257087	553	0.9789647956926407	False
BRD:BRD-K62971431-001-01-9	-0.015266417048434192	0.7246073925501739	535	0.9789647956926407	False
BRD:BRD-K17641316-001-04-8	-0.015213912585554847	0.7255162838885146	535	0.9789647956926407	False
BRD:BRD-K80359953-001-01-3	-0.015190559854304033	0.7259206610423625	535	0.9789647956926407	False
BRD:BRD-K85406984-001-01-0	-0.015153088990464648	0.727557538105066	531	0.9789647956926407	False
BRD:BRD-K21164796-001-02-8	-0.01515297375235827	0.7226613164193814	551	0.9789647956926407	False
BRD:BRD-K00004719-001-01-9	-0.015132393941985947	0.6543150118530426	878	0.9771132149688614	False
BRD:BRD-K00003349-001-01-9	-0.015119415894981857	0.6545922485263471	878	0.9771132149688614	False
BRD:BRD-K78666826-003-01-6	-0.01511226032602963	0.7236178487699416	550	0.9789647956926407	False
BRD:BRD-K54256913-001-08-7	-0.015093074687850207	0.7239544087028736	550	0.9789647956926407	False
BRD:BRD-K24476327-001-01-3	-0.01506103816197735	0.728410105718574	534	0.9789647956926407	False
BRD:BRD-K81136890-003-01-6	-0.014972411667568093	0.7277590507149485	543	0.9789647956926407	False
BRD:BRD-K74514084-001-03-9	-0.014930505265077753	0.7294579054381156	539	0.9789647956926407	False
BRD:BRD-K00091711-001-01-2	-0.014930421709968394	0.7280104365958607	545	0.9789647956926407	False
BRD:BRD-K58160573-001-05-4	-0.014923305243057	0.7281349529572325	545	0.9789647956926407	False
BRD:BRD-A31204924-001-14-2	-0.01492185376673279	0.6591836935953546	876	0.977605408971892	False
BRD:BRD-K59227464-334-02-4	-0.014919651750548043	0.7258053525834302	555	0.9789647956926407	False
BRD:BRD-K86882815-001-03-2	-0.014908961276533784	0.7315328070069195	532	0.9790735538614443	False
BRD:BRD-K50168500-001-07-9	-0.014881960541417267	0.7276613355226588	550	0.9789647956926407	False
BRD:BRD-K08998509-001-02-4	-0.014879163289168811	0.7274718378184195	551	0.9789647956926407	False
BRD:BRD-A98378129-001-02-2	-0.014867819381892668	0.7305496047386119	539	0.9789647956926407	False
BRD:BRD-K93900986-001-15-0	-0.014823832258387366	0.7325227154708921	534	0.979324995956365	False
BRD:BRD-K00003198-001-01-9	-0.01480966334595922	0.662131787339123	873	0.977605408971892	False
BRD:BRD-K79116891-003-15-1	-0.014793749881667529	0.7292121056090998	550	0.9789647956926407	False
BRD:BRD-K58265391-001-12-7	-0.014781174006298284	0.7291960092397559	551	0.9789647956926407	False
BRD:BRD-K98174813-001-18-0	-0.014774203611191503	0.7295558847942731	550	0.9789647956926407	False
BRD:BRD-A72767275-003-01-6	-0.01474224677096346	0.7308296837810321	547	0.9789647956926407	False
BRD:BRD-K32842773-434-01-8	-0.014712534147492089	0.7342147763114788	535	0.980161396479891	False
BRD:BRD-K00004752-001-01-9	-0.014703249641802798	0.6635074152799088	878	0.977605408971892	False
BRD:BRD-A30582499-003-05-1	-0.014689393053658411	0.735337577859877	532	0.980161396479891	False
BRD:BRD-K00004698-001-01-9	-0.014687346215351064	0.6638490560358496	878	0.977605408971892	False
BRD:BRD-K73381542-003-23-4	-0.014676567849047912	0.7300973363395822	555	0.9789647956926407	False
BRD:BRD-A16347691-001-13-1	-0.014667572859955673	0.7307259763543833	553	0.9789647956926407	False
BRD:BRD-K00003493-001-01-9	-0.01466739575201373	0.6651792285564858	873	0.977605408971892	False
BRD:BRD-K31342827-001-13-8	-0.014665170133906955	0.6646857490083805	876	0.977605408971892	False
BRD:BRD-K00075715-003-02-9	-0.01465480969748367	0.6681702506500314	858	0.977605408971892	False
BRD:BRD-K83354763-001-07-9	-0.014654620024233119	0.6649122812123323	876	0.977605408971892	False
BRD:BRD-K00003387-001-01-9	-0.014652696450661605	0.6654944108298538	873	0.977605408971892	False
BRD:BRD-K00002423-001-02-9	-0.01464091246520937	0.664846954639133	878	0.977605408971892	False
BRD:BRD-K00003418-001-01-9	-0.01462688837343309	0.6651484603518515	878	0.977605408971892	False
BRD:BRD-K63483542-300-01-6	-0.014616768856209952	0.752215907398879	469	0.9806896545937699	False
BRD:BRD-K00003283-001-01-9	-0.014587670559262252	0.6659918959636807	878	0.977605408971892	False
BRD:BRD-K20290250-001-02-1	-0.014584259670964871	0.7400481394456502	520	0.9806896545937699	False
BRD:BRD-K00090651-001-01-9	-0.01457588980868472	0.6698514526952601	858	0.977706656019092	False
BRD:BRD-K70614402-001-01-0	-0.014573729435590347	0.7529217707315793	469	0.9806896545937699	False
BRD:BRD-K13387373-004-14-5	-0.014562833448860748	0.7339808815901683	547	0.9800845990161736	False
BRD:BRD-A86248581-001-01-4	-0.014543067370464513	0.7378767780597922	532	0.9806896545937699	False
BRD:BRD-A33514596-003-01-2	-0.014538274731205118	0.7348823946207962	545	0.980161396479891	False
BRD:BRD-K00004709-001-01-9	-0.014533453526832584	0.6671586060207331	878	0.977605408971892	False
BRD:BRD-K61665160-001-01-5	-0.014502491330311288	0.7350417326077463	547	0.980161396479891	False
BRD:BRD-K00615600-001-12-9	-0.014472041634518226	0.7412569196987899	523	0.9806896545937699	False
BRD:BRD-K40581315-034-02-9	-0.014460201674896853	0.6690922866208994	876	0.977605408971892	False
BRD:BRD-K91904471-001-02-4	-0.014458292047245842	0.737694992873978	539	0.9806896545937699	False
BRD:BRD-K93045741-001-01-0	-0.014399267483418278	0.7356972056076408	552	0.9804482877479649	False
BRD:BRD-K28042756-001-01-9	-0.014365659434304592	0.7409591778412074	532	0.9806896545937699	False
BRD:BRD-K49519092-303-03-0	-0.014339141995480174	0.7565203870979393	470	0.9806896545937699	False
BRD:BRD-K00003363-001-01-9	-0.014323359956563654	0.6725714223294849	873	0.9779044164884678	False
BRD:BRD-K65928735-001-04-3	-0.014290018689768773	0.7380888604366656	550	0.9806896545937699	False
BRD:BRD-K67966701-001-12-4	-0.014281020068535571	0.7424312223004004	532	0.9806896545937699	False
BRD:BRD-K55192287-051-01-1	-0.014279039433926336	0.7575089471127233	470	0.9806896545937699	False
BRD:BRD-K59433843-001-01-7	-0.014273324850425598	0.7376941937586405	553	0.9806896545937699	False
BRD:BRD-K14762862-001-01-9	-0.0142497144834625	0.7376543896505363	555	0.9806896545937699	False
BRD:BRD-K64514229-001-05-2	-0.014244723273315102	0.7388887862051472	550	0.9806896545937699	False
BRD:BRD-K52313696-001-12-3	-0.01423694702779144	0.7431981113364474	532	0.9806896545937699	False
BRD:BRD-K26556907-001-01-8	-0.014234066980970763	0.7584995497853327	469	0.9806896545937699	False
BRD:BRD-K08542803-001-03-1	-0.014165167788683899	0.7402944332808573	550	0.9806896545937699	False
BRD:BRD-K48247567-001-01-9	-0.014106555564016379	0.7415584798695242	549	0.9806896545937699	False
BRD:BRD-K35169477-001-01-9	-0.01409703335269462	0.7421829167751335	547	0.9806896545937699	False
BRD:BRD-A47598013-004-16-0	-0.014068951091949515	0.7419956191192714	550	0.9806896545937699	False
BRD:BRD-K14127446-005-22-7	-0.014068446206734267	0.742004549206345	550	0.9806896545937699	False
BRD:BRD-K00090622-001-01-9	-0.014067432181355321	0.6807222478398611	858	0.9789647956926407	False
BRD:BRD-K63923597-001-10-0	-0.01405032869957675	0.7430069457228787	547	0.9806896545937699	False
BRD:BRD-K13421763-001-06-2	-0.014022645905065351	0.7428147796361274	550	0.9806896545937699	False
BRD:BRD-K69577666-001-01-3	-0.013994135943074986	0.7421913651903506	555	0.9806896545937699	False
BRD:BRD-A20839672-003-01-5	-0.013988889251957251	0.7429604378193375	552	0.9806896545937699	False
BRD:BRD-K83699324-001-01-1	-0.013975963259022206	0.7461396495122578	539	0.9806896545937699	False
BRD:BRD-K53809807-304-02-4	-0.013970027004534188	0.7471590698316515	535	0.9806896545937699	False
BRD:BRD-K00091136-303-01-9	-0.013820204325567948	0.6860321604587849	858	0.9789647956926407	False
BRD:BRD-K62378877-001-05-9	-0.013815813624394522	0.682676479754945	878	0.9789647956926407	False
BRD:BRD-K45924332-001-16-8	-0.013812581470574035	0.7490071191441386	539	0.9806896545937699	False
BRD:BRD-A50675702-001-07-1	-0.013800163678738963	0.7478741908134527	545	0.9806896545937699	False
BRD:BRD-K67100011-003-06-3	-0.01378555511432444	0.7465677407839799	552	0.9806896545937699	False
BRD:BRD-A17883755-001-06-1	-0.013775689628893131	0.7465204723961498	553	0.9806896545937699	False
BRD:BRD-K60918217-001-03-8	-0.013753425764703408	0.7539080798996693	522	0.9806896545937699	False
BRD:BRD-K30373883-001-02-8	-0.013736867958854147	0.7503371236194775	539	0.9806896545937699	False
BRD:BRD-A24587114-066-22-5	-0.013709747996814988	0.7481357395757929	551	0.9806896545937699	False
BRD:BRD-K96936751-001-01-4	-0.013681068024885388	0.7477610633116174	555	0.9806896545937699	False
BRD:BRD-K00004720-001-01-9	-0.013666364311957627	0.6867757105116596	873	0.9789647956926407	False
BRD:BRD-A28958257-001-01-2	-0.013622525728075941	0.7488040407924992	555	0.9806896545937699	False
BRD:BRD-K67304264-001-08-5	-0.013591709903114492	0.7500118682212464	552	0.9806896545937699	False
BRD:BRD-K00004626-001-01-9	-0.013574380953803216	0.6887733798983569	873	0.9789647956926407	False
BRD:BRD-K99451608-001-07-3	-0.013572589359645865	0.7503518614867851	552	0.9806896545937699	False
BRD:BRD-K00004316-003-01-9	-0.013526311678980333	0.6893119955495538	876	0.9789647956926407	False
BRD:BRD-K45479396-050-01-5	-0.013518637719349353	0.7506560157324613	555	0.9806896545937699	False
BRD:BRD-K43890836-001-01-6	-0.013517078056112382	0.7550907636311704	535	0.9806896545937699	False
BRD:BRD-K79821389-001-03-5	-0.01349997113732153	0.7556132974590457	534	0.9806896545937699	False
BRD:BRD-K34157611-001-16-0	-0.01343989254134964	0.7542417619204627	545	0.9806896545937699	False
BRD:BRD-K09126848-003-01-9	-0.013410027701651553	0.7543332766795624	547	0.9806896545937699	False
BRD:BRD-K00003123-001-01-9	-0.013404239330469645	0.6916374737705536	878	0.9789647956926407	False
BRD:BRD-K60130390-001-02-1	-0.013395789674017226	0.7574399969866701	534	0.9806896545937699	False
BRD:BRD-K00003502-001-01-9	-0.013386899808652703	0.6920159570182219	878	0.9789647956926407	False
BRD:BRD-A33479817-003-03-7	-0.013360269951304068	0.7578427260182788	535	0.9806896545937699	False
BRD:BRD-K13112821-001-17-4	-0.013352251772833843	0.7553579173199331	547	0.9806896545937699	False
BRD:BRD-K74057164-001-01-6	-0.013310114761451042	0.6940252919687367	876	0.9789647956926407	False
BRD:BRD-K33067152-236-01-1	-0.013296131388822834	0.7737307283795192	470	0.9827959069020161	False
BRD:BRD-K30553453-001-13-2	-0.013276805794720363	0.756696577740676	547	0.9806896545937699	False
BRD:BRD-A80871782-004-06-9	-0.013275834596251184	0.7549899562470782	555	0.9806896545937699	False
BRD:BRD-K98054437-001-09-9	-0.01326960179674974	0.7594353405924097	535	0.9806896545937699	False
BRD:BRD-A37873789-003-02-9	-0.013243980338503086	0.6959667307841898	873	0.9789647956926407	False
BRD:BRD-K07220430-001-18-4	-0.013232933301958322	0.7568291853902153	550	0.9806896545937699	False
BRD:BRD-A63675168-001-01-6	-0.0132139802233558	0.7580274100450354	546	0.9806896545937699	False
BRD:BRD-K00003109-001-01-9	-0.013179942509911207	0.696539280709312	878	0.9789647956926407	False
BRD:BRD-K00004597-001-01-9	-0.01317367619534899	0.6975009210316401	873	0.9789647956926407	False
BRD:BRD-K94420399-001-01-9	-0.01316345304086519	0.7569985393437009	555	0.9806896545937699	False
BRD:BRD-M75061779-001-01-2	-0.013156964984067895	0.6970421533538116	878	0.9789647956926407	False
BRD:BRD-K52075715-001-06-7	-0.013151730542583203	0.7572081488257586	555	0.9806896545937699	False
BRD:BRD-K92731339-227-04-9	-0.013149699367901743	0.7583110196744209	550	0.9806896545937699	False
BRD:BRD-K11631773-001-10-8	-0.013120084555733753	0.7648995851885102	522	0.9827517859948338	False
BRD:BRD-K66404838-310-01-1	-0.013048474285261027	0.7590552372047766	555	0.9806896545937699	False
BRD:BRD-K72904818-001-01-1	-0.013043209209424396	0.7608459541009344	547	0.9808748410691611	False
BRD:BRD-K92830582-003-10-5	-0.013009335504965282	0.7614482258696463	547	0.9810689665379314	False
BRD:BRD-K61802864-001-08-8	-0.01298644935905253	0.7610086395806098	551	0.9808748410691611	False
BRD:BRD-K09735259-001-01-3	-0.012968030988074888	0.7649543100035218	534	0.9827517859948338	False
BRD:BRD-K84794093-001-07-5	-0.012927427800907491	0.7660971594257622	532	0.9827959069020161	False
BRD:BRD-K49076555-001-05-6	-0.012896054196502487	0.7030851264001383	876	0.9789647956926407	False
BRD:BRD-K54640016-001-04-7	-0.012863068818559578	0.7634207211367713	550	0.9821408314325148	False
BRD:BRD-K16497916-001-01-6	-0.012853781129424193	0.7812922782712894	469	0.9827959069020161	False
BRD:BRD-K53896891-001-01-2	-0.01282266756220615	0.7046953046256038	876	0.9789647956926407	False
BRD:BRD-K24282351-001-01-4	-0.012788989352977924	0.7823669743950717	469	0.9827959069020161	False
BRD:BRD-K00091132-001-01-9	-0.012769832661622928	0.7087620406100316	858	0.9789647956926407	False
BRD:BRD-K46654563-238-01-0	-0.012763531665312564	0.7662408231123959	545	0.9827959069020161	False
BRD:BRD-A26105646-001-06-1	-0.012759443372336358	0.7828571888990675	469	0.9827959069020161	False
BRD:BRD-K76304753-003-20-3	-0.012757749827078087	0.769291673140601	531	0.9827959069020161	False
BRD:BRD-K51485109-001-02-9	-0.01273494797199355	0.7063016041843293	878	0.9789647956926407	False
BRD:BRD-K06854232-001-19-9	-0.01273119570382395	0.7676523513465204	541	0.9827959069020161	False
BRD:BRD-K32101625-001-01-6	-0.012727483797939523	0.7652195070024024	553	0.9827577931806908	False
BRD:BRD-K43164539-001-11-5	-0.012726613682535083	0.7681529261987625	539	0.9827959069020161	False
BRD:BRD-K00003368-001-01-9	-0.012704453107448414	0.7069723942886265	878	0.9789647956926407	False
BRD:BRD-K64178227-001-09-0	-0.012678223709862773	0.76734290615795	547	0.9827959069020161	False
BRD:BRD-K77300776-001-02-5	-0.012670594879835453	0.7691444970537894	539	0.9827959069020161	False
BRD:BRD-K00091103-001-01-9	-0.012661332063421004	0.7111252162074676	858	0.9789647956926407	False
BRD:BRD-K73293050-001-03-1	-0.012643396849217581	0.7679637054737601	547	0.9827959069020161	False
BRD:BRD-K41260949-236-16-8	-0.012629213000960211	0.7698772264006635	539	0.9827959069020161	False
BRD:BRD-K00004966-001-01-9	-0.012626318881837708	0.7086921346991762	878	0.9789647956926407	False
BRD:BRD-K52721684-001-04-8	-0.01259648001147174	0.7093492824992503	878	0.9789647956926407	False
BRD:BRD-K28183345-003-11-4	-0.012590524711658129	0.767263618275086	555	0.9827959069020161	False
BRD:BRD-K59998349-003-01-4	-0.012569089032931451	0.7697008721197912	545	0.9827959069020161	False
BRD:BRD-K30284967-001-02-9	-0.01256530558053496	0.7103524957815774	876	0.9789647956926407	False
BRD:BRD-K71879491-001-51-5	-0.012564288057266922	0.7103748943209459	876	0.9789647956926407	False
BRD:BRD-K00005344-001-01-9	-0.012554868705025557	0.7102660576213433	878	0.9789647956926407	False
BRD:BRD-K30867024-003-03-3	-0.012540623165285876	0.7702077995535813	545	0.9827959069020161	False
BRD:BRD-A36010170-001-04-0	-0.01251397675544532	0.769657799097032	550	0.9827959069020161	False
BRD:BRD-K98157055-001-10-9	-0.01251058681185723	0.7697184394102606	550	0.9827959069020161	False
BRD:BRD-K57252450-001-02-5	-0.012509214021605018	0.7691308771829114	553	0.9827959069020161	False
BRD:BRD-K79259477-001-04-9	-0.012506233745075096	0.7691843242314576	553	0.9827959069020161	False
BRD:BRD-K00004576-001-01-9	-0.012503488404181487	0.711398639649666	878	0.9789647956926407	False
BRD:BRD-K59839632-001-02-9	-0.012488790588653627	0.7117227424557543	878	0.9789647956926407	False
BRD:BRD-K77554836-001-11-6	-0.012483537410179464	0.7759945061936077	522	0.9827959069020161	False
BRD:BRD-K56839624-001-06-9	-0.012473069617406223	0.7128562720709962	873	0.9789647956926407	False
BRD:BRD-K00004604-001-01-9	-0.012441831347538882	0.7135436966155679	873	0.9789647956926407	False
BRD:BRD-K81993098-003-15-0	-0.012428296965058339	0.7133706796441092	876	0.9789647956926407	False
BRD:BRD-K51528698-003-01-4	-0.012419082981166184	0.7885104574118786	469	0.9835762470050262	False
BRD:BRD-K18637542-001-01-7	-0.01241572702075217	0.713334644354843	878	0.9789647956926407	False
BRD:BRD-K89490285-001-08-1	-0.012380082157729675	0.7751130279854384	535	0.9827959069020161	False
BRD:BRD-K66030860-001-03-6	-0.012361995815204422	0.7729851780547355	547	0.9827959069020161	False
BRD:BRD-K00091122-001-01-9	-0.012359274453403062	0.7177186708390502	858	0.9789647956926407	False
BRD:BRD-K00090646-001-01-9	-0.012357203613759566	0.7177639472838995	858	0.9789647956926407	False
BRD:BRD-K20672254-046-05-4	-0.012309934662181924	0.7156708613680155	878	0.9789647956926407	False
BRD:BRD-K62607865-001-09-7	-0.012308811268799087	0.7769873389795219	532	0.9827959069020161	False
BRD:BRD-K46142322-003-02-4	-0.012304569139243075	0.7730042062864667	552	0.9827959069020161	False
BRD:BRD-K87510569-001-02-8	-0.012289907677740077	0.773468058454669	551	0.9827959069020161	False
BRD:BRD-K05804044-001-18-5	-0.012272703624469392	0.7155659588772025	884	0.9789647956926407	False
BRD:BRD-K49313711-001-05-4	-0.012254255647295969	0.7741073849528967	551	0.9827959069020161	False
BRD:BRD-A74208568-003-01-5	-0.01224768586763172	0.7744255400364376	550	0.9827959069020161	False
BRD:BRD-K49759007-001-11-9	-0.01224269214907173	0.7739148679188735	553	0.9827959069020161	False
BRD:BRD-K13238618-001-05-9	-0.012236537233775456	0.7744251755199826	551	0.9827959069020161	False
BRD:BRD-A43082555-001-02-9	-0.01221522896093721	0.7750072413659548	550	0.9827959069020161	False
BRD:BRD-K16474819-001-09-6	-0.012200454796525182	0.7750724525627801	551	0.9827959069020161	False
BRD:BRD-A19633847-050-32-1	-0.012189011596849946	0.7744819426893773	555	0.9827959069020161	False
BRD:BRD-K58938839-001-06-9	-0.012179642704893653	0.7193224854271166	873	0.9789647956926407	False
BRD:BRD-A29520968-001-02-7	-0.012146362558030711	0.7768394912476998	547	0.9827959069020161	False
BRD:BRD-A60765580-001-03-4	-0.01214480142475553	0.7193228165768377	878	0.9789647956926407	False
BRD:BRD-K00003258-001-01-9	-0.012135989827267778	0.7195178676079579	878	0.9789647956926407	False
BRD:BRD-K07070922-001-01-4	-0.012125553060069807	0.7796162626993521	535	0.9827959069020161	False
BRD:BRD-K19034817-001-01-4	-0.0121236271816245	0.7764511696587193	551	0.9827959069020161	False
BRD:BRD-K05446112-001-01-8	-0.012119949908174	0.7767155843669394	550	0.9827959069020161	False
BRD:BRD-K00004682-001-01-9	-0.012091063090780932	0.7205126363824832	878	0.9789647956926407	False
BRD:BRD-K00004587-001-01-9	-0.012085407357182153	0.7206378992727922	878	0.9789647956926407	False
BRD:BRD-K20995441-001-02-5	-0.012079055067352214	0.7780436993895464	547	0.9827959069020161	False
BRD:BRD-K26548821-003-10-5	-0.01203419154804118	0.7782541440930804	550	0.9827959069020161	False
BRD:BRD-K27529556-001-04-9	-0.011996271175019944	0.7233736620550739	873	0.9789647956926407	False
BRD:BRD-A25492003-003-14-1	-0.011979410369956492	0.782404673712706	534	0.9827959069020161	False
BRD:BRD-K68756823-001-07-1	-0.01197934026634703	0.7798286881851171	547	0.9827959069020161	False
BRD:BRD-K23791635-001-01-3	-0.011973027088165533	0.7825177125205507	534	0.9827959069020161	False
BRD:BRD-K18157228-001-01-7	-0.011971274107953565	0.7787955590064349	553	0.9827959069020161	False
BRD:BRD-K86161929-001-11-7	-0.011969406422106858	0.7849892455051357	522	0.9827959069020161	False
BRD:BRD-K00073934-001-02-9	-0.011965795922609835	0.7263392181724151	858	0.9789647956926407	False
BRD:BRD-K27305650-001-16-6	-0.011947519513673316	0.7803985538353311	547	0.9827959069020161	False
BRD:BRD-K66876909-001-12-6	-0.011938836932091116	0.780947159554852	545	0.9827959069020161	False
BRD:BRD-K50325075-001-02-1	-0.011921766389532506	0.7800770194718921	551	0.9827959069020161	False
BRD:BRD-A82013137-300-01-1	-0.011893536758573282	0.7972613473023007	469	0.9851472717337136	False
BRD:BRD-K17849083-001-31-1	-0.01189154207907581	0.7817929725146117	545	0.9827959069020161	False
BRD:BRD-A56987319-001-12-9	-0.011858520312571404	0.7808256920444628	553	0.9827959069020161	False
BRD:BRD-K00003155-003-01-9	-0.011823541572687005	0.7264458340189134	878	0.9789647956926407	False
BRD:BRD-K20431737-001-08-1	-0.011811681421035503	0.7822501483403862	550	0.9827959069020161	False
BRD:BRD-K90630139-003-05-9	-0.011809928432339476	0.7844253067775396	539	0.9827959069020161	False
BRD:BRD-A40777960-001-04-2	-0.011802954119457644	0.782406997405583	550	0.9827959069020161	False
BRD:BRD-K00004635-001-01-9	-0.011796144245200075	0.727803855216539	873	0.9789647956926407	False
BRD:BRD-K06902185-003-01-7	-0.01179242365639676	0.7825962650476459	550	0.9827959069020161	False
BRD:BRD-K00003221-001-01-9	-0.011791380128335333	0.7271602358048591	878	0.9789647956926407	False
BRD:BRD-K49461364-001-01-0	-0.011777320577414232	0.7274726148819081	878	0.9789647956926407	False
BRD:BRD-A40413915-003-01-2	-0.011773310144676663	0.7829398315645693	550	0.9827959069020161	False
BRD:BRD-K00004538-001-01-9	-0.011771405364757546	0.7279029974340145	876	0.9789647956926407	False
BRD:BRD-K99063460-001-13-1	-0.011749462299050524	0.7888460139459766	522	0.9835762470050262	False
BRD:BRD-K00085357-001-01-9	-0.011725044168146058	0.7317817799479868	857	0.9790735538614443	False
BRD:BRD-A95755460-001-01-3	-0.011711851289563108	0.7850088704419836	545	0.9827959069020161	False
BRD:BRD-K67397687-001-01-3	-0.011703581694054862	0.8004306192922233	469	0.9851472717337136	False
BRD:BRD-K90948141-001-01-4	-0.011699592161140448	0.795948723744898	491	0.9851437530444634	False
BRD:BRD-K45916615-066-02-5	-0.011687698623439461	0.7866023392558946	539	0.9827959069020161	False
BRD:BRD-K50133271-001-18-7	-0.011670992605671306	0.7869000194534783	539	0.9827959069020161	False
BRD:BRD-K39079086-001-07-6	-0.011637963712317517	0.7859483662257356	547	0.9827959069020161	False
BRD:BRD-K77915400-001-01-6	-0.01163505724684088	0.730931890185878	876	0.9789647956926407	False
BRD:BRD-K76534306-001-22-7	-0.011552907756647992	0.7867147921285981	551	0.9827959069020161	False
BRD:BRD-A70858459-001-01-7	-0.01155084224033915	0.7863729853108302	553	0.9827959069020161	False
BRD:BRD-K96194081-001-10-2	-0.01155066189998533	0.7859979630585082	555	0.9827959069020161	False
BRD:BRD-K42816473-001-01-0	-0.011503974085452048	0.7908363539866675	534	0.9847449422164032	False
BRD:BRD-K88570498-001-01-9	-0.011492339564743506	0.8039588994985258	469	0.9852151738789922	False
BRD:BRD-A10903566-003-07-7	-0.011480668472465866	0.7916343628531184	532	0.9847449422164032	False
BRD:BRD-K85307935-236-10-3	-0.01144380155573135	0.7942144025311692	522	0.9847910506184512	False
BRD:BRD-K36463073-001-03-9	-0.011425284582025292	0.7920433912833199	535	0.9847910506184512	False
BRD:BRD-A57900429-003-05-8	-0.01138655552606472	0.789713469911267	551	0.9842427424187781	False
BRD:BRD-K07954936-001-01-3	-0.01135920859164479	0.7937888917202427	532	0.9847910506184512	False
BRD:BRD-K77695569-001-30-0	-0.011355520910620512	0.7895278335517895	555	0.9841920304418303	False
BRD:BRD-A29349577-001-23-0	-0.011343075814826135	0.7906843702646599	550	0.9847449422164032	False
BRD:BRD-K73589401-001-23-6	-0.011343071852286012	0.7912453914354135	547	0.9847449422164032	False
BRD:BRD-K00003232-001-01-9	-0.011298834877214158	0.7381303880988659	878	0.9806896545937699	False
BRD:BRD-K72915123-001-18-1	-0.011275797507944593	0.7917117289483572	551	0.9847449422164032	False
BRD:BRD-K49468759-001-04-2	-0.011273997148257157	0.7389727666303243	876	0.9806896545937699	False
BRD:BRD-A49544621-003-02-8	-0.01127150420830718	0.7940275566595396	539	0.9847910506184512	False
BRD:BRD-K14807180-001-02-5	-0.011248762031276874	0.7933134689029621	545	0.9847910506184512	False
BRD:BRD-K22662435-001-19-1	-0.011242929086318047	0.7958529994216713	532	0.9851437530444634	False
BRD:BRD-K31471398-003-06-9	-0.011242614588516714	0.7396730246140599	876	0.9806896545937699	False
BRD:BRD-K96354014-001-29-4	-0.011223661490195913	0.739809434703669	878	0.9806896545937699	False
BRD:BRD-K95901403-001-04-5	-0.011205272080797853	0.792616361438684	553	0.9847910506184512	False
BRD:BRD-K72222507-003-16-8	-0.011198672897053018	0.7927357186444728	553	0.9847910506184512	False
BRD:BRD-K00003152-001-01-9	-0.011178304653643698	0.7415377265992016	873	0.9806896545937699	False
BRD:BRD-K19002914-001-01-3	-0.011173498883883136	0.8092918747403511	469	0.98651665756897	False
BRD:BRD-A37390343-003-03-5	-0.011173389226201593	0.7933767211404082	552	0.9847910506184512	False
BRD:BRD-K00003292-001-01-9	-0.01110606123640063	0.7424385950110625	878	0.9806896545937699	False
BRD:BRD-K99383816-001-03-5	-0.011101943174787543	0.7983575875886464	532	0.9851472717337136	False
BRD:BRD-K22641081-304-01-8	-0.01110100090991811	0.8103066021823083	470	0.98651665756897	False
BRD:BRD-K17743125-001-08-4	-0.011066547304226345	0.7951264452612892	553	0.9851437530444634	False
BRD:BRD-K23335153-300-02-5	-0.011041434579245332	0.796673544008941	547	0.9851472717337136	False
BRD:BRD-K58262659-001-09-7	-0.011023759353865315	0.7997474026934995	532	0.9851472717337136	False
BRD:BRD-K27677357-003-04-9	-0.011015241606374281	0.7451763901998872	873	0.9806896545937699	False
BRD:BRD-K76894955-001-02-1	-0.010977683661834173	0.7455931238665745	876	0.9806896545937699	False
BRD:BRD-K09397065-003-06-1	-0.010965739148328737	0.8007791935474756	532	0.9851472717337136	False
BRD:BRD-K36207157-001-09-6	-0.010952587206439214	0.7971900221370959	553	0.9851472717337136	False
BRD:BRD-K71164191-001-01-0	-0.010949345027728779	0.7983327230181763	547	0.9851472717337136	False
BRD:BRD-K51102532-003-02-9	-0.010942320265448613	0.7463844924699926	876	0.9806896545937699	False
BRD:BRD-K29066607-001-02-9	-0.01092566283712926	0.7464775454865444	878	0.9806896545937699	False
BRD:BRD-K63430059-001-17-2	-0.01092437633318235	0.8009652645357325	535	0.9851472717337136	False
BRD:BRD-K88510285-001-11-1	-0.010913121530031596	0.7980846586995249	552	0.9851472717337136	False
BRD:BRD-K00003379-001-01-9	-0.010912526856435187	0.7474713371800124	873	0.9806896545937699	False
BRD:BRD-K73196317-003-14-8	-0.010866584940861382	0.7987482790853501	553	0.9851472717337136	False
BRD:BRD-K25114078-003-08-1	-0.010853904921528004	0.7991568478366309	552	0.9851472717337136	False
BRD:BRD-K65230684-001-06-9	-0.010834479646224821	0.7485217075809697	878	0.9806896545937699	False
BRD:BRD-K00003247-001-01-9	-0.010807796639747826	0.7491202268883259	878	0.9806896545937699	False
BRD:BRD-K00005244-001-01-9	-0.010807395288850469	0.7498225990514691	873	0.9806896545937699	False
BRD:BRD-A02180903-001-04-5	-0.010802127369917678	0.8004510838969127	550	0.9851472717337136	False
BRD:BRD-K79989959-001-01-4	-0.01077276533734472	0.800094595279405	555	0.9851472717337136	False
BRD:BRD-K01815685-001-15-5	-0.01075145513955746	0.8019011739134367	547	0.9851472717337136	False
BRD:BRD-K29313239-005-10-9	-0.01073374584678688	0.7510574171176355	876	0.9806896545937699	False
BRD:BRD-K58049875-001-04-7	-0.010732911056433507	0.801525821966705	551	0.9851472717337136	False
BRD:BRD-K16277217-001-10-9	-0.01070381642480469	0.8070690023314048	523	0.9863253365655573	False
BRD:BRD-K19742012-001-02-3	-0.010678549251304126	0.8173959448256523	470	0.9882350138962376	False
BRD:BRD-K01577834-001-15-1	-0.010660973673092645	0.8062045837711714	532	0.9861518868323282	False
BRD:BRD-K69075588-001-02-9	-0.010649130753971352	0.7529557561247768	876	0.9806896545937699	False
BRD:BRD-K03871161-001-02-9	-0.010637752310763873	0.752937976004235	878	0.9806896545937699	False
BRD:BRD-K00003287-001-01-9	-0.01063450779901285	0.7530108791486289	878	0.9806896545937699	False
BRD:BRD-K00076620-001-02-9	-0.010615836457396003	0.7561726615911758	858	0.9806896545937699	False
BRD:BRD-K26818574-305-04-3	-0.01061568292659609	0.8034739453730165	552	0.9852151738789922	False
BRD:BRD-K81092066-311-01-6	-0.01061031374361167	0.8058617973937954	539	0.9860850979516121	False
BRD:BRD-K00004585-001-01-9	-0.010562508005455993	0.7546292562412993	878	0.9806896545937699	False
BRD:BRD-K00003367-001-01-9	-0.010557153674588182	0.7547496514149546	878	0.9806896545937699	False
BRD:BRD-K84214706-001-05-7	-0.010544913664151124	0.8042361550094845	555	0.9852151738789922	False
BRD:BRD-A41385909-001-01-3	-0.010514079946187511	0.8106021459564301	522	0.9865546820297832	False
BRD:BRD-K72167406-001-03-9	-0.010479148991971136	0.8057779807961418	553	0.9860850979516121	False
BRD:BRD-K18745919-001-01-3	-0.010469862518131813	0.821091949946074	469	0.989214751620625	False
BRD:BRD-K69907333-001-10-6	-0.010444561742352292	0.8118309379922468	522	0.9871654851302571	False
BRD:BRD-K94266545-001-24-1	-0.010439445349095789	0.8068441239511065	551	0.9863253365655573	False
BRD:BRD-K45542189-048-22-1	-0.010423850809156542	0.807472025902469	549	0.9863253365655573	False
BRD:BRD-K62200014-003-10-5	-0.010413306181106939	0.8085276885872471	544	0.9864301055033445	False
BRD:BRD-A04352665-001-05-3	-0.010401715804122193	0.8108271976615811	532	0.9866517333552215	False
BRD:BRD-K21528677-001-03-6	-0.01039352579422736	0.8087114017703128	545	0.9864301055033445	False
BRD:BRD-A39189014-003-22-7	-0.01037643700700438	0.8081588559179153	550	0.9864301055033445	False
BRD:BRD-K63932022-001-01-5	-0.010347495900855132	0.8083412323875143	552	0.9864301055033445	False
BRD:BRD-K15976406-001-03-3	-0.010327154888944964	0.8085401014925098	553	0.9864301055033445	False
BRD:BRD-K00077991-001-02-9	-0.01031554571056013	0.7628603787645235	858	0.9819567719073203	False
BRD:BRD-K00004577-001-01-9	-0.010295358808382673	0.7606434608261297	878	0.9808748410691611	False
BRD:BRD-A22143024-231-03-8	-0.010292246221386915	0.8095150992063773	551	0.98651665756897	False
BRD:BRD-K00003356-001-01-9	-0.010289601126251451	0.7614365436093167	873	0.9810689665379314	False
BRD:BRD-K00093437-001-01-9	-0.01027657972791048	0.7637294912445477	858	0.9821408314325148	False
BRD:BRD-K00079290-001-02-9	-0.010271678107469907	0.7638388399713343	858	0.9821408314325148	False
BRD:BRD-K00004630-001-01-9	-0.010240489227378026	0.7625409438489433	873	0.9817317043485637	False
BRD:BRD-K25154476-001-01-4	-0.010178734595425686	0.8142939368321847	535	0.9881795087402943	False
BRD:BRD-K93524252-001-24-7	-0.010162217911733967	0.8123819049862248	548	0.9874817642063134	False
BRD:BRD-K07150325-001-01-7	-0.01012019630628713	0.8269711223344751	469	0.9899760189722496	False
BRD:BRD-K43966364-237-04-8	-0.010104152058480257	0.8149514870209289	539	0.9881795087402943	False
BRD:BRD-K27382019-418-01-9	-0.010091743119266056	0.8141628034226833	545	0.9881795087402943	False
BRD:BRD-K00004748-001-01-9	-0.01008204338396891	0.7661072641467608	873	0.9827959069020161	False
BRD:BRD-K00004616-001-01-9	-0.010062023476605892	0.766558228944146	873	0.9827959069020161	False
BRD:BRD-A08840375-001-01-3	-0.010010736298574852	0.8166318119274302	539	0.9882249158772503	False
BRD:BRD-K87468701-001-01-0	-0.009988178866379004	0.8290132066103729	470	0.9899760189722496	False
BRD:BRD-K93618743-001-21-0	-0.009971449681857637	0.8153436866875253	551	0.9881795087402943	False
BRD:BRD-K00004658-001-01-9	-0.009967911876047121	0.768679225397734	873	0.9827959069020161	False
BRD:BRD-K50010139-001-02-3	-0.009958294216202406	0.8182448821338272	535	0.9885912365994105	False
BRD:BRD-K75282878-300-05-3	-0.009935686281510307	0.7690201587327005	876	0.9827959069020161	False
BRD:BRD-K00010387-001-01-9	-0.00991924365927772	0.7691352231238258	878	0.9827959069020161	False
BRD:BRD-K00076468-001-02-9	-0.009918191479883659	0.7717369325689117	858	0.9827959069020161	False
BRD:BRD-K00003127-001-01-9	-0.009909864715472852	0.7693473352330954	878	0.9827959069020161	False
BRD:BRD-K18305454-001-07-4	-0.009880456582978666	0.8308293468803928	470	0.9899760189722496	False
BRD:BRD-K14920963-304-02-7	-0.009862173246162717	0.8176589555329988	549	0.9882350138962376	False
BRD:BRD-K81053848-001-01-0	-0.009798563879224408	0.832387501118183	469	0.9899760189722496	False
BRD:BRD-A15435692-003-02-3	-0.009793313213428238	0.8192359242702497	547	0.9888614275238659	False
BRD:BRD-A75850590-213-01-0	-0.009790116979221051	0.8224211860063183	528	0.989763986376459	False
BRD:BRD-K23204545-001-16-4	-0.009787447636898521	0.8193423256626318	547	0.9888614275238659	False
BRD:BRD-K28453807-003-11-2	-0.009780531381998277	0.8267949866117343	503	0.9899760189722496	False
BRD:BRD-K00003405-001-01-9	-0.00977231869271636	0.7724600172547289	878	0.9827959069020161	False
BRD:BRD-K11973162-003-01-8	-0.00977147026659082	0.8224224464117794	530	0.989763986376459	False
BRD:BRD-K66541497-001-02-9	-0.009759351284288413	0.7730062435825854	876	0.9827959069020161	False
BRD:BRD-K86727142-001-12-4	-0.00975649630369677	0.8197413755065618	548	0.98899146049921	False
BRD:BRD-K82381502-003-23-1	-0.009743150937343598	0.8188523225869029	555	0.9888614275238659	False
BRD:BRD-A25569250-001-03-3	-0.009733484332825127	0.8203213738752112	547	0.9890336692073604	False
BRD:BRD-K20001883-001-02-7	-0.009725419165096767	0.8204677230426156	547	0.9890336692073604	False
BRD:BRD-K46384285-001-02-9	-0.009705226186943125	0.7742309567172125	876	0.9827959069020161	False
BRD:BRD-K86932920-001-02-9	-0.009645549339837151	0.7755819421632659	876	0.9827959069020161	False
BRD:BRD-K00079286-003-02-9	-0.009628083944505714	0.7782366512419339	858	0.9827959069020161	False
BRD:BRD-K15010214-364-02-7	-0.009619187078665645	0.8249819559184672	531	0.9899760189722496	False
BRD:BRD-K00084836-001-01-9	-0.00959352562054681	0.7790119569495702	858	0.9827959069020161	False
BRD:BRD-K08188887-001-02-4	-0.009590848579158458	0.823070530770968	546	0.9899760189722496	False
BRD:BRD-K60171656-001-01-6	-0.00955056375824874	0.8365693288006527	469	0.9899760189722496	False
BRD:BRD-K79884267-001-01-4	-0.009521956979222219	0.8241617626042502	547	0.9899760189722496	False
BRD:BRD-K28030264-001-02-7	-0.009511866066064854	0.8370503456737561	470	0.9899760189722496	False
BRD:BRD-K98493452-001-14-9	-0.009471638222644636	0.8238165479681345	555	0.9899760189722496	False
BRD:BRD-K68358632-001-01-0	-0.009461344202531884	0.8380749000347512	469	0.9899760189722496	False
BRD:BRD-K52219182-001-02-4	-0.009459855187713844	0.8252900548657934	547	0.9899760189722496	False
BRD:BRD-A23127772-001-02-3	-0.009381272824380494	0.8275031525869134	542	0.9899760189722496	False
BRD:BRD-K49783248-303-08-4	-0.009361850175390773	0.8264474402567735	551	0.9899760189722496	False
BRD:BRD-A71157293-003-10-0	-0.009357501802246366	0.8259054835050297	555	0.9899760189722496	False
BRD:BRD-K47029922-003-10-9	-0.009344889887731396	0.8273797427073641	547	0.9899760189722496	False
BRD:BRD-A25143711-001-02-2	-0.009344595879956327	0.8269177282398797	550	0.9899760189722496	False
BRD:BRD-K78485176-001-07-8	-0.009342409963140813	0.8261817881327446	555	0.9899760189722496	False
BRD:BRD-K82941592-238-04-5	-0.009327943511272857	0.8300411551027587	532	0.9899760189722496	False
BRD:BRD-K64990126-004-01-1	-0.009319877496383222	0.8265943573113524	555	0.9899760189722496	False
BRD:BRD-K43055376-001-01-2	-0.009314755488309977	0.8279276884433991	547	0.9899760189722496	False
BRD:BRD-K00003393-300-01-9	-0.009306804034253014	0.78362654658084	873	0.9827959069020161	False
BRD:BRD-K00004712-001-01-9	-0.00930283612468557	0.7837165062553993	873	0.9827959069020161	False
BRD:BRD-K27983781-001-01-4	-0.009300305480121477	0.7834108868557569	876	0.9827959069020161	False
BRD:BRD-K97656802-001-02-9	-0.009289164872630463	0.7840264803194246	873	0.9827959069020161	False
BRD:BRD-K77070363-001-01-5	-0.009288677515371664	0.8408222475616162	470	0.99048543476284	False
BRD:BRD-K32143970-001-02-9	-0.009284025107832921	0.7837806176869082	876	0.9827959069020161	False
BRD:BRD-K08273968-001-19-0	-0.009272010099349668	0.8287050880214231	547	0.9899760189722496	False
BRD:BRD-K16761703-001-03-8	-0.009266673157046665	0.8278761969403364	553	0.9899760189722496	False
BRD:BRD-K00003576-001-01-9	-0.009242541339534264	0.7844827071474652	878	0.9827959069020161	False
BRD:BRD-K03019184-439-02-9	-0.009241128469006822	0.7847550429641031	876	0.9827959069020161	False
BRD:BRD-K51041191-001-02-9	-0.009235715454156428	0.7846379551410018	878	0.9827959069020161	False
BRD:BRD-K93176058-001-03-6	-0.009233517253373402	0.8294052908901072	547	0.9899760189722496	False
BRD:BRD-K91535048-001-01-2	-0.009227989922949388	0.7850535611189416	876	0.9827959069020161	False
BRD:BRD-A86415025-050-01-0	-0.009221534861095414	0.8283955671990189	555	0.9899760189722496	False
BRD:BRD-K00003341-001-01-9	-0.00920517144146868	0.7859316478627602	873	0.9827959069020161	False
BRD:BRD-K35601925-001-01-9	-0.009204702608671168	0.8299295312391546	547	0.9899760189722496	False
BRD:BRD-K00003225-003-01-9	-0.009137209949846676	0.7868793147739693	878	0.9827959069020161	False
BRD:BRD-K91543828-001-02-0	-0.009130212635238173	0.8331269358771654	535	0.9899760189722496	False
BRD:BRD-K00003294-050-01-9	-0.009092761911814897	0.7878912484342876	878	0.9832349893160839	False
BRD:BRD-K25359048-001-02-6	-0.009079320600500767	0.831001904684452	555	0.9899760189722496	False
BRD:BRD-K31843556-001-04-1	-0.009069867668194306	0.8323836556668243	547	0.9899760189722496	False
BRD:BRD-K99621550-300-01-8	-0.009034235725497514	0.8325799229276649	550	0.9899760189722496	False
BRD:BRD-K38904395-001-02-3	-0.009011372227225537	0.8322478400273671	555	0.9899760189722496	False
BRD:BRD-K55675242-001-03-0	-0.008992358912698794	0.8350029319708309	539	0.9899760189722496	False
BRD:BRD-K00076465-001-02-9	-0.008967600089403276	0.793091689903917	858	0.9847910506184512	False
BRD:BRD-A50998626-001-02-1	-0.008931708901017273	0.8347506150297472	548	0.9899760189722496	False
BRD:BRD-K90069354-001-03-7	-0.008917405258996734	0.8371123420683271	534	0.9899760189722496	False
BRD:BRD-K45014108-003-01-8	-0.008910683100680423	0.834836440878619	550	0.9899760189722496	False
BRD:BRD-K65285700-001-02-3	-0.008908057115085882	0.8357786936436976	544	0.9899760189722496	False
BRD:BRD-K94720315-001-10-4	-0.008903831087044916	0.8349616233178846	550	0.9899760189722496	False
BRD:BRD-K38305202-001-17-4	-0.008895576135377288	0.8349640928864162	551	0.9899760189722496	False
BRD:BRD-K54142781-003-11-8	-0.008893264417567555	0.8348581947689658	552	0.9899760189722496	False
BRD:BRD-K00090658-001-01-9	-0.00886783881446748	0.7953421111490147	858	0.9851437530444634	False
BRD:BRD-K97045029-001-04-3	-0.008839184872221259	0.8354070292748036	555	0.9899760189722496	False
BRD:BRD-K00003101-001-02-9	-0.008826250979348338	0.793966256293444	878	0.9847910506184512	False
BRD:BRD-K00003391-236-01-9	-0.008820630704894377	0.7940945040086682	878	0.9847910506184512	False
BRD:BRD-K03406345-001-27-8	-0.008800113238541133	0.8368569976943487	550	0.9899760189722496	False
BRD:BRD-K02782351-003-01-5	-0.008777599028472324	0.8496322620769924	469	0.9908092945349728	False
BRD:BRD-K53600683-051-01-5	-0.008775725268879502	0.8495048568889315	470	0.9908092945349728	False
BRD:BRD-K38477637-001-01-0	-0.008762157541364748	0.83990954042319	534	0.990230738207384	False
BRD:BRD-K00003164-001-01-9	-0.00875770845241142	0.7955306906449237	878	0.9851437530444634	False
BRD:BRD-K46556543-237-10-5	-0.008715633888960109	0.8425324109820276	522	0.9908092945349728	False
BRD:BRD-K05395900-322-05-4	-0.008696511210641663	0.8393332584810798	546	0.990230738207384	False
BRD:BRD-K12329651-001-18-8	-0.008684124999736769	0.8382542435475773	555	0.9899760189722496	False
BRD:BRD-K57090026-001-04-9	-0.008646216531629131	0.798302951992675	876	0.9851472717337136	False
BRD:BRD-A71262238-001-08-4	-0.008635008488222433	0.8403094979595284	547	0.990230738207384	False
BRD:BRD-K26756394-001-02-2	-0.008616444609141133	0.8399280935614002	552	0.990230738207384	False
BRD:BRD-K95609758-001-03-7	-0.008603401648458067	0.8403106794625842	551	0.990230738207384	False
BRD:BRD-K00003113-001-01-9	-0.008590722608997212	0.7999070392571813	873	0.9851472717337136	False
BRD:BRD-A84810646-001-01-6	-0.008589336097320616	0.8430257474823099	534	0.9908092945349728	False
BRD:BRD-A43082555-001-01-1	-0.008583521276033223	0.8424041318721506	539	0.9908092945349728	False
BRD:BRD-K54093161-001-01-8	-0.008563797798475476	0.8532528930778474	469	0.9908092945349728	False
BRD:BRD-K00003291-001-01-9	-0.008555875000096405	0.8001421412713112	878	0.9851472717337136	False
BRD:BRD-K38003476-001-09-1	-0.008542542490546541	0.840855832850898	555	0.99048543476284	False
BRD:BRD-K90497590-001-04-2	-0.008537859876949001	0.8420823891380191	547	0.9908092945349728	False
BRD:BRD-K56155962-001-12-1	-0.00851316764910092	0.844255512711075	535	0.9908092945349728	False
BRD:BRD-K00003472-001-01-9	-0.008490009638593391	0.8016485349280701	878	0.9851472717337136	False
BRD:BRD-K09090949-001-01-9	-0.008479557401469459	0.8452946850953293	532	0.9908092945349728	False
BRD:BRD-K73477617-001-08-5	-0.00842765220260683	0.8435303291628827	551	0.9908092945349728	False
BRD:BRD-A38218502-001-01-2	-0.008411333792958203	0.8435486152150372	553	0.9908092945349728	False
BRD:BRD-K64800655-001-07-4	-0.00837386486556681	0.8439575587638968	555	0.9908092945349728	False
BRD:BRD-K59895502-001-01-9	-0.008362926608611638	0.8471119244221869	534	0.9908092945349728	False
BRD:BRD-K86972824-001-01-4	-0.008346461600307253	0.8476930872128859	532	0.9908092945349728	False
BRD:BRD-K00079560-001-02-9	-0.008341655559730906	0.8072395106766016	858	0.9863253365655573	False
BRD:BRD-K73642618-001-13-3	-0.008289890665303477	0.8461945278880956	550	0.9908092945349728	False
BRD:BRD-K38158531-001-02-1	-0.008256068001155626	0.8483420904769825	539	0.9908092945349728	False
BRD:BRD-K53083666-001-01-0	-0.008226356586923155	0.8498586023443605	532	0.9908092945349728	False
BRD:BRD-K00003396-001-01-9	-0.008209244129909221	0.808078062673614	878	0.9864301055033445	False
BRD:BRD-K33743361-003-02-6	-0.008204766072984131	0.8470694534371438	555	0.9908092945349728	False
BRD:BRD-K15868788-003-07-7	-0.00819853627470489	0.8482810070478071	547	0.9908092945349728	False
BRD:BRD-K43305603-004-02-8	-0.00818987099198093	0.847753614166043	552	0.9908092945349728	False
BRD:BRD-K29834313-001-01-4	-0.008169061752643064	0.8488198826970961	547	0.9908092945349728	False
BRD:BRD-M30288325-001-01-4	-0.00814363923016126	0.8486026530273841	552	0.9908092945349728	False
BRD:BRD-K92241597-001-06-0	-0.008107406162103198	0.8488622330365895	555	0.9908092945349728	False
BRD:BRD-K73451719-001-01-2	-0.008083493067059954	0.8520233025117008	535	0.9908092945349728	False
BRD:BRD-K79437791-001-05-7	-0.0080714917464791	0.8501980971215709	550	0.9908092945349728	False
BRD:BRD-K00003384-001-01-9	-0.008020065069388278	0.8129440574271775	873	0.987676441178565	False
BRD:BRD-K08251020-001-01-0	-0.00799107071013603	0.8531537951132623	539	0.9908092945349728	False
BRD:BRD-K30360804-001-02-9	-0.007978756970369098	0.8135752955755513	876	0.9880685223362558	False
BRD:BRD-K68332390-001-04-9	-0.007968902046319766	0.8135922103655384	878	0.9880685223362558	False
BRD:BRD-A93477898-001-04-2	-0.007964206492342708	0.8525671358453625	547	0.9908092945349728	False
BRD:BRD-A18696154-003-22-6	-0.0079536428823952	0.8555958767794447	526	0.9908092945349728	False
BRD:BRD-K48062199-001-01-8	-0.007951358475334342	0.8636411013611386	469	0.9908092945349728	False
BRD:BRD-K84895041-001-02-4	-0.00794357229568998	0.8521460522853459	553	0.9908092945349728	False
BRD:BRD-A07780951-001-08-9	-0.007917646008747135	0.8530206333224077	550	0.9908092945349728	False
BRD:BRD-K00003460-001-01-9	-0.007903841390967292	0.8156057399865742	873	0.9881795087402943	False
BRD:BRD-K00091282-001-01-9	-0.007902998527357534	0.8171921407084365	858	0.9882350138962376	False
BRD:BRD-A50064262-001-04-7	-0.007902643705208342	0.8532959746691917	550	0.9908092945349728	False
BRD:BRD-A86619021-001-04-8	-0.007900912670184633	0.853327745972249	550	0.9908092945349728	False
BRD:BRD-A57592049-001-01-6	-0.007898460370567717	0.8533727557243921	550	0.9908092945349728	False
BRD:BRD-K10667240-001-01-7	-0.007838788248220612	0.8565869942994412	534	0.9908092945349728	False
BRD:BRD-K14175878-001-01-6	-0.007830814993409369	0.856998191877634	532	0.9908092945349728	False
BRD:BRD-K06542892-001-01-9	-0.007828061909153378	0.8555868499129504	543	0.9908092945349728	False
BRD:BRD-A17655518-001-24-4	-0.007811304784933312	0.8545803511453341	553	0.9908092945349728	False
BRD:BRD-K51751936-001-09-1	-0.00778310710783505	0.854839431597231	555	0.9908092945349728	False
BRD:BRD-K11927976-050-02-9	-0.007782015588707038	0.856953584023074	539	0.9908092945349728	False
BRD:BRD-K00003188-046-01-9	-0.007747992724729592	0.8191782205423604	873	0.9888614275238659	False
BRD:BRD-K06878038-001-18-6	-0.007719611951053522	0.8570456511903735	547	0.9908092945349728	False
BRD:BRD-K28115081-001-02-7	-0.007716679162788664	0.8570993785709199	547	0.9908092945349728	False
BRD:BRD-K90316462-003-01-1	-0.007711344715015386	0.8197142975407383	876	0.98899146049921	False
BRD:BRD-K98624455-074-02-8	-0.007706685242532294	0.8583236049536849	539	0.9908092945349728	False
BRD:BRD-A40257118-001-02-0	-0.007692904337192929	0.8201380459969138	876	0.9890336692073604	False
BRD:BRD-K77245796-003-01-6	-0.007692278218034988	0.8585856718055171	539	0.9908092945349728	False
BRD:BRD-K75295174-001-05-0	-0.007677590724857691	0.8587227555296771	540	0.9908092945349728	False
BRD:BRD-K80043866-236-01-1	-0.007651351842713554	0.8572702256848405	555	0.9908092945349728	False
BRD:BRD-K99879819-001-02-1	-0.007627801348189223	0.8602770908823856	535	0.9908092945349728	False
BRD:BRD-K39624409-003-02-6	-0.0076099989896544415	0.8590541589287245	547	0.9908092945349728	False
BRD:BRD-K77012840-300-01-6	-0.007605410200581635	0.8584997847420193	552	0.9908092945349728	False
BRD:BRD-K67117832-001-01-9	-0.007600479061358114	0.8609019211029549	534	0.9908092945349728	False
BRD:BRD-K00911807-003-01-2	-0.00759747665582065	0.8589006115982236	550	0.9908092945349728	False
BRD:BRD-A34751532-001-06-9	-0.007593498449777404	0.8592288453277344	548	0.9908092945349728	False
BRD:BRD-K78781788-003-01-9	-0.007569993417268109	0.8600425150285284	545	0.9908092945349728	False
BRD:BRD-K18323388-001-01-1	-0.00753154690356948	0.8604922456751259	547	0.9908092945349728	False
BRD:BRD-K82091397-001-03-0	-0.00751497664987303	0.8607960502882682	547	0.9908092945349728	False
BRD:BRD-A78377521-001-05-5	-0.007500978514200318	0.8613055399827586	545	0.9908092945349728	False
BRD:BRD-K00003451-001-01-9	-0.00748917680521669	0.825119246016694	873	0.9899760189722496	False
BRD:BRD-K00911143-001-01-9	-0.007481497309232277	0.861032541920296	550	0.9908092945349728	False
BRD:BRD-K62310379-001-10-5	-0.007466063348416289	0.8619446489077124	545	0.9908092945349728	False
BRD:BRD-K90647725-001-06-5	-0.0074517017430587125	0.8619563423737685	547	0.9908092945349728	False
BRD:BRD-K00003441-001-01-9	-0.007450778262175368	0.8260015318293848	873	0.9899760189722496	False
BRD:BRD-K57041787-001-02-6	-0.0074436460198608586	0.8611049895632945	555	0.9908092945349728	False
BRD:BRD-K84810405-003-01-1	-0.007438233859252573	0.8643503172375642	530	0.9908092945349728	False
BRD:BRD-K54521836-001-02-1	-0.007429854764358349	0.8619821602751864	550	0.9908092945349728	False
BRD:BRD-K00003141-003-01-9	-0.0073945702776714315	0.8268059759016625	878	0.9899760189722496	False
BRD:BRD-K65503129-001-06-3	-0.007387693639178178	0.863130381622957	547	0.9908092945349728	False
BRD:BRD-A08660406-001-05-9	-0.0073016547090231036	0.8697270041700753	507	0.9930126716520618	False
BRD:BRD-K47554101-001-01-2	-0.0072969731294070216	0.8650410494656915	545	0.9908092945349728	False
BRD:BRD-K22829793-001-01-0	-0.0072877095286943	0.8643522987775679	552	0.9908092945349728	False
BRD:BRD-K49294207-300-03-8	-0.007287632766585816	0.8652121520102269	545	0.9908092945349728	False
BRD:BRD-K70329400-001-02-5	-0.007285294360556351	0.8749655705528728	469	0.9937709848793984	False
BRD:BRD-K61250484-001-02-3	-0.007285065601170706	0.8645232817458296	551	0.9908092945349728	False
BRD:BRD-K97181972-001-01-9	-0.007274987894597085	0.8297553328095801	876	0.9899760189722496	False
BRD:BRD-K02816415-001-01-9	-0.007249682477691392	0.8650533171543098	552	0.9908092945349728	False
BRD:BRD-K27010807-050-02-9	-0.0072455689762510956	0.830433312837755	876	0.9899760189722496	False
BRD:BRD-K17368287-001-18-3	-0.007238326813424858	0.8648989031908247	555	0.9908092945349728	False
BRD:BRD-K89056082-001-07-7	-0.0072379983825641495	0.8655118041189904	550	0.9908658152028232	False
BRD:BRD-K00003129-001-01-9	-0.007224632326121938	0.8307253569687366	878	0.9899760189722496	False
BRD:BRD-K00003176-001-01-9	-0.00717142587931964	0.8319533586895395	878	0.9899760189722496	False
BRD:BRD-A59337442-051-05-3	-0.007157932407166551	0.86674513986626	552	0.9917466927803921	False
BRD:BRD-K91868854-001-03-6	-0.007148713402086313	0.8677577023995197	545	0.9920988043934565	False
BRD:BRD-A17300716-001-01-5	-0.007130578101671262	0.8668911461724371	555	0.9917466927803921	False
BRD:BRD-K96471533-001-09-0	-0.007110279746912816	0.8696692271679767	535	0.9930126716520618	False
BRD:BRD-K00004551-001-01-9	-0.007063239749104027	0.8349181271595904	873	0.9899760189722496	False
BRD:BRD-K00076501-001-02-9	-0.007061572683588459	0.836364398003216	858	0.9899760189722496	False
BRD:BRD-K73251053-003-22-2	-0.0070585998866595405	0.8686960170022142	551	0.992670137234102	False
BRD:BRD-K59390331-045-01-5	-0.007040588623841877	0.8685556730065751	555	0.992670137234102	False
BRD:BRD-K17068645-003-04-2	-0.007023873150348139	0.8691003404329732	553	0.9929648335304289	False
BRD:BRD-K41213548-001-02-0	-0.007010779979446998	0.8709995251577329	539	0.9935226183333821	False
BRD:BRD-K75466013-001-14-4	-0.006983149673110187	0.8703220053198953	549	0.9933952326324471	False
BRD:BRD-A79769222-001-01-3	-0.006955657890440544	0.880452712333045	470	0.9946154822829392	False
BRD:BRD-K31476763-001-01-5	-0.006949342692260693	0.8712959177164162	546	0.9935226183333821	False
BRD:BRD-K21283037-001-21-5	-0.006941249945560117	0.8713273148932705	547	0.9935226183333821	False
BRD:BRD-K89329876-001-08-9	-0.006926209480371396	0.837801187972995	876	0.9899760189722496	False
BRD:BRD-K57222227-001-30-1	-0.0068884124861665515	0.8716027776274025	553	0.9935226183333821	False
BRD:BRD-K74284736-001-04-9	-0.0068870789970086575	0.8385229409245074	878	0.9900140443187977	False
BRD:BRD-A74914197-001-02-9	-0.006881326983863411	0.8726611039381871	545	0.9935226183333821	False
BRD:BRD-A79052425-003-01-5	-0.006870404879937181	0.8740288574366332	535	0.9937709848793984	False
BRD:BRD-K50866992-003-09-5	-0.006868736755711493	0.8726600199710749	547	0.9935226183333821	False
BRD:BRD-K92492521-001-02-9	-0.006830195381562493	0.8730230952550871	550	0.9936015448846869	False
BRD:BRD-K06674495-334-03-2	-0.006802426694723858	0.873534987751897	550	0.9937709848793984	False
BRD:BRD-K29735307-001-02-9	-0.00678058782362343	0.8733681231116915	555	0.9937709848793984	False
BRD:BRD-K71900389-001-02-9	-0.006757764751298123	0.8416931108623972	876	0.9908092945349728	False
BRD:BRD-K26824830-001-02-0	-0.0067474170227151	0.8742088237605448	553	0.9937709848793984	False
BRD:BRD-K09859624-004-11-9	-0.0067093754927436	0.8426343654359927	878	0.9908092945349728	False
BRD:BRD-K05185389-001-02-6	-0.0066989983197477615	0.8430518260525893	876	0.9908092945349728	False
BRD:BRD-A37347161-003-02-6	-0.0066670766643897985	0.8758064173075581	552	0.9937709848793984	False
BRD:BRD-A19736161-001-06-7	-0.006649745088308317	0.8757917193506598	555	0.9937709848793984	False
BRD:BRD-K00003446-001-01-9	-0.00664796194096573	0.8444964968029184	873	0.9908092945349728	False
BRD:BRD-K46839850-050-04-2	-0.006623859411963501	0.8780618228704882	539	0.9940892080553692	False
BRD:BRD-K59574735-001-11-8	-0.006590313874209057	0.8771141938161547	553	0.9940892080553692	False
BRD:BRD-A56754222-001-01-2	-0.006547076053723601	0.8874269413042838	470	0.9955965565690498	False
BRD:BRD-K73397362-001-06-6	-0.0065412489204310755	0.8795709514358757	539	0.9940892080553692	False
BRD:BRD-K36611520-001-01-6	-0.006537804314876402	0.8877048028629819	469	0.9955965565690498	False
BRD:BRD-K02123250-001-06-7	-0.006511131389114717	0.8793476713083505	546	0.9940892080553692	False
BRD:BRD-A08641215-065-05-5	-0.006496975322829339	0.8477262532782938	876	0.9908092945349728	False
BRD:BRD-K35329391-334-01-7	-0.006487450054876868	0.8792356714086165	551	0.9940892080553692	False
BRD:BRD-K76259716-019-01-1	-0.006466033172924251	0.8889295518414025	469	0.9955965565690498	False
BRD:BRD-K64191834-001-03-1	-0.006406144749214318	0.8820399725512343	539	0.9952007513949308	False
BRD:BRD-K24297741-001-05-2	-0.00639968217357101	0.884026733292814	522	0.9954888326724136	False
BRD:BRD-K60237333-001-27-1	-0.006395430050729637	0.8805056942566638	555	0.9946154822829392	False
BRD:BRD-K43860855-065-11-9	-0.006391032065613826	0.881664813249354	545	0.9952007513949308	False
BRD:BRD-K45114938-236-01-8	-0.006377952620727188	0.884749624007014	519	0.9954888326724136	False
BRD:BRD-K01649396-003-07-1	-0.006370850931248946	0.8812827375439964	552	0.9949966391625766	False
BRD:BRD-A09735281-001-02-5	-0.006367857518939658	0.8812309829318024	553	0.9949966391625766	False
BRD:BRD-K00003339-001-01-9	-0.006363914774335476	0.8506392615324969	878	0.9908092945349728	False
BRD:BRD-K80935598-001-01-1	-0.006276048578581522	0.8831422669565725	551	0.9954888326724136	False
BRD:BRD-K40870905-001-01-7	-0.006256239066997469	0.8832978135177334	553	0.9954888326724136	False
BRD:BRD-K78010432-001-21-5	-0.0062362489102910056	0.8845104570482986	545	0.9954888326724136	False
BRD:BRD-K35245662-001-01-2	-0.006235660967147986	0.8836789436019487	553	0.9954888326724136	False
BRD:BRD-K93632104-001-18-0	-0.006213874786663457	0.8843965352043167	550	0.9954888326724136	False
BRD:BRD-K93217218-300-03-9	-0.006181132530174251	0.8550449203085564	876	0.9908092945349728	False
BRD:BRD-A76672327-003-02-0	-0.006167279348373347	0.88640800773881	539	0.9955965565690498	False
BRD:BRD-K00090659-001-01-9	-0.006132012664533315	0.8576577693114242	858	0.9908092945349728	False
BRD:BRD-K19706299-236-02-9	-0.006125658790221888	0.856575899770176	873	0.9908092945349728	False
BRD:BRD-K24968862-001-01-0	-0.006054635265346118	0.8868292524671111	555	0.9955965565690498	False
BRD:BRD-K68805147-001-01-8	-0.0060468436646916235	0.8869739137808819	555	0.9955965565690498	False
BRD:BRD-K37872686-003-01-9	-0.006046122402999725	0.8886248805934996	539	0.9955965565690498	False
BRD:BRD-K00003096-001-01-9	-0.006042034387232602	0.858111634844299	878	0.9908092945349728	False
BRD:BRD-A65797496-048-09-3	-0.006039473231640074	0.8871107590208486	555	0.9955965565690498	False
BRD:BRD-K17617556-001-01-3	-0.006009931637114872	0.8967188194911998	469	0.9955965565690498	False
BRD:BRD-A45107007-001-03-4	-0.0059948391724903285	0.88874847971325	547	0.9955965565690498	False
BRD:BRD-K82166906-236-02-8	-0.005992566261585061	0.8887903866139107	547	0.9955965565690498	False
BRD:BRD-A30205217-001-11-2	-0.005984729025400234	0.8886313337431928	550	0.9955965565690498	False
BRD:BRD-K77554836-001-14-0	-0.005983513152923668	0.8897708168727149	539	0.9955965565690498	False
BRD:BRD-K42260897-001-09-2	-0.005927449290831949	0.8902926657083932	544	0.9955965565690498	False
BRD:BRD-K00003130-003-01-9	-0.005869507918111252	0.862122068786549	878	0.9908092945349728	False
BRD:BRD-K02703275-001-07-5	-0.005866383046489532	0.8911173784807563	547	0.9955965565690498	False
BRD:BRD-K00003118-011-01-9	-0.005857487268017299	0.862401626212039	878	0.9908092945349728	False
BRD:BRD-K28143534-001-02-2	-0.005856932533897788	0.8927903405912695	532	0.9955965565690498	False
BRD:BRD-K00005343-001-01-9	-0.005853515843797467	0.8624939911501177	878	0.9908092945349728	False
BRD:BRD-K00003385-001-01-9	-0.0058237301621487285	0.8631867879210385	878	0.9908092945349728	False
BRD:BRD-K12826175-001-02-4	-0.00578736887673018	0.8641865523922527	876	0.9908092945349728	False
BRD:BRD-K19507340-001-22-1	-0.0057741027058062595	0.8952946661741866	522	0.9955965565690498	False
BRD:BRD-K45528773-001-07-2	-0.005698425729058453	0.8966592348568003	522	0.9955965565690498	False
BRD:BRD-K23403298-003-01-9	-0.005691770906853222	0.8951135623734253	539	0.9955965565690498	False
BRD:BRD-K03503561-001-01-4	-0.005620328474188962	0.8968073140534055	535	0.9955965565690498	False
BRD:BRD-A15687940-001-05-6	-0.005532873279303367	0.8984042946205093	535	0.9955965565690498	False
BRD:BRD-K00004661-001-01-9	-0.005499504624526457	0.8711011691791435	873	0.9935226183333821	False
BRD:BRD-A44936478-001-01-1	-0.005490124217809476	0.900416783991737	522	0.9955965565690498	False
BRD:BRD-K40302533-001-02-9	-0.005489101696401785	0.8975235469906379	553	0.9955965565690498	False
BRD:BRD-K00003272-001-01-9	-0.005439913837204462	0.8724858764337804	873	0.9935226183333821	False
BRD:BRD-K50938287-036-13-8	-0.005432312473459716	0.8988532484868049	550	0.9955965565690498	False
BRD:BRD-K89839824-001-05-3	-0.005395963808806253	0.8998006424300411	547	0.9955965565690498	False
BRD:BRD-K16295392-003-01-3	-0.0053532152784302066	0.9000469758219116	553	0.9955965565690498	False
BRD:BRD-K00003318-300-01-9	-0.005350563333671643	0.8742061005547166	878	0.9937709848793984	False
BRD:BRD-K04635846-003-02-9	-0.005294584143149457	0.8756525382300383	876	0.9937709848793984	False
BRD:BRD-K34058848-304-03-1	-0.005282650070368378	0.9016255573394899	550	0.9955965565690498	False
BRD:BRD-K52959329-238-01-9	-0.005237008558827638	0.9020291594304198	555	0.9955965565690498	False
BRD:BRD-A27290375-330-01-1	-0.005206412402865944	0.9030382270763102	550	0.9955965565690498	False
BRD:BRD-K61951118-001-07-9	-0.00519346747012058	0.9029271882544484	554	0.9955965565690498	False
BRD:BRD-K38350380-001-01-8	-0.005187809161707932	0.9036467617632022	547	0.9955965565690498	False
BRD:BRD-A88644406-001-02-9	-0.00518645459560761	0.8783798005677145	873	0.9940892080553692	False
BRD:BRD-K00090648-001-01-9	-0.005178742481486575	0.8796020453189675	858	0.9940892080553692	False
BRD:BRD-K87774949-001-03-9	-0.005163304228312149	0.903401189786207	555	0.9955965565690498	False
BRD:BRD-A50049929-001-01-9	-0.005108330599730271	0.905115904673456	547	0.9955965565690498	False
BRD:BRD-K10843433-001-23-5	-0.005094095989772378	0.9077441077634789	520	0.9955965565690498	False
BRD:BRD-A84389633-001-05-7	-0.005070787744865089	0.9051238213383309	555	0.9955965565690498	False
BRD:BRD-A65449987-001-10-4	-0.005067824939205039	0.9055212474410533	551	0.9955965565690498	False
BRD:BRD-A50922295-001-01-3	-0.005065452955227778	0.9052231673158875	555	0.9955965565690498	False
BRD:BRD-K99121711-003-19-7	-0.00505001014311977	0.9055107561106719	555	0.9955965565690498	False
BRD:BRD-K80021413-001-08-8	-0.005040148800072587	0.9133127906914373	469	0.9959301417540897	False
BRD:BRD-K26005076-001-12-8	-0.005033617818683004	0.9064972486887038	547	0.9955965565690498	False
BRD:BRD-K75516118-001-03-3	-0.005026301275626695	0.9068033854335916	545	0.9955965565690498	False
BRD:BRD-K16551401-003-03-4	-0.004977627273899328	0.9072793932725708	550	0.9955965565690498	False
BRD:BRD-K56086081-001-01-7	-0.004942799987632743	0.9148900025274382	470	0.99610855258705	False
BRD:BRD-K82002057-001-01-2	-0.00494144761634601	0.9077831035004097	552	0.9955965565690498	False
BRD:BRD-K51956333-001-03-8	-0.004936443987982881	0.9093908694271974	534	0.9955965565690498	False
BRD:BRD-K58894520-001-01-1	-0.004933364507832594	0.915142416490824	469	0.9961232779693323	False
BRD:BRD-K55044200-001-14-6	-0.004909512228981827	0.9109019297511282	522	0.9955965565690498	False
BRD:BRD-A79803969-003-16-1	-0.004908607718893417	0.9088091548290242	547	0.9955965565690498	False
BRD:BRD-K58770988-001-01-8	-0.004883729259382872	0.9088555264092705	552	0.9955965565690498	False
BRD:BRD-K28442028-001-01-3	-0.004880419988333657	0.9086698088793494	555	0.9955965565690498	False
BRD:BRD-K24255045-001-05-3	-0.004876420367686597	0.9094045453165319	547	0.9955965565690498	False
BRD:BRD-K24258499-001-05-8	-0.004869267747653301	0.9102010428186585	539	0.9955965565690498	False
BRD:BRD-K76180386-001-01-6	-0.00485676073165473	0.9093566659615507	552	0.9955965565690498	False
BRD:BRD-A82522119-001-01-7	-0.004846866969298987	0.9092949924699238	555	0.9955965565690498	False
BRD:BRD-A07947329-001-01-4	-0.004838584006441056	0.909449335131484	555	0.9955965565690498	False
BRD:BRD-K35079116-001-03-3	-0.0048087471399989165	0.910167678615303	553	0.9955965565690498	False
BRD:BRD-K44227013-001-06-4	-0.00480062894272528	0.9105623637790913	550	0.9955965565690498	False
BRD:BRD-K87199310-001-01-4	-0.004788658996343976	0.9176224921757125	469	0.9961737006157048	False
BRD:BRD-K71289571-001-11-4	-0.004771351765444858	0.9108633455224401	553	0.9955965565690498	False
BRD:BRD-K00003314-001-01-9	-0.004769458868362703	0.8877722893682666	878	0.9955965565690498	False
BRD:BRD-K55438324-001-01-8	-0.0047658597356914295	0.9180133171481555	469	0.9961737006157048	False
BRD:BRD-K21306330-001-02-9	-0.004765327877991181	0.8878688519405453	878	0.9955965565690498	False
BRD:BRD-K00004686-001-01-9	-0.004750683251180552	0.8882111858509947	878	0.9955965565690498	False
BRD:BRD-K60160658-003-11-2	-0.004721920580425112	0.911623571698054	555	0.9955965565690498	False
BRD:BRD-K31698212-001-02-9	-0.004696334331210719	0.912179767833975	554	0.9955965565690498	False
BRD:BRD-K05262258-001-02-9	-0.0046660600020678	0.8901897510877091	878	0.9955965565690498	False
BRD:BRD-K63550407-001-12-7	-0.004654925466221387	0.9133449548507246	549	0.9959301417540897	False
BRD:BRD-A49358627-001-14-6	-0.00465031740150005	0.9133515453170421	550	0.9959301417540897	False
BRD:BRD-A13188892-066-21-5	-0.00461129698700732	0.9140757837264603	550	0.99610855258705	False
BRD:BRD-K97963946-001-01-3	-0.00458974414770067	0.9140877182444676	555	0.99610855258705	False
BRD:BRD-K00003117-001-01-9	-0.004572075538722587	0.8923879895852604	878	0.9955965565690498	False
BRD:BRD-K17026858-001-01-2	-0.00454578658469318	0.9157555435698309	544	0.9961737006157048	False
BRD:BRD-K21673112-003-01-3	-0.004537170085149107	0.9156829018822569	547	0.9961737006157048	False
BRD:BRD-K00074531-001-02-9	-0.0044925536168644005	0.8954564619643756	858	0.9955965565690498	False
BRD:BRD-K00003217-304-01-9	-0.004476379142560714	0.8949266911865312	873	0.9955965565690498	False
BRD:BRD-K10176267-001-03-3	-0.004472637574807342	0.9164984007173909	552	0.9961737006157048	False
BRD:BRD-K69726342-238-05-9	-0.004460467880401871	0.8949994948830132	878	0.9955965565690498	False
BRD:BRD-K18036262-001-02-8	-0.004458058121704553	0.9171477615032775	547	0.9961737006157048	False
BRD:BRD-K25029121-001-05-8	-0.0044412274105212635	0.9184472441215961	534	0.9961737006157048	False
BRD:BRD-K14646328-004-02-9	-0.00439727143102598	0.8965963781090978	876	0.9955965565690498	False
BRD:BRD-A26387268-050-04-4	-0.004346391397602634	0.9189207259494384	551	0.9961737006157048	False
BRD:BRD-K01129913-001-01-5	-0.0043228390782531646	0.898510899162872	873	0.9955965565690498	False
BRD:BRD-K04196797-001-24-4	-0.004291012388542571	0.9199503014932813	551	0.9961737006157048	False
BRD:BRD-K62914667-001-13-9	-0.0042870752619879335	0.9262250592371645	469	0.9961737006157048	False
BRD:BRD-K00003513-363-01-9	-0.0042608506246381	0.8996731508326715	878	0.9955965565690498	False
BRD:BRD-A89594340-003-11-5	-0.0042334065406164035	0.9213089871687399	547	0.9961737006157048	False
BRD:BRD-K73923631-003-02-9	-0.004232631947089176	0.9209641094644517	552	0.9961737006157048	False
BRD:BRD-K19189338-001-03-2	-0.00422675595284583	0.9005849200055125	876	0.9955965565690498	False
BRD:BRD-A85216385-003-02-4	-0.004214510237980848	0.9213013970866235	552	0.9961737006157048	False
BRD:BRD-K74319597-001-02-9	-0.004207466882111702	0.9009236246408959	878	0.9955965565690498	False
BRD:BRD-K51350053-048-16-5	-0.00417503444800019	0.9218243314283966	555	0.9961737006157048	False
BRD:BRD-K60567437-001-10-2	-0.004161560985777661	0.9232088736591958	539	0.9961737006157048	False
BRD:BRD-K00003443-001-01-9	-0.004158784053591885	0.9023428496183964	873	0.9955965565690498	False
BRD:BRD-K17415526-001-03-5	-0.004154661175704957	0.9227681036807965	547	0.9961737006157048	False
BRD:BRD-K69877120-001-01-7	-0.004141090200156572	0.9287304824564737	469	0.9961737006157048	False
BRD:BRD-K00004622-001-01-9	-0.004131602041769472	0.9027011227894379	878	0.9955965565690498	False
BRD:BRD-K13261168-300-01-0	-0.004106123265922141	0.923458270423576	550	0.9961737006157048	False
BRD:BRD-K77320845-001-01-2	-0.004086257779672466	0.9248750267835585	535	0.9961737006157048	False
BRD:BRD-A34006693-001-15-4	-0.004080911584221465	0.9244132208844389	543	0.9961737006157048	False
BRD:BRD-A42383464-001-06-3	-0.004080559393033478	0.9296944930844403	470	0.9961737006157048	False
BRD:BRD-K00003395-001-01-9	-0.004051740675033761	0.9048443690327521	873	0.9955965565690498	False
BRD:BRD-K76304753-003-21-1	-0.004045259219166304	0.926537436338084	522	0.9961737006157048	False
BRD:BRD-K88568253-011-19-9	-0.00401756737391363	0.9258581366759291	539	0.9961737006157048	False
BRD:BRD-K56032964-001-02-1	-0.004009678235154037	0.9250468617857505	553	0.9961737006157048	False
BRD:BRD-A73679382-236-01-8	-0.003952724041244998	0.9273231196031598	535	0.9961737006157048	False
BRD:BRD-A69651145-003-07-2	-0.003947433210515968	0.9278974506187337	528	0.9961737006157048	False
BRD:BRD-K87932577-001-02-4	-0.003926196969872492	0.9270028932466507	547	0.9961737006157048	False
BRD:BRD-K07359318-001-03-9	-0.0038977017695209165	0.9292099486684835	522	0.9961737006157048	False
BRD:BRD-K61688984-001-02-9	-0.0038969749574973276	0.9272797883242511	551	0.9961737006157048	False
BRD:BRD-K71125014-001-27-1	-0.0038748807414474584	0.9276909507532362	551	0.9961737006157048	False
BRD:BRD-K00003098-001-01-9	-0.0038691157222399725	0.9088548269658208	878	0.9955965565690498	False
BRD:BRD-K07442505-001-03-6	-0.0038676379488882346	0.927629172553002	554	0.9961737006157048	False
BRD:BRD-K00003352-003-01-9	-0.003842645470631898	0.9094757024278834	878	0.9955965565690498	False
BRD:BRD-K66908976-001-01-8	-0.0038386154543040563	0.9096731391131622	876	0.9955965565690498	False
BRD:BRD-K46580984-001-03-6	-0.0038203153459413653	0.9298170861567725	534	0.9961737006157048	False
BRD:BRD-K43812936-001-01-9	-0.00381787725797518	0.9100567055524589	878	0.9955965565690498	False
BRD:BRD-K67601717-037-02-4	-0.0037962011300326456	0.9294134116624709	547	0.9961737006157048	False
BRD:BRD-K45528773-001-06-4	-0.003793788219714549	0.9304340954563242	532	0.9961737006157048	False
BRD:BRD-K45252063-001-13-6	-0.0037861086565889593	0.929729659408009	545	0.9961737006157048	False
BRD:BRD-K28824103-001-04-4	-0.0037747184559925578	0.9298118285955955	547	0.9961737006157048	False
BRD:BRD-K60287130-001-05-7	-0.003754849569461418	0.929670614831985	555	0.9961737006157048	False
BRD:BRD-K89348303-001-14-7	-0.003748411318277285	0.9299812747948756	552	0.9961737006157048	False
BRD:BRD-A73709786-001-01-3	-0.003732568841437667	0.931104065167942	539	0.9961737006157048	False
BRD:BRD-K58685305-001-20-4	-0.003719524860695214	0.9308989091867306	546	0.9961737006157048	False
BRD:BRD-K75506300-001-01-6	-0.0037193604154860367	0.9305856456627891	551	0.9961737006157048	False
BRD:BRD-K27885593-001-06-8	-0.0036583072247708217	0.9327230963934096	535	0.9962614115166901	False
BRD:BRD-K08109516-001-07-8	-0.0036309055903189554	0.9321708653914513	552	0.9962614115166901	False
BRD:BRD-K36859431-300-02-3	-0.0036288365762869017	0.9322094238380648	552	0.9962614115166901	False
BRD:BRD-K56940914-001-04-2	-0.0036051328794775885	0.9327735651529999	550	0.9962614115166901	False
BRD:BRD-K17849083-001-32-9	-0.0036005203647335024	0.9339697123943624	532	0.9963237696976484	False
BRD:BRD-A78723049-001-01-2	-0.0035957071256704815	0.9333164710836033	544	0.9962614115166901	False
BRD:BRD-K44590731-001-01-7	-0.003551679908450081	0.9339493121166021	547	0.9963237696976484	False
BRD:BRD-K83213911-001-08-9	-0.003524593492760188	0.917034591311822	876	0.9961737006157048	False
BRD:BRD-K43230258-001-01-4	-0.0035147427829873	0.9353573856120331	535	0.9963237696976484	False
BRD:BRD-K00003506-001-01-9	-0.0035128931533790005	0.9172147454170098	878	0.9961737006157048	False
BRD:BRD-K58497451-237-10-7	-0.003512450379249939	0.9344979264572633	550	0.9963237696976484	False
BRD:BRD-K51899933-001-02-6	-0.0034959500638229676	0.9357625404286968	534	0.9963237696976484	False
BRD:BRD-K80315159-051-02-0	-0.0034724652034419986	0.9355376768939919	545	0.9963237696976484	False
BRD:BRD-K06900071-001-01-2	-0.0034433532312202982	0.9357836813139901	550	0.9963237696976484	False
BRD:BRD-K94689771-001-09-0	-0.003421167337789032	0.936487939414486	545	0.9963237696976484	False
BRD:BRD-K36116267-001-15-3	-0.003416377935434196	0.9362856812346632	550	0.9963237696976484	False
BRD:BRD-K54187111-001-09-2	-0.00340301141295381	0.9364766260426174	551	0.9963237696976484	False
BRD:BRD-K00003285-001-01-9	-0.00337970860543536	0.920342751777541	878	0.9961737006157048	False
BRD:BRD-K52113681-003-02-1	-0.003378913315502631	0.9372707379318432	545	0.9963237696976484	False
BRD:BRD-K13800121-001-01-5	-0.0033610486712342884	0.9374870380125959	547	0.9963237696976484	False
BRD:BRD-K71315565-001-02-9	-0.003358486307260635	0.920841299034221	878	0.9961737006157048	False
BRD:BRD-K43887077-003-26-3	-0.003340897021194418	0.9383183403421712	539	0.9963237696976484	False
BRD:BRD-K15045219-001-01-8	-0.0033323907460922854	0.9384750771690319	539	0.9963237696976484	False
BRD:BRD-A36217750-001-16-3	-0.003317276180326967	0.9381301422857725	550	0.9963237696976484	False
BRD:BRD-K70505054-003-12-4	-0.0033092422916566736	0.9381111549668961	553	0.9963237696976484	False
BRD:BRD-K00004581-001-01-9	-0.003304854350720497	0.9221013413165	878	0.9961737006157048	False
BRD:BRD-K81548480-001-01-2	-0.00329931347825902	0.9386329841779524	547	0.9963237696976484	False
BRD:BRD-A92872453-001-01-8	-0.0032889753996253944	0.9388248949801599	547	0.9963237696976484	False
BRD:BRD-K18289362-001-02-2	-0.00328414043879271	0.9434510127016008	469	0.9966407473938491	False
BRD:BRD-A14941520-051-01-0	-0.0032514912240272746	0.939244248871082	552	0.9963237696976484	False
BRD:BRD-K69650333-003-13-2	-0.0032454624080523685	0.9410322255209406	522	0.9966051964633916	False
BRD:BRD-A21276153-001-01-1	-0.0032222615511898855	0.9414530108866921	522	0.9966051964633916	False
BRD:BRD-K00003093-001-01-9	-0.0032130328952092997	0.9242590684951424	878	0.9961737006157048	False
BRD:BRD-K12120659-305-02-2	-0.0032107867847209464	0.9403860435880803	545	0.9966051964633916	False
BRD:BRD-K60427831-001-02-9	-0.003210678638928744	0.9244006372966775	876	0.9961737006157048	False
BRD:BRD-K13277760-001-01-2	-0.0031991668635173577	0.9412055683873678	534	0.9966051964633916	False
BRD:BRD-K87122641-001-10-7	-0.0031588608279621306	0.9456047779224573	469	0.9966407473938491	False
BRD:BRD-K08078237-001-19-8	-0.0031566242179571174	0.9426435388176013	522	0.9966407473938491	False
BRD:BRD-K66615216-003-14-8	-0.0031501104674218003	0.9415644087352956	544	0.9966051964633916	False
BRD:BRD-K00003525-003-01-9	-0.0031494723781195833	0.925753014184734	878	0.9961737006157048	False
BRD:BRD-A13561534-003-02-0	-0.0031493686772655774	0.9427751474827681	522	0.9966407473938491	False
BRD:BRD-K94534639-001-02-5	-0.0030873691133930592	0.942148473529624	555	0.9966407473938491	False
BRD:BRD-K21123171-001-02-9	-0.0030761296295019076	0.943198037584199	539	0.9966407473938491	False
BRD:BRD-K37130656-001-04-6	-0.0030686195848171416	0.9433364805561163	539	0.9966407473938491	False
BRD:BRD-K91370081-001-25-1	-0.003065203655016702	0.9429797288801042	547	0.9966407473938491	False
BRD:BRD-A68723818-050-32-5	-0.0030128476431640636	0.9437469131865748	551	0.9966407473938491	False
BRD:BRD-K91740057-001-19-8	-0.002962471367342882	0.9446356561041679	552	0.9966407473938491	False
BRD:BRD-K83022601-001-01-0	-0.0029580039496391363	0.9450716883958269	545	0.9966407473938491	False
BRD:BRD-K17979676-001-01-2	-0.00295783501109756	0.945735872131962	532	0.9966407473938491	False
BRD:BRD-K33586289-003-02-8	-0.0029292888271036065	0.9310090029408769	876	0.9961737006157048	False
BRD:BRD-K38911213-003-01-6	-0.0029218883381275868	0.9454425374748506	551	0.9966407473938491	False
BRD:BRD-K92493880-001-03-0	-0.002906758406329868	0.9455273687899122	555	0.9966407473938491	False
BRD:BRD-K50071428-001-03-3	-0.002894515378001946	0.946149993414871	547	0.9966407473938491	False
BRD:BRD-K76315403-015-02-5	-0.0028780282144877834	0.9470486857687059	535	0.9966407473938491	False
BRD:BRD-K36965586-003-08-8	-0.0028565382380580048	0.9466609185927782	551	0.9966407473938491	False
BRD:BRD-A45499626-001-04-9	-0.002853849294985797	0.9327815069831799	876	0.9962614115166901	False
BRD:BRD-A91386192-001-07-9	-0.002846416000111967	0.9330711332893982	873	0.9962614115166901	False
BRD:BRD-K79856806-001-01-0	-0.0028373447236578397	0.9511339519438365	469	0.9966407473938491	False
BRD:BRD-A51820102-008-28-9	-0.002822529470848246	0.9473910615881452	549	0.9966407473938491	False
BRD:BRD-K91315211-300-05-7	-0.0028179257663449612	0.9473329896881219	552	0.9966407473938491	False
BRD:BRD-K85140930-001-12-7	-0.0027819351239425586	0.948622566848368	539	0.9966407473938491	False
BRD:BRD-K00004599-001-01-9	-0.002777931458696403	0.9344908856688651	878	0.9963237696976484	False
BRD:BRD-K09757388-065-04-0	-0.0027746688268541235	0.9482346456700242	550	0.9966407473938491	False
BRD:BRD-A28467416-002-01-0	-0.0026697442523252396	0.950691846665477	539	0.9966407473938491	False
BRD:BRD-K76792630-001-01-2	-0.002668676723932361	0.9540355227874231	469	0.9974936872857191	False
BRD:BRD-K87948281-001-01-9	-0.0026520239294966935	0.9512014243594854	535	0.9966407473938491	False
BRD:BRD-M55321172-001-03-3	-0.002648702323121654	0.9376032347979782	876	0.9963237696976484	False
BRD:BRD-K00003503-001-01-9	-0.002629144887031996	0.9379923070758996	878	0.9963237696976484	False
BRD:BRD-K47557313-001-02-7	-0.002624620704002066	0.95098575209061	551	0.9966407473938491	False
BRD:BRD-A80213327-305-08-3	-0.002612744925678192	0.9512516964217256	550	0.9966407473938491	False
BRD:BRD-K00003486-003-01-9	-0.002586878642495893	0.939161320746848	873	0.9963237696976484	False
BRD:BRD-K02943813-001-01-9	-0.0025852464659279133	0.952562726041841	532	0.9966407473938491	False
BRD:BRD-K00004608-001-01-9	-0.0025611697064121986	0.9395923818637502	878	0.9965373747039774	False
BRD:BRD-A25234499-001-18-3	-0.0025605618243509827	0.952180591072689	551	0.9966407473938491	False
BRD:BRD-K52394958-001-02-7	-0.0025568872573729566	0.9525107122907744	545	0.9966407473938491	False
BRD:BRD-K49880111-236-09-2	-0.0025455230655909004	0.9525044164568794	550	0.9966407473938491	False
BRD:BRD-A01493904-003-12-1	-0.0025234836659903605	0.952829338471122	552	0.9967202600861066	False
BRD:BRD-K06455935-001-01-3	-0.0025132398918073138	0.9537955848822586	534	0.9974236903358287	False
BRD:BRD-K68336408-001-10-9	-0.002504752408484753	0.953221646895683	551	0.9969770459676043	False
BRD:BRD-K57796080-001-04-9	-0.002490200760018476	0.9413301935225126	876	0.9966051964633916	False
BRD:BRD-K00005329-074-01-9	-0.002485623998373347	0.9413709454712416	878	0.9966051964633916	False
BRD:BRD-K89517477-001-01-4	-0.0024442901229182598	0.9578965475123354	469	0.9979970368742663	False
BRD:BRD-K98453471-001-01-7	-0.0024399299291447693	0.9544724435924189	550	0.9974936872857191	False
BRD:BRD-K31606909-001-03-9	-0.002392437240426069	0.9442124919416938	858	0.9966407473938491	False
BRD:BRD-K68674163-001-01-7	-0.002381126865090029	0.958983580476035	469	0.9979970368742663	False
BRD:BRD-K49555808-001-03-9	-0.0023569279012720327	0.9564632265967624	539	0.9979970368742663	False
BRD:BRD-K48875051-001-01-0	-0.002353120739400241	0.9445544899987657	876	0.9966407473938491	False
BRD:BRD-K87156652-001-12-7	-0.0023284970178225617	0.9569878863705407	539	0.9979970368742663	False
BRD:BRD-K90777969-300-01-2	-0.0023181518596369468	0.9566636062981393	552	0.9979970368742663	False
BRD:BRD-K00010129-001-01-9	-0.0023167576710320494	0.9454099500088612	876	0.9966407473938491	False
BRD:BRD-K13819402-003-10-2	-0.0022896074788135144	0.9570801407296083	555	0.9979970368742663	False
BRD:BRD-K96436774-001-01-8	-0.0022836318917958858	0.9573860048514937	550	0.9979970368742663	False
BRD:BRD-K84459715-001-01-6	-0.0022611399580904673	0.9583868171964353	535	0.9979970368742663	False
BRD:BRD-A07932845-050-15-8	-0.0022360757817505065	0.9581206039317022	554	0.9979970368742663	False
BRD:BRD-A04327189-001-15-1	-0.0022321614312460995	0.958307606481106	551	0.9979970368742663	False
BRD:BRD-K28492574-001-01-6	-0.0022177428032395287	0.9585766759328964	551	0.9979970368742663	False
BRD:BRD-A18056626-003-22-3	-0.0022116496853934004	0.9587280228848468	550	0.9979970368742663	False
BRD:BRD-K38687824-001-02-5	-0.0022038600277867184	0.9588732583519733	550	0.9979970368742663	False
BRD:BRD-A49765801-001-04-1	-0.002199062405484424	0.9591503589898673	545	0.9979970368742663	False
BRD:BRD-K00091266-001-01-9	-0.002184840315797726	0.9490464071224923	858	0.9966407473938491	False
BRD:BRD-K71106091-001-06-1	-0.0021839741011333903	0.9593557473048842	547	0.9979970368742663	False
BRD:BRD-K01095011-001-15-9	-0.002172318741623043	0.9598703050529541	539	0.9979970368742663	False
BRD:BRD-K00077076-019-02-9	-0.002158869326874239	0.9496512796370473	858	0.9966407473938491	False
BRD:BRD-K64114733-066-03-9	-0.002120022485707504	0.9499822234998694	878	0.9966407473938491	False
BRD:BRD-A88787317-001-01-0	-0.002119865949653184	0.9634806383476715	469	0.9991486687649705	False
BRD:BRD-M58433298-001-02-4	-0.0020966156194284465	0.9505902123318319	876	0.9966407473938491	False
BRD:BRD-K00003175-001-01-9	-0.0020563150254707327	0.951621964477483	873	0.9966407473938491	False
BRD:BRD-A88548664-004-02-7	-0.0020468969855036317	0.9617304089712645	552	0.9987992470044181	False
BRD:BRD-K01377300-001-01-1	-0.0020444879338991483	0.9616712936180846	555	0.9987992470044181	False
BRD:BRD-K18613660-001-05-5	-0.0019890859137380737	0.9629459823242453	548	0.9991486687649705	False
BRD:BRD-A94323479-001-02-8	-0.001986156220891176	0.9627640542321189	555	0.9991486687649705	False
BRD:BRD-K14395568-001-16-3	-0.0019429722254686553	0.963837592911879	547	0.9991486687649705	False
BRD:BRD-K55773932-001-02-0	-0.0019412781647453784	0.9637367229177473	551	0.9991486687649705	False
BRD:BRD-A51964809-003-12-6	-0.0019401085629691189	0.9636267401423427	555	0.9991486687649705	False
BRD:BRD-K00003122-001-01-9	-0.0019241993584394657	0.9545970515438296	878	0.9974936872857191	False
BRD:BRD-K67537649-001-04-5	-0.001869497438042772	0.9653963388282242	541	0.9991486687649705	False
BRD:BRD-A74980173-001-11-9	-0.0018660788615230124	0.9650770882859849	553	0.9991486687649705	False
BRD:BRD-K00004645-001-01-9	-0.001825835690708992	0.9569157031685073	878	0.9979970368742663	False
BRD:BRD-K98521173-001-19-4	-0.0018124947792765884	0.9660177561962207	555	0.9992779653522758	False
BRD:BRD-K00004671-001-01-9	-0.001803126323162571	0.9575726241506055	873	0.9979970368742663	False
BRD:BRD-K58811567-001-01-9	-0.00180047625500939	0.9689466070662122	470	0.999381730199632	False
BRD:BRD-K40331046-305-01-5	-0.0017939778564129945	0.9664561092572014	552	0.999381730199632	False
BRD:BRD-K23228615-001-02-8	-0.001792385973443718	0.9666998820067234	545	0.999381730199632	False
BRD:BRD-K48722258-300-10-2	-0.0017563542258178474	0.9675497770410248	539	0.999381730199632	False
BRD:BRD-K48892307-001-04-1	-0.0017461620223170936	0.9677379844907046	539	0.999381730199632	False
BRD:BRD-K31313613-003-04-2	-0.0017302055694248728	0.9677067598443292	550	0.999381730199632	False
BRD:BRD-K71350836-001-02-4	-0.0017100355175322815	0.9681705374584748	547	0.999381730199632	False
BRD:BRD-K83186168-001-01-8	-0.0016650678627953537	0.9693216104481237	536	0.999381730199632	False
BRD:BRD-A64011898-001-01-0	-0.0016560414860999036	0.9694022113600763	539	0.999381730199632	False
BRD:BRD-A20119038-003-07-8	-0.0015845822480555158	0.9704234321208227	550	0.9995054571427604	False
BRD:BRD-K29713308-077-04-1	-0.0015809195141718924	0.970572685397009	547	0.9995054571427604	False
BRD:BRD-K57243773-001-01-6	-0.0015678962483292311	0.963039849316809	876	0.9991486687649705	False
BRD:BRD-K13769342-001-01-5	-0.0015605547859935823	0.9713002975532139	534	0.9995054571427604	False
BRD:BRD-K40621224-001-06-7	-0.0015201968393793533	0.9715987927630706	551	0.9995054571427604	False
BRD:BRD-K45462423-001-03-7	-0.0014816446314064374	0.9724198342746889	547	0.9995054571427604	False
BRD:BRD-K00003442-001-01-9	-0.0014772707679124243	0.9652345914634071	873	0.9991486687649705	False
BRD:BRD-K75080769-001-01-6	-0.0014673479286626313	0.9724860128701854	555	0.9995054571427604	False
BRD:BRD-K96799727-001-06-6	-0.0014619484516115147	0.9726865907750197	551	0.9995054571427604	False
BRD:BRD-A93000692-001-08-1	-0.001438785453774258	0.973045794058482	554	0.9995054571427604	False
BRD:BRD-K76890464-001-02-3	-0.00140084631470959	0.973923310000071	547	0.9997803381407184	False
BRD:BRD-K99308908-001-02-9	-0.0013941383320988084	0.9670958181661287	878	0.999381730199632	False
BRD:BRD-K59339270-001-02-6	-0.0013727958018013339	0.9742583087250297	555	0.9997803381407184	False
BRD:BRD-K49371609-003-03-8	-0.0013494492003679475	0.9748797436164297	547	0.9997803381407184	False
BRD:BRD-K00004673-001-01-9	-0.0013339641633393947	0.9685152844795879	878	0.999381730199632	False
BRD:BRD-K64452997-001-02-9	-0.0012926897187690012	0.9694889774469713	878	0.999381730199632	False
BRD:BRD-K34798115-001-02-9	-0.001291448648700304	0.9695182558669073	878	0.999381730199632	False
BRD:BRD-K00003535-001-01-9	-0.0012778472402431447	0.9699253401192833	873	0.999381730199632	False
BRD:BRD-K00003360-001-01-9	-0.001259393581783091	0.9702744897249295	878	0.9995054571427604	False
BRD:BRD-K46692793-004-01-8	-0.0012584285654981826	0.9766166579392607	545	0.9997803381407184	False
BRD:BRD-K07283971-001-01-3	-0.0012348410468073674	0.9769493587422283	550	0.9997803381407184	False
BRD:BRD-K00071586-001-01-9	-0.0011982847102243212	0.9720410168793134	858	0.9995054571427604	False
BRD:BRD-K57155378-001-01-1	-0.001187462874642852	0.978139212108916	535	0.9997803381407184	False
BRD:BRD-A70083328-001-23-5	-0.0011849914840371541	0.9779605845832093	546	0.9997803381407184	False
BRD:BRD-K64400208-001-08-3	-0.0011848848562870844	0.9777809006971632	555	0.9997803381407184	False
BRD:BRD-K41713976-300-02-6	-0.0011576448478462112	0.9784492807891597	547	0.9997803381407184	False
BRD:BRD-K00003172-001-01-9	-0.0011525334417221938	0.9728734555261477	873	0.9995054571427604	False
BRD:BRD-K92611362-003-03-9	-0.001150676005864147	0.9728705465660641	876	0.9995054571427604	False
BRD:BRD-M00184283-001-01-1	-0.0011431053163461454	0.9730181478105316	878	0.9995054571427604	False
BRD:BRD-K00004695-001-01-9	-0.001122701976156038	0.9735753225674227	873	0.9997803381407184	False
BRD:BRD-K02404261-001-16-7	-0.00107897576821441	0.9798582177107199	550	0.9997803381407184	False
BRD:BRD-A08545410-003-07-8	-0.001073693472219568	0.98047594472255	522	0.9997803381407184	False
BRD:BRD-K00003281-001-01-9	-0.001071867894402915	0.9746990541204732	878	0.9997803381407184	False
BRD:BRD-K00003170-001-01-9	-0.0010634719078856285	0.9749689323804676	873	0.9997803381407184	False
BRD:BRD-K78126613-001-28-5	-0.001058183602400936	0.9801562995713683	555	0.9997803381407184	False
BRD:BRD-A41387824-001-06-0	-0.00104335407801458	0.9754000307066656	876	0.9997803381407184	False
BRD:BRD-K33453211-003-11-5	-0.0010347236276039458	0.9806312927512845	553	0.9997803381407184	False
BRD:BRD-K89048337-001-06-9	-0.0010162111337734174	0.9810816847965896	547	0.9997803381407184	False
BRD:BRD-K49671696-045-08-5	-0.001002754665733619	0.9813664611644645	545	0.9997803381407184	False
BRD:BRD-A28329383-001-02-1	-0.0009988343633041317	0.9814051208767156	547	0.9997803381407184	False
BRD:BRD-K23952234-236-03-4	-0.0009970490988328719	0.9764645865723371	878	0.9997803381407184	False
BRD:BRD-K06496777-003-02-9	-0.0009767330808864055	0.9769703553101485	876	0.9997803381407184	False
BRD:BRD-K08310154-001-03-8	-0.000951396513120048	0.9822881030924486	547	0.9997803381407184	False
BRD:BRD-K51575138-001-13-2	-0.0009318333215172422	0.9825252931716454	555	0.9997803381407184	False
BRD:BRD-K82236108-001-04-9	-0.0009213575030666484	0.9827843654517906	551	0.9997803381407184	False
BRD:BRD-A09554849-236-07-6	-0.0009130849117758164	0.9829544730484752	550	0.9997803381407184	False
BRD:BRD-K00003332-001-01-9	-0.0009031887424945289	0.9786796129689399	878	0.9997803381407184	False
BRD:BRD-K80060353-303-03-9	-0.0008615954571203662	0.984332182452746	522	0.9997803381407184	False
BRD:BRD-K54529596-001-26-3	-0.0008596550218191405	0.9843674640949929	522	0.9997803381407184	False
BRD:BRD-K93468883-001-02-0	-0.0008579184072002812	0.9839112270160484	555	0.9997803381407184	False
BRD:BRD-A57833392-001-01-7	-0.0008427367079070462	0.9843107171202	547	0.9997803381407184	False
BRD:BRD-K00003212-001-01-9	-0.0008293273438346241	0.980422796830876	878	0.9997803381407184	False
BRD:BRD-K29812331-011-01-7	-0.0008265561859812492	0.9847966965478219	534	0.9997803381407184	False
BRD:BRD-K08231299-001-08-1	-0.0007975207656567188	0.9852618697931781	539	0.9997803381407184	False
BRD:BRD-K28863208-001-02-0	-0.0007882601658873024	0.9853247923695353	547	0.9997803381407184	False
BRD:BRD-K19456237-001-27-6	-0.0007840809426098794	0.9854025891800943	547	0.9997803381407184	False
BRD:BRD-K56851771-001-06-8	-0.0007760072412204603	0.985473511072933	553	0.9997803381407184	False
BRD:BRD-K87461578-001-02-9	-0.0007611216787734972	0.9820325842496315	878	0.9997803381407184	False
BRD:BRD-K77817104-001-02-9	-0.0007460692717974388	0.9823878606331994	878	0.9997803381407184	False
BRD:BRD-K91301684-003-05-5	-0.0007454666572137938	0.9860198332430931	555	0.9997803381407184	False
BRD:BRD-K09132007-001-07-5	-0.0007121820833445908	0.9869249065851757	532	0.9997803381407184	False
BRD:BRD-K59469039-001-08-0	-0.0006949967394608072	0.9869662377453435	555	0.9997803381407184	False
BRD:BRD-K00004683-001-01-9	-0.0006932659452429923	0.9836809782187139	873	0.9997803381407184	False
BRD:BRD-A22152765-003-10-0	-0.0006596888554138637	0.987628336966573	555	0.9997803381407184	False
BRD:BRD-A12633378-001-07-0	-0.00064966260583917	0.9888045984672735	469	0.9997803381407184	False
BRD:BRD-K00076940-046-02-9	-0.0006017119061376922	0.9859584086216558	858	0.9997803381407184	False
BRD:BRD-K00091113-001-01-9	-0.0005862281051335649	0.9863197038770504	858	0.9997803381407184	False
BRD:BRD-K55487946-001-01-3	-0.0005778514547853921	0.990031359335341	470	0.9997803381407184	False
BRD:BRD-K64748124-300-06-9	-0.0005754753260687769	0.9864145530941947	878	0.9997803381407184	False
BRD:BRD-K34663752-001-09-1	-0.0005743061483612261	0.9892685384309093	551	0.9997803381407184	False
BRD:BRD-K72226571-003-02-9	-0.0005242208471773771	0.987638576236372	876	0.9997803381407184	False
BRD:BRD-K75282704-001-02-4	-0.0005221595022553042	0.9902517956594329	550	0.9997803381407184	False
BRD:BRD-K84544951-236-01-0	-0.0005117599190316329	0.9904285027144357	552	0.9997803381407184	False
BRD:BRD-K26325692-003-01-3	-0.0004985740050259191	0.9907176282724259	547	0.9997803381407184	False
BRD:BRD-K00004666-001-01-9	-0.0004728666047239911	0.9888686185749951	873	0.9997803381407184	False
BRD:BRD-A92439610-001-05-7	-0.00046371683626332365	0.9913191324089726	553	0.9997803381407184	False
BRD:BRD-K82103381-003-09-4	-0.00046337147612770954	0.9914685861995213	535	0.9997803381407184	False
BRD:BRD-K73771095-001-02-5	-0.0004482827379592721	0.9918477513197231	522	0.9997803381407184	False
BRD:BRD-K73738482-001-01-7	-0.00043156438681710905	0.9898116938000914	878	0.9997803381407184	False
BRD:BRD-K70601687-001-01-3	-0.00043031987925352646	0.9920845411105579	534	0.9997803381407184	False
BRD:BRD-K00003337-019-01-9	-0.0004299332661553924	0.9898501989702763	878	0.9997803381407184	False
BRD:BRD-A67363467-001-01-3	-0.0004105922673953781	0.9923205860411239	552	0.9997803381407184	False
BRD:BRD-K19284129-001-02-6	-0.0004074963061930274	0.9925184691563005	532	0.9997803381407184	False
BRD:BRD-K24227647-364-01-5	-0.0003964465108555773	0.9926325284007474	545	0.9997803381407184	False
BRD:BRD-K04552268-001-02-4	-0.00036111202099757626	0.9933700522974269	532	0.9997803381407184	False
BRD:BRD-K04032780-001-01-8	-0.00034140729599605444	0.9941165118231765	469	0.9997803381407184	False
BRD:BRD-K00003223-003-01-9	-0.00034021217350326666	0.9919912072679629	873	0.9997803381407184	False
BRD:BRD-K54770957-001-04-3	-0.00033971457232211344	0.993721806071648	539	0.9997803381407184	False
BRD:BRD-K00004677-001-01-9	-0.00032019226614024777	0.9924624731153108	873	0.9997803381407184	False
BRD:BRD-A02990301-003-06-6	-0.00031645484027144794	0.9940920066367573	550	0.9997803381407184	False
BRD:BRD-K00003533-001-01-9	-0.0003040681245343568	0.9928420350925062	873	0.9997803381407184	False
BRD:BRD-K81101512-234-01-9	-0.0002831760791825552	0.994737483758859	545	0.9997803381407184	False
BRD:BRD-K00003242-001-01-9	-0.000277724887015862	0.9934434090275921	878	0.9997803381407184	False
BRD:BRD-K79092138-001-11-0	-0.0002558308513357359	0.9953029676076913	532	0.9997803381407184	False
BRD:BRD-A43435802-001-02-0	-0.00023325665743139705	0.995625401804087	555	0.9997803381407184	False
BRD:BRD-K78118466-001-03-3	-0.00023058926261274127	0.9956754268112021	555	0.9997803381407184	False
BRD:BRD-K00091274-001-01-9	-0.00021161511347788026	0.9950615118155929	858	0.9997803381407184	False
BRD:BRD-K27938825-001-02-4	-0.0002031201016984607	0.9962009477331876	552	0.9997803381407184	False
BRD:BRD-K12979078-001-02-9	-0.00020081229601788534	0.9952727099458689	873	0.9997803381407184	False
BRD:BRD-K56515112-001-21-6	-0.00018287663760871938	0.99658579872491	550	0.9997803381407184	False
BRD:BRD-K51471001-303-04-7	-0.00018153959359473173	0.9966200586940631	547	0.9997803381407184	False
BRD:BRD-K25521961-001-06-9	-0.00018102779909192495	0.9957262277944886	878	0.9997803381407184	False
BRD:BRD-K00003424-001-01-9	-0.00017787193520295158	0.9958007319204857	878	0.9997803381407184	False
BRD:BRD-K00004672-001-01-9	-0.00017576211608616603	0.9958505408790789	878	0.9997803381407184	False
BRD:BRD-K89000287-001-01-1	-0.00016785374041645878	0.9971073486907208	469	0.9997803381407184	False
BRD:BRD-K59875992-001-01-8	-0.00015765707270265353	0.9970432217233192	555	0.9997803381407184	False
BRD:BRD-A56858165-001-04-4	-0.00014897720172778932	0.9972186787801275	550	0.9997803381407184	False
BRD:BRD-K69636617-001-01-7	-0.00014521010405287434	0.9973264027278097	535	0.9997803381407184	False
BRD:BRD-K40227168-001-12-9	-0.00013602376852509616	0.9974861514749706	539	0.9997803381407184	False
BRD:BRD-K00004588-001-01-9	-0.00011223773290096105	0.9973578189196634	873	0.9997803381407184	False
BRD:BRD-A36013532-001-01-3	-0.00010778007432490811	0.9981406160399517	470	0.9997803381407184	False
BRD:BRD-K87202646-001-32-6	-9.430446448262541e-05	0.9982345691453656	553	0.9997803381407184	False
BRD:BRD-A41995253-001-04-5	-9.293494283527307e-05	0.9982649543388494	550	0.9997803381407184	False
BRD:BRD-K74603273-003-01-1	-6.412233206620688e-05	0.9988083487502422	545	0.9997803381407184	False
BRD:BRD-K08288352-001-03-6	-3.5787661916180234e-05	0.9993386089780643	539	0.9997803381407184	False
BRD:BRD-K00010386-001-01-9	-3.2063931703417686e-05	0.9992430191692585	878	0.9997803381407184	False
BRD:BRD-K97564742-050-32-7	-2.2602661358083012e-05	0.9995760976252739	555	0.9998706103234546	False
BRD:BRD-K64880136-001-02-6	1.3958731011763724e-06	0.9999759446351343	469	0.9999759446351343	False
BRD:BRD-K92988025-001-01-9	7.972658085471197e-06	0.9998550106593048	522	0.9999759446351343	False
BRD:BRD-A14757586-001-04-9	3.061495446806517e-05	0.9992780533418215	876	0.9997803381407184	False
BRD:BRD-K00004589-001-01-9	3.328727219970512e-05	0.999214137963414	878	0.9997803381407184	False
BRD:BRD-K00004680-001-01-9	4.6318507921027766e-05	0.9989064904072731	878	0.9997803381407184	False
BRD:BRD-A51713165-003-02-6	4.730194149142236e-05	0.9991152860451586	552	0.9997803381407184	False
BRD:BRD-K59753853-001-02-3	5.4381260021307525e-05	0.9990618329849207	470	0.9997803381407184	False
BRD:BRD-K44091963-001-04-9	6.142410361431605e-05	0.9985498705891471	878	0.9997803381407184	False
BRD:BRD-K73235735-001-02-7	6.165106196862311e-05	0.998937555031231	469	0.9997803381407184	False
BRD:BRD-K37385792-003-02-1	6.732899487317758e-05	0.998759178456311	536	0.9997803381407184	False
BRD:BRD-M98279124-300-01-1	0.00010555707321647044	0.9980293063669606	550	0.9997803381407184	False
BRD:BRD-K00003478-001-01-9	0.00012369056278881423	0.9970882097448602	873	0.9997803381407184	False
BRD:BRD-A33711280-003-03-1	0.0001283647676817678	0.9975969434162643	553	0.9997803381407184	False
BRD:BRD-A00842753-001-01-9	0.00015820294068335394	0.99708991694725	534	0.9997803381407184	False
BRD:BRD-K14991967-001-02-6	0.00016702229168368292	0.9968903433679821	547	0.9997803381407184	False
BRD:BRD-K68402494-003-03-5	0.00016721304419560555	0.9968753777994085	551	0.9997803381407184	False
BRD:BRD-K21528677-001-02-8	0.00018556467152374496	0.9966253639305145	522	0.9997803381407184	False
BRD:BRD-K06221026-001-06-8	0.00020556812159982382	0.9961516647313282	553	0.9997803381407184	False
BRD:BRD-K00003330-001-01-9	0.0002090759826444861	0.9950640636201198	878	0.9997803381407184	False
BRD:BRD-K03391209-001-02-0	0.00022146304672350812	0.9947776048862643	876	0.9997803381407184	False
BRD:BRD-K90737788-001-02-9	0.00023624391103811918	0.9944290577960768	876	0.9997803381407184	False
BRD:BRD-K27135764-001-08-7	0.000297311410350015	0.9944646230882406	547	0.9997803381407184	False
BRD:BRD-K72063794-003-02-9	0.0003447975775805706	0.9918692940673728	876	0.9997803381407184	False
BRD:BRD-K36137799-001-06-9	0.0003483103162113707	0.9918005788929799	873	0.9997803381407184	False
BRD:BRD-K60783397-001-12-9	0.00035545479496683005	0.9916179942562658	876	0.9997803381407184	False
BRD:BRD-K83030136-001-02-9	0.00036623091248639617	0.99135401085052	878	0.9997803381407184	False
BRD:BRD-K48300629-001-14-5	0.0003826583562147513	0.9928887574360536	545	0.9997803381407184	False
BRD:BRD-A49838158-001-01-1	0.00039644308365857856	0.9925987197687	550	0.9997803381407184	False
BRD:BRD-K80403280-001-02-1	0.00039661911533074763	0.9931577438467809	470	0.9997803381407184	False
BRD:BRD-K22009844-001-12-5	0.00042713414398737613	0.991989432127954	555	0.9997803381407184	False
BRD:BRD-K00003177-001-01-9	0.0004595948407972602	0.9891499945981731	878	0.9997803381407184	False
BRD:BRD-K72827473-001-01-0	0.0004742897220480575	0.9911212140280551	553	0.9997803381407184	False
BRD:BRD-K01244426-236-12-1	0.000502829611157242	0.9906126487896099	550	0.9997803381407184	False
BRD:BRD-K00003303-001-01-9	0.0005055321629114738	0.9880655943251224	878	0.9997803381407184	False
BRD:BRD-K00003201-001-01-9	0.0005217724512389997	0.9876822298816175	878	0.9997803381407184	False
BRD:BRD-K72420232-001-12-3	0.0005284884453274743	0.9901607133266426	547	0.9997803381407184	False
BRD:BRD-A10967948-003-06-3	0.0005312674314654254	0.9902461618070534	532	0.9997803381407184	False
BRD:BRD-K88405679-003-03-1	0.0005386043349805213	0.9899448027680854	550	0.9997803381407184	False
BRD:BRD-K72339976-065-03-9	0.0005630215209882756	0.989761270993933	522	0.9997803381407184	False
BRD:BRD-K60659193-001-02-8	0.0005643980239089799	0.9902738542502132	469	0.9997803381407184	False
BRD:BRD-K16183658-001-01-4	0.000577504709237966	0.9900373408079423	470	0.9997803381407184	False
BRD:BRD-K07736136-001-04-6	0.0005890064806742557	0.9892887537541947	522	0.9997803381407184	False
BRD:BRD-K00003422-003-01-9	0.0005890542112398179	0.9861337851468995	873	0.9997803381407184	False
BRD:BRD-K56807945-001-01-2	0.0005954946468957324	0.9890361219661851	535	0.9997803381407184	False
BRD:BRD-K33622447-066-01-9	0.0006156252017531904	0.9884965038243574	551	0.9997803381407184	False
BRD:BRD-K72166146-066-05-4	0.0006363417337676401	0.9881528581909174	547	0.9997803381407184	False
BRD:BRD-K45044657-001-01-4	0.000651357701825517	0.9846409509814573	876	0.9997803381407184	False
BRD:BRD-K15519488-050-01-3	0.000655021304423452	0.9877492576273593	552	0.9997803381407184	False
BRD:BRD-K15241725-001-02-9	0.000664034540256541	0.9843241554560918	878	0.9997803381407184	False
BRD:BRD-A47364545-003-02-6	0.0006865166673585455	0.9872422920784887	545	0.9997803381407184	False
BRD:BRD-K57275767-001-03-2	0.0006954374173045358	0.9870527319133927	547	0.9997803381407184	False
BRD:BRD-K93317811-003-02-2	0.0007089872126391658	0.9877823552171578	469	0.9997803381407184	False
BRD:BRD-A09368919-001-01-7	0.0007324999689373781	0.987363683181114	470	0.9997803381407184	False
BRD:BRD-K99174507-003-02-0	0.0007342235421072873	0.9863307019504146	547	0.9997803381407184	False
BRD:BRD-K48684885-001-04-2	0.0007357632559463381	0.986302039361762	547	0.9997803381407184	False
BRD:BRD-K45275534-001-01-3	0.0007627345289345652	0.9856960330806576	555	0.9997803381407184	False
BRD:BRD-K15382985-001-01-7	0.0008298705558667132	0.9804323603795783	876	0.9997803381407184	False
BRD:BRD-K35007173-001-07-5	0.0008322311508768323	0.9844636566791158	550	0.9997803381407184	False
BRD:BRD-A43930669-003-02-8	0.0008348457350272231	0.9844006283173249	551	0.9997803381407184	False
BRD:BRD-K33963447-001-03-9	0.0008561486329866174	0.979847564063778	873	0.9997803381407184	False
BRD:BRD-K33245965-001-03-4	0.0008854242291645447	0.9837140491626566	534	0.9997803381407184	False
BRD:BRD-K76812510-236-14-8	0.0009184690107517955	0.9829324375795467	545	0.9997803381407184	False
BRD:BRD-K02113016-001-15-4	0.0009340201433048971	0.9825955853212878	548	0.9997803381407184	False
BRD:BRD-K00003448-001-01-9	0.0009443264051467971	0.9777725045530958	873	0.9997803381407184	False
BRD:BRD-K56156805-001-09-6	0.0009757693772563659	0.9819683556070873	539	0.9997803381407184	False
BRD:BRD-K03886848-001-01-8	0.000993698209647389	0.9765436617548531	878	0.9997803381407184	False
BRD:BRD-K00004647-001-01-9	0.0010099592365828563	0.97622808466905	873	0.9997803381407184	False
BRD:BRD-K00003115-001-01-9	0.0010174203775319194	0.9759838646661431	878	0.9997803381407184	False
BRD:BRD-K13926615-003-03-3	0.0010463909095184579	0.980377398577858	555	0.9997803381407184	False
BRD:BRD-K00003466-001-01-9	0.001076024930880819	0.9746735688539452	873	0.9997803381407184	False
BRD:BRD-K20290250-001-01-3	0.0010892898518973316	0.9796657209118542	550	0.9997803381407184	False
BRD:BRD-K18673820-001-15-5	0.0010908521689175325	0.9795808608976968	553	0.9997803381407184	False
BRD:BRD-K24723746-036-02-5	0.001106960834431008	0.979335921454821	550	0.9997803381407184	False
BRD:BRD-K48424871-001-04-9	0.0011372545574508577	0.9731561969323695	878	0.9995054571427604	False
BRD:BRD-K00003266-001-01-9	0.0011597179256942803	0.9726261763828989	878	0.9995054571427604	False
BRD:BRD-K00818915-003-01-8	0.0011672033035604122	0.9798659310987151	470	0.9997803381407184	False
BRD:BRD-K00004629-001-01-9	0.0011770042587939942	0.9722183155770827	878	0.9995054571427604	False
BRD:BRD-K00003381-001-01-9	0.001192465040732756	0.9719339880629996	873	0.9995054571427604	False
BRD:BRD-A43082461-001-06-3	0.0012039557376583782	0.9781078148010991	522	0.9997803381407184	False
BRD:BRD-K40901640-003-01-6	0.0012668306994827944	0.9763308038324585	551	0.9997803381407184	False
BRD:BRD-A84174393-236-07-1	0.001279233954763208	0.9765166213297076	532	0.9997803381407184	False
BRD:BRD-K41304947-001-03-2	0.0012811918481606555	0.9759754646637809	555	0.9997803381407184	False
BRD:BRD-A43885598-001-08-1	0.0012935913558059296	0.9765010189781693	521	0.9997803381407184	False
BRD:BRD-K60762818-003-26-0	0.0013089273939129104	0.9759263674994915	534	0.9997803381407184	False
BRD:BRD-K00073864-001-02-9	0.0013225350888341283	0.9691433197821675	858	0.999381730199632	False
BRD:BRD-K00080753-001-01-9	0.0013384852859656294	0.9687896146455656	857	0.999381730199632	False
BRD:BRD-K01029106-001-02-9	0.0013438588266833694	0.9683725229121602	873	0.999381730199632	False
BRD:BRD-K00003269-001-01-9	0.0013576924023116898	0.9680471251006942	873	0.999381730199632	False
BRD:BRD-K86797399-001-04-4	0.0014222123184069184	0.9738928010334092	532	0.9997803381407184	False
BRD:BRD-K07160047-001-01-3	0.0014388868002268378	0.9731417924972922	550	0.9995054571427604	False
BRD:BRD-K48963429-001-01-9	0.0014530410780391255	0.9657456131229016	876	0.9991486687649705	False
BRD:BRD-A64004759-003-01-9	0.0014970739010116594	0.974205101712218	469	0.9997803381407184	False
BRD:BRD-K55044200-001-15-3	0.001524977695665694	0.9714058598377383	555	0.9995054571427604	False
BRD:BRD-K00003401-001-01-9	0.00152710410488902	0.9640626157852937	873	0.9991486687649705	False
BRD:BRD-K11717138-001-30-3	0.0015549893272310106	0.9714564391984513	532	0.9995054571427604	False
BRD:BRD-K31491153-003-05-9	0.0015580389114474835	0.9708656038969804	552	0.9995054571427604	False
BRD:BRD-K80639402-003-02-9	0.001624324780491796	0.9697651182196452	547	0.999381730199632	False
BRD:BRD-K56077740-001-09-2	0.0016311821262084876	0.9694154117770251	555	0.999381730199632	False
BRD:BRD-M39350793-334-01-1	0.0016417110947116254	0.9696668585067708	539	0.999381730199632	False
BRD:BRD-A53576514-048-14-3	0.0016479814057987867	0.9692406467793462	550	0.999381730199632	False
BRD:BRD-K71454870-046-01-8	0.0017055832126512058	0.9597967756180739	876	0.9979970368742663	False
BRD:BRD-K20480395-001-02-9	0.0017159478009120426	0.959506436021034	878	0.9979970368742663	False
BRD:BRD-K70759443-001-01-4	0.0017425697485892518	0.9699448603852098	470	0.999381730199632	False
BRD:BRD-K63253858-001-01-5	0.0017677569598814444	0.9695432613502021	469	0.999381730199632	False
BRD:BRD-K99946902-001-07-5	0.001777497362037269	0.9668548813942839	549	0.999381730199632	False
BRD:BRD-K55420858-001-01-0	0.0017827351001803724	0.9579317963149954	878	0.9979970368742663	False
BRD:BRD-A62057054-001-03-1	0.001789839828348888	0.9665334370011599	552	0.999381730199632	False
BRD:BRD-K34411947-001-12-5	0.0018441653751522546	0.9655810445697055	550	0.9991486687649705	False
BRD:BRD-K64838454-001-01-0	0.0018465749037794373	0.965693734474311	545	0.9991486687649705	False
BRD:BRD-K49954789-001-02-9	0.0018510362043858452	0.9654213735377368	551	0.9991486687649705	False
BRD:BRD-K22822991-001-02-3	0.0018697967611176639	0.9656810537291639	532	0.9991486687649705	False
BRD:BRD-K28428262-001-04-1	0.0018745255214403023	0.9651427236154775	546	0.9991486687649705	False
BRD:BRD-K81876028-300-02-0	0.0018841955600754803	0.9648344105585304	550	0.9991486687649705	False
BRD:BRD-K70246307-001-04-1	0.0019013938007073018	0.9644812708197784	551	0.9991486687649705	False
BRD:BRD-K21450440-001-14-6	0.0019159616204002354	0.9640791412544348	555	0.9991486687649705	False
BRD:BRD-K66830666-001-02-7	0.0019288849417713383	0.9545385702256926	876	0.9974936872857191	False
BRD:BRD-K64338723-001-01-6	0.0019294520913517136	0.964155026497092	545	0.9991486687649705	False
BRD:BRD-K18324993-001-01-6	0.001944914271636027	0.9636027157719298	553	0.9991486687649705	False
BRD:BRD-K05151076-001-02-6	0.0020079645642705353	0.9625260962911516	550	0.9991486687649705	False
BRD:BRD-A75975749-001-01-4	0.0020136889872036873	0.9629721368013329	534	0.9991486687649705	False
BRD:BRD-K00003515-003-01-9	0.0020384132639044462	0.9519052568951922	878	0.9966407473938491	False
BRD:BRD-K24715592-406-02-1	0.0020565661356665467	0.9626133061827423	522	0.9991486687649705	False
BRD:BRD-A74765037-001-01-1	0.002059102223929215	0.9615724600454213	550	0.9987992470044181	False
BRD:BRD-K77396579-300-01-0	0.0020861347732361733	0.9612821110008362	544	0.9987919714913048	False
BRD:BRD-K24443618-001-10-2	0.00209321176732208	0.9609007718864979	551	0.9985485523583288	False
BRD:BRD-K00073880-001-02-9	0.0020937803670703853	0.9511673485079989	858	0.9966407473938491	False
BRD:BRD-K83452553-001-07-9	0.0021204827880137544	0.9500284784953472	876	0.9966407473938491	False
BRD:BRD-K34843150-001-03-0	0.0021290335537223278	0.9498272350677129	876	0.9966407473938491	False
BRD:BRD-K00003380-001-01-9	0.00214117386559259	0.9494838610161754	878	0.9966407473938491	False
BRD:BRD-K40715924-001-01-1	0.0021416870198519063	0.960032500937753	550	0.9979970368742663	False
BRD:BRD-K42191735-001-05-3	0.002156799294684654	0.9595675060592637	555	0.9979970368742663	False
BRD:BRD-K96798615-001-02-9	0.002160023385183879	0.9490979120557618	876	0.9966407473938491	False
BRD:BRD-K08893438-001-04-9	0.0022095228081619573	0.9602230694992021	512	0.9979970368742663	False
BRD:BRD-K08640512-003-02-3	0.002213295339307212	0.9588862016598272	545	0.9979970368742663	False
BRD:BRD-K34277641-001-01-2	0.002215139779418564	0.9592326448215163	535	0.9979970368742663	False
BRD:BRD-K11595419-001-01-4	0.002218136854968254	0.9586448580033544	549	0.9979970368742663	False
BRD:BRD-K00003197-001-02-9	0.0022353759626779868	0.9474151250872255	873	0.9966407473938491	False
BRD:BRD-K27061362-001-01-6	0.002281077568891667	0.9580596288754798	534	0.9979970368742663	False
BRD:BRD-K89053832-001-01-0	0.0023093595158668505	0.956788586405603	553	0.9979970368742663	False
BRD:BRD-A23418262-001-01-5	0.002314741529149381	0.9574012780755012	535	0.9979970368742663	False
BRD:BRD-K00003161-015-01-9	0.0023152605370860145	0.9453828500322338	878	0.9966407473938491	False
BRD:BRD-K05973499-300-01-0	0.0023158697976100335	0.9601067275060133	469	0.9979970368742663	False
BRD:BRD-K76811153-003-01-3	0.002343287207865009	0.9567149478206521	539	0.9979970368742663	False
BRD:BRD-A53037300-001-01-0	0.00239227963823361	0.9552792596618497	552	0.997899411246763	False
BRD:BRD-K00076260-001-02-9	0.0024019175063169393	0.9439917905995666	858	0.9966407473938491	False
BRD:BRD-K82746043-001-15-1	0.002405579872404428	0.9549900338593751	553	0.9977507816441232	False
BRD:BRD-K09456915-001-01-2	0.00245016182903653	0.9577503312690463	470	0.9979970368742663	False
BRD:BRD-K11851476-003-01-7	0.002482912540103222	0.9543096494731718	535	0.9974936872857191	False
BRD:BRD-K19811997-003-02-9	0.002502786224466191	0.9409668712835	878	0.9966051964633916	False
BRD:BRD-K69070623-003-01-7	0.0025388685051568457	0.9524128734051547	555	0.9966407473938491	False
BRD:BRD-K00091117-001-01-9	0.0025453184019968824	0.940653939497999	858	0.9966051964633916	False
BRD:BRD-K30020243-051-02-5	0.0025529921845591917	0.952495749738496	547	0.9966407473938491	False
BRD:BRD-K54790157-001-15-5	0.002555981402192464	0.9523095112601476	550	0.9966407473938491	False
BRD:BRD-K53220666-001-02-6	0.0025759130004375796	0.9518942480106478	551	0.9966407473938491	False
BRD:BRD-K46331928-001-06-6	0.0025828555233920656	0.9526065464780679	532	0.9966407473938491	False
BRD:BRD-A75817871-001-06-7	0.0025903119152295142	0.951802167779359	547	0.9966407473938491	False
BRD:BRD-A33603104-003-02-9	0.002601092944948867	0.9387225679488089	876	0.9963237696976484	False
BRD:BRD-K63126190-003-01-6	0.002607778949120568	0.9519246464432419	537	0.9966407473938491	False
BRD:BRD-K00003186-003-01-9	0.002666217422941228	0.9371197577350534	878	0.9963237696976484	False
BRD:BRD-K19958299-001-02-9	0.002674193958678737	0.9370039572643143	876	0.9963237696976484	False
BRD:BRD-K73394555-237-01-1	0.002677151868124	0.9498242896648613	555	0.9966407473938491	False
BRD:BRD-K18059238-001-10-4	0.0026793897740909137	0.950009847923082	550	0.9966407473938491	False
BRD:BRD-K62008436-001-22-1	0.0026806417937871516	0.9501235513860211	547	0.9966407473938491	False
BRD:BRD-K95309561-001-24-7	0.002684799258539998	0.9499090538041389	550	0.9966407473938491	False
BRD:BRD-K30331124-001-01-7	0.002696353355633975	0.9496020930942463	552	0.9966407473938491	False
BRD:BRD-K34581968-001-04-6	0.002719232751753331	0.935945236968804	876	0.9963237696976484	False
BRD:BRD-K53720352-001-03-2	0.002725955928579077	0.9493280853795473	546	0.9966407473938491	False
BRD:BRD-K00003167-001-01-9	0.0027399901737390833	0.9353836473646021	878	0.9963237696976484	False
BRD:BRD-K97472745-001-01-8	0.002810311025255315	0.9473321267388739	555	0.9966407473938491	False
BRD:BRD-A46876182-003-02-8	0.002818303766776899	0.9473738163514664	551	0.9966407473938491	False
BRD:BRD-A92800748-001-05-5	0.0028195314845518645	0.94739887027116	550	0.9966407473938491	False
BRD:BRD-K00004591-001-01-9	0.0028345597129738245	0.9331585712854721	878	0.9962614115166901	False
BRD:BRD-K23106423-001-01-0	0.0028618935583044373	0.9507644837290042	468	0.9966407473938491	False
BRD:BRD-K00073947-001-02-9	0.0028656905938160226	0.9332006852883674	858	0.9962614115166901	False
BRD:BRD-K00003297-001-01-9	0.002874238496027321	0.9322251446700739	878	0.9962614115166901	False
BRD:BRD-K00004632-001-01-9	0.0028764724221509766	0.9321725952558996	878	0.9962614115166901	False
BRD:BRD-K96123349-236-02-8	0.0029059160711239766	0.945543129674782	555	0.9966407473938491	False
BRD:BRD-A15397381-001-02-5	0.0029153225881594375	0.9478941244070167	505	0.9966407473938491	False
BRD:BRD-K61524559-001-04-7	0.0029212218629137226	0.931120001210241	878	0.9961737006157048	False
BRD:BRD-K95123482-001-01-6	0.0029243541469645	0.9496373916273833	469	0.9966407473938491	False
BRD:BRD-K32164935-001-30-8	0.0029410733917065728	0.9452851655470111	547	0.9966407473938491	False
BRD:BRD-K00003149-001-01-9	0.002952864192234974	0.9305743778178939	873	0.9961737006157048	False
BRD:BRD-K13994703-003-15-8	0.0029646823372386825	0.9448466474181961	547	0.9966407473938491	False
BRD:BRD-A90272038-001-01-7	0.0030078214235208377	0.9439429149625989	549	0.9966407473938491	False
BRD:BRD-K84253429-001-06-9	0.0030614418929503042	0.927904803592517	876	0.9961737006157048	False
BRD:BRD-K00003271-001-01-9	0.0030708771836262185	0.927600700393379	878	0.9961737006157048	False
BRD:BRD-K11373525-003-02-1	0.003084596222557009	0.9424620167505604	550	0.9966407473938491	False
BRD:BRD-A25043798-001-02-9	0.0031140496310362448	0.9266693802280868	876	0.9961737006157048	False
BRD:BRD-K45245728-335-01-4	0.003121905078192181	0.9420333505558978	545	0.9966407473938491	False
BRD:BRD-K27051047-001-01-0	0.0031310596886970346	0.946082780112345	469	0.9966407473938491	False
BRD:BRD-K02130563-001-11-4	0.003155973451814068	0.9412941872085377	547	0.9966051964633916	False
BRD:BRD-K26041695-001-02-5	0.003160256701063307	0.945580778325714	469	0.9966407473938491	False
BRD:BRD-A61154809-001-15-9	0.0031638110333276942	0.9407186944631634	555	0.9966051964633916	False
BRD:BRD-K51431759-001-02-9	0.0031888206803804813	0.9406842977273521	547	0.9966051964633916	False
BRD:BRD-K11548689-001-01-6	0.003211555037531539	0.9446988274729338	469	0.9966407473938491	False
BRD:BRD-K17511755-001-02-9	0.003219997009909694	0.9241818843375988	876	0.9961737006157048	False
BRD:BRD-K00004548-001-01-9	0.003225248570599764	0.9239719779374334	878	0.9961737006157048	False
BRD:BRD-K00004563-001-01-9	0.003276465253412709	0.9229885642212077	873	0.9961737006157048	False
BRD:BRD-K84605263-003-01-6	0.003293437198062243	0.9224580444440665	876	0.9961737006157048	False
BRD:BRD-K67783091-001-26-1	0.0033100635343948546	0.9382643955815387	550	0.9963237696976484	False
BRD:BRD-K18602506-001-09-9	0.0033374406165833977	0.9214253388251351	876	0.9961737006157048	False
BRD:BRD-K42500029-001-03-5	0.003350090444451325	0.9374055911791003	552	0.9963237696976484	False
BRD:BRD-K55677650-003-02-9	0.0033550364552913286	0.9375986328339283	547	0.9963237696976484	False
BRD:BRD-K17497770-001-03-6	0.003370423858214606	0.9370264589925017	552	0.9963237696976484	False
BRD:BRD-K89375097-300-08-8	0.0033849783017504283	0.9367550889026693	552	0.9963237696976484	False
BRD:BRD-K17205817-001-06-1	0.0033928560147296343	0.9364357678759022	555	0.9963237696976484	False
BRD:BRD-K10598093-303-06-1	0.0034148174885424696	0.9391040109189075	503	0.9963237696976484	False
BRD:BRD-A39255369-001-03-1	0.0034185900567189204	0.9360704530032886	553	0.9963237696976484	False
BRD:BRD-K92606079-001-02-0	0.003434919183726308	0.9407961854358114	470	0.9966051964633916	False
BRD:BRD-K98763141-001-30-8	0.003468766883867997	0.9353697406420753	549	0.9963237696976484	False
BRD:BRD-K86887724-001-10-6	0.003473322221826389	0.9362973719033113	532	0.9963237696976484	False
BRD:BRD-K51579475-003-02-4	0.003489636090284996	0.9346856707934743	554	0.9963237696976484	False
BRD:BRD-K00003304-001-01-9	0.0035366153212635304	0.9166577333107132	878	0.9961737006157048	False
BRD:BRD-K77756533-001-01-4	0.0036390367293110664	0.9372850704097022	470	0.9963237696976484	False
BRD:BRD-K00003537-001-01-9	0.0036407193517041772	0.9144581594517629	873	0.99610855258705	False
BRD:BRD-K00312224-001-09-5	0.0036448171364523232	0.9323456380363078	545	0.9962614115166901	False
BRD:BRD-K00004578-001-01-9	0.0036549247579552124	0.9138803650693553	878	0.99610855258705	False
BRD:BRD-K27168049-001-02-8	0.0036593815320668643	0.9322009663560044	543	0.9962614115166901	False
BRD:BRD-K88025533-003-03-3	0.003702792105398395	0.9309569521922416	550	0.9961737006157048	False
BRD:BRD-K03095347-001-06-1	0.003710783671818646	0.9309976643169695	547	0.9961737006157048	False
BRD:BRD-K59036917-001-16-7	0.0037166637067943455	0.9303840246422946	555	0.9961737006157048	False
BRD:BRD-A22267103-003-13-1	0.003717001017884657	0.9306926740614994	550	0.9961737006157048	False
BRD:BRD-K84663978-003-02-9	0.0037195087169065995	0.9308358267579574	547	0.9961737006157048	False
BRD:BRD-A79431551-001-01-1	0.0037288073726792783	0.9301571437541053	555	0.9961737006157048	False
BRD:BRD-K91544578-001-03-8	0.003737426330306648	0.9300593365590041	554	0.9961737006157048	False
BRD:BRD-K40758068-001-08-2	0.0037457497361905213	0.9308613786578681	539	0.9961737006157048	False
BRD:BRD-A94055480-001-02-9	0.0037504479556931094	0.9117392496173852	876	0.9955965565690498	False
BRD:BRD-K42348709-003-13-1	0.003758087666744066	0.9306342186047973	539	0.9961737006157048	False
BRD:BRD-A02743701-001-03-6	0.0037712244356290746	0.9296201986110988	551	0.9961737006157048	False
BRD:BRD-K53114651-001-12-7	0.0037872216036255956	0.9108774255023042	876	0.9955965565690498	False
BRD:BRD-K34870043-001-01-8	0.0037982805249909277	0.9293101945944438	548	0.9961737006157048	False
BRD:BRD-A75479906-001-02-4	0.0038459621608986586	0.9279686267761127	555	0.9961737006157048	False
BRD:BRD-K29395450-001-06-8	0.0038551953139439377	0.9281227363631088	550	0.9961737006157048	False
BRD:BRD-K37083340-001-02-3	0.00386707663846244	0.92976472181769	522	0.9961737006157048	False
BRD:BRD-K21520694-236-02-6	0.0038731976658891443	0.927459929535417	555	0.9961737006157048	False
BRD:BRD-K91188791-001-18-3	0.003891101941177503	0.9273231033116384	552	0.9961737006157048	False
BRD:BRD-K31135544-001-07-0	0.003902600774464034	0.9277066656686129	543	0.9961737006157048	False
BRD:BRD-M77041484-001-01-8	0.003931656295748569	0.9271027631683245	544	0.9961737006157048	False
BRD:BRD-K90830492-305-01-4	0.003944970029441291	0.9320974382669533	469	0.9962614115166901	False
BRD:BRD-K78633253-001-10-3	0.003954351737215132	0.9264809054394859	547	0.9961737006157048	False
BRD:BRD-K00078514-003-02-9	0.003973095841336979	0.9074866845098024	858	0.9955965565690498	False
BRD:BRD-K60931454-003-01-3	0.0039941041698752676	0.9311803354650778	470	0.9961737006157048	False
BRD:BRD-K90789829-001-07-8	0.004016902835741906	0.9251164846645287	550	0.9961737006157048	False
BRD:BRD-K33211335-004-01-7	0.0040189505583461335	0.9254203122289836	545	0.9961737006157048	False
BRD:BRD-K90168339-001-08-6	0.004053714769409553	0.9243635002868884	551	0.9961737006157048	False
BRD:BRD-K00004687-001-01-9	0.004072067193590628	0.9043692810285788	873	0.9955965565690498	False
BRD:BRD-A00092689-236-04-9	0.004075537714187532	0.9041241796090651	876	0.9955965565690498	False
BRD:BRD-K00003414-001-01-9	0.004078614244376912	0.9042162652744986	873	0.9955965565690498	False
BRD:BRD-K45875383-001-01-2	0.0041340990406502475	0.9242118627306402	532	0.9961737006157048	False
BRD:BRD-K89223384-001-05-2	0.004143184009808336	0.9286945430615757	469	0.9961737006157048	False
BRD:BRD-K51791723-003-01-7	0.004147374299906295	0.9225510773291714	552	0.9961737006157048	False
BRD:BRD-K41438959-001-01-7	0.004150255754026888	0.9222868311364396	555	0.9961737006157048	False
BRD:BRD-K00075140-005-02-9	0.004162428809916787	0.9031556552365781	857	0.9955965565690498	False
BRD:BRD-K00003530-003-01-9	0.004162914286732544	0.902246348553226	873	0.9955965565690498	False
BRD:BRD-K56104152-008-04-1	0.00416457545252704	0.9220195476454738	555	0.9961737006157048	False
BRD:BRD-K62186992-334-02-8	0.004176887607583305	0.9229269366700446	539	0.9961737006157048	False
BRD:BRD-K35941380-050-28-9	0.004181936297841356	0.9015217462467219	878	0.9955965565690498	False
BRD:BRD-K58413118-001-01-8	0.004193838182560633	0.9013551941865848	876	0.9955965565690498	False
BRD:BRD-K00074831-001-02-9	0.00419416272291247	0.9023642011633951	858	0.9955965565690498	False
BRD:BRD-K69211575-001-02-9	0.004248927249317746	0.900066165399112	876	0.9955965565690498	False
BRD:BRD-K00077635-304-01-2	0.004249438540593222	0.9207953689103151	550	0.9961737006157048	False
BRD:BRD-K26160755-003-02-6	0.004282573665104252	0.9200346502028309	552	0.9961737006157048	False
BRD:BRD-K00003433-001-01-9	0.004292827253161215	0.8992117329666273	873	0.9955965565690498	False
BRD:BRD-K48195801-001-01-6	0.004298976137567236	0.9207551486569622	538	0.9961737006157048	False
BRD:BRD-K00090633-001-01-9	0.004315829322098718	0.8995467022228788	858	0.9955965565690498	False
BRD:BRD-K74186897-001-12-4	0.004317977962481085	0.921750814015136	520	0.9961737006157048	False
BRD:BRD-K86204871-001-16-2	0.004331112705604123	0.9206117583859091	532	0.9961737006157048	False
BRD:BRD-K12198961-001-01-8	0.004343608122585577	0.9252550260736165	469	0.9961737006157048	False
BRD:BRD-K57291914-003-09-4	0.004360327795914733	0.9190319477457596	546	0.9961737006157048	False
BRD:BRD-K05653025-001-02-9	0.004362729193769008	0.8974041511387378	876	0.9955965565690498	False
BRD:BRD-K00003483-003-01-9	0.004381077169131713	0.8971511536968124	873	0.9955965565690498	False
BRD:BRD-K63550407-001-13-5	0.004381545093543957	0.9204498711523327	522	0.9961737006157048	False
BRD:BRD-K07798980-001-01-9	0.004382872490337308	0.9183168648290262	550	0.9961737006157048	False
BRD:BRD-K80076813-001-08-8	0.004412936075176146	0.9189649577437207	534	0.9961737006157048	False
BRD:BRD-K18347943-001-02-9	0.004415452496052976	0.8960531321530849	878	0.9955965565690498	False
BRD:BRD-K18922609-004-23-1	0.00441567933127735	0.9179325749578354	547	0.9961737006157048	False
BRD:BRD-K45033733-001-12-2	0.0044823363360870115	0.9168507613875064	545	0.9961737006157048	False
BRD:BRD-K00003309-001-01-9	0.004486010341238058	0.8947019330289036	873	0.9955965565690498	False
BRD:BRD-K77791657-003-01-7	0.004499827280166503	0.9183097714091357	522	0.9961737006157048	False
BRD:BRD-K00003138-001-01-9	0.004528709004607817	0.8934025854319882	878	0.9955965565690498	False
BRD:BRD-K00091079-001-01-9	0.004539897950732235	0.8943611554315734	858	0.9955965565690498	False
BRD:BRD-K00003135-001-01-9	0.004541993938044195	0.893395641280304	873	0.9955965565690498	False
BRD:BRD-K71221037-001-01-6	0.004553720619795337	0.9149132776897352	553	0.99610855258705	False
BRD:BRD-K06014311-001-04-9	0.004559432507637002	0.8928056717639993	876	0.9955965565690498	False
BRD:BRD-K52512893-001-08-9	0.0045624673740469164	0.9149821859330531	550	0.99610855258705	False
BRD:BRD-K84075000-001-05-5	0.0045755943896433615	0.914738504144353	550	0.99610855258705	False
BRD:BRD-K44043890-001-01-4	0.004582884036678894	0.921150594230123	469	0.9961737006157048	False
BRD:BRD-K00004700-001-01-9	0.004583387005920143	0.8921233773201206	878	0.9955965565690498	False
BRD:BRD-K25596805-001-01-8	0.0045873207644781845	0.9147544451770917	547	0.99610855258705	False
BRD:BRD-A03204438-001-01-2	0.004595476530961055	0.9208502257747546	470	0.9961737006157048	False
BRD:BRD-K22588750-001-07-0	0.004596317516257174	0.9156098111294122	534	0.9961737006157048	False
BRD:BRD-K88882192-001-03-3	0.0046095053631955585	0.8916356494523419	876	0.9955965565690498	False
BRD:BRD-A41714661-001-02-0	0.004609536635584487	0.914343192138848	547	0.99610855258705	False
BRD:BRD-K96843359-001-02-6	0.004609638271118106	0.9206917921446102	469	0.9961737006157048	False
BRD:BRD-K02213468-001-02-3	0.00462522552074791	0.9204245021801462	469	0.9961737006157048	False
BRD:BRD-K00075060-001-02-9	0.0046459857357715574	0.891907557942988	858	0.9955965565690498	False
BRD:BRD-K68633617-003-02-9	0.004655294127193208	0.9132591799458801	550	0.9959301417540897	False
BRD:BRD-K00004654-001-01-9	0.004674410630672892	0.8899944755516564	878	0.9955965565690498	False
BRD:BRD-K96671969-001-03-1	0.0047000380056216534	0.9121901852953199	553	0.9955965565690498	False
BRD:BRD-K03042257-001-01-2	0.004701184282003591	0.9191220910606248	469	0.9961737006157048	False
BRD:BRD-A45906415-001-01-9	0.004715663973644992	0.9121388412513115	550	0.9955965565690498	False
BRD:BRD-A10111329-001-04-6	0.004717106502831414	0.9121120730335209	550	0.9955965565690498	False
BRD:BRD-K78637815-001-02-2	0.004732713742708537	0.9120633951669778	547	0.9955965565690498	False
BRD:BRD-K00004569-001-01-9	0.0047374675920986075	0.8888368480095689	873	0.9955965565690498	False
BRD:BRD-K00003181-001-01-9	0.004754872286337629	0.8884311151997588	873	0.9955965565690498	False
BRD:BRD-K97643133-003-09-3	0.004767336486942751	0.9107770837691208	555	0.9955965565690498	False
BRD:BRD-K76677554-003-02-1	0.004775970422803136	0.9106161708741348	555	0.9955965565690498	False
BRD:BRD-K76381435-001-08-6	0.004785630881668827	0.9123124852684282	532	0.9955965565690498	False
BRD:BRD-K36680103-001-01-6	0.00480739891966395	0.9101927583951754	553	0.9955965565690498	False
BRD:BRD-K64785675-001-04-0	0.004821386329320776	0.9097698032310911	555	0.9955965565690498	False
BRD:BRD-K54847683-001-04-0	0.004823205041453393	0.9124618990785863	522	0.9955995974198298	False
BRD:BRD-K00003320-001-01-9	0.004826548091522783	0.8864379903815869	878	0.9955965565690498	False
BRD:BRD-K92441787-001-04-1	0.0048552903213579	0.9091380373325813	555	0.9955965565690498	False
BRD:BRD-K00003097-001-01-9	0.004890480929633108	0.8849441228292619	878	0.9954888326724136	False
BRD:BRD-K79277568-003-04-7	0.0048946636805898384	0.9111702873520929	522	0.9955965565690498	False
BRD:BRD-K57179821-001-15-4	0.004904557290732624	0.908551474690751	551	0.9955965565690498	False
BRD:BRD-K60585088-001-01-5	0.0049324995749558	0.9078660021587981	553	0.9955965565690498	False
BRD:BRD-K30577245-341-01-9	0.004944304849692967	0.9078973396561546	550	0.9955965565690498	False
BRD:BRD-U25960968-000-01-9	0.004952509843037854	0.9073267709878413	555	0.9955965565690498	False
BRD:BRD-A64092382-003-18-3	0.004980755949119183	0.9090102021086944	529	0.9955965565690498	False
BRD:BRD-K91111634-001-01-2	0.004982471170429823	0.907020976395088	552	0.9955965565690498	False
BRD:BRD-A63310107-001-04-8	0.004983858337120908	0.9077565612818224	543	0.9955965565690498	False
BRD:BRD-K45216060-001-11-8	0.005042676459765802	0.9081456630440957	526	0.9955965565690498	False
BRD:BRD-K13566078-001-02-3	0.005082639987705776	0.9051604209097733	552	0.9955965565690498	False
BRD:BRD-K87777313-001-02-2	0.005090824840186463	0.9065699411117524	534	0.9955965565690498	False
BRD:BRD-K44009692-001-02-3	0.005093506027709271	0.9054764792640069	546	0.9955965565690498	False
BRD:BRD-K19761926-001-03-6	0.005102510465753215	0.9065320060870524	532	0.9955965565690498	False
BRD:BRD-K34445261-001-02-2	0.005115423616977592	0.9060327019835934	535	0.9955965565690498	False
BRD:BRD-K27074404-001-08-4	0.005121720690104548	0.9118214838325088	470	0.9955965565690498	False
BRD:BRD-K00003315-001-01-9	0.005130149289470985	0.8793476594869937	878	0.9940892080553692	False
BRD:BRD-K48888725-001-01-9	0.005138403226560422	0.9052603660597407	539	0.9955965565690498	False
BRD:BRD-K49456274-001-01-9	0.005171508729660615	0.9046528776344077	539	0.9955965565690498	False
BRD:BRD-K00005330-001-01-9	0.005182150125349406	0.8781341791546121	878	0.9940892080553692	False
BRD:BRD-K39560679-001-01-1	0.0052382213682192836	0.903787786101221	535	0.9955965565690498	False
BRD:BRD-K70163715-300-05-7	0.005254274076302966	0.9052234398749387	516	0.9955965565690498	False
BRD:BRD-K62363391-001-24-9	0.005255530521663632	0.9021280421456279	550	0.9955965565690498	False
BRD:BRD-K72687424-001-02-6	0.005269707394327962	0.9016871913444148	552	0.9955965565690498	False
BRD:BRD-K07790550-001-01-6	0.0052959762773865625	0.9027322090059742	535	0.9955965565690498	False
BRD:BRD-K33814251-001-02-2	0.005340389507955618	0.9010086389231968	545	0.9955965565690498	False
BRD:BRD-A07563059-035-01-3	0.005340883080351619	0.9007275934544409	548	0.9955965565690498	False
BRD:BRD-A12237696-001-04-2	0.00534877754694556	0.9020430226892923	532	0.9955965565690498	False
BRD:BRD-K73585091-001-02-3	0.005377599685091432	0.9013329846833033	534	0.9955965565690498	False
BRD:BRD-K55013981-001-01-3	0.005405751229822365	0.9070521402007145	469	0.9955965565690498	False
BRD:BRD-K38019854-323-01-4	0.005428474917727396	0.9065636733111697	470	0.9955965565690498	False
BRD:BRD-K80028314-303-02-6	0.00543481694301111	0.8983483448797224	555	0.9955965565690498	False
BRD:BRD-K24434292-001-01-3	0.005441071791175663	0.8722412671744424	876	0.9935226183333821	False
BRD:BRD-K45401373-001-22-5	0.00546018565136993	0.8993580310871816	539	0.9955965565690498	False
BRD:BRD-A14344385-001-03-2	0.005469313347091455	0.8981680419832078	550	0.9955965565690498	False
BRD:BRD-K38564664-001-01-1	0.0054769207621453795	0.8994262344221678	535	0.9955965565690498	False
BRD:BRD-K59184148-001-21-6	0.0054940655762657645	0.8979888020416232	547	0.9955965565690498	False
BRD:BRD-K32730239-001-01-0	0.005552163482358944	0.8964464817013607	552	0.9955965565690498	False
BRD:BRD-K80738081-001-46-8	0.005556617834904027	0.8979706649573324	535	0.9955965565690498	False
BRD:BRD-K50720187-051-03-1	0.005566479645602935	0.9041995694893152	470	0.9955965565690498	False
BRD:BRD-K36711084-001-02-0	0.00557936342833368	0.8960362351887539	551	0.9955965565690498	False
BRD:BRD-K61717546-001-04-3	0.005587108283968396	0.8962708871122982	547	0.9955965565690498	False
BRD:BRD-K25015158-001-01-2	0.005593560418151084	0.8961517745701065	547	0.9955965565690498	False
BRD:BRD-K77925998-050-14-3	0.005645757638799411	0.89509260461822	548	0.9955965565690498	False
BRD:BRD-A33447119-001-10-8	0.005669124590602252	0.894182093134405	553	0.9955965565690498	False
BRD:BRD-K06712146-001-04-9	0.005670701886409137	0.8671252775446417	873	0.9917466927803921	False
BRD:BRD-K94659840-001-02-9	0.0056834183260962845	0.8664517598189154	878	0.9916540661318506	False
BRD:BRD-K39983086-001-06-1	0.0057026461983175885	0.8984814731527753	503	0.9955965565690498	False
BRD:BRD-A04322457-003-17-9	0.005705816007205433	0.893790140135173	550	0.9955965565690498	False
BRD:BRD-K48894757-001-01-8	0.005713841242253349	0.8947092140163451	539	0.9955965565690498	False
BRD:BRD-K00317371-001-06-1	0.005729978894391429	0.8960902469727507	522	0.9955965565690498	False
BRD:BRD-K86435560-001-01-0	0.005731994233590669	0.8930155905977135	553	0.9955965565690498	False
BRD:BRD-K00003144-001-01-9	0.005746110094137913	0.8649926755528942	878	0.9908092945349728	False
BRD:BRD-K42959922-001-01-5	0.0057602809063244526	0.8938584868986197	539	0.9955965565690498	False
BRD:BRD-A89337244-001-02-9	0.005761902464553953	0.8930448528570362	547	0.9955965565690498	False
BRD:BRD-K49372556-001-04-1	0.005767889524340912	0.8941137152622612	535	0.9955965565690498	False
BRD:BRD-K00003353-003-01-9	0.0057725869825295826	0.8647606794180993	873	0.9908092945349728	False
BRD:BRD-K00004613-001-01-9	0.005772965737533748	0.8647518913318509	873	0.9908092945349728	False
BRD:BRD-K60212747-236-01-1	0.005790385488986111	0.8950011035634644	522	0.9955965565690498	False
BRD:BRD-A87130939-001-07-9	0.005825272455748045	0.8935667826640622	530	0.9955965565690498	False
BRD:BRD-K60284353-001-01-3	0.005838496272183136	0.892825279054564	535	0.9955965565690498	False
BRD:BRD-K12219985-001-26-1	0.0058463326886555285	0.8929832025924385	532	0.9955965565690498	False
BRD:BRD-K25433859-003-25-4	0.005857520984878106	0.8931829512130219	528	0.9955965565690498	False
BRD:BRD-K00004574-001-01-9	0.005863231649478127	0.8622680302495915	878	0.9908092945349728	False
BRD:BRD-K07395323-001-02-9	0.005883373089633534	0.8619559927057517	876	0.9908092945349728	False
BRD:BRD-K52960356-001-15-5	0.005919995736951073	0.89133842273493	535	0.9955965565690498	False
BRD:BRD-K03765900-001-01-9	0.0059850359325570816	0.8902546567155722	534	0.9955965565690498	False
BRD:BRD-A84202322-001-01-7	0.005988062958529774	0.8970925466442364	469	0.9955965565690498	False
BRD:BRD-K34032314-001-04-1	0.005989777877552714	0.8885379922679936	550	0.9955965565690498	False
BRD:BRD-K22685337-001-13-4	0.006000308340613598	0.8883433135809932	550	0.9955965565690498	False
BRD:BRD-K41234004-001-03-1	0.00601321897683208	0.8881046413434344	550	0.9955965565690498	False
BRD:BRD-K47114202-001-14-6	0.006061770649137279	0.8907428628986198	516	0.9955965565690498	False
BRD:BRD-K20049318-303-03-9	0.0060624765842212875	0.8576366893635288	878	0.9908092945349728	False
BRD:BRD-K08748705-001-08-2	0.006067180216086047	0.8956295244454184	470	0.9955965565690498	False
BRD:BRD-K00003518-004-01-9	0.006079649075192103	0.8576416273177047	873	0.9908092945349728	False
BRD:BRD-K50590187-001-19-9	0.006082355313332108	0.8873412203166403	545	0.9955965565690498	False
BRD:BRD-A31564021-001-01-8	0.006096290183139615	0.8897002188489439	520	0.9955965565690498	False
BRD:BRD-K10906636-001-02-9	0.006097167705208702	0.8915001188762158	503	0.9955965565690498	False
BRD:BRD-K88544581-001-06-1	0.00611963546540073	0.8856225852515672	555	0.9955965565690498	False
BRD:BRD-A03359064-001-02-3	0.006132900180058534	0.886203559191145	547	0.9955965565690498	False
BRD:BRD-K00005339-001-01-9	0.0061488373314302165	0.8556307894921903	878	0.9908092945349728	False
BRD:BRD-K82677201-001-01-6	0.006169952965559641	0.8848961107198808	553	0.9954888326724136	False
BRD:BRD-K00005338-001-01-9	0.0061776203696028405	0.8553726225245606	873	0.9908092945349728	False
BRD:BRD-K00003203-001-01-9	0.006202646583694454	0.854381432583514	878	0.9908092945349728	False
BRD:BRD-K00003408-001-01-9	0.006206081102772969	0.8547136977920703	873	0.9908092945349728	False
BRD:BRD-K57774929-001-01-3	0.006231261000468622	0.8856633250846819	535	0.9955965565690498	False
BRD:BRD-K26026438-001-01-0	0.006231304520171269	0.8857692042753642	534	0.9955965565690498	False
BRD:BRD-K36740062-001-06-6	0.0062403863935514055	0.8840121083552653	549	0.9954888326724136	False
BRD:BRD-K00003206-001-01-9	0.006241142994587122	0.853902081697354	873	0.9908092945349728	False
BRD:BRD-K30685142-001-15-4	0.006281152626847124	0.8834720800411304	547	0.9954888326724136	False
BRD:BRD-K92377961-001-03-7	0.006299325942045981	0.8521376242257346	878	0.9908092945349728	False
BRD:BRD-A41698174-003-12-0	0.006312290276016745	0.8841869176641262	535	0.9954888326724136	False
BRD:BRD-K01638814-011-01-4	0.0063127110644930155	0.8842872881712889	534	0.9954888326724136	False
BRD:BRD-K12502280-001-08-0	0.006317507764386642	0.8844165278613647	532	0.9954888326724136	False
BRD:BRD-K87909389-003-03-4	0.006328614506870483	0.8820640292079258	552	0.9952007513949308	False
BRD:BRD-K29582677-300-10-6	0.006368753632738316	0.8834855941634809	532	0.9954888326724136	False
BRD:BRD-K83492904-001-01-9	0.006377162585482688	0.8904464627531243	469	0.9955965565690498	False
BRD:BRD-K04301924-236-03-2	0.006388814384565779	0.8502311018114406	876	0.9908092945349728	False
BRD:BRD-K21612934-001-01-1	0.00642761013673029	0.8821963656327081	534	0.9952007513949308	False
BRD:BRD-K41564320-001-02-0	0.006459105081512732	0.8796505802267418	552	0.9940892080553692	False
BRD:BRD-K53124401-001-03-8	0.006465668256153514	0.8797469883953922	550	0.9940892080553692	False
BRD:BRD-K21908111-001-01-8	0.006467687797014506	0.879709712616976	550	0.9940892080553692	False
BRD:BRD-K33251802-001-01-3	0.006480309927395703	0.8794767450282686	550	0.9940892080553692	False
BRD:BRD-A12147465-003-02-9	0.006510502879021047	0.8472406455497595	878	0.9908092945349728	False
BRD:BRD-K32289541-001-01-0	0.006515067824939205	0.8787255229439942	551	0.9940892080553692	False
BRD:BRD-K00003150-001-01-9	0.00654706125733039	0.8463934859328746	878	0.9908092945349728	False
BRD:BRD-K72815923-034-01-2	0.006553708964495576	0.8779015583473827	552	0.9940892080553692	False
BRD:BRD-A68631409-001-05-4	0.006558667716409346	0.8783627362204514	547	0.9940892080553692	False
BRD:BRD-K00003319-001-01-9	0.0065616779438263766	0.8464895671370989	873	0.9908092945349728	False
BRD:BRD-A03880619-001-01-0	0.0065769473999534	0.8810658703984756	520	0.9949966391625766	False
BRD:BRD-K16195444-003-26-0	0.006588965653874092	0.8771391341871341	553	0.9940892080553692	False
BRD:BRD-A49172652-001-27-1	0.006589384733470584	0.8773530097240602	551	0.9940892080553692	False
BRD:BRD-K92838188-001-01-9	0.006605882093073786	0.8771596201952726	550	0.9940892080553692	False
BRD:BRD-K38370968-050-01-3	0.00660918499427153	0.8774331970700693	547	0.9940892080553692	False
BRD:BRD-K70487031-001-02-8	0.006640719172925891	0.8765169728412868	550	0.9940892080553692	False
BRD:BRD-K94780074-001-06-7	0.006672692983778258	0.8791164499127039	522	0.9940892080553692	False
BRD:BRD-K34568562-001-04-3	0.006673242326205317	0.8758047371294511	551	0.9937709848793984	False
BRD:BRD-U51753822-000-01-1	0.00670143397200921	0.8752843376037016	551	0.9937709848793984	False
BRD:BRD-A03216249-003-24-3	0.006702281790282327	0.8756074774862894	548	0.9937709848793984	False
BRD:BRD-K78496197-001-03-9	0.0067067870096640435	0.8752984280631969	550	0.9937709848793984	False
BRD:BRD-K59013864-001-01-1	0.006707094076909415	0.8747293012946229	555	0.9937709848793984	False
BRD:BRD-K84868168-001-01-0	0.006717852443348867	0.8769182400768152	534	0.9940892080553692	False
BRD:BRD-K24221957-003-01-6	0.006720571248556127	0.8767539690617393	535	0.9940892080553692	False
BRD:BRD-K93123848-001-04-1	0.006737979480370339	0.874383308587267	553	0.9937709848793984	False
BRD:BRD-K22097830-001-01-9	0.006741600384429884	0.8749975011981755	547	0.9937709848793984	False
BRD:BRD-K50853363-001-02-3	0.006767156856115827	0.8741852337956653	550	0.9937709848793984	False
BRD:BRD-K63247785-001-01-5	0.006769053958637955	0.8837604420319696	469	0.9954888326724136	False
BRD:BRD-K19316653-001-02-0	0.006793132769633248	0.8833498997890936	469	0.9954888326724136	False
BRD:BRD-K80480517-001-02-4	0.0068288343866344334	0.8729332823279129	551	0.9936015448846869	False
BRD:BRD-K28567778-001-02-7	0.006837471653405581	0.8396702401090693	878	0.990230738207384	False
BRD:BRD-K00073937-001-02-9	0.006860340266121322	0.8409644376152832	858	0.99048543476284	False
BRD:BRD-K61192372-001-08-9	0.0068708388738913115	0.8720428920889272	552	0.9935226183333821	False
BRD:BRD-K56691760-001-01-2	0.006871451716294179	0.8722626672071649	550	0.9935226183333821	False
BRD:BRD-K49246350-001-01-1	0.006885725685344614	0.8817714881547677	469	0.9952007513949308	False
BRD:BRD-K00004730-001-01-9	0.006889625669575721	0.8389196431668919	873	0.9901380804976875	False
BRD:BRD-K46384212-001-02-9	0.006903855415335884	0.8721311033674775	546	0.9935226183333821	False
BRD:BRD-K43873574-001-01-8	0.006925665942790612	0.8709144457508661	553	0.9935226183333821	False
BRD:BRD-K00003499-001-01-9	0.006932874482543591	0.8374641049236622	878	0.9899760189722496	False
BRD:BRD-K59197931-001-04-5	0.006955965420844849	0.8703546743638333	553	0.9933952326324471	False
BRD:BRD-K08999871-213-01-5	0.00696334408495853	0.8718648127217342	539	0.9935226183333821	False
BRD:BRD-K95598440-001-10-9	0.0069673923957987	0.8368502534431336	876	0.9899760189722496	False
BRD:BRD-A46136514-001-01-2	0.007018881161921214	0.8793743431144269	470	0.9940892080553692	False
BRD:BRD-K12483104-001-02-9	0.007039216457858548	0.8350065117579656	878	0.9899760189722496	False
BRD:BRD-K00075290-001-02-9	0.007044701989979055	0.8367498387172391	858	0.9899760189722496	False
BRD:BRD-A84481105-003-31-3	0.007065029350047104	0.8683402976962876	553	0.9925977477033322	False
BRD:BRD-K00519864-341-03-3	0.007071916455317407	0.871944536382669	522	0.9935226183333821	False
BRD:BRD-K00003432-001-01-9	0.007112117180593921	0.8337923481180755	873	0.9899760189722496	False
BRD:BRD-K03336321-001-02-9	0.00711892861541374	0.8331653939835627	878	0.9899760189722496	False
BRD:BRD-K96298462-001-08-9	0.007153519011185578	0.8323667404437659	878	0.9899760189722496	False
BRD:BRD-K00091273-001-01-9	0.007177273724220529	0.8337220653104497	858	0.9899760189722496	False
BRD:BRD-K15891719-001-05-1	0.007222258007786292	0.86924638740867	522	0.9929648335304289	False
BRD:BRD-K55468218-001-26-1	0.007245252971600323	0.8652565783338438	551	0.9908092945349728	False
BRD:BRD-K13533483-001-16-2	0.0072553878149061056	0.8671576016255063	534	0.9917466927803921	False
BRD:BRD-K00003524-001-01-9	0.0072935117149346435	0.8291362377571814	878	0.9899760189722496	False
BRD:BRD-K86307448-001-19-1	0.007311433664890452	0.8676466851053539	522	0.9920988043934565	False
BRD:BRD-K00003286-001-01-9	0.007322464106680113	0.8284684838207195	878	0.9899760189722496	False
BRD:BRD-K91716465-001-01-2	0.00733072099090631	0.8740587396583247	470	0.9937709848793984	False
BRD:BRD-A22844106-001-26-0	0.0073513090501576405	0.863426863059368	550	0.9908092945349728	False
BRD:BRD-A44696962-001-01-4	0.007356141522932157	0.8633379654821712	550	0.9908092945349728	False
BRD:BRD-K00003254-001-01-9	0.007364305897567625	0.827503669303112	878	0.9899760189722496	False
BRD:BRD-K26024145-001-01-9	0.00736708142580179	0.8650063365363194	535	0.9908092945349728	False
BRD:BRD-K14619660-001-01-5	0.007380736645560661	0.8628855433820499	550	0.9908092945349728	False
BRD:BRD-K65639003-001-09-0	0.007415335168574468	0.8626233424273757	547	0.9908092945349728	False
BRD:BRD-K00005263-001-02-9	0.0074156482655687314	0.8282841034517885	858	0.9899760189722496	False
BRD:BRD-K95435023-001-08-5	0.007448276537002983	0.8651929439763685	522	0.9908092945349728	False
BRD:BRD-A94624445-236-17-0	0.007464993718150192	0.8645074917947166	525	0.9908092945349728	False
BRD:BRD-K45662124-050-01-5	0.007467285677614224	0.8610433085989201	552	0.9908092945349728	False
BRD:BRD-K16898998-001-01-6	0.007505045892001024	0.8602221136840276	553	0.9908092945349728	False
BRD:BRD-K29424831-003-01-3	0.0075112496569206075	0.8243151410657908	876	0.9899760189722496	False
BRD:BRD-K81935556-001-02-9	0.00751931843792327	0.8241294954704427	876	0.9899760189722496	False
BRD:BRD-K44771174-066-01-0	0.007557355996937432	0.8611689357348349	538	0.9908092945349728	False
BRD:BRD-K23383398-001-09-9	0.0075918890221189405	0.85938608727207	547	0.9908092945349728	False
BRD:BRD-K82823804-001-04-1	0.007598385155050023	0.8595230281892907	545	0.9908092945349728	False
BRD:BRD-K27352494-001-03-6	0.007601924909006524	0.8695788657449502	469	0.9930126716520618	False
BRD:BRD-K00003682-001-01-9	0.007610645614050747	0.8220289373304913	876	0.989763986376459	False
BRD:BRD-K40797222-001-01-8	0.007644480258222513	0.857652616654873	553	0.9908092945349728	False
BRD:BRD-K31731454-237-02-5	0.007669994603345927	0.858213051810682	545	0.9908092945349728	False
BRD:BRD-K95216408-001-02-9	0.007677472150144544	0.8207959832081703	873	0.9890336692073604	False
BRD:BRD-K73815512-001-02-5	0.007695153273419901	0.8564619684084107	555	0.9908092945349728	False
BRD:BRD-K15360631-325-01-4	0.007709467687492648	0.8589280051262936	534	0.9908092945349728	False
BRD:BRD-K14063023-001-02-9	0.007721609970345606	0.8192754517031591	878	0.9888614275238659	False
BRD:BRD-K73109821-001-20-1	0.007721811542252165	0.8570053560884254	547	0.9908092945349728	False
BRD:BRD-A56690687-001-02-9	0.007723436116303831	0.8192334482550598	878	0.9888614275238659	False
BRD:BRD-A90625545-001-02-0	0.00772591243162087	0.8562819651482068	552	0.9908092945349728	False
BRD:BRD-K69608737-001-10-2	0.007728282795885403	0.8561090247273891	553	0.9908092945349728	False
BRD:BRD-K21025364-001-04-9	0.007745378646795067	0.8585418860729891	532	0.9908092945349728	False
BRD:BRD-K85139301-001-01-3	0.007783504734917884	0.866492426268081	469	0.9916540661318506	False
BRD:BRD-K00003238-001-01-9	0.007804477991789771	0.8173699153976983	878	0.9882350138962376	False
BRD:BRD-K69191882-065-01-6	0.007806902645783638	0.8175192797868238	876	0.9882350138962376	False
BRD:BRD-M67659203-001-02-7	0.007807952987982123	0.8172900318910035	878	0.9882350138962376	False
BRD:BRD-K24556098-001-16-7	0.007816031209961386	0.8586051857698609	522	0.9908092945349728	False
BRD:BRD-K89015388-001-01-7	0.007820852300338183	0.8547974271633618	550	0.9908092945349728	False
BRD:BRD-K33852358-001-09-9	0.00785242819781406	0.854877498083266	545	0.9908092945349728	False
BRD:BRD-K91356052-001-04-0	0.007852716776184545	0.8653165120165521	469	0.9908092945349728	False
BRD:BRD-K97375133-001-04-9	0.007853571177792958	0.8162415330521461	878	0.9881795087402943	False
BRD:BRD-K63874012-001-02-9	0.007858215330360357	0.8534543495823808	555	0.9908092945349728	False
BRD:BRD-A61793559-001-15-6	0.00787249484521211	0.8538493587474993	550	0.9908092945349728	False
BRD:BRD-K31086665-005-04-6	0.007885440548023313	0.8533476248876894	552	0.9908092945349728	False
BRD:BRD-K23067689-001-02-1	0.007889599017903511	0.8572884941248593	522	0.9908092945349728	False
BRD:BRD-K01826330-001-01-9	0.007892008890777758	0.8153583266878649	878	0.9881795087402943	False
BRD:BRD-K62374253-001-07-8	0.007899470140998212	0.8533542222393787	550	0.9908092945349728	False
BRD:BRD-K23248433-001-01-8	0.007903986398708329	0.8527424172294921	554	0.9908092945349728	False
BRD:BRD-K09619322-001-03-8	0.007913459538173497	0.852964898379306	551	0.9908092945349728	False
BRD:BRD-K23586533-001-03-6	0.007915534057262917	0.8554679961869617	532	0.9908092945349728	False
BRD:BRD-A68888262-003-15-1	0.007916820765885655	0.8526382845427577	553	0.9908092945349728	False
BRD:BRD-K22503835-001-11-0	0.007918544772536165	0.8527389619669022	552	0.9908092945349728	False
BRD:BRD-K44777625-001-03-5	0.007918901499093415	0.8527324035747544	552	0.9908092945349728	False
BRD:BRD-K43236057-001-07-1	0.007919380481439715	0.8567555879572433	522	0.9908092945349728	False
BRD:BRD-K73319509-001-08-0	0.00793413475334522	0.8523196979677188	553	0.9908092945349728	False
BRD:BRD-K27335680-001-10-0	0.007950862305737601	0.8528113464756492	547	0.9908092945349728	False
BRD:BRD-K00091280-001-01-9	0.007955035497848706	0.8160099079643958	858	0.9881795087402943	False
BRD:BRD-K56792340-001-14-9	0.007961423372241696	0.8139728822150522	876	0.9881773413624538	False
BRD:BRD-K01767299-050-02-1	0.007969333382937517	0.8514060321673376	555	0.9908092945349728	False
BRD:BRD-K12079898-001-02-6	0.00799013310036487	0.8516905102477624	550	0.9908092945349728	False
BRD:BRD-A29281099-003-03-2	0.00799720135885829	0.8530424151711047	539	0.9908092945349728	False
BRD:BRD-K00084841-001-01-9	0.008010435207944455	0.8147517361633719	858	0.9881795087402943	False
BRD:BRD-K11463116-304-03-5	0.008022603563093908	0.8531252588778769	535	0.9908092945349728	False
BRD:BRD-K08799216-001-05-3	0.008042413407831916	0.8531773163762142	532	0.9908092945349728	False
BRD:BRD-K20742498-003-02-9	0.008043585862571107	0.8505752604689413	551	0.9908092945349728	False
BRD:BRD-K22379844-001-04-9	0.008045901579296235	0.8118245983308011	878	0.9871654851302571	False
BRD:BRD-A05906449-004-01-1	0.008075652446407325	0.8505281270757319	547	0.9908092945349728	False
BRD:BRD-K47976015-001-01-2	0.008093642455959515	0.8541968959616989	518	0.9908092945349728	False
BRD:BRD-K47690382-001-03-0	0.00811797360984639	0.851399413617766	535	0.9908092945349728	False
BRD:BRD-K37851352-001-02-9	0.008118468719170211	0.8101596126506753	878	0.98651665756897	False
BRD:BRD-K00003489-001-01-9	0.00811896514719769	0.8101482255139387	878	0.98651665756897	False
BRD:BRD-A01636364-003-15-1	0.00816929522531855	0.8484047346814255	550	0.9908092945349728	False
BRD:BRD-K11046126-001-02-0	0.008199464860871	0.847714503376934	551	0.9908092945349728	False
BRD:BRD-K11256763-001-01-5	0.008211697994329518	0.8497040398659513	535	0.9908092945349728	False
BRD:BRD-K58550667-001-08-7	0.008230516242960902	0.847420377301531	549	0.9908092945349728	False
BRD:BRD-K06520168-001-03-9	0.008257706780573085	0.8075084751057339	873	0.9863253365655573	False
BRD:BRD-K10799896-001-26-2	0.008269777740805052	0.8462865555042194	552	0.9908092945349728	False
BRD:BRD-K09602097-001-13-6	0.008299200636181992	0.8485450750843335	532	0.9908092945349728	False
BRD:BRD-K41458421-034-01-6	0.008306597851862184	0.8479881089501122	535	0.9908092945349728	False
BRD:BRD-K84068331-001-02-9	0.008322429720174423	0.8054845302518207	878	0.9860850979516121	False
BRD:BRD-K00004545-001-01-9	0.008323519971534937	0.8060047560576505	873	0.9860850979516121	False
BRD:BRD-K26823213-001-02-9	0.008350234747704688	0.8455086639071207	547	0.9908092945349728	False
BRD:BRD-K59060513-001-02-5	0.00836186028921418	0.8045815188876252	878	0.9852314721816006	False
BRD:BRD-K05906022-001-05-1	0.008365493587639402	0.8453703002294709	546	0.9908092945349728	False
BRD:BRD-K53205568-001-02-6	0.008457063334361527	0.8429913473980233	551	0.9908092945349728	False
BRD:BRD-K88701661-001-02-9	0.008460066040904131	0.8479669223112004	516	0.9908092945349728	False
BRD:BRD-K24601397-001-01-1	0.00846695972064605	0.8433767698559752	547	0.9908092945349728	False
BRD:BRD-K00004733-001-01-9	0.008477132179652805	0.80249777333836	873	0.9852151738789922	False
BRD:BRD-K32330832-001-01-0	0.008521532818338307	0.8009274822996755	878	0.9851472717337136	False
BRD:BRD-A18763547-300-05-5	0.008533678097808889	0.8417302274480778	550	0.9908092945349728	False
BRD:BRD-K00003233-001-01-9	0.008544244400595468	0.8004080886345867	878	0.9851472717337136	False
BRD:BRD-K29359156-001-30-1	0.008576586871784647	0.840230105343843	555	0.990230738207384	False
BRD:BRD-K61323504-001-04-0	0.00858164366664097	0.8415711577502533	545	0.9908092945349728	False
BRD:BRD-K92073408-001-16-5	0.00859937505020347	0.8400975969719983	553	0.990230738207384	False
BRD:BRD-K00004631-001-01-9	0.008602149184086406	0.7990842569032215	878	0.9851472717337136	False
BRD:BRD-K00004554-001-01-9	0.008662812311456661	0.7982639778934963	873	0.9851472717337136	False
BRD:BRD-A27370296-001-03-0	0.008685681082903525	0.838804269425368	551	0.9901380804976875	False
BRD:BRD-K00003730-001-01-9	0.008697091044341758	0.796914924130709	878	0.9851472717337136	False
BRD:BRD-K16037980-001-01-1	0.00870780034872074	0.8381091147389491	553	0.9899760189722496	False
BRD:BRD-K77943374-001-02-8	0.008715080818553274	0.8376856618241484	555	0.9899760189722496	False
BRD:BRD-A62071884-001-04-6	0.008749973754772	0.8371903378360309	554	0.9899760189722496	False
BRD:BRD-K00004737-001-01-9	0.00878174975259933	0.7949818713005377	878	0.9851437530444634	False
BRD:BRD-K52172416-001-11-4	0.00878705834940401	0.8370956342399198	550	0.9899760189722496	False
BRD:BRD-K96391852-001-02-8	0.00878817335535466	0.8375159944800071	547	0.9899760189722496	False
BRD:BRD-K81729199-001-02-8	0.00880536699386102	0.8364672873432714	552	0.9899760189722496	False
BRD:BRD-K51485625-001-08-4	0.00881468695664992	0.8358567187222702	555	0.9899760189722496	False
BRD:BRD-K60005752-001-01-9	0.008816496862447237	0.8362635007244977	552	0.9899760189722496	False
BRD:BRD-K00073895-001-02-9	0.008874621289263154	0.7951890575545907	858	0.9851437530444634	False
BRD:BRD-K27040396-051-02-9	0.008875237787917064	0.7928486736909802	878	0.9847910506184512	False
BRD:BRD-A09828896-004-11-0	0.008887397489131216	0.8348176388057873	553	0.9899760189722496	False
BRD:BRD-K24548560-342-02-1	0.008895551136415485	0.8343725609789161	555	0.9899760189722496	False
BRD:BRD-K00004596-001-01-9	0.008905251586027561	0.792744906413616	873	0.9847910506184512	False
BRD:BRD-K25570267-001-01-4	0.00891964622963101	0.8369209306158336	535	0.9899760189722496	False
BRD:BRD-K45503887-001-01-1	0.00892456841593377	0.8353289716406241	545	0.9899760189722496	False
BRD:BRD-K34022604-001-06-6	0.008925999166090244	0.8341105606048339	553	0.9899760189722496	False
BRD:BRD-A04649065-001-01-7	0.008929449128238353	0.8469008529711665	470	0.9908092945349728	False
BRD:BRD-A73427433-240-01-3	0.008931445540744732	0.8371623969217392	532	0.9899760189722496	False
BRD:BRD-K35240538-001-26-2	0.00893695703922422	0.8372150925960459	531	0.9899760189722496	False
BRD:BRD-K09338665-001-07-1	0.008950595293912886	0.8383449350648653	522	0.9899760189722496	False
BRD:BRD-A64610707-001-04-4	0.008958647196128973	0.8339602808315555	550	0.9899760189722496	False
BRD:BRD-K20920669-304-09-1	0.00897299202833179	0.8331008012886495	554	0.9899760189722496	False
BRD:BRD-K00091130-325-01-9	0.008991044273991122	0.792563083248643	858	0.9847910506184512	False
BRD:BRD-K37289225-001-36-4	0.009037878979461558	0.8341797690708452	539	0.9899760189722496	False
BRD:BRD-K00004751-001-01-9	0.009049537214279408	0.7888756736381795	878	0.9835762470050262	False
BRD:BRD-K42859542-001-03-3	0.00906842366721573	0.831955769514733	550	0.9899760189722496	False
BRD:BRD-K26862302-001-05-2	0.009090562256286891	0.8321589244244105	546	0.9899760189722496	False
BRD:BRD-K67043667-001-26-4	0.009114007589506682	0.8311237293812354	550	0.9899760189722496	False
BRD:BRD-K00003510-001-01-9	0.009122086624580975	0.7872235822465071	878	0.9829437520143036	False
BRD:BRD-K78177893-001-02-4	0.00912462429072545	0.830777973318711	551	0.9899760189722496	False
BRD:BRD-K00003246-001-01-9	0.00913364630579227	0.7869604338477558	878	0.9827959069020161	False
BRD:BRD-K85804405-003-01-3	0.00913910701409454	0.7868361329250332	878	0.9827959069020161	False
BRD:BRD-K00076315-001-02-9	0.009208463438029444	0.7876653982822502	858	0.9832349893160839	False
BRD:BRD-K50888640-001-01-6	0.009211745253231641	0.785422696495011	876	0.9827959069020161	False
BRD:BRD-A08772153-001-02-4	0.009223075006151642	0.8314549627153375	535	0.9899760189722496	False
BRD:BRD-K64852730-001-01-7	0.009234863791866017	0.8418993772781816	469	0.9908092945349728	False
BRD:BRD-K35367061-001-01-1	0.009236867223266217	0.8312067005685199	535	0.9899760189722496	False
BRD:BRD-K00004750-001-01-9	0.009239331535653867	0.7851566618869242	873	0.9827959069020161	False
BRD:BRD-K11663430-001-02-3	0.009264188691796673	0.8280755440792479	552	0.9899760189722496	False
BRD:BRD-K24869513-001-02-1	0.00927565489807393	0.8274042112260768	555	0.9899760189722496	False
BRD:BRD-K84466663-001-05-4	0.009301573507627675	0.8294148366940393	539	0.9899760189722496	False
BRD:BRD-K29151923-001-01-5	0.009332691231706795	0.8402469456771431	469	0.990230738207384	False
BRD:BRD-K38903228-001-13-5	0.009345568720162907	0.8261239551540552	555	0.9899760189722496	False
BRD:BRD-K61567297-001-01-9	0.00937259364135192	0.8256292003785283	555	0.9899760189722496	False
BRD:BRD-K00075696-001-02-9	0.009463309703881425	0.7819352785568616	858	0.9827959069020161	False
BRD:BRD-K00004594-001-01-9	0.009469976294409266	0.7793148552934921	878	0.9827959069020161	False
BRD:BRD-K76989898-001-02-9	0.009488350920568475	0.7791438920558827	876	0.9827959069020161	False
BRD:BRD-K64888243-001-03-7	0.009519074195545311	0.8232641776522673	553	0.9899760189722496	False
BRD:BRD-K40366680-001-03-3	0.00951909212857686	0.8235798951129829	551	0.9899760189722496	False
BRD:BRD-K31812033-003-11-0	0.009522648155945513	0.8244671909801295	545	0.9899760189722496	False
BRD:BRD-K66437909-001-01-0	0.009528462904421501	0.8259618997275864	535	0.9899760189722496	False
BRD:BRD-K79501723-001-04-6	0.009564383269186292	0.8237104600291237	545	0.9899760189722496	False
BRD:BRD-K59632282-052-03-1	0.00957854459919234	0.8218610654350299	555	0.989763986376459	False
BRD:BRD-K28132190-001-02-0	0.009578830188547561	0.8360924597377967	469	0.9899760189722496	False
BRD:BRD-K15957397-001-05-9	0.009597172356391988	0.776677615337917	876	0.9827959069020161	False
BRD:BRD-A67305656-001-01-5	0.009606514314910795	0.824559326618465	535	0.9899760189722496	False
BRD:BRD-K00003488-001-01-9	0.009612098603562765	0.7767137104001332	873	0.9827959069020161	False
BRD:BRD-K00090645-001-01-9	0.00962004756680664	0.7784169253516505	858	0.9827959069020161	False
BRD:BRD-A67531813-001-01-6	0.009627910242603413	0.8350906596488127	470	0.9899760189722496	False
BRD:BRD-M93148412-001-02-6	0.009635058371196208	0.7761945339966393	873	0.9827959069020161	False
BRD:BRD-A58955223-001-03-8	0.009643825577648915	0.8206675173662462	555	0.9890336692073604	False
BRD:BRD-K00091104-001-01-9	0.009675770251892658	0.7771671850026441	858	0.9827959069020161	False
BRD:BRD-K72723676-003-17-8	0.009690225873023171	0.8206226299625142	550	0.9890336692073604	False
BRD:BRD-K00004561-001-01-9	0.009690549904761613	0.7743121914553959	878	0.9827959069020161	False
BRD:BRD-K00004549-001-01-9	0.009797959094892414	0.7725138298085605	873	0.9827959069020161	False
BRD:BRD-K77911775-003-01-8	0.009830552637793035	0.831848441754185	469	0.9899760189722496	False
BRD:BRD-A18992208-003-02-7	0.009843332951957634	0.8203071634219449	535	0.9890336692073604	False
BRD:BRD-K24048528-001-01-7	0.009855681811806377	0.8222581339110783	522	0.989763986376459	False
BRD:BRD-K43149758-001-22-7	0.009862013778532545	0.8179899455629996	547	0.9884591084486151	False
BRD:BRD-K46734292-001-03-6	0.009881036714952246	0.8309978685302952	469	0.9899760189722496	False
BRD:BRD-K75037734-003-13-9	0.009884530404761619	0.8222533780874095	519	0.989763986376459	False
BRD:BRD-K11640013-001-15-8	0.009912591747110207	0.8165786468322089	550	0.9882249158772503	False
BRD:BRD-K06240250-001-01-6	0.009939350663518346	0.8160923305548244	550	0.9881795087402943	False
BRD:BRD-K02292852-001-02-1	0.009955056486235176	0.8163032201066731	547	0.9881795087402943	False
BRD:BRD-K49075727-001-08-5	0.010054381667981237	0.8148383311658842	545	0.9881795087402943	False
BRD:BRD-K25906698-303-02-7	0.01009236506710954	0.8129784432617083	552	0.987676441178565	False
BRD:BRD-K40905133-001-04-9	0.010097109725055158	0.8162667831673844	532	0.9881795087402943	False
BRD:BRD-K19558579-001-02-9	0.010128801487012075	0.7646617397159643	876	0.9827517859948338	False
BRD:BRD-K56033645-001-07-5	0.01013876770571054	0.8116320270463331	555	0.9871654851302571	False
BRD:BRD-K65904673-001-01-4	0.010151673368504381	0.8117320083616797	553	0.9871654851302571	False
BRD:BRD-K81839095-001-25-1	0.010158052251788691	0.8169000783556527	522	0.9882350138962376	False
BRD:BRD-K88143662-001-01-5	0.010198717637267823	0.8139360126109836	535	0.9881773413624538	False
BRD:BRD-K92129045-001-01-6	0.010200618305101987	0.8254342680537788	470	0.9899760189722496	False
BRD:BRD-K63150726-001-02-1	0.010214201641336861	0.8104256135375132	554	0.98651665756897	False
BRD:BRD-K07265709-003-05-6	0.01021702461159551	0.8158560633765292	522	0.9881795087402943	False
BRD:BRD-A09925278-003-05-6	0.010232828470368402	0.8099176729947711	555	0.98651665756897	False
BRD:BRD-K56614220-001-19-0	0.010270742511771385	0.8095658660735183	553	0.98651665756897	False
BRD:BRD-K13606314-001-01-3	0.010304286573668178	0.8086158828704518	555	0.9864301055033445	False
BRD:BRD-K67017579-001-28-1	0.010343475215094626	0.8087564649981029	550	0.9864301055033445	False
BRD:BRD-K04426574-001-03-9	0.01036122522297371	0.7594260279751086	876	0.9806896545937699	False
BRD:BRD-K00005238-001-01-9	0.010372873119310063	0.7595650800454545	873	0.9806896545937699	False
BRD:BRD-K75844781-003-08-0	0.01037454854913031	0.8090539369686957	545	0.98651665756897	False
BRD:BRD-K00003194-001-01-9	0.010381134479702073	0.758710839215473	878	0.9806896545937699	False
BRD:BRD-K00003313-001-01-9	0.010401984456856188	0.7582412927016007	878	0.9806896545937699	False
BRD:BRD-K87465484-001-02-7	0.010414954689535101	0.8102404187105386	534	0.98651665756897	False
BRD:BRD-K00003207-001-01-9	0.010436720391440772	0.7581311203611583	873	0.9806896545937699	False
BRD:BRD-A99117172-065-04-0	0.010459674468985602	0.8064772348474838	551	0.9863077133671497	False
BRD:BRD-K07487750-001-03-3	0.010466579282555155	0.8058337126352786	554	0.9860850979516121	False
BRD:BRD-K14529030-001-01-9	0.010468082141765114	0.8071920629675552	546	0.9863253365655573	False
BRD:BRD-K43647122-001-01-3	0.010468207615296635	0.8098173940515397	531	0.98651665756897	False
BRD:BRD-K78455053-001-01-2	0.01056611243349939	0.8038506010775163	555	0.9852151738789922	False
BRD:BRD-K97045029-001-02-7	0.010573359867332358	0.8038928849982994	554	0.9852151738789922	False
BRD:BRD-K73991644-001-07-9	0.010592514949820733	0.7546355904316038	873	0.9806896545937699	False
BRD:BRD-K96424892-001-02-9	0.010599524145684628	0.8041171568662572	550	0.9852151738789922	False
BRD:BRD-K81130846-001-17-4	0.010608684206018413	0.80395131361276	550	0.9852151738789922	False
BRD:BRD-K99048103-001-18-4	0.010648120915618745	0.8030614923499413	551	0.9852151738789922	False
BRD:BRD-K79759585-048-04-8	0.010649148908891955	0.8042780130797134	544	0.9852151738789922	False
BRD:BRD-K68904758-001-03-5	0.01065291345385822	0.8036796706895518	547	0.9852151738789922	False
BRD:BRD-K00004572-001-01-9	0.010680551498561524	0.751976497994855	878	0.9806896545937699	False
BRD:BRD-K34415467-003-13-0	0.01068600377041066	0.8025517911978834	550	0.9852151738789922	False
BRD:BRD-K02637541-001-18-0	0.010707096717051478	0.8027016360450491	547	0.9852151738789922	False
BRD:BRD-K92490248-001-06-6	0.010724545914760962	0.8045318301737318	535	0.9852314721816006	False
BRD:BRD-A51831848-001-01-7	0.010733113202796891	0.8070986400177822	520	0.9863253365655573	False
BRD:BRD-K13756951-001-01-4	0.010734228501675195	0.8007946720938799	555	0.9851472717337136	False
BRD:BRD-K37798499-001-27-2	0.010743127926192994	0.8015182209330035	550	0.9851472717337136	False
BRD:BRD-K74396648-001-01-4	0.0107453555601082	0.8162738319193868	470	0.9881795087402943	False
BRD:BRD-K73771095-001-03-3	0.010758273872273256	0.8017781460296274	547	0.9851472717337136	False
BRD:BRD-K72728560-001-01-4	0.010771073793246917	0.8008348894637582	551	0.9851472717337136	False
BRD:BRD-K00739965-001-01-9	0.010787470405903827	0.8035892163264502	534	0.9852151738789922	False
BRD:BRD-K88742110-001-07-9	0.010788261632281434	0.8012371461292256	547	0.9851472717337136	False
BRD:BRD-A57798559-004-02-3	0.010801165900646809	0.8010043734496721	547	0.9851472717337136	False
BRD:BRD-K51041191-001-01-4	0.010817478633972802	0.8150628373242046	470	0.9881795087402943	False
BRD:BRD-K54708045-001-02-1	0.010829030539244456	0.7999646029926482	550	0.9851472717337136	False
BRD:BRD-A24514565-001-09-7	0.010837459155424431	0.8003497948111058	547	0.9851472717337136	False
BRD:BRD-K00071589-001-01-9	0.0108641852263849	0.750655451906822	858	0.9806896545937699	False
BRD:BRD-K10196357-003-02-0	0.01088588640367716	0.800923933721512	539	0.9851472717337136	False
BRD:BRD-K67628093-001-01-9	0.010890233362143476	0.8017568729286545	534	0.9851472717337136	False
BRD:BRD-K00004717-001-01-9	0.010893048027649547	0.7479068038881548	873	0.9806896545937699	False
BRD:BRD-K00004636-001-01-9	0.010922717169642491	0.7472435556186817	873	0.9806896545937699	False
BRD:BRD-A69275535-001-01-5	0.010957980087779078	0.7970923364391813	553	0.9851472717337136	False
BRD:BRD-K88120876-001-10-9	0.01096679437773766	0.7458367777658775	876	0.9806896545937699	False
BRD:BRD-K05677083-001-05-4	0.01096780433966544	0.8025937476200421	522	0.9852151738789922	False
BRD:BRD-K64451768-001-05-4	0.010973423739381188	0.8126428911147862	469	0.9876221998692318	False
BRD:BRD-K20986415-001-01-8	0.010978484149827597	0.8123610396509121	470	0.9874817642063134	False
BRD:BRD-K75009076-001-02-1	0.010980459352499519	0.8023706739592983	522	0.9852151738789922	False
BRD:BRD-K00104123-001-01-9	0.010983621009357387	0.7481489506327856	857	0.9806896545937699	False
BRD:BRD-K07208025-001-29-7	0.01098395817386624	0.7971646105787733	550	0.9851472717337136	False
BRD:BRD-K03808106-001-02-9	0.011001229507282207	0.7450663591077048	876	0.9806896545937699	False
BRD:BRD-K39462424-050-09-8	0.011003215938504979	0.7968167478560569	550	0.9851472717337136	False
BRD:BRD-K97019106-005-02-9	0.01100932114099919	0.795800748986361	555	0.9851437530444634	False
BRD:BRD-K00091110-074-01-9	0.011012088773399787	0.7473757071419911	858	0.9806896545937699	False
BRD:BRD-A60402836-001-01-0	0.011031291071902746	0.7443939984411799	876	0.9806896545937699	False
BRD:BRD-K00084847-001-01-9	0.011065094668861767	0.7462014141981493	858	0.9806896545937699	False
BRD:BRD-K00003357-001-01-9	0.011152603421218201	0.7421108552349898	873	0.9806896545937699	False
BRD:BRD-A16350940-001-01-9	0.011154609376620026	0.7940834589443514	550	0.9847910506184512	False
BRD:BRD-K87718015-001-04-9	0.011198825385420408	0.7406504795324242	876	0.9806896545937699	False
BRD:BRD-K37949327-001-06-3	0.011199859353143942	0.7988857114083351	520	0.9851472717337136	False
BRD:BRD-K00003484-074-01-9	0.011202598758172876	0.7402801070404393	878	0.9806896545937699	False
BRD:BRD-K60241851-001-11-9	0.011205784581241643	0.795949724477456	535	0.9851437530444634	False
BRD:BRD-A49924714-001-08-9	0.011250634301507544	0.7420956167453803	858	0.9806896545937699	False
BRD:BRD-K70358946-001-15-7	0.011273960358916122	0.7913743079873212	553	0.9847449422164032	False
BRD:BRD-K37793595-003-01-7	0.011298956974353786	0.791108018946086	552	0.9847449422164032	False
BRD:BRD-K98155362-001-07-7	0.011313773921707005	0.7921461730916614	545	0.9847910506184512	False
BRD:BRD-A05523972-001-01-5	0.011314369484016326	0.7912018491363643	550	0.9847449422164032	False
BRD:BRD-K78097265-001-02-9	0.011322177767562874	0.7378981040401649	876	0.9806896545937699	False
BRD:BRD-K47887731-001-01-4	0.011330679805719696	0.7939157988406095	534	0.9847910506184512	False
BRD:BRD-K00004701-001-01-9	0.011358193485642713	0.7368054549937938	878	0.9806896545937699	False
BRD:BRD-K81418486-001-47-5	0.01136635287718677	0.7955762069094933	522	0.9851437530444634	False
BRD:BRD-A35379661-001-04-6	0.011433659867010901	0.7911323249965941	539	0.9847449422164032	False
BRD:BRD-K86856088-001-06-9	0.011458739471279072	0.7916398626805862	534	0.9847449422164032	False
BRD:BRD-K41267922-001-01-4	0.011471598220177072	0.7912198314273818	535	0.9847449422164032	False
BRD:BRD-K00004559-001-01-9	0.011487654823380258	0.7339184838833631	878	0.9800845990161736	False
BRD:BRD-K75923785-003-02-1	0.011559414798926214	0.7888889898658871	539	0.9835762470050262	False
BRD:BRD-K09416995-001-39-9	0.01159789859560768	0.7860948283327818	550	0.9827959069020161	False
BRD:BRD-A91366704-001-01-9	0.011604556573387947	0.7857844057771963	551	0.9827959069020161	False
BRD:BRD-K30634073-046-01-0	0.01160770779407535	0.7859183045632844	550	0.9827959069020161	False
BRD:BRD-K65900713-003-01-0	0.011627068976285123	0.7886509268544153	534	0.9835762470050262	False
BRD:BRD-A01098288-001-02-9	0.01169988328777495	0.7863852434928018	539	0.9827959069020161	False
BRD:BRD-K31283835-048-04-4	0.011721845715325004	0.7850234352245036	544	0.9827959069020161	False
BRD:BRD-K68633027-001-01-9	0.011722542303679175	0.8001141262142352	469	0.9851472717337136	False
BRD:BRD-K42098891-003-20-5	0.011787704830721292	0.7848210063125779	539	0.9827959069020161	False
BRD:BRD-K01294196-001-01-5	0.011791843018608817	0.7847473201245405	539	0.9827959069020161	False
BRD:BRD-K00603606-003-24-0	0.011806055557208452	0.7823512566442268	550	0.9827959069020161	False
BRD:BRD-K00003444-001-01-9	0.011806118126976425	0.7275828476660208	873	0.9789647956926407	False
BRD:BRD-A73930134-001-03-0	0.01181062819441525	0.7877729340583652	522	0.9832349893160839	False
BRD:BRD-K28007504-051-01-2	0.011820823060631437	0.7826686761115513	547	0.9827959069020161	False
BRD:BRD-K35952844-238-01-2	0.011836026501201824	0.7841571373352997	538	0.9827959069020161	False
BRD:BRD-K93314017-001-02-9	0.01186082245334678	0.7259189473305256	876	0.9789647956926407	False
BRD:BRD-K15337272-001-01-3	0.01186344903977296	0.7803491817399033	555	0.9827959069020161	False
BRD:BRD-A32796301-001-01-6	0.01186445606896544	0.7977463244524289	469	0.9851472717337136	False
BRD:BRD-K00004301-001-01-9	0.011867120861670691	0.7254781867122878	878	0.9789647956926407	False
BRD:BRD-K71500795-003-02-9	0.011868342163374998	0.7262045596564555	873	0.9789647956926407	False
BRD:BRD-K11984358-001-01-3	0.011872102871517893	0.7253675925349967	878	0.9789647956926407	False
BRD:BRD-K67511046-001-02-3	0.011890396325025686	0.7843781517304432	532	0.9827959069020161	False
BRD:BRD-K99741577-001-01-7	0.011912936233119075	0.779456517510399	555	0.9827959069020161	False
BRD:BRD-K77286328-001-03-7	0.011938553308910433	0.7238930263059004	878	0.9789647956926407	False
BRD:BRD-K81272440-236-13-5	0.012001971003564205	0.7810082420084634	539	0.9827959069020161	False
BRD:BRD-K53963539-004-02-0	0.012046843664954674	0.7816123819495706	532	0.9827959069020161	False
BRD:BRD-K01669786-001-02-2	0.012054954308865246	0.7834905595276916	522	0.9827959069020161	False
BRD:BRD-K24821794-001-01-4	0.012085894851617252	0.7771285562614667	551	0.9827959069020161	False
BRD:BRD-K00003168-003-01-9	0.012085956973926863	0.720625726061661	878	0.9789647956926407	False
BRD:BRD-K00076418-001-02-9	0.01209109122030581	0.7235903615856619	858	0.9789647956926407	False
BRD:BRD-K04430056-236-02-1	0.012101329593234615	0.7780431435745415	545	0.9827959069020161	False
BRD:BRD-K46862739-001-14-3	0.012103293320269933	0.780211793578703	534	0.9827959069020161	False
BRD:BRD-K49236613-001-02-3	0.012113442009757678	0.7774284109663966	547	0.9827959069020161	False
BRD:BRD-K87158025-001-01-6	0.012148295606687204	0.7762072361303104	550	0.9827959069020161	False
BRD:BRD-K16444452-001-09-1	0.012160592626568798	0.7753902669574471	553	0.9827959069020161	False
BRD:BRD-K99545815-001-06-3	0.012186063423629327	0.7745350171886383	555	0.9827959069020161	False
BRD:BRD-K68346641-001-02-2	0.012210831573787531	0.7744873334817769	553	0.9827959069020161	False
BRD:BRD-K60946979-003-02-9	0.012223060736767176	0.7179002389666622	876	0.9789647956926407	False
BRD:BRD-K26657438-001-15-2	0.012227088131008255	0.7743948463730741	552	0.9827959069020161	False
BRD:BRD-K21071223-001-02-8	0.012269979583394493	0.774629235371797	547	0.9827959069020161	False
BRD:BRD-K42221274-003-07-7	0.012276431717577179	0.7745139219034257	547	0.9827959069020161	False
BRD:BRD-K00003365-300-01-9	0.012320160811438947	0.7162233689665441	873	0.9789647956926407	False
BRD:BRD-K51747290-001-13-1	0.012326663639733417	0.7766724396827448	532	0.9827959069020161	False
BRD:BRD-A66869276-001-02-9	0.012331787414248521	0.7719128828915139	555	0.9827959069020161	False
BRD:BRD-K00004560-001-01-9	0.012354790480379128	0.7146799823951033	878	0.9789647956926407	False
BRD:BRD-K38966689-300-02-9	0.012356084739165057	0.7146513989319547	878	0.9789647956926407	False
BRD:BRD-K49702221-003-01-6	0.012404298346014484	0.7726368606080289	545	0.9827959069020161	False
BRD:BRD-K58810291-001-16-2	0.012404610362030026	0.774679460298608	535	0.9827959069020161	False
BRD:BRD-K46970505-003-01-9	0.01241316001312292	0.7743224725909896	536	0.9827959069020161	False
BRD:BRD-K09659835-003-01-4	0.012486508364813818	0.7711717595889226	545	0.9827959069020161	False
BRD:BRD-K00003389-001-01-9	0.012505615952870683	0.7113517292009834	878	0.9789647956926407	False
BRD:BRD-A55962179-001-22-1	0.012551931318533945	0.7683649231632262	553	0.9827959069020161	False
BRD:BRD-K77073709-435-01-2	0.012551936317572069	0.7720767622836505	535	0.9827959069020161	False
BRD:BRD-K51318897-001-15-3	0.012562490271852559	0.77251612914759	532	0.9827959069020161	False
BRD:BRD-K75664313-001-02-6	0.012597871060875192	0.7855394442610748	469	0.9827959069020161	False
BRD:BRD-K94920105-001-05-9	0.012604369671194174	0.7091755058235505	878	0.9789647956926407	False
BRD:BRD-K40604024-001-02-9	0.012609599895055114	0.7090603138808809	878	0.9789647956926407	False
BRD:BRD-K08287586-001-14-3	0.012624835907405148	0.7674695283961267	551	0.9827959069020161	False
BRD:BRD-K00003359-001-01-9	0.0126494973055369	0.7089782156986362	873	0.9789647956926407	False
BRD:BRD-K66192203-001-02-2	0.012656396689240974	0.7702328849783127	535	0.9827959069020161	False
BRD:BRD-K41141507-001-18-9	0.01265979583445968	0.708752075030389	873	0.9789647956926407	False
BRD:BRD-K53765467-001-02-1	0.012672862978034003	0.76578581914366	555	0.9827959069020161	False
BRD:BRD-K95260951-050-03-1	0.012685778784524336	0.7655540844700918	555	0.9827959069020161	False
BRD:BRD-K67102207-236-07-7	0.012698313309477053	0.7669848706447405	547	0.9827959069020161	False
BRD:BRD-K00003178-003-01-9	0.0127053218564965	0.7069532814241168	878	0.9789647956926407	False
BRD:BRD-K14496212-066-04-8	0.012737035785362923	0.7679684895804513	539	0.9827959069020161	False
BRD:BRD-K00091088-001-01-9	0.012759155488415176	0.7089944689887792	858	0.9789647956926407	False
BRD:BRD-K49738308-065-04-9	0.012777218074682377	0.7708698796433	522	0.9827959069020161	False
BRD:BRD-K00003184-001-01-9	0.012782463226052249	0.705256873529414	878	0.9789647956926407	False
BRD:BRD-K01868942-003-02-7	0.012789003803989316	0.7643261406359839	552	0.982539662044364	False
BRD:BRD-K30374899-001-09-3	0.01280579999938411	0.7650700943694686	547	0.9827517859948338	False
BRD:BRD-A94993966-001-04-4	0.012809461670589372	0.7633360354279697	555	0.9821408314325148	False
BRD:BRD-K00091264-001-01-9	0.012811382444194741	0.7078578128704025	858	0.9789647956926407	False
BRD:BRD-K63919159-003-07-0	0.012815869199628236	0.7674204628563528	535	0.9827959069020161	False
BRD:BRD-K73157543-001-04-1	0.012837824557797186	0.7638712416487645	550	0.9821408314325148	False
BRD:BRD-A72309220-001-04-1	0.012901262303220147	0.7621096737326667	553	0.9813625421287325	False
BRD:BRD-K01507359-001-22-9	0.012924859891079993	0.7682973271867766	522	0.9827959069020161	False
BRD:BRD-K74141488-003-11-2	0.012940374600504978	0.7609904365770862	555	0.9808748410691611	False
BRD:BRD-K00003430-001-01-9	0.01294089468510768	0.7017774154021018	878	0.9789647956926407	False
BRD:BRD-K15318383-201-01-5	0.012963011943033148	0.7656871906167071	531	0.9827959069020161	False
BRD:BRD-K66584608-001-03-9	0.012969262000963619	0.7011550706054595	878	0.9789647956926407	False
BRD:BRD-K32218650-001-01-6	0.012972235733414824	0.7621080222465816	547	0.9813625421287325	False
BRD:BRD-K00004746-001-01-9	0.012972340856706304	0.7019013147127814	873	0.9789647956926407	False
BRD:BRD-K86972824-001-02-2	0.012999412891479812	0.7620496257426193	545	0.9813625421287325	False
BRD:BRD-K32033120-001-01-1	0.013002557937457908	0.7788261071662358	469	0.9827959069020161	False
BRD:BRD-A48938994-001-14-1	0.013025808686275647	0.7637226738934362	535	0.9821408314325148	False
BRD:BRD-K61314889-001-05-1	0.01303697703436157	0.7609567508405749	547	0.9808748410691611	False
BRD:BRD-K06159959-001-03-9	0.01308789056995868	0.6985546749854986	878	0.9789647956926407	False
BRD:BRD-K42325600-001-01-8	0.01308806786568278	0.6985507912101541	878	0.9789647956926407	False
BRD:BRD-K94649603-001-10-6	0.013094459684352794	0.7599349995460749	547	0.9808748410691611	False
BRD:BRD-K05528470-305-02-2	0.013105991022762149	0.7586635542070956	552	0.9806896545937699	False
BRD:BRD-A20644369-001-08-6	0.013106174185634454	0.7588731679094002	551	0.9806896545937699	False
BRD:BRD-K75528696-001-01-2	0.013126919561678956	0.7765335643933862	470	0.9827959069020161	False
BRD:BRD-K75308783-001-07-0	0.013150513601700239	0.758724655739274	548	0.9806896545937699	False
BRD:BRD-K00003160-003-01-9	0.013156592663047285	0.6970503028479496	878	0.9789647956926407	False
BRD:BRD-A27732521-003-08-3	0.013158671151236204	0.7605180366394637	539	0.9808748410691611	False
BRD:BRD-K81376179-001-04-8	0.01317468060228259	0.7576520765895568	551	0.9806896545937699	False
BRD:BRD-K00003366-001-01-9	0.013218206962267273	0.6965290184565307	873	0.9789647956926407	False
BRD:BRD-K78627070-001-01-5	0.013228053679678201	0.7748580208502597	470	0.9827959069020161	False
BRD:BRD-K41406082-001-16-2	0.01324613244401409	0.7565942795268649	550	0.9806896545937699	False
BRD:BRD-A83937277-001-10-5	0.013264949188884701	0.7601746265403482	532	0.9808748410691611	False
BRD:BRD-K49669041-001-08-4	0.013268447348165518	0.7568449290326144	547	0.9806896545937699	False
BRD:BRD-K00004696-001-01-9	0.013290131802439124	0.6941295956915989	878	0.9789647956926407	False
BRD:BRD-K95161686-001-02-8	0.013299866656208328	0.7556382004840784	550	0.9806896545937699	False
BRD:BRD-K77897005-001-02-9	0.013308925149193686	0.6937189187318968	878	0.9789647956926407	False
BRD:BRD-K20168484-001-07-9	0.01331717023406987	0.6943708857211849	873	0.9789647956926407	False
BRD:BRD-K68065987-300-09-1	0.013318593587952727	0.7561721203562096	546	0.9806896545937699	False
BRD:BRD-K00003166-001-01-9	0.013328569515423924	0.6932897410536506	878	0.9789647956926407	False
BRD:BRD-K68095457-001-10-1	0.013330255860847405	0.7557481218772909	547	0.9806896545937699	False
BRD:BRD-K15600710-066-04-1	0.013339347504468465	0.7555868297872652	547	0.9806896545937699	False
BRD:BRD-K00003354-001-01-9	0.013358183990235192	0.6934772051342037	873	0.9789647956926407	False
BRD:BRD-K11215326-001-03-7	0.013359601765306798	0.7607371255162982	522	0.9808748410691611	False
BRD:BRD-K62056274-332-01-8	0.013395025027884802	0.7528614829998247	555	0.9806896545937699	False
BRD:BRD-K00084846-001-01-9	0.013413274836356407	0.6948057995045889	858	0.9789647956926407	False
BRD:BRD-K10845183-304-01-6	0.013425700225378215	0.7573588037929426	532	0.9806896545937699	False
BRD:BRD-K00004724-001-01-9	0.013428379917673813	0.691948639390337	873	0.9789647956926407	False
BRD:BRD-A02232681-001-01-8	0.013428682482787155	0.7566417160983666	535	0.9806896545937699	False
BRD:BRD-K45841694-001-11-7	0.013428782502133108	0.7595361436285191	522	0.9806896545937699	False
BRD:BRD-K00003226-001-01-9	0.013430129405074003	0.691910559035703	873	0.9789647956926407	False
BRD:BRD-K82036761-003-20-3	0.013434589884146718	0.7525896614410009	553	0.9806896545937699	False
BRD:BRD-K00075103-001-02-9	0.01343489516217567	0.6943386119808505	858	0.9789647956926407	False
BRD:BRD-K11411329-001-01-3	0.013444301637429445	0.7519820595704506	555	0.9806896545937699	False
BRD:BRD-K62581435-001-03-8	0.013459814644137941	0.7517052704344613	555	0.9806896545937699	False
BRD:BRD-K49215523-001-04-2	0.013472806200814836	0.7536593337529748	545	0.9806896545937699	False
BRD:BRD-K13662825-001-07-5	0.013475538234647911	0.751424756480001	555	0.9806896545937699	False
BRD:BRD-K60102752-001-02-2	0.013493612167200018	0.75285169188049	547	0.9806896545937699	False
BRD:BRD-K78513633-001-15-7	0.01351520848282856	0.7529092043750961	545	0.9806896545937699	False
BRD:BRD-K97163964-001-03-3	0.013528940291012231	0.7515665538617693	550	0.9806896545937699	False
BRD:BRD-K00091109-001-01-9	0.01353087572987242	0.6922659964383866	858	0.9789647956926407	False
BRD:BRD-K76617868-003-11-9	0.013537800845283377	0.750314293284614	555	0.9806896545937699	False
BRD:BRD-K69857269-001-03-9	0.013547441086824916	0.6885146449434069	878	0.9789647956926407	False
BRD:BRD-K08976401-001-18-5	0.013555767499328344	0.7550828042869847	532	0.9806896545937699	False
BRD:BRD-K38140108-002-01-2	0.013574508305578086	0.7498789277841847	554	0.9806896545937699	False
BRD:BRD-A13293292-001-02-6	0.013586847153058652	0.769162423741543	469	0.9827959069020161	False
BRD:BRD-A70083328-001-24-3	0.013608368235117003	0.7541629638145474	532	0.9806896545937699	False
BRD:BRD-A20758144-001-04-5	0.013611649458702033	0.7525383694923806	539	0.9806896545937699	False
BRD:BRD-K55034111-066-17-1	0.013615852674494191	0.750023534332397	550	0.9806896545937699	False
BRD:BRD-K00003421-001-01-9	0.013631753318957957	0.6875271272567288	873	0.9789647956926407	False
BRD:BRD-K33459542-001-07-4	0.013669652782798138	0.7497342400495388	547	0.9806896545937699	False
BRD:BRD-K54606188-001-13-1	0.013704863994451819	0.7473372506918102	555	0.9806896545937699	False
BRD:BRD-K87665527-001-02-9	0.013705500224859732	0.6850739636014225	878	0.9789647956926407	False
BRD:BRD-K00003347-003-01-9	0.013727502624220497	0.6845955231138865	878	0.9789647956926407	False
BRD:BRD-A41450521-075-10-8	0.013731890074307779	0.7490795832682161	545	0.9806896545937699	False
BRD:BRD-K40496271-396-01-1	0.013738155382550282	0.7541725202191715	522	0.9806896545937699	False
BRD:BRD-K31468676-237-01-8	0.013759775197507677	0.7517442416943064	531	0.9806896545937699	False
BRD:BRD-K76911699-003-03-9	0.013760025013701913	0.6847438546153591	873	0.9789647956926407	False
BRD:BRD-K86872788-065-01-5	0.013765461638750228	0.6837704042705768	878	0.9789647956926407	False
BRD:BRD-K73383190-001-03-1	0.013779186961543151	0.7469035121988761	551	0.9806896545937699	False
BRD:BRD-K99506538-001-03-8	0.013800758885400779	0.7501200904010756	535	0.9806896545937699	False
BRD:BRD-K12614344-003-01-8	0.013834514610876649	0.7454753707156573	553	0.9806896545937699	False
BRD:BRD-A92262698-001-02-5	0.013858278699958154	0.7491134773853956	535	0.9806896545937699	False
BRD:BRD-A67101513-001-03-7	0.013858740486216221	0.7454925899430395	551	0.9806896545937699	False
BRD:BRD-K71686520-001-02-9	0.013874835370947287	0.6813950467253083	878	0.9789647956926407	False
BRD:BRD-A09467419-003-22-4	0.013881892061218011	0.7493854248092844	532	0.9806896545937699	False
BRD:BRD-K24219278-001-01-6	0.013915860357632995	0.7453810618880087	547	0.9806896545937699	False
BRD:BRD-K34469523-003-03-0	0.013924432793239211	0.7461348004199464	543	0.9806896545937699	False
BRD:BRD-K00003306-001-01-9	0.013929256356753449	0.6810783618797226	873	0.9789647956926407	False
BRD:BRD-K00573984-003-01-5	0.013955243353516427	0.7451384962323367	545	0.9806896545937699	False
BRD:BRD-A25687296-300-04-3	0.013958236976891582	0.7439546867655152	550	0.9806896545937699	False
BRD:BRD-K03564313-001-03-3	0.014008243187976034	0.7437497289201737	547	0.9806896545937699	False
BRD:BRD-K26875402-001-13-9	0.014008903328595303	0.6788345912668821	876	0.9789647956926407	False
BRD:BRD-K36862742-001-25-6	0.01403209447123642	0.7426476064397388	550	0.9806896545937699	False
BRD:BRD-A36456202-001-01-3	0.014049576831065485	0.7464612584802534	532	0.9806896545937699	False
BRD:BRD-K60441002-001-04-8	0.014060446819090513	0.7428284027233856	547	0.9806896545937699	False
BRD:BRD-K80528473-001-03-0	0.01407591592158343	0.6777332807660602	874	0.9787672983528036	False
BRD:BRD-K45086103-001-16-3	0.014082055153874453	0.746127091600394	531	0.9806896545937699	False
BRD:BRD-K37764012-001-04-1	0.014083367701125381	0.7410593614197214	553	0.9806896545937699	False
BRD:BRD-K00004633-001-01-9	0.014096029516333984	0.676600840534592	878	0.9785179697847339	False
BRD:BRD-K00090647-001-01-9	0.014114833510809673	0.6797059635115984	858	0.9789647956926407	False
BRD:BRD-K51544265-001-04-2	0.014152152572271866	0.7435138246011264	537	0.9806896545937699	False
BRD:BRD-K00003259-050-01-9	0.014152586852321765	0.6753770936555826	878	0.9784017842335956	False
BRD:BRD-K00075778-003-02-9	0.014159689037399543	0.6787447958546766	858	0.9789647956926407	False
BRD:BRD-A75015151-001-08-9	0.014165263496594888	0.675102922891705	878	0.97829253268742	False
BRD:BRD-K42938903-332-01-1	0.01416896456168883	0.744381532349476	532	0.9806896545937699	False
BRD:BRD-K00004743-001-01-9	0.014177521244007464	0.675714627158173	873	0.9784026312249595	False
BRD:BRD-K02965346-001-07-5	0.014191395815116437	0.740518941770367	547	0.9806896545937699	False
BRD:BRD-K00004601-001-01-9	0.01419281525211997	0.6745071813189265	878	0.9779044164884678	False
BRD:BRD-K00003399-001-01-9	0.014229410679578098	0.6745956239811463	873	0.9779044164884678	False
BRD:BRD-K97752965-001-16-4	0.014257387667792294	0.7459084993511003	519	0.9806896545937699	False
BRD:BRD-K96631475-001-02-4	0.014275993427998736	0.744876200665918	522	0.9806896545937699	False
BRD:BRD-K56912469-003-02-0	0.014286150889989828	0.7416390724821983	535	0.9806896545937699	False
BRD:BRD-A68493689-001-01-9	0.014294703281746073	0.7386986192370762	547	0.9806896545937699	False
BRD:BRD-K75868704-001-05-3	0.014375152768148141	0.736123365175146	552	0.9806896545937699	False
BRD:BRD-K00077192-001-02-9	0.014379407023427436	0.6740442185630522	858	0.9779044164884678	False
BRD:BRD-K54208592-001-10-9	0.014432139454241575	0.6696964760916354	876	0.9776906197940667	False
BRD:BRD-A30693873-003-12-8	0.014438068047316056	0.7352438530333881	551	0.980161396479891	False
BRD:BRD-K46254452-001-01-5	0.014459443742714101	0.7350992942717867	550	0.980161396479891	False
BRD:BRD-A25800195-001-02-2	0.014482529663429	0.7417966775715786	520	0.9806896545937699	False
BRD:BRD-K28936863-051-33-0	0.01448797402840024	0.7352970309061125	547	0.980161396479891	False
BRD:BRD-K27182532-001-02-3	0.014506486332058364	0.7331053918286331	555	0.9798790571882714	False
BRD:BRD-K61097567-001-08-5	0.014517295979789235	0.7352506277202862	545	0.980161396479891	False
BRD:BRD-K00004713-001-01-9	0.014523577066146423	0.6682655177978436	873	0.977605408971892	False
BRD:BRD-K46428823-001-02-5	0.014535176525001284	0.7337642521710513	550	0.9800845990161736	False
BRD:BRD-K00004595-001-01-9	0.014576350263393444	0.6671323731212906	873	0.977605408971892	False
BRD:BRD-A64808605-003-02-7	0.014594753636791578	0.7322455433128847	552	0.979324995956365	False
BRD:BRD-A64319165-001-07-0	0.014626656290676616	0.7520537787550895	469	0.9806896545937699	False
BRD:BRD-K86294588-001-01-9	0.014653965187689829	0.730496848837198	555	0.9789647956926407	False
BRD:BRD-K40308497-001-02-0	0.014666527020110388	0.7309796044420749	552	0.9789647956926407	False
BRD:BRD-K96740444-001-02-1	0.014666650393410696	0.7307422550986942	553	0.9789647956926407	False
BRD:BRD-K26581543-001-01-6	0.014677935394341226	0.7324325296635187	545	0.979324995956365	False
BRD:BRD-K00091121-003-01-9	0.014689197034683021	0.6674382283768054	858	0.977605408971892	False
BRD:BRD-A82772293-001-03-2	0.014714896440707455	0.7348953098158101	532	0.980161396479891	False
BRD:BRD-K43471985-001-05-5	0.014745737179257262	0.7298198752431846	551	0.9789647956926407	False
BRD:BRD-K45995181-001-04-6	0.014779508840711166	0.749289491619392	470	0.9806896545937699	False
BRD:BRD-K18779551-003-07-8	0.014790381348897094	0.7283231810002431	554	0.9789647956926407	False
BRD:BRD-K37720887-001-07-8	0.014793461375830244	0.729217179446061	550	0.9789647956926407	False
BRD:BRD-K98557884-001-01-6	0.014808531113204322	0.7325466354141941	535	0.979324995956365	False
BRD:BRD-K64881305-001-03-7	0.014808863510828317	0.7287086593866913	551	0.9789647956926407	False
BRD:BRD-A50764878-003-02-8	0.014840992712522864	0.7283814244820196	550	0.9789647956926407	False
BRD:BRD-K42629487-001-09-9	0.014853911774484712	0.6606382659844662	876	0.977605408971892	False
BRD:BRD-K08333979-003-02-9	0.0148543045027636	0.6606298543663749	876	0.977605408971892	False
BRD:BRD-K00634421-001-01-0	0.014869382096352485	0.7317323864882486	534	0.9790735538614443	False
BRD:BRD-K43802723-340-01-9	0.014874657011633348	0.7265991544705064	555	0.9789647956926407	False
BRD:BRD-K73028949-001-02-8	0.014902322982631762	0.7311610104297896	534	0.9790146442157901	False
BRD:BRD-A39791822-001-05-1	0.014923064783397774	0.7266998141140719	551	0.9789647956926407	False
BRD:BRD-K23779958-001-05-8	0.014946287274443908	0.7333422382076552	522	0.9800027154949771	False
BRD:BRD-K00003275-001-01-9	0.014949460213859954	0.6582272143848323	878	0.977605408971892	False
BRD:BRD-K58234744-001-02-9	0.014951126793666487	0.6581915306682652	878	0.977605408971892	False
BRD:BRD-K34251960-036-01-6	0.014963145001653499	0.729862557204569	535	0.9789647956926407	False
BRD:BRD-K70792160-003-04-6	0.014965699408470102	0.7249932790126862	555	0.9789647956926407	False
BRD:BRD-K13414800-001-01-3	0.014972392056309862	0.7297021336258468	535	0.9789647956926407	False
BRD:BRD-K08547377-394-03-5	0.01498547143768092	0.73020854631069	532	0.9789647956926407	False
BRD:BRD-K70088346-001-01-6	0.014986181434893052	0.7265525050131304	547	0.9789647956926407	False
BRD:BRD-K24507548-001-01-8	0.015003885271137173	0.7243200860016858	555	0.9789647956926407	False
BRD:BRD-K91244729-003-01-3	0.01500561876117679	0.7291257937498763	535	0.9789647956926407	False
BRD:BRD-K56596464-004-10-7	0.015028747166342593	0.7246019722699397	552	0.9789647956926407	False
BRD:BRD-K40002998-001-01-5	0.015036807979424518	0.7285849343151619	535	0.9789647956926407	False
BRD:BRD-K37848908-001-05-6	0.015044075693397187	0.7449557552267199	470	0.9806896545937699	False
BRD:BRD-K00003289-001-01-9	0.015047737920005933	0.6570446079901962	873	0.977605408971892	False
BRD:BRD-K01683783-001-02-6	0.01505247376311844	0.7244257227631756	551	0.9789647956926407	False
BRD:BRD-K96862998-001-15-5	0.015074009677027623	0.7230843901965113	555	0.9789647956926407	False
BRD:BRD-K72542090-304-02-4	0.015084631343937033	0.7314673765082988	520	0.9790735538614443	False
BRD:BRD-K31385749-003-01-3	0.015102551253387737	0.7250008848385505	545	0.9789647956926407	False
BRD:BRD-K72951360-001-01-4	0.015111851412042231	0.7243522965236483	547	0.9789647956926407	False
BRD:BRD-K75699339-057-08-1	0.015160068257229514	0.7215688945046468	555	0.9789647956926407	False
BRD:BRD-A54275602-001-01-0	0.015173419403047035	0.7237630371667239	545	0.9789647956926407	False
BRD:BRD-K00003481-001-01-9	0.01518443240460442	0.6541308539025962	873	0.9771132149688614	False
BRD:BRD-K83970940-001-01-0	0.015212922993170692	0.7424602267031118	469	0.9806896545937699	False
BRD:BRD-K04843302-001-02-5	0.015222461459362067	0.7423044657496547	469	0.9806896545937699	False
BRD:BRD-K00004623-001-01-9	0.015238882945441314	0.6529716569656568	873	0.9770113598053791	False
BRD:BRD-K70327191-001-02-2	0.015257234509265093	0.7210763971749284	550	0.9789647956926407	False
BRD:BRD-K50398167-236-22-7	0.015268528018123272	0.7221029156053426	545	0.9789647956926407	False
BRD:BRD-K07940445-310-02-9	0.015274032347108066	0.7202939868595519	552	0.9789647956926407	False
BRD:BRD-K87919739-001-08-9	0.01528527023498986	0.6514252439425923	876	0.9767481203413484	False
BRD:BRD-K28494619-001-28-2	0.015300149752561167	0.7203246643290178	550	0.9789647956926407	False
BRD:BRD-K44942188-001-09-1	0.015322716948458992	0.7211576301277918	545	0.9789647956926407	False
BRD:BRD-A18627414-001-04-9	0.015351769711170275	0.7181969465309014	555	0.9789647956926407	False
BRD:BRD-K25244359-066-03-4	0.015366096233526496	0.7261487108955066	522	0.9789647956926407	False
BRD:BRD-K83029223-001-01-3	0.015367199270099309	0.7231134885944891	534	0.9789647956926407	False
BRD:BRD-K62814476-001-03-3	0.015376755512065562	0.719721850728162	547	0.9789647956926407	False
BRD:BRD-K00003140-001-01-9	0.015385855909158775	0.6489101460439757	878	0.976583210826695	False
BRD:BRD-K10656395-001-02-1	0.015396131337700094	0.7394703218397297	469	0.9806896545937699	False
BRD:BRD-K26818574-305-07-6	0.015402928651920488	0.7222460884620526	535	0.9789647956926407	False
BRD:BRD-K94485812-001-02-9	0.015405073673055466	0.7254820320087638	522	0.9789647956926407	False
BRD:BRD-K00003257-001-01-9	0.015408549761843528	0.6484271121555185	878	0.976583210826695	False
BRD:BRD-K15691453-236-01-6	0.0154530189475111	0.7216311574354575	534	0.9789647956926407	False
BRD:BRD-K00091265-001-01-9	0.015474140252212498	0.6508157627379668	858	0.976583210826695	False
BRD:BRD-K00004607-001-01-9	0.015493694883481615	0.6475581141144163	873	0.976583210826695	False
BRD:BRD-K90382497-001-10-7	0.015495810180105919	0.7181409987027825	545	0.9789647956926407	False
BRD:BRD-A26845397-051-01-9	0.015503478868731619	0.7162721761307299	552	0.9789647956926407	False
BRD:BRD-A25988899-001-01-6	0.01551178519548273	0.6466083814542514	876	0.976583210826695	False
BRD:BRD-K00005349-304-01-9	0.01555164711579013	0.6457622341728888	876	0.976583210826695	False
BRD:BRD-K98548675-001-05-9	0.015560458258429844	0.7145324172260812	555	0.9789647956926407	False
BRD:BRD-K12014493-001-02-2	0.015584064233282607	0.7229359800880506	520	0.9789647956926407	False
BRD:BRD-K76687997-003-07-9	0.015610150720173906	0.6479527628626421	858	0.976583210826695	False
BRD:BRD-K00004611-001-01-9	0.015629577750214032	0.644678815250928	873	0.976583210826695	False
BRD:BRD-A12077521-003-01-5	0.01563014924343007	0.7190824574164211	532	0.9789647956926407	False
BRD:BRD-K62929068-001-16-5	0.015641768490416142	0.7136031887895891	553	0.9789647956926407	False
BRD:BRD-K80262108-001-07-0	0.015646383527566185	0.7137712510964896	552	0.9789647956926407	False
BRD:BRD-K53281329-300-01-5	0.015684835556190265	0.6429383713055618	876	0.976583210826695	False
BRD:BRD-K31417912-001-01-9	0.015705025225651644	0.7170299840260796	535	0.9789647956926407	False
BRD:BRD-K65508953-001-13-9	0.015723285131265186	0.6417433340891229	878	0.976583210826695	False
BRD:BRD-K95603879-001-08-9	0.015731391708524212	0.6419524979821811	876	0.976583210826695	False
BRD:BRD-A42553870-001-14-3	0.01573146901668219	0.7140410289153443	545	0.9789647956926407	False
BRD:BRD-A68589262-001-04-3	0.015748946869499177	0.7152553235290456	539	0.9789647956926407	False
BRD:BRD-K35772771-001-02-1	0.015754754401943988	0.733629086621617	469	0.9800845990161736	False
BRD:BRD-K98769987-001-23-7	0.01576480992306802	0.7149809989680687	539	0.9789647956926407	False
BRD:BRD-K44442813-001-12-9	0.015764864935059464	0.7109494284176334	555	0.9789647956926407	False
BRD:BRD-K63784565-001-06-2	0.0157654884385701	0.7193273010354426	522	0.9789647956926407	False
BRD:BRD-K96029467-003-01-9	0.01578721973235674	0.7118118594762478	550	0.9789647956926407	False
BRD:BRD-K28761384-300-01-0	0.015807192279155502	0.7102082761854795	555	0.9789647956926407	False
BRD:BRD-K62696033-001-01-4	0.01580940756422969	0.7109219656804224	552	0.9789647956926407	False
BRD:BRD-A47706533-001-02-6	0.015842540726656047	0.7108472205927179	550	0.9789647956926407	False
BRD:BRD-K10961822-001-05-1	0.015891558960682787	0.7145876586402234	532	0.9789647956926407	False
BRD:BRD-K00003496-001-01-9	0.015903345474415173	0.6388939606906099	873	0.976583210826695	False
BRD:BRD-K35079116-001-02-5	0.015944648375649764	0.7165359371635681	521	0.9789647956926407	False
BRD:BRD-K03063480-001-05-8	0.015969482195490558	0.7073691159526632	555	0.9789647956926407	False
BRD:BRD-A10739734-003-10-6	0.015975050752135893	0.7082846334061215	551	0.9789647956926407	False
BRD:BRD-K40887525-001-21-9	0.015987598266249122	0.7093388636155133	546	0.9789647956926407	False
BRD:BRD-K36697397-003-02-9	0.016024439648220815	0.6353749675507006	878	0.975985763811493	False
BRD:BRD-K19416115-001-05-3	0.016027683289057064	0.7122509658477062	532	0.9789647956926407	False
BRD:BRD-K23479488-001-02-9	0.01605151270529083	0.6348037745451857	878	0.975985763811493	False
BRD:BRD-K92995792-003-03-9	0.016056285102879188	0.6350901615445977	876	0.975985763811493	False
BRD:BRD-A01412266-001-01-0	0.01607239225965616	0.7081242490747327	545	0.9789647956926407	False
BRD:BRD-K00003250-001-01-9	0.016078266630057462	0.6342395277960053	878	0.975985763811493	False
BRD:BRD-K55172746-001-01-3	0.016083057358382925	0.7105212675940803	535	0.9789647956926407	False
BRD:BRD-K21937671-001-09-2	0.01610355456848839	0.7156880690402168	514	0.9789647956926407	False
BRD:BRD-K15502390-001-20-9	0.01611279410007428	0.7053749808340587	553	0.9789647956926407	False
BRD:BRD-K59590127-001-04-5	0.016112912175154162	0.7278107301045454	469	0.9789647956926407	False
BRD:BRD-K34508702-001-02-4	0.016124512374596615	0.7098087905939925	535	0.9789647956926407	False
BRD:BRD-K61845293-300-03-9	0.016139983271616542	0.6329387184998817	878	0.9754013292341885	False
BRD:BRD-A28318179-003-08-5	0.01614599398865161	0.7053079122812818	551	0.9789647956926407	False
BRD:BRD-K14988953-001-04-4	0.01618095848014156	0.6324650784531108	876	0.9751523206040598	False
BRD:BRD-K35304636-001-01-0	0.016197156609058037	0.7085608825444346	535	0.9789647956926407	False
BRD:BRD-K56195681-001-01-0	0.016211513177983323	0.7031424750633738	555	0.9789647956926407	False
BRD:BRD-K59647213-001-10-5	0.01621335502739725	0.7135670640447216	515	0.9789647956926407	False
BRD:BRD-K08248804-001-01-8	0.016230435216096975	0.7087755471307834	532	0.9789647956926407	False
BRD:BRD-K68982262-001-02-9	0.016231763238401684	0.63139667150573	876	0.9751523206040598	False
BRD:BRD-K00003436-001-01-9	0.016249293080838653	0.6316151963332219	873	0.9751523206040598	False
BRD:BRD-K00926464-001-01-8	0.01624978502339539	0.7050524768656511	545	0.9789647956926407	False
BRD:BRD-K24048528-001-02-5	0.01626572595147714	0.7153763801837234	505	0.9789647956926407	False
BRD:BRD-K38868394-001-01-3	0.016268825881146642	0.7062841822287761	539	0.9789647956926407	False
BRD:BRD-K12568846-001-14-6	0.016285006924697337	0.7018608392203147	555	0.9789647956926407	False
BRD:BRD-A11813248-003-02-4	0.016286921733765267	0.7025993941185693	552	0.9789647956926407	False
BRD:BRD-A17462676-003-11-6	0.01630899563829434	0.701957640746994	553	0.9789647956926407	False
BRD:BRD-K96720755-001-02-6	0.016320278113729058	0.7017613100760023	553	0.9789647956926407	False
BRD:BRD-K95292280-001-01-3	0.016322433088069136	0.7032762211967846	547	0.9789647956926407	False
BRD:BRD-A40546373-001-01-8	0.016326615374247108	0.706338929284866	535	0.9789647956926407	False
BRD:BRD-K00004582-001-01-9	0.01633570002145012	0.6288210771133326	878	0.9745589053379713	False
BRD:BRD-K41933240-001-02-4	0.016349225933908567	0.723696704387015	470	0.9789647956926407	False
BRD:BRD-K92107055-001-01-9	0.016364537407053573	0.7004748827346945	555	0.9789647956926407	False
BRD:BRD-K00003383-001-01-9	0.016367240930767444	0.6281585674661142	878	0.9745589053379713	False
BRD:BRD-K00079205-001-02-9	0.01637854621908425	0.6318766278554253	858	0.9751523206040598	False
BRD:BRD-A67482312-001-02-6	0.01642474550629619	0.7007235045369816	550	0.9789647956926407	False
BRD:BRD-K60184833-001-05-6	0.01647559795520136	0.7006253765916521	547	0.9789647956926407	False
BRD:BRD-A48261811-001-08-1	0.016477021089627432	0.7045568997241249	532	0.9789647956926407	False
BRD:BRD-A97479839-003-13-3	0.016484780757694557	0.6983813224235733	555	0.9789647956926407	False
BRD:BRD-K12511835-003-02-0	0.016501793974775997	0.7212250386053546	470	0.9789647956926407	False
BRD:BRD-A06352418-001-25-9	0.016502125986253835	0.704127904666375	532	0.9789647956926407	False
BRD:BRD-K38197229-001-29-9	0.016504629504794414	0.6985561616250687	553	0.9789647956926407	False
BRD:BRD-K25943794-001-02-3	0.016544445159718913	0.6994350100209987	547	0.9789647956926407	False
BRD:BRD-K38287497-001-01-2	0.016544694160096983	0.6983826704591066	551	0.9789647956926407	False
BRD:BRD-K21910317-001-12-3	0.016587030039768726	0.6979109362832525	550	0.9789647956926407	False
BRD:BRD-K10670311-001-15-5	0.016594017877714928	0.7025584479874134	532	0.9789647956926407	False
BRD:BRD-K04374714-003-01-1	0.016594139426784716	0.7200176923250153	469	0.9789647956926407	False
BRD:BRD-A18579359-001-05-9	0.01663113219546265	0.6230249782750862	876	0.97303057663476	False
BRD:BRD-K43187796-001-02-3	0.016644403279210955	0.695605664122533	555	0.9789647956926407	False
BRD:BRD-A19952358-001-11-3	0.016655671154663664	0.697513471727238	547	0.9789647956926407	False
BRD:BRD-K79555887-001-01-0	0.01668731162162328	0.695648269533153	552	0.9789647956926407	False
BRD:BRD-K38913877-300-01-9	0.01671313862436822	0.6952007567010653	552	0.9789647956926407	False
BRD:BRD-K85503079-001-02-8	0.016748382486374933	0.6964444385648376	545	0.9789647956926407	False
BRD:BRD-A91452556-001-04-0	0.016754589212570746	0.694746880462166	551	0.9789647956926407	False
BRD:BRD-K36207157-001-07-0	0.016765318819214746	0.7023492220405019	522	0.9789647956926407	False
BRD:BRD-K41445866-001-18-8	0.01683883242170497	0.6924946649621762	554	0.9789647956926407	False
BRD:BRD-K00005331-001-01-9	0.016846418084291513	0.6181305833558267	878	0.9727166133297517	False
BRD:BRD-K00003265-001-01-9	0.01686844929693332	0.6186770534018848	873	0.9728617861507175	False
BRD:BRD-A11725667-001-01-8	0.01687292729237094	0.7152246738304758	470	0.9789647956926407	False
BRD:BRD-K44004064-001-07-3	0.01688919442025301	0.6934854289991541	547	0.9789647956926407	False
BRD:BRD-A29426959-050-13-2	0.016914484165086646	0.6922484137240438	550	0.9789647956926407	False
BRD:BRD-K57169635-001-04-5	0.016926304794782573	0.690713650608418	555	0.9789647956926407	False
BRD:BRD-K56558538-003-11-9	0.016930025108608592	0.690649175177297	555	0.9789647956926407	False
BRD:BRD-K00003327-001-01-9	0.016934374493017337	0.6162974905354018	878	0.9724216649144702	False
BRD:BRD-K00002625-402-02-9	0.01694642159827021	0.6164499022485902	876	0.9724216649144702	False
BRD:BRD-K21191422-001-01-5	0.016947573752024082	0.6959877102892329	534	0.9789647956926407	False
BRD:BRD-K27732927-001-03-6	0.01695357675033763	0.7142157406085208	469	0.9789647956926407	False
BRD:BRD-K70778732-003-26-7	0.016969552643462706	0.6904968475829806	553	0.9789647956926407	False
BRD:BRD-K79710622-001-02-9	0.016980278220459246	0.6954303003911845	534	0.9789647956926407	False
BRD:BRD-A92341659-001-04-0	0.016995302809694045	0.6949020448736271	535	0.9789647956926407	False
BRD:BRD-K54729176-001-03-9	0.01701120391300176	0.6151026976072962	876	0.9721699252757587	False
BRD:BRD-K53030960-001-01-4	0.017019997045401938	0.7131453887031477	469	0.9789647956926407	False
BRD:BRD-K55055802-001-10-2	0.0170317617879428	0.6902245276603053	550	0.9789647956926407	False
BRD:BRD-K59284035-001-07-9	0.017042357538474804	0.691117567856742	546	0.9789647956926407	False
BRD:BRD-K60443845-001-08-6	0.017093406075369046	0.6940514508678808	532	0.9789647956926407	False
BRD:BRD-K08252256-236-33-8	0.017101694676159986	0.6939105761151623	532	0.9789647956926407	False
BRD:BRD-K00003449-001-01-9	0.01712313498330556	0.61338879336294	873	0.9714661599370356	False
BRD:BRD-K91422571-001-01-8	0.017128771875729715	0.6885520700240154	550	0.9789647956926407	False
BRD:BRD-K77987382-001-13-2	0.01713878385046865	0.6870348506154278	555	0.9789647956926407	False
BRD:BRD-A48376327-003-01-5	0.017155167144431157	0.6921779160731103	535	0.9789647956926407	False
BRD:BRD-K20152659-001-04-6	0.017212222189164263	0.6871145970049961	550	0.9789647956926407	False
BRD:BRD-A69126730-001-01-3	0.01723550755312937	0.7093794790032637	470	0.9789647956926407	False
BRD:BRD-K00003378-001-01-9	0.01724532856203029	0.6108586712320437	873	0.9714661599370356	False
BRD:BRD-A27143604-001-02-0	0.017289300059286312	0.6866040984583097	547	0.9789647956926407	False
BRD:BRD-K00004694-001-01-9	0.017307528803529825	0.6085472489511268	878	0.9711992067156914	False
BRD:BRD-K18878288-001-06-4	0.017310172857230178	0.689540365513674	535	0.9789647956926407	False
BRD:BRD-K00495673-001-05-2	0.01733706127676856	0.6083459147588318	876	0.9711992067156914	False
BRD:BRD-K80431395-001-07-3	0.017348714910865894	0.6925099451427433	522	0.9789647956926407	False
BRD:BRD-A62133859-001-03-7	0.017371200644022065	0.7071963119190328	470	0.9789647956926407	False
BRD:BRD-K67080878-001-15-4	0.017386912473640034	0.6841091253330609	550	0.9789647956926407	False
BRD:BRD-K00004294-001-01-9	0.017415430981216857	0.6063142735830632	878	0.9711992067156914	False
BRD:BRD-K66213167-001-01-2	0.01742136316654969	0.7063898528514679	470	0.9789647956926407	False
BRD:BRD-K27217864-001-22-3	0.017446904174229286	0.683626124986818	548	0.9789647956926407	False
BRD:BRD-K04414442-001-08-3	0.01748545572074984	0.6837906147307695	545	0.9789647956926407	False
BRD:BRD-K90195324-003-02-5	0.0174865218004874	0.6818497653056645	552	0.9789647956926407	False
BRD:BRD-K27799744-001-02-8	0.017496525460767964	0.6900251574869795	522	0.9789647956926407	False
BRD:BRD-A98990573-003-01-3	0.017504381467952572	0.6831910729835925	546	0.9789647956926407	False
BRD:BRD-K46647427-001-02-0	0.01750831998529681	0.7052935447296363	469	0.9789647956926407	False
BRD:BRD-K71058253-001-01-9	0.017517639689108907	0.6810407195018897	553	0.9789647956926407	False
BRD:BRD-K87124298-001-03-4	0.017542233667855067	0.6811662750962023	551	0.9789647956926407	False
BRD:BRD-K72167406-001-02-1	0.017568152833408863	0.688822252084836	522	0.9789647956926407	False
BRD:BRD-K78061844-050-01-9	0.01758388781218171	0.6793524525270828	555	0.9789647956926407	False
BRD:BRD-K05850076-001-01-5	0.017618555623783484	0.6806839601325855	548	0.9789647956926407	False
BRD:BRD-K76205745-237-22-9	0.017648858531566426	0.6014961848480173	878	0.9689175433515068	False
BRD:BRD-A30815329-001-10-5	0.01767415519934235	0.6800094021076518	547	0.9789647956926407	False
BRD:BRD-K81316007-001-01-8	0.017679245488267867	0.6793676994766416	549	0.9789647956926407	False
BRD:BRD-A38350138-001-04-9	0.017681857435493956	0.683231200941272	535	0.9789647956926407	False
BRD:BRD-K26833429-001-02-8	0.017701063531672424	0.6795492181451943	547	0.9789647956926407	False
BRD:BRD-A05186015-003-19-8	0.017743072929767758	0.6779970134946911	550	0.9787672983528036	False
BRD:BRD-A99888680-001-03-8	0.017751526454171437	0.6983664083914869	479	0.9789647956926407	False
BRD:BRD-A74347210-001-01-7	0.017765334749596257	0.700868738569975	470	0.9789647956926407	False
BRD:BRD-K00004679-001-01-9	0.017767256616120157	0.5990589861566475	878	0.9689175433515068	False
BRD:BRD-K00003195-001-01-9	0.017825250047473144	0.5978668366695953	878	0.9684633104795523	False
BRD:BRD-K52762805-001-01-2	0.017842497245745218	0.6771323917708826	547	0.9787672983528036	False
BRD:BRD-K82928847-001-04-7	0.0178940608574172	0.6785050964849185	539	0.9789647956926407	False
BRD:BRD-K23925186-001-01-0	0.017894994155686184	0.6762361632310361	547	0.9784026312249595	False
BRD:BRD-K00108790-001-01-9	0.017913408089418735	0.6004984855579515	857	0.9689175433515068	False
BRD:BRD-K54314721-001-10-2	0.017921664229744116	0.6735445368613232	555	0.9779044164884678	False
BRD:BRD-K78666663-001-01-6	0.017935012280921925	0.6792313746056428	534	0.9789647956926407	False
BRD:BRD-K00004704-001-01-9	0.017946854973554603	0.5964233068309618	873	0.9684633104795523	False
BRD:BRD-K23922020-075-02-9	0.017954770694340226	0.673255259922428	554	0.9779044164884678	False
BRD:BRD-K00004675-001-01-9	0.017963062013815787	0.5950382121590746	878	0.9684633104795523	False
BRD:BRD-K00004742-001-01-9	0.0180002594291419	0.5953307790529204	873	0.9684633104795523	False
BRD:BRD-K32318651-001-23-7	0.018007694511224488	0.6737505438636268	549	0.9779044164884678	False
BRD:BRD-K05619559-001-12-7	0.01801663752420836	0.671914984755534	555	0.9779044164884678	False
BRD:BRD-A27887842-001-04-0	0.01804723275100334	0.6779103036722145	532	0.9787672983528036	False
BRD:BRD-K81458380-001-04-9	0.018065403914275784	0.677604199575992	532	0.9787672983528036	False
BRD:BRD-K36998189-001-03-5	0.018084582930565786	0.6960678394728915	469	0.9789647956926407	False
BRD:BRD-A91699651-316-10-9	0.0181060131398087	0.671226377852454	552	0.9779044164884678	False
BRD:BRD-A62182663-001-03-0	0.01812168989050539	0.6954752900638355	469	0.9789647956926407	False
BRD:BRD-A26711594-003-10-6	0.018121859230344282	0.6701113843754996	555	0.9778758435223817	False
BRD:BRD-K26526496-001-03-9	0.018180005732547168	0.5916603143777176	873	0.9680418155722174	False
BRD:BRD-K00003301-001-01-9	0.01818575920141996	0.5915429986730258	873	0.9680418155722174	False
BRD:BRD-K31339597-051-03-9	0.0181861041131593	0.5908978304249975	876	0.9680418155722174	False
BRD:BRD-K00003427-001-01-9	0.018191332310766965	0.5914293707500465	873	0.9680418155722174	False
BRD:BRD-K68405354-001-06-4	0.018199003096283826	0.6687902681403265	555	0.977605408971892	False
BRD:BRD-A99367815-001-04-9	0.018238243823425714	0.5904733075776157	873	0.9679656587281532	False
BRD:BRD-K54871792-001-02-2	0.018250808152364205	0.6934148873694568	469	0.9789647956926407	False
BRD:BRD-K00079505-019-02-9	0.018264758159319553	0.5931552466318084	858	0.9683093721595784	False
BRD:BRD-A94993966-001-05-1	0.018270467085767017	0.6741534771581934	532	0.9779044164884678	False
BRD:BRD-K24566386-001-01-9	0.01827937673117805	0.6705454558511743	544	0.9779044164884678	False
BRD:BRD-K05361803-001-03-9	0.01829020896250439	0.6683642737492409	551	0.977605408971892	False
BRD:BRD-A90551241-001-10-8	0.018304197183704796	0.66812575727708	551	0.977605408971892	False
BRD:BRD-K10575656-034-01-0	0.018307270866018643	0.6692137472625538	547	0.977605408971892	False
BRD:BRD-A75514485-001-02-9	0.01831190212140213	0.588332310779319	876	0.9663223004817554	False
BRD:BRD-K00091135-001-01-9	0.01832388158106783	0.59195923740409	858	0.9680583822919181	False
BRD:BRD-A81177136-001-12-7	0.018324288572046935	0.6919305375822942	470	0.9789647956926407	False
BRD:BRD-K54187111-001-08-4	0.018330828273542828	0.6760630856843052	522	0.9784026312249595	False
BRD:BRD-K04657451-001-01-0	0.01833309193903989	0.6710732678828205	539	0.9779044164884678	False
BRD:BRD-K72703948-001-10-1	0.018343637440502887	0.668595677203571	547	0.977605408971892	False
BRD:BRD-K68474068-001-01-8	0.018348385615804538	0.6673725094568765	551	0.977605408971892	False
BRD:BRD-K60476892-001-17-9	0.01837941568280051	0.5869575638945752	876	0.9652317410617985	False
BRD:BRD-K00091106-001-01-9	0.018401034606684713	0.5904001711871365	858	0.9679656587281532	False
BRD:BRD-K96263742-001-14-8	0.01842421579807987	0.6672270016810923	547	0.977605408971892	False
BRD:BRD-K22745370-003-02-3	0.018434295397129458	0.664767130249876	555	0.977605408971892	False
BRD:BRD-K73237276-001-01-0	0.018452382135030372	0.6650290575637267	553	0.977605408971892	False
BRD:BRD-K46863940-001-06-2	0.018464465209070725	0.6738368014747296	522	0.9779044164884678	False
BRD:BRD-K90563805-001-02-6	0.018510330840808036	0.669247952718738	535	0.977605408971892	False
BRD:BRD-K00091297-001-01-9	0.01851806554433554	0.5880388830228583	858	0.9663078450448229	False
BRD:BRD-K04548931-003-16-5	0.018528426356387812	0.6631603198853702	555	0.977605408971892	False
BRD:BRD-K00003373-001-01-9	0.01853291521666626	0.5844841709891151	873	0.9633735147173791	False
BRD:BRD-K02965577-001-03-4	0.018533001912252753	0.6645166026274746	550	0.977605408971892	False
BRD:BRD-K63504947-001-15-4	0.018533503733179937	0.6659502549266809	545	0.977605408971892	False
BRD:BRD-K93188295-300-02-2	0.01854999501296273	0.6636526783948566	552	0.977605408971892	False
BRD:BRD-K82343404-003-02-4	0.018612648655641023	0.6672355000389945	536	0.977605408971892	False
BRD:BRD-K00003333-001-01-9	0.018629999472010373	0.58230063096783	874	0.9633150402066792	False
BRD:BRD-K90647725-001-07-3	0.018638407062525137	0.6712416071234005	521	0.9779044164884678	False
BRD:BRD-K40654626-236-01-5	0.018647287961147088	0.6707957323272239	522	0.9779044164884678	False
BRD:BRD-K09317629-004-01-7	0.018648864631716333	0.6870771721280515	469	0.9789647956926407	False
BRD:BRD-K11641193-001-03-9	0.01865314729318728	0.5813989748523432	876	0.9630883237978556	False
BRD:BRD-K00004722-001-01-9	0.01867617478800361	0.581582676765446	873	0.9631576524969215	False
BRD:BRD-A26835809-300-01-3	0.018724895261173085	0.6855505847198011	470	0.9789647956926407	False
BRD:BRD-K22477529-001-02-7	0.018728196752966525	0.6858166723873932	469	0.9789647956926407	False
BRD:BRD-K42728290-001-09-1	0.01874616232141521	0.6852125103225396	470	0.9789647956926407	False
BRD:BRD-K18423410-003-02-5	0.01875256110160282	0.5793863088320975	876	0.9617086210343408	False
BRD:BRD-K66480997-003-10-0	0.01877951244234391	0.6588818630396066	555	0.977605408971892	False
BRD:BRD-K71698503-003-01-6	0.01878779540520184	0.6587409115641921	555	0.977605408971892	False
BRD:BRD-K00079018-003-02-9	0.01881320768985593	0.582103354179143	858	0.9633150402066792	False
BRD:BRD-K96042922-001-09-8	0.018815732856197233	0.6582655881428916	555	0.977605408971892	False
BRD:BRD-K69470111-236-08-9	0.018864619183259646	0.6621184897093626	539	0.977605408971892	False
BRD:BRD-A58947127-001-01-6	0.018871305749544057	0.6634874612273198	534	0.977605408971892	False
BRD:BRD-K75649340-001-13-1	0.018881294613055773	0.6571506717044809	555	0.977605408971892	False
BRD:BRD-K00003467-001-01-9	0.01888218143836433	0.5774221653929066	873	0.9606844355302745	False
BRD:BRD-A29700858-304-02-6	0.01888852465690634	0.6570277670514657	555	0.977605408971892	False
BRD:BRD-K64381438-001-03-8	0.018917210418448027	0.6600535959615578	543	0.977605408971892	False
BRD:BRD-K00003452-001-01-9	0.018918938709720938	0.5766812888762841	873	0.9606844355302745	False
BRD:BRD-A04497688-001-04-2	0.018948233938564485	0.6574733384892295	550	0.977605408971892	False
BRD:BRD-A87715314-003-14-4	0.018951643596495413	0.6585897325616155	546	0.977605408971892	False
BRD:BRD-A75224450-001-02-4	0.018981791688691286	0.6616391923597205	534	0.977605408971892	False
BRD:BRD-K00003143-001-01-9	0.018996376953013237	0.5740262896492712	878	0.960636755520703	False
BRD:BRD-K62734952-001-01-0	0.019028320573112805	0.6575915582470837	545	0.977605408971892	False
BRD:BRD-K99300445-003-21-6	0.01905863968734989	0.6570807646972396	545	0.977605408971892	False
BRD:BRD-K95828359-001-01-0	0.01906731986628747	0.6548709334555006	552	0.9771132149688614	False
BRD:BRD-K51474575-001-10-4	0.01907478155493207	0.656217471495872	547	0.977605408971892	False
BRD:BRD-K67068943-001-01-0	0.019089114155287103	0.6556803499324426	548	0.9771882300354008	False
BRD:BRD-K20313525-001-04-6	0.019093212111937923	0.653552101873983	555	0.9771132149688614	False
BRD:BRD-K00003157-001-01-9	0.019096389470977835	0.5720113501021038	878	0.960636755520703	False
BRD:BRD-K00077480-001-02-9	0.01909881257389893	0.5763863655840664	858	0.9606844355302745	False
BRD:BRD-K00003606-380-01-9	0.019158909911256797	0.5711937712810666	876	0.960636755520703	False
BRD:BRD-A97701745-001-16-0	0.019180534194948654	0.6520716143068799	555	0.9767481203413484	False
BRD:BRD-K49554218-001-01-0	0.019182140040208042	0.6550017764178537	545	0.9771132149688614	False
BRD:BRD-K00004609-001-01-9	0.01919032568818161	0.5712251313370841	873	0.960636755520703	False
BRD:BRD-K93880783-001-26-6	0.019195606334421658	0.6524054296763213	553	0.9767481203413484	False
BRD:BRD-K18319422-001-01-7	0.019227791886789896	0.6775731644573832	470	0.9787672983528036	False
BRD:BRD-K20239555-001-02-9	0.019271823589974417	0.5684850289564615	878	0.960636755520703	False
BRD:BRD-A69815203-001-07-6	0.019277130843243607	0.6649962626708692	507	0.977605408971892	False
BRD:BRD-A86044036-001-26-5	0.019277841694193557	0.6533925788407148	545	0.9771132149688614	False
BRD:BRD-A12896037-001-04-3	0.019316504445200514	0.6566586551796959	532	0.977605408971892	False
BRD:BRD-K19601669-001-03-5	0.01932345040154821	0.6496515154788506	555	0.976583210826695	False
BRD:BRD-K17443395-065-02-2	0.01932971877826828	0.6501379404909368	553	0.976583210826695	False
BRD:BRD-A94709349-001-08-3	0.019331721698959133	0.6506979364322284	551	0.976583210826695	False
BRD:BRD-K56211775-001-03-8	0.01934343218423097	0.6556038891713167	534	0.9771882300354008	False
BRD:BRD-K00486786-001-02-2	0.019344425055959694	0.6501864018194623	552	0.976583210826695	False
BRD:BRD-K29626940-001-01-5	0.019367783222174258	0.6551983015836856	534	0.9771132149688614	False
BRD:BRD-K76606751-001-01-7	0.019374341486904142	0.6487906292565452	555	0.976583210826695	False
BRD:BRD-K55705469-065-01-0	0.019376881486309946	0.6502342052689006	550	0.976583210826695	False
BRD:BRD-K30572193-001-02-0	0.019403472246107882	0.6482980565488938	555	0.976583210826695	False
BRD:BRD-K85849709-001-01-5	0.01943415851882671	0.6489707039051844	551	0.976583210826695	False
BRD:BRD-K49840922-001-05-1	0.019442113472064905	0.650634140752801	545	0.976583210826695	False
BRD:BRD-K07656463-001-01-5	0.01946789317383157	0.6741060388153057	469	0.9779044164884678	False
BRD:BRD-K96259238-001-01-4	0.019469636077554635	0.6480741780134377	552	0.976583210826695	False
BRD:BRD-A85587465-001-03-3	0.019477316965824353	0.6470501023203805	555	0.976583210826695	False
BRD:BRD-K00003404-001-01-9	0.01948936178194634	0.5652416462971361	873	0.960636755520703	False
BRD:BRD-K31170746-001-01-6	0.019493514557967336	0.6733724590363044	470	0.9779044164884678	False
BRD:BRD-K34122555-057-11-5	0.01950682553460112	0.6477465729422694	551	0.976583210826695	False
BRD:BRD-K25340465-001-11-1	0.019519302712167515	0.6563652579704345	522	0.977605408971892	False
BRD:BRD-K62384160-001-02-0	0.01953217242977848	0.6524629153548449	534	0.9767481203413484	False
BRD:BRD-A15931911-001-03-8	0.019553324127885616	0.6466639901077359	552	0.976583210826695	False
BRD:BRD-K19412355-001-01-0	0.019558308433659275	0.6526406515974406	532	0.9767481203413484	False
BRD:BRD-K70053378-001-01-1	0.0195637279034072	0.6525507119488991	532	0.9767481203413484	False
BRD:BRD-A47790386-001-03-6	0.01957453420424797	0.6636442216437674	496	0.977605408971892	False
BRD:BRD-K37270826-001-27-6	0.019576122910410016	0.6526518736360379	531	0.9767481203413484	False
BRD:BRD-K01826806-050-02-9	0.019586151179230647	0.5621929470489903	878	0.960527972720342	False
BRD:BRD-K27393415-001-01-0	0.01959126275774954	0.6481337636362497	545	0.976583210826695	False
BRD:BRD-K21728777-001-02-3	0.019601658500893092	0.6461504677651718	551	0.976583210826695	False
BRD:BRD-K15262564-001-15-0	0.019629146089357893	0.6505450205386942	535	0.976583210826695	False
BRD:BRD-M29936662-001-02-0	0.019641712720174138	0.644275418001012	555	0.976583210826695	False
BRD:BRD-K41592905-001-01-6	0.019643878684912096	0.6503001650600152	535	0.976583210826695	False
BRD:BRD-K91701654-001-03-1	0.019644924806233827	0.6542967451505595	522	0.9771132149688614	False
BRD:BRD-K00073067-001-02-9	0.019672625140435936	0.5649809080161876	858	0.960636755520703	False
BRD:BRD-K93035859-001-07-6	0.019729435619471616	0.6443046940235081	550	0.976583210826695	False
BRD:BRD-K02079473-001-01-3	0.01977487528884393	0.6435420857792792	550	0.976583210826695	False
BRD:BRD-A24208517-003-01-8	0.019777730325007497	0.6688906199445839	470	0.977605408971892	False
BRD:BRD-K00004627-001-01-9	0.019777843316127166	0.5583722897729064	878	0.9585411526501028	False
BRD:BRD-K38905597-003-02-9	0.019778724391773233	0.558804537549025	876	0.958878647954986	False
BRD:BRD-K47095176-001-01-6	0.01978927427679419	0.6466554255912206	539	0.976583210826695	False
BRD:BRD-K78122587-300-02-7	0.019807527472582354	0.6423883008997301	552	0.976583210826695	False
BRD:BRD-K97181089-003-24-7	0.01980758256113423	0.641480854783666	555	0.976583210826695	False
BRD:BRD-A50684349-003-02-9	0.01983957272285498	0.6424569227570134	550	0.976583210826695	False
BRD:BRD-K26531771-001-01-4	0.019843522196585594	0.6408760117198417	555	0.976583210826695	False
BRD:BRD-K28542495-003-13-5	0.019866290551367554	0.6453741993295735	539	0.976583210826695	False
BRD:BRD-A52922642-001-03-7	0.01986879225276233	0.6404508737587976	555	0.976583210826695	False
BRD:BRD-A50028488-001-01-6	0.019894893717154284	0.6415296328607473	550	0.976583210826695	False
BRD:BRD-K94883909-001-17-7	0.019898667178403513	0.5564221812337372	876	0.9571041036670742	False
BRD:BRD-K00003485-001-01-9	0.01991051931062549	0.55686595855207	873	0.9571041036670742	False
BRD:BRD-K00003142-003-01-9	0.019910655543050194	0.5557325906726157	878	0.9571041036670742	False
BRD:BRD-K98736329-300-01-5	0.019933067884798598	0.6667814322589086	469	0.977605408971892	False
BRD:BRD-A10773072-001-03-4	0.01994007201681561	0.6456957530160531	534	0.976583210826695	False
BRD:BRD-K44276885-001-07-4	0.019989307252405643	0.6399483620298035	550	0.976583210826695	False
BRD:BRD-K00005335-001-01-9	0.020031429390306863	0.5533374511399836	878	0.9571041036670742	False
BRD:BRD-K37312348-001-15-0	0.02003722801753023	0.6406811497894386	545	0.976583210826695	False
BRD:BRD-K83963101-001-06-9	0.02003729392167416	0.6447111466299481	532	0.976583210826695	False
BRD:BRD-K00004639-001-01-9	0.020043119633988478	0.5542414478849136	873	0.9571041036670742	False
BRD:BRD-K84011460-051-01-7	0.02006064546044094	0.644325585698398	532	0.976583210826695	False
BRD:BRD-K11792081-001-01-4	0.020073239807473185	0.6431808160535882	535	0.976583210826695	False
BRD:BRD-K79294107-300-02-9	0.02007632066764889	0.5524484740960646	878	0.9571041036670742	False
BRD:BRD-K00004573-001-01-9	0.02011855250912942	0.5516128008017885	878	0.9571041036670742	False
BRD:BRD-K89121095-001-01-7	0.0201476864339439	0.641949689915943	535	0.976583210826695	False
BRD:BRD-A21607826-003-05-1	0.020153387759040353	0.6381281435992643	547	0.976583210826695	False
BRD:BRD-K02460719-001-02-9	0.020162947358443966	0.5507349955287826	878	0.9571041036670742	False
BRD:BRD-K25412176-001-04-9	0.02016861379203522	0.5517631652771943	873	0.9571041036670742	False
BRD:BRD-K78789465-001-02-4	0.02022151603624025	0.6357580797649411	551	0.9762092631397445	False
BRD:BRD-K81225797-001-02-3	0.020222043732107488	0.6354414878807289	552	0.975985763811493	False
BRD:BRD-A95696066-003-13-8	0.02022832899647693	0.6344149053475187	555	0.975985763811493	False
BRD:BRD-K34068325-066-03-7	0.02025810253573046	0.6401255419526786	535	0.976583210826695	False
BRD:BRD-K43586850-001-02-9	0.02026644466454351	0.6337764225359233	555	0.975985763811493	False
BRD:BRD-K14705039-001-16-4	0.020280409642225713	0.6350831596953167	550	0.975985763811493	False
BRD:BRD-K50813454-001-01-9	0.020293989529447713	0.6398477454191186	534	0.976583210826695	False
BRD:BRD-K00003121-300-01-9	0.02032825789159446	0.5474724102963113	878	0.9571041036670742	False
BRD:BRD-K43883465-003-02-9	0.020332078536730133	0.5478550170248097	876	0.9571041036670742	False
BRD:BRD-K23925186-001-02-8	0.020381277819672902	0.6422254442867332	522	0.976583210826695	False
BRD:BRD-K18280217-001-01-0	0.020392047853197186	0.6592436149561435	470	0.977605408971892	False
BRD:BRD-K53731810-001-05-9	0.020405612016019127	0.5459490260844643	878	0.9571041036670742	False
BRD:BRD-K37635256-001-02-9	0.020405877959605277	0.5459437923086546	878	0.9571041036670742	False
BRD:BRD-A72351335-001-04-5	0.020406288005399783	0.6379967962502121	534	0.976583210826695	False
BRD:BRD-K82941592-238-07-9	0.02040944160365968	0.5458736621089009	878	0.9571041036670742	False
BRD:BRD-K84313779-003-03-9	0.020412242876100453	0.5458185380178581	878	0.9571041036670742	False
BRD:BRD-K21077415-001-01-5	0.020424471154675012	0.637381114823242	535	0.976583210826695	False
BRD:BRD-K60421517-001-01-4	0.020426304716201066	0.6376671084220976	534	0.976583210826695	False
BRD:BRD-K12829205-003-02-8	0.02045324265932271	0.641050672200999	522	0.976583210826695	False
BRD:BRD-K80396088-001-12-0	0.020460012562012086	0.6377464113639848	532	0.976583210826695	False
BRD:BRD-K91822704-003-07-2	0.020463875535569637	0.6354687867173212	539	0.975985763811493	False
BRD:BRD-K25279140-001-01-5	0.02046671794692161	0.6373187584817206	533	0.976583210826695	False
BRD:BRD-K38548312-001-01-0	0.020476603803361478	0.6311911089508605	552	0.9751523206040598	False
BRD:BRD-K39467894-001-05-9	0.020496500514351812	0.6314817466138647	550	0.9751523206040598	False
BRD:BRD-K00003192-001-01-9	0.020498000817847445	0.5441323080629599	878	0.9571041036670742	False
BRD:BRD-K13106865-001-02-9	0.020534333600358813	0.5438794745458249	876	0.9571041036670742	False
BRD:BRD-K00091275-001-01-9	0.020603078090346533	0.5467202282034332	858	0.9571041036670742	False
BRD:BRD-K23902832-001-01-7	0.020641716731802602	0.5413122797895862	878	0.9571041036670742	False
BRD:BRD-K08109215-001-06-4	0.020654475888261057	0.6345530532588374	532	0.975985763811493	False
BRD:BRD-K00004732-001-01-9	0.02068008352649776	0.5405606714241886	878	0.9571041036670742	False
BRD:BRD-K72533376-001-01-2	0.02070543538414649	0.6330771219344726	534	0.9754013292341885	False
BRD:BRD-K22749967-046-02-3	0.020708047419540677	0.627964493515106	550	0.9745589053379713	False
BRD:BRD-K58122457-001-02-2	0.020775125026709328	0.6268509898878838	550	0.9739858630065745	False
BRD:BRD-K87024524-065-17-7	0.020795302403622505	0.6322447085996102	532	0.9751523206040598	False
BRD:BRD-K60038276-001-09-0	0.0208091687155089	0.6262861808646364	550	0.9738630166235509	False
BRD:BRD-A46335897-003-27-8	0.020815825315301056	0.6309448829599084	535	0.9751523206040598	False
BRD:BRD-K00003126-001-01-9	0.020822221508508435	0.5377807251137808	878	0.9571041036670742	False
BRD:BRD-K24689407-001-06-3	0.020878777324005744	0.624500797754417	552	0.97303057663476	False
BRD:BRD-K36627727-001-05-4	0.020882300932429185	0.6241272060809718	553	0.97303057663476	False
BRD:BRD-K31168993-001-03-9	0.020891171815610777	0.5364347754497488	878	0.9571041036670742	False
BRD:BRD-K60690191-001-03-3	0.02089216422856394	0.6239634040271655	553	0.97303057663476	False
BRD:BRD-K07785030-001-01-6	0.020903515604796558	0.629506520881538	535	0.9749611078464491	False
BRD:BRD-K81807412-001-10-6	0.020913558619347253	0.6280574872122504	539	0.9745589053379713	False
BRD:BRD-K24603946-001-02-1	0.020955646578624563	0.6235418396339361	551	0.97303057663476	False
BRD:BRD-K00004619-001-01-9	0.020958173688099078	0.5362966068503604	873	0.9571041036670742	False
BRD:BRD-K61915943-001-02-9	0.020958173688099078	0.5362966068503604	873	0.9571041036670742	False
BRD:BRD-K63068307-001-08-9	0.02096122428659558	0.6247184887468719	547	0.97303057663476	False
BRD:BRD-A43598550-001-09-4	0.02098256032122243	0.6243659703673319	547	0.97303057663476	False
BRD:BRD-K58568447-001-01-1	0.02098943390206486	0.6226653543903092	552	0.97303057663476	False
BRD:BRD-K45551181-001-02-1	0.02099639581016148	0.6322131700077355	522	0.9751523206040598	False
BRD:BRD-K90868879-001-03-8	0.021005032250909193	0.6214583411359768	555	0.97303057663476	False
BRD:BRD-K06750613-001-07-3	0.02102231567656847	0.6494045261147119	470	0.976583210826695	False
BRD:BRD-K92976206-001-01-5	0.021025305710182737	0.623659980174571	547	0.97303057663476	False
BRD:BRD-A48180038-003-24-3	0.021043651834761888	0.6224018894739647	550	0.97303057663476	False
BRD:BRD-K00004716-001-01-9	0.0210580748294358	0.5343552966608219	873	0.9565857972951394	False
BRD:BRD-K08837089-236-01-6	0.021062942796314217	0.6204969138367101	555	0.97303057663476	False
BRD:BRD-K85015012-003-02-9	0.021065631616090333	0.6236333811630154	545	0.97303057663476	False
BRD:BRD-K05236810-001-19-0	0.02110449958481549	0.6217143615003533	549	0.97303057663476	False
BRD:BRD-K48068743-001-01-6	0.021111731839294236	0.6248031390467679	539	0.97303057663476	False
BRD:BRD-K30425481-003-02-9	0.021131088389462392	0.5317646914553169	878	0.9565857972951394	False
BRD:BRD-K14763542-001-02-3	0.02113787885364651	0.6299196436115423	522	0.9749611078464491	False
BRD:BRD-K30485548-050-01-6	0.021147387080140616	0.6255137320382058	535	0.9738630166235509	False
BRD:BRD-A58193911-003-18-7	0.021148444616167255	0.6264719444313701	532	0.9738630166235509	False
BRD:BRD-K00004729-001-01-9	0.021248372165099956	0.5306672022158865	873	0.9565857972951394	False
BRD:BRD-K73499906-300-02-9	0.021265307924571916	0.5303396015683687	873	0.9565857972951394	False
BRD:BRD-K46556543-001-01-4	0.021280237391535506	0.6178530010043127	552	0.9727166133297517	False
BRD:BRD-K24666289-001-04-9	0.021284603967456635	0.6232719431535706	535	0.97303057663476	False
BRD:BRD-A54139254-001-09-2	0.021287530083973404	0.6456358608170029	469	0.976583210826695	False
BRD:BRD-K17751100-001-02-9	0.02129090677835621	0.5291364073467404	876	0.9565857972951394	False
BRD:BRD-K00003374-001-01-9	0.021347028825708707	0.528760257362096	873	0.9565857972951394	False
BRD:BRD-K42066335-001-01-0	0.02135325159354963	0.6221517118208912	535	0.97303057663476	False
BRD:BRD-A70649075-008-30-8	0.021411806058693143	0.6160025695252547	551	0.9724216649144702	False
BRD:BRD-A21544762-303-01-5	0.021461865303326902	0.6203810731609355	535	0.97303057663476	False
BRD:BRD-K00003428-001-01-9	0.02147171136588938	0.5263552469032159	873	0.9565857972951394	False
BRD:BRD-A16296925-001-01-3	0.021497363942048243	0.6165353854870095	545	0.9724216649144702	False
BRD:BRD-K96418224-300-01-8	0.021517965468425937	0.6420660060817972	469	0.976583210826695	False
BRD:BRD-K00337317-001-06-6	0.021540354224801474	0.6138851941728112	551	0.9714661599370356	False
BRD:BRD-K60907894-003-23-5	0.02159960258320914	0.6132343219655711	550	0.9714661599370356	False
BRD:BRD-K68202742-001-16-5	0.021639017361876123	0.6218245782572533	522	0.97303057663476	False
BRD:BRD-K23163214-050-15-1	0.021641815429964656	0.6118921883733842	552	0.9714661599370356	False
BRD:BRD-K13296708-001-05-8	0.021654462112701476	0.6133088681424544	547	0.9714661599370356	False
BRD:BRD-K36524108-065-04-0	0.02166232264070804	0.6171189449361769	535	0.9727166133297517	False
BRD:BRD-K34303607-300-01-4	0.02166282045846564	0.5219642074827278	876	0.9549005509487988	False
BRD:BRD-K41504985-003-02-9	0.02174997043380855	0.5202908026794276	876	0.9542862151387215	False
BRD:BRD-K90999434-004-02-9	0.021766018739386852	0.5199829534079382	876	0.9542862151387215	False
BRD:BRD-K56115039-003-02-1	0.02176693596883416	0.6104866953883881	550	0.9714661599370356	False
BRD:BRD-K20338176-001-17-7	0.02180040264595916	0.609937824443589	550	0.9713148274182807	False
BRD:BRD-K55188888-065-01-2	0.02180815666888488	0.6372218229436222	470	0.976583210826695	False
BRD:BRD-K87386013-001-01-7	0.02184303203085695	0.6141846244410035	535	0.971648089458158	False
BRD:BRD-K78789465-001-01-6	0.021848405916382548	0.6127699077033213	539	0.9714661599370356	False
BRD:BRD-K00003298-001-01-9	0.021851405457334362	0.5178680693661357	878	0.9542862151387215	False
BRD:BRD-K44731351-001-01-6	0.021862048187865912	0.6367508832967508	469	0.976583210826695	False
BRD:BRD-K19309090-300-05-5	0.021922204564478003	0.6069605905454861	553	0.9711992067156914	False
BRD:BRD-K73234506-235-02-1	0.0219340509880641	0.6084045667117508	548	0.9711992067156914	False
BRD:BRD-M02075109-001-01-1	0.0219572725010481	0.6083540274704988	547	0.9711992067156914	False
BRD:BRD-K75911534-001-01-6	0.021976539380748776	0.6086990568761781	545	0.9711992067156914	False
BRD:BRD-K27721098-065-08-6	0.02211315394934112	0.6044895199156454	551	0.9703271489898894	False
BRD:BRD-K38183498-001-02-0	0.022118154460161892	0.6083893706210814	539	0.9711992067156914	False
BRD:BRD-K00005246-001-01-9	0.022135326829907504	0.5124425422026114	878	0.9529804998995005	False
BRD:BRD-K73881242-003-04-6	0.022140649309787954	0.6097015602824544	534	0.9713148274182807	False
BRD:BRD-K90747162-001-01-4	0.0221817031280353	0.6318297345754642	469	0.9751523206040598	False
BRD:BRD-A11776908-065-01-5	0.02218732738893711	0.6032775680716677	551	0.9697572649636892	False
BRD:BRD-K73425385-065-04-8	0.022214565892901876	0.6091832741825233	532	0.9713148274182807	False
BRD:BRD-K66527818-001-02-6	0.02221497657957154	0.6015069576015875	555	0.9689175433515068	False
BRD:BRD-K80267133-001-17-7	0.022225086040059606	0.609013733450676	532	0.9713148274182807	False
BRD:BRD-K49811169-004-06-6	0.022230420596431724	0.6029048522965864	550	0.9693876265910067	False
BRD:BRD-K75024268-001-01-0	0.02228711199345813	0.6019803824766334	550	0.9690485531096115	False
BRD:BRD-A63780829-001-11-4	0.022296229268983586	0.6008380731211721	553	0.9689175433515068	False
BRD:BRD-K07972848-001-02-0	0.022321112171187135	0.6010943612487974	551	0.9689175433515068	False
BRD:BRD-K59711701-300-02-1	0.022336481301312928	0.6290856674663223	470	0.9745589053379713	False
BRD:BRD-K37846922-001-09-4	0.02240200349600243	0.6037949346351428	539	0.9698214294430174	False
BRD:BRD-K22134346-001-22-3	0.022434851398538003	0.6056375749188643	532	0.9711992067156914	False
BRD:BRD-K55529781-236-03-8	0.022457388065517638	0.6275985217813668	469	0.9745589053379713	False
BRD:BRD-K07788774-001-02-9	0.02247446485193474	0.5064871091418238	876	0.9505004870741198	False
BRD:BRD-K97464279-001-03-5	0.02249498044922162	0.5985961259920076	550	0.9688367520168307	False
BRD:BRD-K61496577-001-19-4	0.022501265328003162	0.6038888076119407	534	0.9698214294430174	False
BRD:BRD-A08255417-001-14-7	0.022536889450011834	0.5975806540762011	551	0.9684633104795523	False
BRD:BRD-K76568384-001-02-2	0.02255412809439374	0.5979695132586289	549	0.9684633104795523	False
BRD:BRD-K00003334-001-01-9	0.0225864380703066	0.5038833809455592	878	0.948962549883862	False
BRD:BRD-K61236135-001-08-2	0.022613664143138385	0.6003791067854962	539	0.9689175433515068	False
BRD:BRD-A97437073-050-14-5	0.022652727109134605	0.5950284973240755	553	0.9684633104795523	False
BRD:BRD-K25649279-001-02-0	0.022673285969292446	0.5973842737377075	545	0.9684633104795523	False
BRD:BRD-K00003237-001-01-9	0.022684376228299233	0.5020351523803134	878	0.9474204237527315	False
BRD:BRD-K19180152-001-02-6	0.02269978117000361	0.5962804504701642	547	0.9684633104795523	False
BRD:BRD-K54170555-001-01-8	0.022715857234752126	0.6236425880143501	469	0.97303057663476	False
BRD:BRD-K00003454-001-01-9	0.02271995948012603	0.5013645351340819	878	0.9469444210181963	False
BRD:BRD-K01662324-001-01-8	0.022748558392941823	0.599917109876486	534	0.9689175433515068	False
BRD:BRD-K61452026-001-04-6	0.022763266604006283	0.5925618441380158	555	0.9680583822919181	False
BRD:BRD-K47780086-001-07-9	0.022767097106975994	0.5962071852596441	544	0.9684633104795523	False
BRD:BRD-K00076909-001-02-9	0.022776281807230115	0.5052395628251882	858	0.9497921901296786	False
BRD:BRD-K26726854-001-02-9	0.022785737715526378	0.500616060252616	876	0.9465839735770711	False
BRD:BRD-K46493214-001-06-7	0.02283422881860505	0.5927541079912696	551	0.9680583822919181	False
BRD:BRD-K99431849-001-01-7	0.02284759129899176	0.5979859066360915	535	0.9684633104795523	False
BRD:BRD-K12906202-001-06-2	0.022858405651047502	0.5978125799223643	535	0.9684633104795523	False
BRD:BRD-A05457250-001-08-4	0.022861630302089347	0.5916360896929548	553	0.9680418155722174	False
BRD:BRD-K42981054-001-01-9	0.02287337374963503	0.5961998016834992	539	0.9684633104795523	False
BRD:BRD-K00075584-003-02-9	0.022873630269003305	0.5034209438547376	858	0.94871723807207	False
BRD:BRD-K32952627-001-02-9	0.02287837320960905	0.49838475906833635	878	0.9443266218845091	False
BRD:BRD-K86600316-003-02-0	0.022886220352277463	0.5915744744119488	552	0.9680418155722174	False
BRD:BRD-K36756879-003-08-7	0.022901432658522524	0.5923422452203032	549	0.9680583822919181	False
BRD:BRD-K16180792-001-01-7	0.022957537211558507	0.5962248133328452	535	0.9684633104795523	False
BRD:BRD-K27351809-001-09-5	0.022978974611314946	0.5890594151958346	555	0.9668149454144833	False
BRD:BRD-K00003420-001-01-9	0.022990013925919706	0.4975228397156722	873	0.9443266218845091	False
BRD:BRD-K72259270-003-25-6	0.02301591903968554	0.5952906228058641	535	0.9684633104795523	False
BRD:BRD-K13167095-001-02-9	0.02303162056168315	0.5882060568141693	555	0.9663223004817554	False
BRD:BRD-K21615095-001-08-4	0.023038830514829967	0.5994557308617761	522	0.9689175433515068	False
BRD:BRD-K44353683-001-08-3	0.023056220347776372	0.5932653459442858	539	0.9683093721595784	False
BRD:BRD-A06390036-001-04-6	0.023068943996901074	0.5889567404197841	551	0.9668149454144833	False
BRD:BRD-A09004963-001-01-3	0.023087973738974064	0.6179662295707838	469	0.9727166133297517	False
BRD:BRD-K30480208-001-18-5	0.02309641017793629	0.5871566399101374	555	0.9653253232420904	False
BRD:BRD-K84892605-001-01-1	0.023159067892646365	0.5940461530127017	532	0.9684633104795523	False
BRD:BRD-K00004659-001-01-9	0.023165698660084905	0.4930042264141826	878	0.9426918325407772	False
BRD:BRD-K98530306-003-18-3	0.023229011713223204	0.585351439676686	554	0.9638070754740109	False
BRD:BRD-K53913732-001-05-9	0.023284872428842855	0.5868439592803256	547	0.9652317410617985	False
BRD:BRD-K00004684-001-01-9	0.023299468283918073	0.49050986172209776	878	0.941673025786661	False
BRD:BRD-K17705806-003-04-4	0.023299730951988312	0.5845506451598824	553	0.9633735147173791	False
BRD:BRD-K88646909-004-16-2	0.023369802274327577	0.5844486585571242	550	0.9633735147173791	False
BRD:BRD-K80778372-001-02-5	0.023375935504466705	0.5853814991538764	547	0.9638070754740109	False
BRD:BRD-K27737647-300-03-0	0.023379088251851428	0.5853308967243537	547	0.9638070754740109	False
BRD:BRD-K56291712-001-01-0	0.023382312785735892	0.5825361474854692	555	0.9633150402066792	False
BRD:BRD-K20958582-001-01-4	0.023409809208925814	0.5848379233392558	547	0.9636130792219235	False
BRD:BRD-A46186775-369-02-0	0.023433706317286095	0.583421321446933	550	0.9633150402066792	False
BRD:BRD-K75352575-001-01-3	0.023448136025258522	0.582502368664435	552	0.9633150402066792	False
BRD:BRD-K45293975-001-02-0	0.023459080601937743	0.5868233447664952	539	0.9652317410617985	False
BRD:BRD-K70693421-001-01-1	0.023476905844596982	0.4872117120295546	878	0.9413984492287408	False
BRD:BRD-A67182178-001-01-7	0.02351102828815076	0.5873951070016094	535	0.9654836060375037	False
BRD:BRD-K00003185-001-01-9	0.02351692148952627	0.48646957026389653	878	0.9413984492287408	False
BRD:BRD-K86718786-001-03-9	0.02354449097462376	0.485958613748289	878	0.9413984492287408	False
BRD:BRD-K25325018-001-05-6	0.02360811280557313	0.6096872226209589	470	0.9713148274182807	False
BRD:BRD-K97152684-001-03-9	0.023610377844769683	0.48523795205912074	876	0.9413984492287408	False
BRD:BRD-K04972057-001-01-1	0.023632384993892946	0.6093195440753089	470	0.9713148274182807	False
BRD:BRD-K61585876-001-01-0	0.023641330861547467	0.5783648089868391	555	0.9610170381496382	False
BRD:BRD-K12968785-001-13-3	0.023664150801697266	0.5835565974846088	539	0.9633150402066792	False
BRD:BRD-K33219225-001-01-9	0.023669725087985035	0.5894943401866911	522	0.9670612635582586	False
BRD:BRD-A14886633-001-01-6	0.02367661962132131	0.5805645854830974	547	0.9626455519976146	False
BRD:BRD-K00003344-001-01-9	0.023689483417792437	0.48327618609199247	878	0.9413984492287408	False
BRD:BRD-K02594908-001-16-4	0.023697869369669684	0.5830202740913561	539	0.9633150402066792	False
BRD:BRD-K47869605-001-32-0	0.023698329168323855	0.5830129621751347	539	0.9633150402066792	False
BRD:BRD-K50653584-001-01-2	0.023711463724166174	0.6085062498522812	469	0.9711992067156914	False
BRD:BRD-A73566563-001-01-6	0.0237407157220304	0.583748763208537	535	0.9633150402066792	False
BRD:BRD-K79337272-001-01-6	0.023743917773768525	0.60801560133092	469	0.9711992067156914	False
BRD:BRD-K00004685-001-01-9	0.023747636415297115	0.4822025875989343	878	0.9413984492287408	False
BRD:BRD-K96206066-001-07-9	0.023760385304392662	0.5834369931520634	535	0.9633150402066792	False
BRD:BRD-K82687598-001-01-6	0.02378891011706144	0.5829850019972175	535	0.9633150402066792	False
BRD:BRD-K03399463-001-01-6	0.023808531731985348	0.6066541989283869	470	0.9711992067156914	False
BRD:BRD-A64242993-001-05-6	0.023820362545999726	0.5768757892303292	551	0.9606844355302745	False
BRD:BRD-K85066592-001-01-6	0.02382596685082873	0.5795785232936358	543	0.9617086210343408	False
BRD:BRD-K21415491-001-01-4	0.023826446918602355	0.6063834084701327	470	0.9711992067156914	False
BRD:BRD-K54297077-001-02-9	0.02383862458090504	0.48052539912517633	878	0.9413984492287408	False
BRD:BRD-K00005241-001-01-9	0.023839581977815178	0.4805077682764417	878	0.9413984492287408	False
BRD:BRD-A32673558-003-03-9	0.023848794090679186	0.5767687907039918	550	0.9606844355302745	False
BRD:BRD-A73908300-001-06-7	0.023849598241204088	0.5750209729816957	555	0.960636755520703	False
BRD:BRD-A28970875-300-04-9	0.023860650130748697	0.5829144861278025	532	0.9633150402066792	False
BRD:BRD-K37270826-001-31-8	0.02394789584578642	0.5751857958505256	550	0.960636755520703	False
BRD:BRD-K06858286-001-01-3	0.02396188837889472	0.5749624522277623	550	0.960636755520703	False
BRD:BRD-A53077924-001-01-2	0.02396563745441815	0.5805441227260101	534	0.9626455519976146	False
BRD:BRD-K08864679-001-02-2	0.02397738929578273	0.5743659790297346	551	0.960636755520703	False
BRD:BRD-K62196610-001-01-6	0.02398175219276137	0.5763975014437528	545	0.9606844355302745	False
BRD:BRD-A04553218-050-16-2	0.02398460821358087	0.5745998937960825	550	0.960636755520703	False
BRD:BRD-A14240607-003-26-1	0.02398577996028872	0.578450167145445	539	0.9610170381496382	False
BRD:BRD-K64866502-001-03-9	0.024009711048502597	0.5752502279745476	547	0.960636755520703	False
BRD:BRD-K00004565-001-01-9	0.024030671309249758	0.4769958353140482	878	0.9413984492287408	False
BRD:BRD-A48720949-001-04-0	0.024043824036683516	0.5736554472742786	550	0.960636755520703	False
BRD:BRD-A48430263-003-17-2	0.024079329512229148	0.5737910104960124	548	0.960636755520703	False
BRD:BRD-K18898553-001-01-1	0.02410942243523535	0.5779175424598049	535	0.960976981070964	False
BRD:BRD-A36318220-001-08-8	0.024114786615448344	0.5718241043837008	552	0.960636755520703	False
BRD:BRD-K64931368-003-01-4	0.024128549872657817	0.5730078875609136	548	0.960636755520703	False
BRD:BRD-K85764479-003-01-0	0.024178848567543397	0.6014572504666648	469	0.9689175433515068	False
BRD:BRD-K00003244-001-01-9	0.02418227688292735	0.47421956426045747	878	0.9413984492287408	False
BRD:BRD-K98179423-300-01-3	0.02420304370129712	0.6010933464282177	469	0.9689175433515068	False
BRD:BRD-K54247840-004-01-3	0.024208858940669875	0.574920742917989	539	0.960636755520703	False
BRD:BRD-K78978711-003-01-3	0.02422700618953398	0.6007330391779668	469	0.9689175433515068	False
BRD:BRD-K90410034-003-02-9	0.024261315316730963	0.47277569857508045	878	0.9413984492287408	False
BRD:BRD-K01825682-074-02-9	0.024273838718099194	0.4730533647580361	876	0.9413984492287408	False
BRD:BRD-K00005332-019-01-9	0.02428421977515227	0.4736251967411829	873	0.9413984492287408	False
BRD:BRD-K94830329-001-03-0	0.02428755070372844	0.5687207037125515	553	0.960636755520703	False
BRD:BRD-K82908348-001-01-9	0.02428856452798488	0.5750942497647117	535	0.960636755520703	False
BRD:BRD-K56509348-003-04-9	0.02429115446494119	0.4727376243469609	876	0.9413984492287408	False
BRD:BRD-K71512533-066-02-8	0.02431186155948963	0.570449446321938	547	0.960636755520703	False
BRD:BRD-A32988684-003-08-7	0.024349495971286456	0.5687919227933983	550	0.960636755520703	False
BRD:BRD-K00003457-001-01-9	0.024350123145877017	0.472425378342731	873	0.9413984492287408	False
BRD:BRD-K02729857-001-01-9	0.024354071972290253	0.574423265216601	534	0.960636755520703	False
BRD:BRD-K61536264-001-01-3	0.02439717882586624	0.5737458798769097	534	0.960636755520703	False
BRD:BRD-K11636097-001-03-1	0.02442770669595153	0.5686138790697199	547	0.960636755520703	False
BRD:BRD-K09900591-001-26-7	0.02443349729589795	0.5775378040635988	522	0.9606844355302745	False
BRD:BRD-A74975734-004-10-7	0.024441024448164966	0.567339451682805	550	0.960636755520703	False
BRD:BRD-A59378440-001-01-3	0.024441360373338855	0.5734131183242537	533	0.960636755520703	False
BRD:BRD-A60153876-001-01-0	0.02445278866364926	0.5973428929769423	469	0.9684633104795523	False
BRD:BRD-U08520523-000-01-0	0.024462735277817685	0.5792901716717167	516	0.9617086210343408	False
BRD:BRD-K35629949-001-02-0	0.024465004773963222	0.5687351795753703	545	0.960636755520703	False
BRD:BRD-A71033472-003-23-9	0.02446644257581197	0.5672907511286751	549	0.960636755520703	False
BRD:BRD-K00003516-057-01-9	0.024475630388022595	0.4688727982526535	878	0.9413984492287408	False
BRD:BRD-K70330032-001-01-1	0.024477658959220487	0.5721211808181385	535	0.960636755520703	False
BRD:BRD-K00003453-003-01-9	0.024487845679772528	0.4699234440601186	873	0.9413984492287408	False
BRD:BRD-K61120504-001-01-6	0.024495097458528733	0.46851916649680914	878	0.9413984492287408	False
BRD:BRD-K90171280-001-01-4	0.024504512527092005	0.5720608695361616	534	0.960636755520703	False
BRD:BRD-K60150510-001-15-6	0.024505498904676896	0.567382842939805	547	0.960636755520703	False
BRD:BRD-A44181516-001-01-8	0.024513417599220138	0.5719211760034224	534	0.960636755520703	False
BRD:BRD-A32505112-001-04-4	0.024513891379669018	0.5658300119426067	551	0.960636755520703	False
BRD:BRD-K94979336-001-20-0	0.024519674249747297	0.5963402665598478	469	0.9684633104795523	False
BRD:BRD-K72726508-001-02-1	0.024521629240133617	0.5671277451143083	547	0.960636755520703	False
BRD:BRD-K75360161-001-18-0	0.024537778957411244	0.565451367823704	551	0.960636755520703	False
BRD:BRD-K73589491-001-11-2	0.024573737133315843	0.5652365780421198	550	0.960636755520703	False
BRD:BRD-K04264130-001-01-4	0.02457626155939208	0.5651966139653792	550	0.960636755520703	False
BRD:BRD-K42679050-001-02-1	0.024591641320265853	0.5688883620488303	539	0.960636755520703	False
BRD:BRD-K00003205-003-01-9	0.024603744278256984	0.4665482369230399	878	0.9411356294436842	False
BRD:BRD-K90305467-001-01-3	0.02463089658863062	0.5942800281850075	470	0.9684633104795523	False
BRD:BRD-K26341917-001-01-3	0.024667068771677382	0.5637599504766495	550	0.960636755520703	False
BRD:BRD-K00003273-003-01-9	0.024674680297469248	0.46526389041124727	878	0.9405959938717414	False
BRD:BRD-K41567533-001-08-3	0.024709886207496402	0.5670310209528767	539	0.960636755520703	False
BRD:BRD-K38684403-001-05-4	0.02476486563700547	0.5604350249211221	555	0.95899398381464	False
BRD:BRD-K54395039-001-01-7	0.024767392642623138	0.5603950025819214	555	0.95899398381464	False
BRD:BRD-K47492008-001-02-7	0.024780539181651334	0.5673743276833391	535	0.960636755520703	False
BRD:BRD-K16484091-001-01-1	0.024784520125142928	0.5601237764663385	555	0.95899398381464	False
BRD:BRD-K85479953-001-11-3	0.024786313381037085	0.5629496691744238	547	0.960636755520703	False
BRD:BRD-K30177383-001-02-9	0.02480352205861023	0.4634475662778158	876	0.9399308275449473	False
BRD:BRD-A69917777-065-02-2	0.024811321690319636	0.5614813352645124	550	0.9595918113380415	False
BRD:BRD-K76719364-001-02-5	0.024843614521493237	0.566752839523638	534	0.960636755520703	False
BRD:BRD-K53263234-001-05-2	0.024878466829210313	0.5597069087306825	552	0.95899398381464	False
BRD:BRD-K51805276-001-10-9	0.024882329049534732	0.4615155653506837	878	0.9376692665263742	False
BRD:BRD-K56810756-001-03-0	0.024985487266348496	0.5569460652975473	555	0.9571041036670742	False
BRD:BRD-K53153417-001-10-4	0.024988950538463856	0.5572485572967444	554	0.9571762469124447	False
BRD:BRD-K76713213-001-02-1	0.025024552978185132	0.563930241738136	534	0.960636755520703	False
BRD:BRD-A15415227-003-02-9	0.02504009866553045	0.5560840608316503	555	0.9571041036670742	False
BRD:BRD-K46648676-001-01-8	0.0250461680281752	0.45856998636101454	878	0.9351393599783454	False
BRD:BRD-K92413528-001-06-9	0.025101208229565186	0.5623692737730679	535	0.960527972720342	False
BRD:BRD-K97025174-001-01-4	0.02510249110716365	0.5561760588778927	552	0.9571041036670742	False
BRD:BRD-K62607075-001-04-9	0.025121257087518157	0.45773791334682556	876	0.9350302140869271	False
BRD:BRD-A30590053-003-02-9	0.02513724799260991	0.5545522299773517	555	0.9571041036670742	False
BRD:BRD-K09485525-001-03-9	0.02515558510935028	0.45712341162565956	876	0.9350302140869271	False
BRD:BRD-K83631119-001-04-9	0.025174689698575017	0.4562667432441775	878	0.9350302140869271	False
BRD:BRD-K00091111-001-01-9	0.02518153355535837	0.4613353251397531	858	0.9376692665263742	False
BRD:BRD-A35425966-001-02-3	0.0252065601382845	0.5860882514753452	469	0.9645138319626458	False
BRD:BRD-K47323024-003-24-4	0.025226358112809624	0.5545891631414163	551	0.9571041036670742	False
BRD:BRD-K45401373-001-20-9	0.025236837510605428	0.5650860802783211	522	0.960636755520703	False
BRD:BRD-K00003274-001-01-9	0.025248205368610502	0.4562427837992314	873	0.9350302140869271	False
BRD:BRD-K00091281-001-01-9	0.02525367096936165	0.4600522728513127	858	0.9368327716219392	False
BRD:BRD-K17518951-001-03-0	0.025309797416549356	0.5654660202554377	518	0.960636755520703	False
BRD:BRD-K93611241-001-02-2	0.02541616751432896	0.551612949619513	551	0.9571041036670742	False
BRD:BRD-K57313110-001-06-8	0.025419467299842898	0.5515612782440062	551	0.9571041036670742	False
BRD:BRD-K06814349-304-01-9	0.025444724346497784	0.5526212724766787	547	0.9571041036670742	False
BRD:BRD-K39805756-001-01-6	0.02546031557129114	0.551285153293282	550	0.9571041036670742	False
BRD:BRD-K92426617-001-06-3	0.025462627009862997	0.5567538045473577	535	0.9571041036670742	False
BRD:BRD-K13571841-001-14-4	0.025499144062336443	0.5602953687102996	524	0.95899398381464	False
BRD:BRD-K73984371-001-01-1	0.02555506312254487	0.5809180772163989	469	0.9626808589484526	False
BRD:BRD-K71480163-001-01-4	0.02557488824672603	0.5484028369341853	553	0.9571041036670742	False
BRD:BRD-K38203080-001-01-2	0.0255985290540827	0.4492359424001378	876	0.931899576908149	False
BRD:BRD-K48578705-001-16-8	0.025631064983459382	0.5530320488162599	538	0.9571041036670742	False
BRD:BRD-A18074780-003-02-0	0.025667679141839386	0.5480465599466995	550	0.9571041036670742	False
BRD:BRD-K23728141-001-01-2	0.02569038144447852	0.5458699636675446	555	0.9571041036670742	False
BRD:BRD-K34591242-001-04-3	0.025698155706835576	0.5472058742248508	551	0.9571041036670742	False
BRD:BRD-K00003240-300-01-9	0.025719306703864252	0.44657903159813467	878	0.9306349839662539	False
BRD:BRD-K78959463-001-13-2	0.025732477182827965	0.5488723651275533	545	0.9571041036670742	False
BRD:BRD-K00010388-001-01-9	0.025759606021952097	0.4458668564986853	878	0.9306349839662539	False
BRD:BRD-A92096630-001-02-8	0.025770703762136787	0.547542221908498	547	0.9571041036670742	False
BRD:BRD-K71055333-224-05-8	0.025781217071710962	0.550336431437043	539	0.9571041036670742	False
BRD:BRD-K83289131-003-01-0	0.025792012581469556	0.57741503990571	469	0.9606844355302745	False
BRD:BRD-K88172511-003-21-1	0.025798588665507233	0.5460068612675167	550	0.9571041036670742	False
BRD:BRD-K00003316-001-01-9	0.025805348318769804	0.4450592754709414	878	0.9303305226299801	False
BRD:BRD-K66094457-001-01-5	0.025832301043893488	0.5521623680034196	532	0.9571041036670742	False
BRD:BRD-K79743788-001-02-9	0.025880133081332687	0.44426178120079685	876	0.9296102303526885	False
BRD:BRD-A79672927-001-20-7	0.02589256944200266	0.5445448666934919	550	0.9571041036670742	False
BRD:BRD-A51382177-236-03-0	0.02592251498830207	0.5422464082231795	555	0.9571041036670742	False
BRD:BRD-A65818372-001-05-3	0.025933119120821743	0.5506114904083147	532	0.9571041036670742	False
BRD:BRD-K00004650-001-01-9	0.025936121644865688	0.4427550687762224	878	0.9296102303526885	False
BRD:BRD-K00004736-001-01-9	0.025945691726757047	0.4438924469976949	873	0.9296102303526885	False
BRD:BRD-K78321730-001-13-9	0.02597972556927418	0.4432947289251243	873	0.9296102303526885	False
BRD:BRD-K65716359-001-02-1	0.026012732113694224	0.5437861560778939	547	0.9571041036670742	False
BRD:BRD-K84971356-001-01-4	0.026040440454324174	0.5482092629286969	534	0.9571041036670742	False
BRD:BRD-K86673452-001-01-7	0.026041110730012074	0.5733327382662047	470	0.960636755520703	False
BRD:BRD-K18131774-001-17-6	0.02605034512319103	0.5432035851746196	547	0.9571041036670742	False
BRD:BRD-K00003375-004-01-9	0.026055423937612326	0.4406589329180856	878	0.9296102303526885	False
BRD:BRD-K10314788-003-12-7	0.026094981162589157	0.5417722081179166	549	0.9571041036670742	False
BRD:BRD-A89672324-001-03-0	0.02610683299431276	0.5430717635470254	545	0.9571041036670742	False
BRD:BRD-K30550578-001-01-3	0.02611467327768084	0.5425790457610735	546	0.9571041036670742	False
BRD:BRD-K08902330-001-01-3	0.02614435421675816	0.5722244683878449	469	0.960636755520703	False
BRD:BRD-A29644307-050-17-0	0.026170021149633127	0.5383961122157012	555	0.9571041036670742	False
BRD:BRD-K00005342-001-01-9	0.026184477495184447	0.4383978757561227	878	0.9296102303526885	False
BRD:BRD-K00003398-001-01-9	0.026196445575467006	0.4394993790238511	873	0.9296102303526885	False
BRD:BRD-K48832421-001-03-9	0.026207757722354497	0.4385144191864771	876	0.9296102303526885	False
BRD:BRD-K89584803-001-01-9	0.026212286707682077	0.5712262576573605	469	0.960636755520703	False
BRD:BRD-A43882281-001-15-5	0.026214577303265558	0.5436525983807341	539	0.9571041036670742	False
BRD:BRD-K80431395-001-09-9	0.026215890011100723	0.5485555379856571	526	0.9571041036670742	False
BRD:BRD-K79145749-003-02-2	0.02622883106154481	0.5434334448716719	539	0.9571041036670742	False
BRD:BRD-K28982731-001-01-6	0.026236829032342406	0.5392060797595717	550	0.9571041036670742	False
BRD:BRD-K19438463-001-05-5	0.026299265527170882	0.5393559993084103	547	0.9571041036670742	False
BRD:BRD-K94083718-001-03-9	0.02630840326946292	0.4367574463419942	876	0.928485616988773	False
BRD:BRD-K00003462-001-01-9	0.026328252316916503	0.437200225466967	873	0.9288092595647292	False
BRD:BRD-K62736196-015-11-0	0.026335039524347004	0.5482751494048012	522	0.9571041036670742	False
BRD:BRD-K37069697-001-01-3	0.026343974428162237	0.5394131023862713	545	0.9571041036670742	False
BRD:BRD-K82266792-001-03-9	0.026354191816524486	0.4359594556905043	876	0.928485616988773	False
BRD:BRD-K00090657-001-01-9	0.02640378490971362	0.4398673522186664	858	0.9296102303526885	False
BRD:BRD-K34341643-001-01-4	0.026431744186736092	0.5380621030179553	545	0.9571041036670742	False
BRD:BRD-K89657519-001-01-8	0.026438572969751658	0.537208668536865	547	0.9571041036670742	False
BRD:BRD-K19615002-001-02-3	0.02644296645308219	0.5360218616069539	550	0.9571041036670742	False
BRD:BRD-A04203391-001-08-3	0.02646638275290588	0.5338038681517132	555	0.9565857972951394	False
BRD:BRD-K00003400-001-01-9	0.026467725144006013	0.43345870393631286	878	0.928485616988773	False
BRD:BRD-K83837640-001-04-8	0.026481999828967914	0.5422057906440232	532	0.9571041036670742	False
BRD:BRD-K65840970-001-02-9	0.02648779501997409	0.4331099556319269	878	0.928485616988773	False
BRD:BRD-K59853741-001-01-9	0.026499046016312647	0.5666064352587538	470	0.960636755520703	False
BRD:BRD-K77220725-003-01-5	0.026510305614783233	0.5668569094562638	469	0.960636755520703	False
BRD:BRD-K97799481-001-16-0	0.02651418527584021	0.5330650010582102	555	0.9565857972951394	False
BRD:BRD-K62391742-001-03-0	0.02652118637248748	0.5389481384970544	539	0.9571041036670742	False
BRD:BRD-K39670393-303-02-1	0.026523591352306	0.5329196753405993	555	0.9565857972951394	False
BRD:BRD-K96319534-003-03-9	0.02655616164693379	0.5324166124087641	555	0.9565857972951394	False
BRD:BRD-K68810443-001-01-9	0.026582426490104227	0.5334996661189814	551	0.9565857972951394	False
BRD:BRD-K28392481-001-05-1	0.026587239639249763	0.5352970639987689	546	0.9571041036670742	False
BRD:BRD-A17009129-001-01-3	0.026633297601403063	0.5391355836708236	534	0.9571041036670742	False
BRD:BRD-K83649660-003-04-9	0.026638794859722367	0.4310183245837689	876	0.928485616988773	False
BRD:BRD-K00003262-001-01-9	0.026644223037347193	0.43039731174851387	878	0.928485616988773	False
BRD:BRD-K59456551-001-22-6	0.026649474409897806	0.5435076479603733	522	0.9571041036670742	False
BRD:BRD-K68185022-001-14-8	0.026683868827214755	0.5323126296825421	550	0.9565857972951394	False
BRD:BRD-K06980535-003-25-9	0.026685229944514995	0.5391097416651696	532	0.9571041036670742	False
BRD:BRD-K83257731-003-23-5	0.02670437508518468	0.5316231292188967	551	0.9565857972951394	False
BRD:BRD-A83792282-001-01-6	0.026712125600661652	0.5639070618923225	469	0.960636755520703	False
BRD:BRD-K00003159-300-01-9	0.02673496298894138	0.4288282974183186	878	0.928485616988773	False
BRD:BRD-K13843533-001-01-7	0.02674199906320912	0.5630532435895241	470	0.960636755520703	False
BRD:BRD-K50140147-001-10-1	0.026742116555164498	0.5325446357918374	547	0.9565857972951394	False
BRD:BRD-K34411045-001-01-9	0.02675469973024753	0.5632857313096705	469	0.960636755520703	False
BRD:BRD-K44827188-001-06-0	0.026782105064810133	0.5308037915076659	550	0.9565857972951394	False
BRD:BRD-K63018010-001-01-7	0.026839419410351374	0.5356152459914296	535	0.9571041036670742	False
BRD:BRD-K76908866-001-07-6	0.026864141681778562	0.5284197064738029	553	0.9565857972951394	False
BRD:BRD-K55160477-001-04-7	0.026887186101206276	0.5333591871184752	539	0.9565857972951394	False
BRD:BRD-K41494493-001-13-8	0.026902773415365632	0.5607078226427277	470	0.95899398381464	False
BRD:BRD-K75478907-001-02-3	0.026902906671785354	0.5300823579093674	547	0.9565857972951394	False
BRD:BRD-K72462751-001-02-7	0.026923630380503872	0.5267575534788386	555	0.9565857972951394	False
BRD:BRD-K96188950-001-16-9	0.026946501959993603	0.5301729240460714	545	0.9565857972951394	False
BRD:BRD-A28856712-003-26-0	0.026967181559428146	0.5279670414849839	550	0.9565857972951394	False
BRD:BRD-K47049295-300-01-5	0.02705845558215062	0.5526087501985174	484	0.9571041036670742	False
BRD:BRD-A28422330-001-11-9	0.027059264036131	0.4237780185886753	876	0.926223108797766	False
BRD:BRD-K32891457-001-15-5	0.027090970642952416	0.5317970814893779	535	0.9565857972951394	False
BRD:BRD-K77561571-001-01-1	0.027092799367687034	0.5241626664714585	555	0.9554535584808598	False
BRD:BRD-A43809092-003-02-1	0.02711245439330948	0.5268821042691781	547	0.9565857972951394	False
BRD:BRD-K00494077-066-01-9	0.027116237185643863	0.5325730582364122	532	0.9565857972951394	False
BRD:BRD-A95886749-001-03-5	0.027135562659382776	0.530351386141346	537	0.9565857972951394	False
BRD:BRD-K88682005-001-15-8	0.027141834150738637	0.5271946731543505	545	0.9565857972951394	False
BRD:BRD-K44184170-001-01-7	0.027181865805685417	0.530807124601776	534	0.9565857972951394	False
BRD:BRD-K37355418-236-01-6	0.027185595427762176	0.5288240888160206	539	0.9565857972951394	False
BRD:BRD-K00004727-001-01-9	0.027191687474745155	0.4223109566756098	873	0.926223108797766	False
BRD:BRD-K71667152-003-09-8	0.02719486504815181	0.5568812821223692	469	0.9571041036670742	False
BRD:BRD-A69636825-003-04-7	0.027195236212460224	0.5233481622387361	553	0.9549005509487988	False
BRD:BRD-K92758126-001-18-8	0.02722496801879448	0.5228939668498513	553	0.9549005509487988	False
BRD:BRD-K78941306-001-02-4	0.027239576277313597	0.5219165577521989	555	0.9549005509487988	False
BRD:BRD-K99968849-300-01-4	0.027254887591502394	0.5560106960443222	469	0.9571041036670742	False
BRD:BRD-K01036220-001-01-0	0.02726939904084403	0.5553770923761953	470	0.9571041036670742	False
BRD:BRD-K15656090-001-07-3	0.02727605004607863	0.4200729741529696	876	0.926223108797766	False
BRD:BRD-K19972289-001-01-4	0.02728571121137996	0.5227236680151931	551	0.9549005509487988	False
BRD:BRD-K50122911-001-01-2	0.027325203239290267	0.5282541949607216	535	0.9565857972951394	False
BRD:BRD-K00091120-001-01-9	0.02733520678459503	0.4238990683892602	858	0.926223108797766	False
BRD:BRD-A16665823-001-02-0	0.02733580592212169	0.5212025418347211	553	0.9547972905048029	False
BRD:BRD-K77115421-001-02-6	0.027370524780130828	0.5237186526853206	545	0.9549005509487988	False
BRD:BRD-A00559310-003-01-1	0.02738472867161891	0.41822274308550555	876	0.926223108797766	False
BRD:BRD-K68232413-001-01-2	0.02738647062313041	0.5204303173282305	553	0.9542862151387215	False
BRD:BRD-K95941975-001-01-5	0.027402079176730026	0.5270940264267009	535	0.9565857972951394	False
BRD:BRD-A68281735-001-18-6	0.027404636118169953	0.5201535846000492	553	0.9542862151387215	False
BRD:BRD-K30421675-001-04-9	0.027417551708895687	0.41846561739043686	873	0.926223108797766	False
BRD:BRD-K93754473-048-20-2	0.02742147295453515	0.5195182775444873	554	0.9542862151387215	False
BRD:BRD-A60498477-001-01-2	0.027426400662442802	0.5271156466301183	534	0.9565857972951394	False
BRD:BRD-K16107558-001-02-9	0.027432763499852696	0.4168738282760253	878	0.926223108797766	False
BRD:BRD-K40853697-001-20-5	0.027470164923563026	0.41677157757757666	876	0.926223108797766	False
BRD:BRD-K53405000-001-02-8	0.027482996520786302	0.5527081826685123	469	0.9571041036670742	False
BRD:BRD-A75369945-001-01-2	0.027540652817231344	0.5211403888856058	545	0.9547972905048029	False
BRD:BRD-K00003507-001-01-9	0.027558164765508365	0.4147464882852306	878	0.9260534874898768	False
BRD:BRD-K87454346-001-01-1	0.027564508966923796	0.41517255969866956	876	0.926223108797766	False
BRD:BRD-K71823332-001-03-7	0.02759233187314693	0.5195905582559271	547	0.9542862151387215	False
BRD:BRD-K43471985-001-03-0	0.027612689620075848	0.5290325110326778	522	0.9565857972951394	False
BRD:BRD-A95121829-001-08-9	0.027667411252727304	0.5184544728398547	547	0.9542862151387215	False
BRD:BRD-K16732600-001-01-7	0.027670157689045988	0.519182140250637	545	0.9542862151387215	False
BRD:BRD-K96550715-001-02-6	0.027678963476853048	0.515983705728914	553	0.9542862151387215	False
BRD:BRD-K97056771-001-13-1	0.027694437288494887	0.5149873622278553	555	0.9542862151387215	False
BRD:BRD-A00578795-001-04-3	0.027701035580941044	0.5148871979614728	555	0.9542862151387215	False
BRD:BRD-A53539450-004-01-7	0.02771614597451211	0.5154198515141187	553	0.9542862151387215	False
BRD:BRD-K78720403-001-01-6	0.02773684538714748	0.5154879951050723	552	0.9542862151387215	False
BRD:BRD-K46531780-003-19-7	0.027737091610269705	0.4117222449585286	878	0.9240357162058096	False
BRD:BRD-A31800922-003-25-1	0.027737802546879808	0.5232173221360574	532	0.9549005509487988	False
BRD:BRD-K00078154-001-02-9	0.027752015508803067	0.4168643685337984	858	0.926223108797766	False
BRD:BRD-K82967180-001-01-6	0.02775965807839935	0.5217147410520253	535	0.9549005509487988	False
BRD:BRD-K00003509-001-01-9	0.027770121803669466	0.4111653960803412	878	0.9238295960905085	False
BRD:BRD-K00003173-001-01-9	0.027795297796491616	0.4107412593773538	878	0.9238295960905085	False
BRD:BRD-K39359968-001-03-9	0.02782151983408595	0.4102997760170193	878	0.9238288173669259	False
BRD:BRD-K00004725-001-01-9	0.027871841282463002	0.4107939416030851	873	0.9238295960905085	False
BRD:BRD-A05674712-001-06-0	0.027884688029256373	0.5249806426577203	522	0.9564310608118917	False
BRD:BRD-K87696786-003-04-4	0.027915598459640943	0.514708088491011	547	0.9542862151387215	False
BRD:BRD-K41707108-001-05-6	0.027927610705538394	0.5153004653154488	545	0.9542862151387215	False
BRD:BRD-A20239487-001-24-9	0.027935038657390353	0.5190867109590026	535	0.9542862151387215	False
BRD:BRD-K12852738-001-01-2	0.02797147832192602	0.5185415290897187	535	0.9542862151387215	False
BRD:BRD-K90333595-003-21-4	0.027988482469951444	0.5105334769771994	555	0.9529804998995005	False
BRD:BRD-K79711234-001-18-3	0.028027584764367362	0.5118636611931451	550	0.9529804998995005	False
BRD:BRD-A70268693-050-01-2	0.028029391008344062	0.5137700567925351	545	0.9542862151387215	False
BRD:BRD-K30240666-051-15-9	0.02805254051929247	0.5114877829796431	550	0.9529804998995005	False
BRD:BRD-K46914825-300-01-0	0.02808669786513907	0.5125212178064759	546	0.9529804998995005	False
BRD:BRD-K45152786-001-09-9	0.028103278198825077	0.40557378230111046	878	0.9214917579261755	False
BRD:BRD-K00004670-001-01-9	0.02810439685502045	0.406899214672265	873	0.9214917579261755	False
BRD:BRD-K18772613-303-02-4	0.028121417760019512	0.5100651915368438	551	0.9529664548282538	False
BRD:BRD-K04430056-001-17-7	0.02813455743357309	0.5083283781703528	555	0.9523723209627027	False
BRD:BRD-A62197763-001-01-1	0.02816613665892944	0.5156342090109745	535	0.9542862151387215	False
BRD:BRD-A33084557-001-06-6	0.028178083009345767	0.5107612058157761	547	0.9529804998995005	False
BRD:BRD-K29668683-300-02-2	0.02818881793518392	0.5086653526100652	552	0.9523723209627027	False
BRD:BRD-K91234829-001-01-7	0.028195325234320532	0.5420250194157225	470	0.9571041036670742	False
BRD:BRD-K93228461-001-02-9	0.028220275647158424	0.4036209377578299	878	0.9214917579261755	False
BRD:BRD-A78195072-001-06-2	0.028248202491767925	0.5066162820263086	555	0.9505004870741198	False
BRD:BRD-K65146499-001-27-9	0.028254045670507082	0.5195039199580238	522	0.9542862151387215	False
BRD:BRD-K83834509-001-04-9	0.028271194979119837	0.40277278415600865	878	0.9214917579261755	False
BRD:BRD-K00003321-001-01-9	0.028290257346350094	0.4038023828525277	873	0.9214917579261755	False
BRD:BRD-A19777893-236-01-9	0.028308869668555975	0.5139034762260432	534	0.9542862151387215	False
BRD:BRD-K22127577-001-03-7	0.02831192126253495	0.518648430353792	522	0.9542862151387215	False
BRD:BRD-K00003311-001-01-9	0.0283133027135935	0.4020722098642045	878	0.9214917579261755	False
BRD:BRD-K21548250-003-19-1	0.02831379778630208	0.5087267169560711	547	0.9523723209627027	False
BRD:BRD-K41869275-001-02-8	0.028319800984268687	0.5055391841856616	555	0.9497921901296786	False
BRD:BRD-K80343549-001-02-6	0.028333545728728603	0.5143298742617871	532	0.9542862151387215	False
BRD:BRD-K00003248-001-01-9	0.028350517086082012	0.40145365751153833	878	0.9214917579261755	False
BRD:BRD-K68502831-001-01-2	0.028365325416694773	0.5178596797894411	522	0.9542862151387215	False
BRD:BRD-K69035426-001-01-3	0.028374243134092033	0.5086023137064033	545	0.9523723209627027	False
BRD:BRD-K59391348-001-01-7	0.028418549905100145	0.5118768907231596	535	0.9529804998995005	False
BRD:BRD-K36474365-001-09-9	0.02843695483847934	0.40055792510821014	876	0.9214917579261755	False
BRD:BRD-K00004664-001-01-9	0.028441344521106863	0.40129535850035236	873	0.9214917579261755	False
BRD:BRD-K17555800-003-01-5	0.028452629072228567	0.5043175359585697	553	0.948962549883862	False
BRD:BRD-K00003145-001-01-9	0.028457568244293362	0.3996775070440342	878	0.9214917579261755	False
BRD:BRD-K77947974-001-16-3	0.028469018440590646	0.5079707459953426	543	0.9522698413330691	False
BRD:BRD-K11433652-001-17-0	0.02847899473299269	0.5121719784668438	532	0.9529804998995005	False
BRD:BRD-K00091089-001-01-9	0.028483515864707255	0.4046859606080543	858	0.9214917579261755	False
BRD:BRD-K53814070-310-01-3	0.028483948666588398	0.5097176801627006	538	0.9526515409591899	False
BRD:BRD-K89920762-001-01-4	0.02853374626395482	0.5101668723565099	535	0.9529664548282538	False
BRD:BRD-K68132782-003-13-8	0.02858787685951516	0.5022924646894721	553	0.9476426327428495	False
BRD:BRD-K00003497-001-01-9	0.02860292862026478	0.39862450560122464	873	0.9214917579261755	False
BRD:BRD-K73391359-003-10-2	0.028618147888487763	0.5041796778303297	547	0.948962549883862	False
BRD:BRD-K66896751-001-02-4	0.028643665004414457	0.5360543590919159	469	0.9571041036670742	False
BRD:BRD-K84091759-001-07-1	0.02873303178807747	0.5120400805150733	523	0.9529804998995005	False
BRD:BRD-A90799790-001-19-9	0.02884106608751441	0.49773387716186496	555	0.9443266218845091	False
BRD:BRD-K00003105-003-01-9	0.02884524307460961	0.3932849494393831	878	0.9189280133150073	False
BRD:BRD-K13223831-003-02-9	0.028853282516674215	0.39369403175763995	876	0.9195674150789045	False
BRD:BRD-K49597925-300-01-9	0.028858513139237183	0.5329994686721775	469	0.9565857972951394	False
BRD:BRD-K00074484-001-02-9	0.028881079079200962	0.3981571660942162	858	0.9214917579261755	False
BRD:BRD-K90239174-001-01-8	0.028885240492154896	0.499028708190525	550	0.9445447734515626	False
BRD:BRD-K00091086-001-01-9	0.028888830478967446	0.39803050524014844	858	0.9214917579261755	False
BRD:BRD-K38602774-001-03-2	0.02889851176066998	0.4988314502534073	550	0.944524692476474	False
BRD:BRD-K00003538-001-02-9	0.028926067595492707	0.39742237438834616	858	0.9214917579261755	False
BRD:BRD-K06753942-001-14-5	0.028949113044177025	0.49925938025296884	547	0.9445447734515626	False
BRD:BRD-K47150025-001-05-3	0.02895339411633896	0.49762393834896224	551	0.9443266218845091	False
BRD:BRD-K00003199-001-01-9	0.028976849690608764	0.3911289604024954	878	0.9176382899445187	False
BRD:BRD-A64553394-001-04-4	0.02898072946324213	0.49839670894242455	548	0.9443266218845091	False
BRD:BRD-K68346641-001-01-4	0.028998677165853127	0.4985247306280786	547	0.9443266218845091	False
BRD:BRD-A86871940-001-01-9	0.029002584247439258	0.5056530463954367	529	0.9497921901296786	False
BRD:BRD-K00091129-001-01-9	0.02904387747282595	0.3955020717958473	858	0.9202273392399618	False
BRD:BRD-K00091071-001-01-9	0.02909711135063401	0.3946361979744667	858	0.9202273392399618	False
BRD:BRD-K96786677-323-02-0	0.029103712628328712	0.5037650511477915	530	0.948962549883862	False
BRD:BRD-A09487507-001-03-9	0.029140363935222652	0.3898183164378431	873	0.9176382899445187	False
BRD:BRD-K77951111-001-05-9	0.029185101248136187	0.38773204175736786	878	0.9172395510459721	False
BRD:BRD-K73700643-001-11-2	0.029220187124765987	0.49209744655523086	555	0.9422420221996343	False
BRD:BRD-K25210703-001-01-9	0.029273703886815324	0.5266784459573784	470	0.9565857972951394	False
BRD:BRD-K00003526-001-01-9	0.02928034451112251	0.3861844712156857	878	0.9172395510459721	False
BRD:BRD-K17203476-001-01-9	0.029282210332022676	0.49196408228456473	553	0.9422420221996343	False
BRD:BRD-K05464208-001-05-7	0.029321176732208052	0.4921759710265245	551	0.9422420221996343	False
BRD:BRD-A46066006-004-22-6	0.029364881446640394	0.49192587290362505	550	0.9422420221996343	False
BRD:BRD-K77758223-300-02-9	0.029395923593663054	0.3843115364030396	878	0.9172395510459721	False
BRD:BRD-K70177501-003-01-4	0.029396803172807653	0.4926444791583683	547	0.9426918325407772	False
BRD:BRD-K99622919-001-23-0	0.02941202020856511	0.4984423129440293	532	0.9443266218845091	False
BRD:BRD-K40255344-001-17-6	0.029446073349145833	0.488755478373427	555	0.9413984492287408	False
BRD:BRD-A53952395-003-25-1	0.029453669118064702	0.49061700684996856	550	0.941673025786661	False
BRD:BRD-K41772907-001-01-2	0.029454215922802784	0.4886352378610235	555	0.9413984492287408	False
BRD:BRD-A13133631-001-04-0	0.029454799060745225	0.4917909947725326	547	0.9422420221996343	False
BRD:BRD-K06208435-003-08-2	0.029502650197141538	0.487920342824788	555	0.9413984492287408	False
BRD:BRD-K92760278-001-07-3	0.02950419220500986	0.5011877036915486	522	0.9469444210181963	False
BRD:BRD-K00003317-312-01-9	0.029511715431072522	0.38244072745197455	878	0.9172395510459721	False
BRD:BRD-K44845912-001-02-9	0.029567563508015864	0.3829033619659171	873	0.9172395510459721	False
BRD:BRD-A89175223-051-14-8	0.02958002510812018	0.4875690919111441	553	0.9413984492287408	False
BRD:BRD-K81916719-001-13-9	0.02959277546427522	0.49580521166675273	532	0.9443266218845091	False
BRD:BRD-K08703257-001-12-1	0.029632758011329186	0.4964471193579813	529	0.9443266218845091	False
BRD:BRD-K73789395-001-10-7	0.02964505138682149	0.48979589176393523	545	0.9413984492287408	False
BRD:BRD-K90374350-001-09-2	0.02967801066579611	0.49172509683610327	539	0.9422420221996343	False
BRD:BRD-K99170882-001-04-3	0.029687094251917106	0.4867874563966788	551	0.9413984492287408	False
BRD:BRD-K00077023-001-02-9	0.029701416555958277	0.38488734502501704	858	0.9172395510459721	False
BRD:BRD-K61279411-001-02-0	0.029723461394048373	0.49801066530771565	522	0.9443266218845091	False
BRD:BRD-K69932463-001-10-6	0.02973700661153122	0.4876492646936251	547	0.9413984492287408	False
BRD:BRD-K25143390-001-01-0	0.02974839854124149	0.5199937958271355	470	0.9542862151387215	False
BRD:BRD-K48188942-001-03-7	0.029759549226046535	0.5202841091105157	469	0.9542862151387215	False
BRD:BRD-K20568871-001-01-1	0.029767238382651634	0.5197293958349323	470	0.9542862151387215	False
BRD:BRD-K33732501-004-01-0	0.02978634290695813	0.4877282483463778	545	0.9413984492287408	False
BRD:BRD-K12047401-001-01-5	0.029788339426511098	0.4970726862603477	522	0.9443266218845091	False
BRD:BRD-K19482962-001-01-8	0.029788967770290328	0.5194245295702249	470	0.9542862151387215	False
BRD:BRD-A51714012-003-13-6	0.02983975982822832	0.4922139105658473	532	0.9422420221996343	False
BRD:BRD-K00003335-001-01-9	0.02984721212978625	0.3770517690842815	878	0.9169314186760723	False
BRD:BRD-K00003252-001-01-9	0.02985171544117838	0.3769797534750863	878	0.9169314186760723	False
BRD:BRD-A90695733-001-07-4	0.02987406674136362	0.48484438868693064	549	0.9413984492287408	False
BRD:BRD-K37590257-001-02-8	0.02988392382975494	0.4887236685046774	539	0.9413984492287408	False
BRD:BRD-A59747053-003-01-3	0.029884438377681614	0.5180861549003429	470	0.9542862151387215	False
BRD:BRD-K00003325-001-01-9	0.029918597253066708	0.3772778174629393	873	0.9169314186760723	False
BRD:BRD-K33396764-001-08-7	0.029921120700924928	0.4837569501983454	550	0.9413984492287408	False
BRD:BRD-K56334280-001-05-1	0.029928661227521053	0.48165668802913675	555	0.9413984492287408	False
BRD:BRD-K85146014-314-05-4	0.029931323710516673	0.49584032310029513	520	0.9443266218845091	False
BRD:BRD-K15025317-001-15-1	0.029941715232418335	0.4846567119461623	547	0.9413984492287408	False
BRD:BRD-K56575995-001-03-0	0.02995470652730785	0.3753350628760336	878	0.9169314186760723	False
BRD:BRD-K76365178-001-01-5	0.029969977096048872	0.517337176410685	469	0.9542862151387215	False
BRD:BRD-K00091279-001-01-9	0.03002591142853557	0.379713684782608	858	0.9169314186760723	False
BRD:BRD-K81341251-001-02-9	0.030030216776201882	0.374132036824204	878	0.9167652580427085	False
BRD:BRD-K73440166-001-01-3	0.03007606988855203	0.4794995378474272	555	0.9413984492287408	False
BRD:BRD-K31092604-003-03-5	0.030113943223272138	0.4821466878502648	547	0.9413984492287408	False
BRD:BRD-K00003239-001-01-9	0.030142604535708637	0.372345895035981	878	0.9159476664266681	False
BRD:BRD-K25611237-001-02-1	0.030161085536665425	0.37259942897783016	876	0.9159476664266681	False
BRD:BRD-A72401848-001-02-2	0.030181289290186677	0.4860399283786113	535	0.9413984492287408	False
BRD:BRD-A65562236-001-01-2	0.03021660405862453	0.485939586891991	534	0.9413984492287408	False
BRD:BRD-K53737926-003-27-8	0.030224812246992333	0.4773282102446307	555	0.9413984492287408	False
BRD:BRD-K00079404-001-02-9	0.030233166379644807	0.3764317148267893	858	0.9169314186760723	False
BRD:BRD-K16485616-001-08-9	0.030236753731863082	0.4803611805613941	547	0.9413984492287408	False
BRD:BRD-K57011718-001-01-5	0.030248467578718588	0.3712153423438641	876	0.9155656282291454	False
BRD:BRD-K17498618-344-02-6	0.030262721310367988	0.4775744935545523	553	0.9413984492287408	False
BRD:BRD-K46211610-003-26-7	0.03028456592944409	0.47845930577211215	550	0.9413984492287408	False
BRD:BRD-K61937613-001-01-1	0.030321284200330374	0.4894032489081487	522	0.9413984492287408	False
BRD:BRD-A98845662-036-03-7	0.030325039250623093	0.47706840151987046	552	0.9413984492287408	False
BRD:BRD-K95573441-001-01-2	0.030328963242752846	0.4770113644378111	552	0.9413984492287408	False
BRD:BRD-K59831625-001-01-6	0.030335649521167532	0.47571371308883426	555	0.9413984492287408	False
BRD:BRD-A23067620-300-01-3	0.03034321394587744	0.478816298223167	547	0.9413984492287408	False
BRD:BRD-K95763993-001-19-3	0.030374045967636074	0.47515511338612126	555	0.9413984492287408	False
BRD:BRD-A67975844-001-01-8	0.030374338860835116	0.4763520788739973	552	0.9413984492287408	False
BRD:BRD-A67097164-001-18-7	0.030389908256880736	0.47894888014051684	545	0.9413984492287408	False
BRD:BRD-K86003836-001-10-5	0.030392746210626747	0.4764863981147236	551	0.9413984492287408	False
BRD:BRD-K00256256-001-06-1	0.030412324527443003	0.36862853159089093	876	0.9137838053599907	False
BRD:BRD-A75140635-003-10-9	0.03041535404407914	0.47535535400179857	553	0.9413984492287408	False
BRD:BRD-K13409143-001-01-9	0.030421005701462937	0.48797527772395094	522	0.9413984492287408	False
BRD:BRD-K00003111-001-01-9	0.03042689822930239	0.3678513126994255	878	0.9137838053599907	False
BRD:BRD-K75373031-001-01-7	0.03042770715047629	0.5109567805257278	469	0.9529804998995005	False
BRD:BRD-K29570907-001-07-3	0.030452549067045934	0.4825390217878355	534	0.9413984492287408	False
BRD:BRD-K46742498-003-11-0	0.03045957232028569	0.4771308799098931	547	0.9413984492287408	False
BRD:BRD-K00005249-001-01-9	0.03047686409325366	0.36843664556421585	873	0.9137838053599907	False
BRD:BRD-K37714784-305-02-1	0.030500008089322014	0.4741269986363691	553	0.9413984492287408	False
BRD:BRD-K00004968-001-01-9	0.03052237197673004	0.366349503781876	878	0.9137838053599907	False
BRD:BRD-K93568044-001-32-0	0.030524009180242322	0.4770100190773954	545	0.9413984492287408	False
BRD:BRD-A72297358-001-01-8	0.03053549850244733	0.480934393592354	535	0.9413984492287408	False
BRD:BRD-K27625831-001-02-9	0.03054082731360523	0.4808578076815235	535	0.9413984492287408	False
BRD:BRD-K25486274-300-01-0	0.030545210881758128	0.4738738655426791	552	0.9413984492287408	False
BRD:BRD-K90991629-100-02-9	0.030545545000675627	0.3673579208734527	873	0.9137838053599907	False
BRD:BRD-K71977764-001-01-2	0.030559713247267806	0.4805864315493559	535	0.9413984492287408	False
BRD:BRD-K13238168-001-02-0	0.030574100579035257	0.4722504921327518	555	0.9413984492287408	False
BRD:BRD-K00003394-001-01-9	0.0306128191037964	0.3663031985248479	873	0.9137838053599907	False
BRD:BRD-K62736196-015-13-6	0.030685078242411432	0.4706434079543539	555	0.9413984492287408	False
BRD:BRD-K20828910-001-02-0	0.03068850277487941	0.5073399085557471	469	0.9513498975679433	False
BRD:BRD-K00003521-001-01-9	0.030745581750732602	0.36422728696478773	873	0.9137838053599907	False
BRD:BRD-K41731458-001-15-1	0.030746093779935816	0.4705661204136479	553	0.9413984492287408	False
BRD:BRD-K86687746-001-01-3	0.030746122939431485	0.4762637254850461	539	0.9413984492287408	False
BRD:BRD-K96253961-046-03-1	0.030751920690372515	0.4712892868819562	551	0.9413984492287408	False
BRD:BRD-K92404805-001-07-0	0.03076306444355687	0.46951588182824394	555	0.9413984492287408	False
BRD:BRD-A44863528-001-13-2	0.030788059754600503	0.47320487401131356	545	0.9413984492287408	False
BRD:BRD-K49921286-001-02-6	0.030797020782932772	0.3620505867863869	878	0.9137838053599907	False
BRD:BRD-K00003527-001-01-9	0.03080806630654418	0.36187836026893566	878	0.9137838053599907	False
BRD:BRD-K61043483-001-01-5	0.030809245798131164	0.5056699215491588	469	0.9497921901296786	False
BRD:BRD-K88165431-003-01-4	0.030888266737479818	0.5041221477411798	470	0.948962549883862	False
BRD:BRD-A27274504-001-01-6	0.030895741809695614	0.47577190253339696	535	0.9413984492287408	False
BRD:BRD-K30758549-001-01-8	0.030896918550776618	0.4811913787468838	522	0.9413984492287408	False
BRD:BRD-K00079528-001-02-9	0.0309239908853038	0.3656189650873858	858	0.9137838053599907	False
BRD:BRD-K84924563-001-04-9	0.030935536403297752	0.36126990192663416	873	0.9137838053599907	False
BRD:BRD-K36515744-001-03-5	0.030938598272441855	0.3603962347481825	876	0.9137838053599907	False
BRD:BRD-A35623999-001-05-7	0.030949499757925568	0.4688494765654905	550	0.9413984492287408	False
BRD:BRD-K88737571-001-02-2	0.030962419963945317	0.35947697720096417	878	0.9137838053599907	False
BRD:BRD-K63861289-001-19-6	0.03097611442141507	0.46846706286258877	550	0.9413984492287408	False
BRD:BRD-A16439188-001-01-1	0.030996033083936503	0.46777495260339674	551	0.9413984492287408	False
BRD:BRD-K20755323-001-05-9	0.0310153051389029	0.4670925477741791	552	0.9413984492287408	False
BRD:BRD-K12609995-001-02-9	0.031044992515482067	0.3637451678419684	858	0.9137838053599907	False
BRD:BRD-K34328244-001-01-4	0.03104517654292996	0.465449563977769	555	0.9405959938717414	False
BRD:BRD-K63750851-001-20-7	0.031101740112506857	0.4654460118782443	553	0.9405959938717414	False
BRD:BRD-K39171998-001-01-1	0.03111726433434001	0.4660350577709965	551	0.9409390550892258	False
BRD:BRD-K87941707-001-02-9	0.03113164873259841	0.3568556864285951	878	0.9137838053599907	False
BRD:BRD-K16664969-001-03-3	0.031131694070884605	0.4674590534602103	547	0.9413984492287408	False
BRD:BRD-K77867004-001-02-7	0.031144010540421208	0.46402961738674864	555	0.9405959938717414	False
BRD:BRD-K06408664-001-04-9	0.031157906229337565	0.35645004752658743	878	0.9137838053599907	False
BRD:BRD-K56543881-001-02-7	0.031166187241307576	0.46533393902817666	551	0.9405959938717414	False
BRD:BRD-A07000685-001-04-4	0.031169196953017723	0.46569791238147756	550	0.9408178592889713	False
BRD:BRD-K71250460-001-02-9	0.031177002189013873	0.3567051858508118	876	0.9137838053599907	False
BRD:BRD-K00003490-001-01-9	0.03119983525239476	0.3571801472620242	873	0.9137838053599907	False
BRD:BRD-A03506276-001-01-5	0.0312032406418173	0.46521060693257105	550	0.9405959938717414	False
BRD:BRD-K28010364-001-01-0	0.031219152286875218	0.5009424516236836	467	0.9469374294334107	False
BRD:BRD-K17539220-001-02-9	0.031227771244703186	0.35592224413101653	876	0.9137838053599907	False
BRD:BRD-K19672466-001-02-3	0.03123126242883145	0.46277807238841506	555	0.9391103142610095	False
BRD:BRD-K00003361-001-01-9	0.03123179496036527	0.35668758366071557	873	0.9137838053599907	False
BRD:BRD-K04643927-001-01-6	0.031249113270501123	0.49915130360407156	470	0.9445447734515626	False
BRD:BRD-K00003523-236-01-9	0.03130055836894813	0.3542513585803944	878	0.9137838053599907	False
BRD:BRD-K51387999-067-01-6	0.0313099093231498	0.4983163694937041	470	0.9443266218845091	False
BRD:BRD-K22356203-001-01-8	0.03134273145441106	0.46118189051597225	555	0.9376692665263742	False
BRD:BRD-K87021635-003-02-2	0.03136980517101191	0.4979548101993761	469	0.9443266218845091	False
BRD:BRD-A60217728-001-11-2	0.03144515278638036	0.46175600146762596	550	0.9378771313087586	False
BRD:BRD-K00075754-001-02-9	0.031449585185646355	0.35752340784118325	858	0.9137838053599907	False
BRD:BRD-K24600306-003-02-9	0.0314886677808844	0.35191587730176527	876	0.9137838053599907	False
BRD:BRD-A39390670-236-10-7	0.03151060566882656	0.4595980760002341	553	0.9362949103035073	False
BRD:BRD-A67060370-001-02-9	0.0315958531837814	0.4575687303045072	555	0.9350302140869271	False
BRD:BRD-K01825677-050-02-9	0.03160239832019404	0.35017837124277923	876	0.9137838053599907	False
BRD:BRD-K00004590-001-01-9	0.03160759910394387	0.3495480460509613	878	0.9137838053599907	False
BRD:BRD-K00003213-001-01-9	0.03161414131616314	0.34944826359592196	878	0.9137838053599907	False
BRD:BRD-K72912098-001-02-3	0.03161816991556702	0.47100864391171315	522	0.9413984492287408	False
BRD:BRD-K89712525-001-02-1	0.03169188438623606	0.47083066861193146	520	0.9413984492287408	False
BRD:BRD-K00003095-001-01-9	0.03170300193308187	0.34809474100819116	878	0.9137838053599907	False
BRD:BRD-K00003402-001-01-9	0.031705833902006916	0.3494319147708125	873	0.9137838053599907	False
BRD:BRD-A14262390-065-01-8	0.03173681333425465	0.46509941546026656	532	0.9405959938717414	False
BRD:BRD-K51265828-001-01-0	0.031737966701447184	0.49292189377547707	469	0.9426918325407772	False
BRD:BRD-K43389698-001-09-9	0.031854565555307655	0.4676971554477099	522	0.9413984492287408	False
BRD:BRD-K70330367-003-07-9	0.03186781309862757	0.4545227571932989	553	0.9349272592828207	False
BRD:BRD-A65793993-001-01-6	0.03186840081820391	0.4906811737621826	470	0.941673025786661	False
BRD:BRD-A02473266-001-01-1	0.031884582277083795	0.49046089353044725	470	0.941673025786661	False
BRD:BRD-K06182768-001-02-3	0.031890521200868674	0.4620957092288507	534	0.9382864430813086	False
BRD:BRD-K91509126-001-23-6	0.03196044393873134	0.45239238126758463	555	0.9331397543258395	False
BRD:BRD-K00662280-001-09-4	0.03198513545595839	0.4553357910410292	547	0.9350302140869271	False
BRD:BRD-K52233191-001-02-4	0.03200206296329504	0.4584285830753693	539	0.9351393599783454	False
BRD:BRD-K56483981-342-06-4	0.03201624864612164	0.45160300517566265	555	0.9331397543258395	False
BRD:BRD-A23072235-050-18-5	0.032043245494478664	0.465923835726005	520	0.9409390550892258	False
BRD:BRD-K09631521-001-12-3	0.0320470442856972	0.34288572941100537	878	0.9137838053599907	False
BRD:BRD-K00003338-001-01-9	0.03205337374304756	0.34279036583049766	878	0.9137838053599907	False
BRD:BRD-K17874929-236-02-0	0.032073354971153586	0.3424894271513918	878	0.9137838053599907	False
BRD:BRD-K49071277-001-04-7	0.032108491208940985	0.45194435792651416	551	0.9331397543258395	False
BRD:BRD-K00003348-001-01-9	0.03211177495456597	0.34191125510177967	878	0.9137838053599907	False
BRD:BRD-K48329353-001-01-3	0.032141317371747885	0.4518946293793323	550	0.9331397543258395	False
BRD:BRD-K26530649-001-01-6	0.03217146440561894	0.45815866023192403	534	0.9351393599783454	False
BRD:BRD-K43436647-001-01-7	0.03218220553862443	0.4864187791858481	470	0.9413984492287408	False
BRD:BRD-K49110935-300-01-9	0.03218557667589107	0.48683967244633275	469	0.9413984492287408	False
BRD:BRD-A72212290-300-01-4	0.03218644222361694	0.4558420888611144	539	0.9350302140869271	False
BRD:BRD-A40504327-003-02-9	0.032215429312256905	0.34090664705041507	876	0.9137838053599907	False
BRD:BRD-A41451487-001-11-2	0.03223541078028598	0.4551565306115682	539	0.9350302140869271	False
BRD:BRD-A88562598-001-01-7	0.032240971251787175	0.45718751667853375	534	0.9350302140869271	False
BRD:BRD-K00003372-003-01-9	0.032259501574286156	0.3410767732500481	873	0.9137838053599907	False
BRD:BRD-K26619122-001-02-1	0.03228238687612028	0.45449941118544174	539	0.9349272592828207	False
BRD:BRD-K00004734-001-01-9	0.03228430100908269	0.3407055489332838	873	0.9137838053599907	False
BRD:BRD-K72106461-001-02-1	0.0323104834843435	0.4613470289490148	522	0.9376692665263742	False
BRD:BRD-K87036601-001-01-6	0.032338776057813996	0.44953378880593453	549	0.9319872432279401	False
BRD:BRD-K92015269-300-01-2	0.03234968103728028	0.45021166551639324	547	0.9325616866553722	False
BRD:BRD-K11742128-003-23-4	0.03235639847344349	0.44887212777352403	550	0.9315048034588472	False
BRD:BRD-K79102359-003-01-6	0.03236953807039254	0.44662367554102006	555	0.9306349839662539	False
BRD:BRD-K41918892-001-05-9	0.03237362180153942	0.44821654461621435	551	0.9309948654579746	False
BRD:BRD-K51313569-003-03-3	0.03238279675755502	0.44850194671743415	550	0.9312930330921645	False
BRD:BRD-K43330982-001-04-9	0.032386676693138626	0.33834493700364465	876	0.9137838053599907	False
BRD:BRD-K30563334-001-02-9	0.032444923336181555	0.4488783088243517	547	0.9315048034588472	False
BRD:BRD-K61195623-001-01-4	0.032452086920569896	0.4454647232325435	555	0.9306349839662539	False
BRD:BRD-K00003131-001-01-9	0.03248327363793749	0.3377364722606917	873	0.9137838053599907	False
BRD:BRD-K87737963-001-06-0	0.03251637339225124	0.4462166510357464	551	0.9306349839662539	False
BRD:BRD-K56634222-001-03-0	0.03251802711948791	0.4823485558937464	469	0.9413984492287408	False
BRD:BRD-K83766205-001-03-8	0.03253886235817551	0.44673251942931885	549	0.9306349839662539	False
BRD:BRD-K00005337-001-01-9	0.03261915985779429	0.3343342923563352	878	0.9137838053599907	False
BRD:BRD-K14560436-001-01-4	0.0326509677492081	0.44392075615478455	552	0.9296102303526885	False
BRD:BRD-K03063480-001-06-6	0.03267191065088486	0.4563473121475048	522	0.9350302140869271	False
BRD:BRD-K33240821-001-06-2	0.03267963970967382	0.45065963912715423	535	0.9330924354177058	False
BRD:BRD-K77841042-001-14-1	0.032680150394667394	0.4464316259722616	545	0.9306349839662539	False
BRD:BRD-K00004653-001-01-9	0.03268332318034594	0.3333838740007099	878	0.9137838053599907	False
BRD:BRD-K00078423-001-02-9	0.03268580045869857	0.3389306190587123	858	0.9137838053599907	False
BRD:BRD-K34154330-003-06-4	0.03268653763677695	0.44300971415453205	553	0.9296102303526885	False
BRD:BRD-A70182876-001-11-9	0.032713232969001554	0.3329414310036963	878	0.9137838053599907	False
BRD:BRD-K85307935-236-09-5	0.03275431877942703	0.4509046209696892	532	0.9330924354177058	False
BRD:BRD-K00004564-001-01-9	0.032765319864372526	0.33355629346056015	873	0.9137838053599907	False
BRD:BRD-K53903639-001-01-3	0.032790115743271744	0.3323587605158785	876	0.9137838053599907	False
BRD:BRD-A75552914-001-15-0	0.03285045463350484	0.4432261048266515	547	0.9296102303526885	False
BRD:BRD-K15231341-001-01-5	0.03291299326413349	0.4406868392514095	551	0.9296102303526885	False
BRD:BRD-K81405859-300-01-4	0.032916301616980725	0.4473852766813583	535	0.93087470810188	False
BRD:BRD-K86797399-001-05-1	0.032943402859552016	0.45261175514481267	522	0.9331397543258395	False
BRD:BRD-K30577245-001-04-3	0.03297388700230241	0.4478739149070506	532	0.9309948654579746	False
BRD:BRD-K82767007-001-01-1	0.033031705416198244	0.44409001059120673	539	0.9296102303526885	False
BRD:BRD-K61936403-001-01-7	0.03303793312333591	0.4406268443665134	547	0.9296102303526885	False
BRD:BRD-K04704168-003-14-3	0.03305061564440934	0.4391948559641973	550	0.9296102303526885	False
BRD:BRD-K93461745-003-25-0	0.033095139655667405	0.4364952507653282	555	0.928485616988773	False
BRD:BRD-K56239177-300-01-3	0.0331662938522259	0.47365598066798237	469	0.9413984492287408	False
BRD:BRD-K84883208-001-01-1	0.03320979856387923	0.47307571865623216	469	0.9413984492287408	False
BRD:BRD-K62621335-001-01-7	0.033223746978185545	0.43638171310523144	551	0.928485616988773	False
BRD:BRD-K57754230-001-02-7	0.03324451376551212	0.43442669270797646	555	0.928485616988773	False
BRD:BRD-K34321528-003-01-2	0.033247160246059414	0.4364769188319268	550	0.928485616988773	False
BRD:BRD-K72536715-001-01-5	0.033253435310760714	0.325015632805459	878	0.9103230691091776	False
BRD:BRD-K96358241-001-01-9	0.033265696746104946	0.43622108465825027	550	0.928485616988773	False
BRD:BRD-K00004546-001-01-9	0.033274959011666404	0.3247023990284704	878	0.9099171644256352	False
BRD:BRD-K30159788-001-01-9	0.03327789991605196	0.44283726125847134	534	0.9296102303526885	False
BRD:BRD-K82983861-001-04-3	0.03328066146806676	0.4351777175538591	552	0.928485616988773	False
BRD:BRD-K44825564-065-01-4	0.033281629169230886	0.44798216780554023	522	0.9309948654579746	False
BRD:BRD-K97010173-001-04-1	0.03330640293579561	0.43398773225036597	554	0.928485616988773	False
BRD:BRD-A67265925-236-02-6	0.033318095061339835	0.3240752320931762	878	0.9096613583764639	False
BRD:BRD-K82181219-001-04-3	0.0333239600295546	0.4349985507096564	551	0.928485616988773	False
BRD:BRD-K99919177-001-01-3	0.033342606509613015	0.44152125450277946	535	0.9296102303526885	False
BRD:BRD-K00076647-001-02-9	0.0333604002207287	0.32905067739278687	858	0.9130870005803612	False
BRD:BRD-K67298865-001-09-0	0.03336270857623439	0.43404587063096456	552	0.928485616988773	False
BRD:BRD-K29895144-001-01-0	0.033364777590266445	0.43401735035249545	552	0.928485616988773	False
BRD:BRD-K27811785-001-02-9	0.03337518428449992	0.323246407960756	878	0.909591011211576	False
BRD:BRD-A59001851-001-02-1	0.033405531828107494	0.4419496876965293	532	0.9296102303526885	False
BRD:BRD-A26334849-001-06-2	0.0334058911520408	0.43219827033206104	555	0.928485616988773	False
BRD:BRD-K00003322-363-01-9	0.033425500810999396	0.322517054819535	878	0.9086375092457968	False
BRD:BRD-K26807903-001-04-3	0.033429207429385946	0.4339681050321336	550	0.928485616988773	False
BRD:BRD-K60997853-001-02-3	0.033434728963718116	0.4326354665172807	553	0.928485616988773	False
BRD:BRD-K24554037-001-08-3	0.03344257136324636	0.4704539736934297	468	0.9413984492287408	False
BRD:BRD-K72384124-001-08-0	0.03346620947899256	0.43303953303044224	551	0.928485616988773	False
BRD:BRD-A04252265-003-01-4	0.03350580881611643	0.43502352913819514	545	0.928485616988773	False
BRD:BRD-A25625670-001-02-7	0.03350805873965462	0.3218760253850579	876	0.9086375092457968	False
BRD:BRD-K00003500-001-01-9	0.03352148871602693	0.3211286559669997	878	0.9086375092457968	False
BRD:BRD-K92382976-050-01-1	0.03352244930166495	0.43226642109290353	551	0.928485616988773	False
BRD:BRD-K38145871-001-01-8	0.03352503323922823	0.4688828170620954	469	0.9413984492287408	False
BRD:BRD-K98372770-001-08-2	0.03356334214098528	0.4333890257184519	547	0.928485616988773	False
BRD:BRD-K53417444-003-03-1	0.033575766936659875	0.43962560465440836	532	0.9296102303526885	False
BRD:BRD-A00077618-236-07-6	0.03361010058936333	0.4314834475772369	550	0.928485616988773	False
BRD:BRD-K00004593-001-01-9	0.03363144237913549	0.32092885807255317	873	0.9086375092457968	False
BRD:BRD-K00091074-001-01-9	0.033667682426177487	0.32461273504550237	858	0.9099171644256352	False
BRD:BRD-K53234107-001-01-6	0.03367541507632022	0.42974764390748993	552	0.928485616988773	False
BRD:BRD-K89104321-003-14-8	0.03374331815972945	0.42965890804685125	550	0.928485616988773	False
BRD:BRD-K00003114-001-01-9	0.03374674293349551	0.3178858373282415	878	0.9086375092457968	False
BRD:BRD-K00003409-001-01-9	0.033753978640959234	0.3191678783875385	873	0.9086375092457968	False
BRD:BRD-K25875056-001-02-0	0.03375501244593014	0.4290779214479813	551	0.928485616988773	False
BRD:BRD-K09549677-300-03-4	0.03382120154880325	0.43672076102275814	531	0.928485616988773	False
BRD:BRD-K00003419-001-01-9	0.03382315739058245	0.31679063813891617	878	0.9086375092457968	False
BRD:BRD-K22525962-001-05-0	0.03383951815008753	0.4347417333138668	535	0.928485616988773	False
BRD:BRD-K63806092-236-02-6	0.033845660324116546	0.4261592217431515	555	0.926223108797766	False
BRD:BRD-K00093440-001-01-9	0.03388578553725403	0.32148648017582027	858	0.9086375092457968	False
BRD:BRD-A51407134-001-01-9	0.03388746681697448	0.43975699669698926	522	0.9296102303526885	False
BRD:BRD-A34788695-003-10-2	0.03389810272709953	0.43437836443995503	534	0.928485616988773	False
BRD:BRD-K00004656-001-01-9	0.033918827247534	0.3168088027537518	873	0.9086375092457968	False
BRD:BRD-K48141473-001-01-7	0.03393726427775723	0.4249074939005174	555	0.926223108797766	False
BRD:BRD-K00005336-001-01-9	0.03397063197388852	0.3146839746316411	878	0.9086375092457968	False
BRD:BRD-K19333160-001-01-3	0.03397911092300739	0.4260184141620825	551	0.926223108797766	False
BRD:BRD-K57631554-003-06-2	0.03400472128882902	0.42398709455437256	555	0.926223108797766	False
BRD:BRD-K96104201-001-01-5	0.034031896123473286	0.42572192679603016	550	0.926223108797766	False
BRD:BRD-K17850764-236-11-9	0.034032148345122894	0.4269892254553564	547	0.926223108797766	False
BRD:BRD-K18172896-001-02-5	0.03409067918782001	0.4249225493682123	550	0.926223108797766	False
BRD:BRD-A42881122-001-01-1	0.03410087043139755	0.4316331535296829	534	0.928485616988773	False
BRD:BRD-K14711741-001-02-1	0.034120331795837594	0.4224123847711458	555	0.926223108797766	False
BRD:BRD-K91405252-001-01-9	0.03413042266191125	0.431233893637551	534	0.928485616988773	False
BRD:BRD-K79892937-001-02-5	0.03416275116030501	0.4235207534529911	551	0.926223108797766	False
BRD:BRD-K17894950-001-14-3	0.03419136440749406	0.4222882014902381	553	0.926223108797766	False
BRD:BRD-K37379014-001-01-2	0.034223879377938006	0.4243877607809957	547	0.926223108797766	False
BRD:BRD-K21884483-001-03-7	0.03423671032659676	0.4242139970821994	547	0.926223108797766	False
BRD:BRD-K00091118-001-01-9	0.03425101325566304	0.316295463224982	858	0.9086375092457968	False
BRD:BRD-K75445017-001-01-1	0.034424433539537426	0.42683888126634745	535	0.926223108797766	False
BRD:BRD-K33610132-001-02-9	0.034443858139411865	0.421841135091594	546	0.926223108797766	False
BRD:BRD-K76953762-001-08-5	0.0344581580414618	0.4225038048702963	544	0.926223108797766	False
BRD:BRD-K28383148-001-01-4	0.034477665473483354	0.4192576055350893	551	0.926223108797766	False
BRD:BRD-K93073858-001-01-1	0.034503307637636	0.4560023182242648	469	0.9350302140869271	False
BRD:BRD-K31928526-001-02-1	0.034513556618819774	0.4191977634349446	550	0.926223108797766	False
BRD:BRD-K00004744-001-01-9	0.034513670999551764	0.30839143901446786	873	0.9069813256941689	False
BRD:BRD-A22971209-001-01-0	0.03453583301274572	0.30669544516625846	878	0.9068255200230618	False
BRD:BRD-K66786476-001-01-3	0.03457685321162746	0.4247933221203342	535	0.926223108797766	False
BRD:BRD-K50677762-001-01-5	0.03458277934185005	0.4195430117332621	547	0.926223108797766	False
BRD:BRD-K33379087-001-07-5	0.03461041791451938	0.4200267695930975	545	0.926223108797766	False
BRD:BRD-K14571191-001-01-6	0.03462199137672971	0.4241886401445704	535	0.926223108797766	False
BRD:BRD-K15108141-001-06-6	0.03467831023802392	0.4247438393448955	532	0.926223108797766	False
BRD:BRD-K00003390-003-01-9	0.03469163174365168	0.3059021605015009	873	0.9066240374531606	False
BRD:BRD-K39974922-001-04-3	0.03470230719301351	0.42137762896132336	539	0.926223108797766	False
BRD:BRD-K18530250-001-02-9	0.034732514108094	0.30450027723169437	876	0.9053703640123841	False
BRD:BRD-K77484724-001-02-0	0.034760638359341615	0.42364450567809875	532	0.926223108797766	False
BRD:BRD-K33818169-003-04-6	0.03478146919463966	0.42075196113519564	538	0.926223108797766	False
BRD:BRD-K11558771-001-13-9	0.03484638063743248	0.4142982547066088	551	0.9256614509568521	False
BRD:BRD-K24031866-001-02-1	0.03484895804278507	0.30288086145369086	876	0.9053703640123841	False
BRD:BRD-K22861715-001-17-4	0.03486033600150039	0.4227539553051195	531	0.926223108797766	False
BRD:BRD-K00003214-001-01-9	0.03488631120014587	0.30180976209648136	878	0.9053703640123841	False
BRD:BRD-K54519451-001-02-9	0.03491938605826271	0.4202172325969489	535	0.926223108797766	False
BRD:BRD-K79612754-001-19-1	0.035001867247143666	0.42485523699986416	522	0.926223108797766	False
BRD:BRD-K49519144-001-04-6	0.03512352410385531	0.4232464463588361	522	0.926223108797766	False
BRD:BRD-K01231377-001-01-8	0.03517022750264322	0.4468497884856888	470	0.9306349839662539	False
BRD:BRD-K36739687-001-03-0	0.03517800908158361	0.4098674336491571	551	0.9238288173669259	False
BRD:BRD-K92093830-003-30-8	0.03521447613492197	0.4089552911502484	552	0.9228336413792578	False
BRD:BRD-K02750403-001-01-4	0.03522346116117806	0.4166172537264792	534	0.926223108797766	False
BRD:BRD-A31521121-001-26-4	0.03528266372428117	0.43301442793567896	496	0.928485616988773	False
BRD:BRD-K51333959-003-01-3	0.03528963345081569	0.40667861121853477	555	0.9214917579261755	False
BRD:BRD-K13829090-303-02-9	0.0352946682649919	0.40788853646359036	552	0.9222654554071857	False
BRD:BRD-K31836715-001-06-8	0.03529547427222299	0.29617178870766653	878	0.9053703640123841	False
BRD:BRD-K02995728-003-01-9	0.03533808955850799	0.4146629464350087	535	0.9260534874898768	False
BRD:BRD-K07449869-001-01-5	0.0353595505715378	0.4444057154233913	470	0.9296102303526885	False
BRD:BRD-K45238818-001-02-6	0.03539119137583926	0.407462009487159	550	0.9219417589807385	False
BRD:BRD-K94455792-001-01-8	0.035394145032746786	0.40699486830012677	551	0.9214917579261755	False
BRD:BRD-K55892330-001-01-8	0.03540978049416223	0.41947504765440785	522	0.926223108797766	False
BRD:BRD-K00003474-001-01-9	0.035447079845900585	0.29410075381740036	878	0.9053703640123841	False
BRD:BRD-A93717708-051-01-2	0.03545040753678417	0.44372357467668355	469	0.9296102303526885	False
BRD:BRD-A68304895-003-02-2	0.035466851803336946	0.4051767273268436	553	0.9214917579261755	False
BRD:BRD-K84798689-236-02-9	0.03547680534691262	0.41415173120941173	532	0.9256386619196529	False
BRD:BRD-A47940219-001-01-4	0.03550403232842104	0.4430340290307892	469	0.9296102303526885	False
BRD:BRD-K27798832-001-01-5	0.035505744067044945	0.412890329295003	534	0.9251845613232064	False
BRD:BRD-K00093439-001-01-9	0.035518614098357985	0.29870730613938645	858	0.9053703640123841	False
BRD:BRD-K36016295-001-04-5	0.035539088275313734	0.40679328567988116	547	0.9214917579261755	False
BRD:BRD-K15858023-001-01-0	0.03554079032008534	0.44256172158341345	469	0.9296102303526885	False
BRD:BRD-K00074789-001-02-9	0.035558264028045856	0.298167879187783	858	0.9053703640123841	False
BRD:BRD-K42504537-001-01-6	0.035563466924539336	0.41169122369717287	535	0.9240357162058096	False
BRD:BRD-K00003218-001-01-9	0.03558577829086372	0.2922145502089965	878	0.9053703640123841	False
BRD:BRD-A94580299-001-10-4	0.03559837008550887	0.4418224502304835	469	0.9296102303526885	False
BRD:BRD-K00003100-001-01-9	0.035624375570000213	0.29169109977354807	878	0.9053703640123841	False
BRD:BRD-K91495480-001-02-2	0.035636956334044866	0.40207318626515076	555	0.9214917579261755	False
BRD:BRD-K53508936-001-01-0	0.035660541563131955	0.4060546561144459	545	0.9214917579261755	False
BRD:BRD-K36021395-300-02-4	0.03569012687095394	0.4048008984470155	547	0.9214917579261755	False
BRD:BRD-K73610817-001-10-9	0.03571336029392581	0.2904867008598634	878	0.9053703640123841	False
BRD:BRD-M63173034-001-03-6	0.035733887286610734	0.409892643664097	534	0.9238288173669259	False
BRD:BRD-K27204852-001-01-9	0.035766428186088335	0.4103487059173267	532	0.9238288173669259	False
BRD:BRD-K39733634-001-02-6	0.03577204220856079	0.4020012781875828	551	0.9214917579261755	False
BRD:BRD-K09443272-001-03-3	0.035823762759768445	0.40132069813266846	551	0.9214917579261755	False
BRD:BRD-K33277808-331-01-3	0.0358319404890856	0.4012131522750537	551	0.9214917579261755	False
BRD:BRD-K43389675-003-16-7	0.03584950000677044	0.41372032592207103	522	0.9251845613232064	False
BRD:BRD-K44518413-066-04-9	0.03585044240306729	0.2942129051372822	858	0.9053703640123841	False
BRD:BRD-K08037784-001-12-6	0.03593530842720373	0.4081407296484338	532	0.9222979433540349	False
BRD:BRD-K37991163-003-13-4	0.03596284520341875	0.40469920787782643	539	0.9214917579261755	False
BRD:BRD-K07460388-019-02-9	0.0359713933151399	0.28756432973667606	876	0.9053703640123841	False
BRD:BRD-K41876534-001-13-7	0.0360106134084891	0.3992979324420021	550	0.9214917579261755	False
BRD:BRD-K78342372-001-02-4	0.03601266026038173	0.4005658108892614	547	0.9214917579261755	False
BRD:BRD-K71133585-236-14-4	0.03607084127115762	0.4352915323072892	470	0.928485616988773	False
BRD:BRD-A10070317-003-28-3	0.036079960450622534	0.4062551414249694	532	0.9214917579261755	False
BRD:BRD-K63631219-001-01-6	0.036223178148326776	0.43335362403339467	470	0.928485616988773	False
BRD:BRD-K08586861-001-01-1	0.03622744100417337	0.40478215455521543	531	0.9214917579261755	False
BRD:BRD-K15507868-001-03-7	0.0362314346511927	0.3951205220909256	553	0.9202273392399618	False
BRD:BRD-K01773560-001-02-4	0.03623144846446144	0.40473015173830984	531	0.9214917579261755	False
BRD:BRD-K49807096-003-15-5	0.03625098592718669	0.39832172927180426	545	0.9214917579261755	False
BRD:BRD-K00077460-001-02-9	0.03626278647299807	0.28869134646637995	858	0.9053703640123841	False
BRD:BRD-A97739905-001-26-5	0.03627809015084789	0.40457022449403907	530	0.9214917579261755	False
BRD:BRD-K25317177-065-01-4	0.03630337115319765	0.39590562265470775	549	0.9202273392399618	False
BRD:BRD-A45044890-236-02-3	0.03631094798510228	0.3953750669954161	550	0.9202273392399618	False
BRD:BRD-K37864785-001-01-0	0.03636465033167657	0.4315583904627062	470	0.928485616988773	False
BRD:BRD-K00003458-001-01-9	0.03638999169537963	0.2814379075399474	878	0.9041919023458451	False
BRD:BRD-K08859203-001-01-9	0.03640099374514072	0.4074738171872159	520	0.9219417589807385	False
BRD:BRD-K38938675-001-01-4	0.03641622139328562	0.3961736207728506	545	0.9202273392399618	False
BRD:BRD-A74328360-409-02-8	0.03642604770309742	0.2815112933076755	876	0.9041919023458451	False
BRD:BRD-K42452249-001-02-5	0.03643075084656305	0.3959850679555658	545	0.9202273392399618	False
BRD:BRD-K69688083-004-23-1	0.03644129648033589	0.3945450943936563	548	0.9202273392399618	False
BRD:BRD-K06890060-001-09-1	0.03645625042894018	0.43089182783835434	469	0.928485616988773	False
BRD:BRD-A41304429-001-14-8	0.03650354322220255	0.3920087115825601	552	0.9176382899445187	False
BRD:BRD-K20141153-003-13-7	0.03652170149923861	0.39263619835594665	550	0.9183602434849735	False
BRD:BRD-K83176916-001-01-4	0.036522089110212326	0.43005945968587844	469	0.928485616988773	False
BRD:BRD-K00084842-001-01-9	0.036541266908726285	0.2850020029690637	858	0.9053703640123841	False
BRD:BRD-A48300215-001-04-8	0.03656334224576391	0.3968943605677404	539	0.9213376780358828	False
BRD:BRD-K94853001-300-04-9	0.03657239254084039	0.2795814284778643	876	0.9021449727973566	False
BRD:BRD-K07857022-002-01-1	0.03658795278149614	0.3896238398768506	555	0.9176382899445187	False
BRD:BRD-K59419204-001-02-7	0.03660709922707483	0.39152967693972757	550	0.9176382899445187	False
BRD:BRD-K58277159-001-01-7	0.03662374361522222	0.3978808873484608	535	0.9214917579261755	False
BRD:BRD-K00003386-001-01-9	0.0366314886233179	0.2796316956113572	873	0.9021449727973566	False
BRD:BRD-A28887267-001-19-3	0.03664110528467824	0.3906572972912617	551	0.9176382899445187	False
BRD:BRD-K57545991-050-23-1	0.03664389787808742	0.3888988276650908	555	0.9176382899445187	False
BRD:BRD-K09223495-001-01-4	0.03673416550338352	0.42688968961749807	470	0.926223108797766	False
BRD:BRD-K37237504-001-02-7	0.03674532907579683	0.3875864353167247	555	0.9172395510459721	False
BRD:BRD-K00091067-376-01-9	0.03676970521949147	0.281999490405278	858	0.9049710449976277	False
BRD:BRD-K90027355-001-19-0	0.03677853112182904	0.38715742813117476	555	0.9172395510459721	False
BRD:BRD-K00003154-001-01-9	0.03678245351024657	0.27627782645996085	878	0.9007005353687138	False
BRD:BRD-K67844266-003-01-9	0.03678683047023371	0.38791090041799464	553	0.9172395510459721	False
BRD:BRD-K44993696-001-12-3	0.03679242965272625	0.38697792951717536	555	0.9172395510459721	False
BRD:BRD-K95880107-001-02-4	0.03682415761214815	0.38656835475206763	555	0.9172395510459721	False
BRD:BRD-K00090654-001-01-9	0.03682453497372204	0.281282026210286	858	0.9041919023458451	False
BRD:BRD-K88186167-001-04-8	0.036851252727937656	0.3862187940952918	555	0.9172395510459721	False
BRD:BRD-K90065682-300-02-6	0.03689085631292109	0.38656947970679806	553	0.9172395510459721	False
BRD:BRD-K54094468-003-11-1	0.03691706778189852	0.38709609750455715	551	0.9172395510459721	False
BRD:BRD-K07310275-001-02-5	0.036943713412726537	0.38718649115526627	550	0.9172395510459721	False
BRD:BRD-K05900209-001-03-4	0.03694711145324642	0.39956047892037455	522	0.9214917579261755	False
BRD:BRD-K81074237-001-02-3	0.0369594587863308	0.39179584100894616	539	0.9176382899445187	False
BRD:BRD-K93231391-300-05-6	0.03696335350492169	0.38477460121959045	555	0.9172395510459721	False
BRD:BRD-K75250001-001-01-3	0.03696465363651923	0.3856195719438752	553	0.9172395510459721	False
BRD:BRD-K00004615-001-01-9	0.03696719180867634	0.27524568311333697	873	0.9007005353687138	False
BRD:BRD-A29734509-011-13-6	0.03697437405719877	0.38463280159579555	555	0.9172395510459721	False
BRD:BRD-K49504902-001-01-6	0.036992334390103895	0.3913744790509206	539	0.9176382899445187	False
BRD:BRD-K37890730-001-15-1	0.03701141603425193	0.39113003818872977	539	0.9176382899445187	False
BRD:BRD-K66956375-001-11-3	0.03703170985844254	0.3847576689511553	553	0.9172395510459721	False
BRD:BRD-K82239282-001-02-9	0.03703667784903302	0.27296987011422724	878	0.9006014710328264	False
BRD:BRD-K06467130-304-02-7	0.03704613026435605	0.392457683782953	535	0.9182590189132498	False
BRD:BRD-K32247306-001-29-4	0.03705232975335512	0.38796936533196347	545	0.9172395510459721	False
BRD:BRD-K00003459-001-01-9	0.0370876178640483	0.27368378373641294	873	0.9006014710328264	False
BRD:BRD-K57033106-003-19-7	0.03708850894193432	0.3901433994370419	539	0.9176382899445187	False
BRD:BRD-K71026158-304-01-0	0.037090798240238476	0.39188679729584375	535	0.9176382899445187	False
BRD:BRD-K30519779-001-03-1	0.03711378053377378	0.38284183429927277	555	0.9172395510459721	False
BRD:BRD-K54520417-001-01-2	0.03711813259900422	0.38278600508987737	555	0.9172395510459721	False
BRD:BRD-A03061970-003-07-3	0.03712886203380386	0.3848101405236732	550	0.9172395510459721	False
BRD:BRD-A66920069-001-01-3	0.0371686025167572	0.38213892983809117	555	0.9172395510459721	False
BRD:BRD-K87700323-003-05-1	0.0371692528510237	0.38429291551159844	550	0.9172395510459721	False
BRD:BRD-K71075609-003-01-0	0.037171357101559034	0.38296649649016995	553	0.9172395510459721	False
BRD:BRD-K21152241-001-07-3	0.03721579020783931	0.3902919886891069	535	0.9176382899445187	False
BRD:BRD-K33133047-001-01-8	0.03724168149039385	0.39040757766145945	534	0.9176382899445187	False
BRD:BRD-K40530731-001-11-6	0.037270296186108255	0.40375789743671897	504	0.9214917579261755	False
BRD:BRD-K65059905-001-02-9	0.037293516298693555	0.2710273591725858	873	0.8987728791238515	False
BRD:BRD-K85693895-001-02-9	0.03735969447093999	0.4190535847589948	470	0.926223108797766	False
BRD:BRD-K52911425-001-09-8	0.03736535798193331	0.3796227200030386	555	0.9169314186760723	False
BRD:BRD-K65275554-001-04-7	0.03737286880418584	0.379526869521561	555	0.9169314186760723	False
BRD:BRD-K73565918-003-02-9	0.03743573425683983	0.26837935275967517	876	0.8985679513008848	False
BRD:BRD-K00003492-001-01-9	0.037436667654315435	0.2691909008246629	873	0.8987728791238515	False
BRD:BRD-K63915849-001-03-7	0.037437501345021267	0.3804340404871676	551	0.9172395510459721	False
BRD:BRD-K00003382-001-01-9	0.03746487588414945	0.2688300314076091	873	0.8986530963065198	False
BRD:BRD-K00004707-001-01-9	0.03747104417993157	0.2687511642667484	873	0.8986530963065198	False
BRD:BRD-K15179879-001-03-2	0.03748049489003776	0.38826831048258503	532	0.9176268110604777	False
BRD:BRD-K00091277-001-01-9	0.03749543002262848	0.27260329328237454	858	0.9003510472175871	False
BRD:BRD-K44091134-001-01-9	0.03752437268409473	0.41900481933576617	466	0.926223108797766	False
BRD:BRD-K00003498-001-01-9	0.03752509792981172	0.26806071751778965	873	0.898387103625761	False
BRD:BRD-K15014948-001-10-3	0.03753261937712467	0.38626713219962533	535	0.9172395510459721	False
BRD:BRD-K56405753-001-02-4	0.037569764658562925	0.3770194509763117	555	0.9169314186760723	False
BRD:BRD-K60952143-001-01-0	0.03759143607846968	0.4161720686996106	470	0.926223108797766	False
BRD:BRD-K00004556-001-01-9	0.03760639992885477	0.2656552008202687	878	0.8958862034255123	False
BRD:BRD-K00091287-001-01-9	0.03761863548215212	0.2710295954089327	858	0.8987728791238515	False
BRD:BRD-K11196887-001-22-0	0.037639762489031794	0.39077638688480465	522	0.9176382899445187	False
BRD:BRD-A72703248-003-04-9	0.03765942426857009	0.37804987947387936	550	0.9169314186760723	False
BRD:BRD-A07207424-001-13-2	0.03767667103511063	0.37566230304807074	555	0.9169314186760723	False
BRD:BRD-K00004668-001-01-9	0.03768738543112023	0.26599507895520363	873	0.8958862034255123	False
BRD:BRD-A30370660-001-04-1	0.03769384159680948	0.4149024633216273	470	0.9260972143175047	False
BRD:BRD-K07682953-001-01-8	0.03769992837450885	0.3841519457586436	535	0.9172395510459721	False
BRD:BRD-A90751343-001-02-9	0.03770414306155089	0.2644139451141692	878	0.8958862034255123	False
BRD:BRD-A14395271-074-17-8	0.0377167636277555	0.37688835279704114	551	0.9169314186760723	False
BRD:BRD-A14316475-001-02-3	0.03773501279793862	0.37709272598482374	550	0.9169314186760723	False
BRD:BRD-K84034737-001-01-1	0.03779150825933447	0.41369373818484817	470	0.9251845613232064	False
BRD:BRD-K47084954-001-02-9	0.037798468863056114	0.264587501571462	873	0.8958862034255123	False
BRD:BRD-K68075732-001-11-8	0.03780591080718408	0.26312582772697685	878	0.8958430398924067	False
BRD:BRD-K45724504-001-01-6	0.03789001255901973	0.37513467938960515	550	0.9169314186760723	False
BRD:BRD-K62326629-001-19-0	0.03792227716816139	0.37956944890578187	539	0.9169314186760723	False
BRD:BRD-K52751261-001-06-1	0.03792715768557011	0.3746663729386168	550	0.9169314186760723	False
BRD:BRD-K47376733-001-08-1	0.03795942736682919	0.3729541954215652	553	0.9159476664266681	False
BRD:BRD-K00003434-001-01-9	0.03796707262039064	0.2610947922102589	878	0.8952942830951071	False
BRD:BRD-K74377520-001-01-7	0.03797856636853145	0.4118852060751662	469	0.9240357162058096	False
BRD:BRD-K74558903-300-01-5	0.03800591258949286	0.4110475628349188	470	0.9238295960905085	False
BRD:BRD-K32031961-001-01-7	0.03801334687330243	0.41145683326237387	469	0.9240357162058096	False
BRD:BRD-K00090627-050-01-9	0.03802469103903705	0.26588711108523605	858	0.8958862034255123	False
BRD:BRD-K00010938-001-01-9	0.03803161962204867	0.2616498573287758	873	0.8952942830951071	False
BRD:BRD-K35781423-001-01-6	0.03805102302755541	0.3722357838882421	552	0.9159476664266681	False
BRD:BRD-K92844263-001-09-8	0.03807977727349361	0.37274600995819274	550	0.9159476664266681	False
BRD:BRD-K96615647-001-01-2	0.03810212050868623	0.37029120750801897	555	0.9151447032796207	False
BRD:BRD-A30403214-001-03-3	0.03810864417780776	0.37282046273970226	549	0.9159476664266681	False
BRD:BRD-K74759733-065-01-4	0.03811800495579437	0.3788974345453506	535	0.9169314186760723	False
BRD:BRD-K00071592-001-01-9	0.03816212639666141	0.26416185186764013	858	0.8958862034255123	False
BRD:BRD-K99792991-001-34-9	0.03819956396599454	0.37037078712995547	552	0.9151447032796207	False
BRD:BRD-K19111024-001-20-9	0.03822638926313782	0.37888953921692714	532	0.9169314186760723	False
BRD:BRD-K42497885-001-01-1	0.03822689377654857	0.3757505154005733	539	0.9169314186760723	False
BRD:BRD-K95053546-001-03-5	0.0382348011924903	0.3833244013168048	522	0.9172395510459721	False
BRD:BRD-K51040301-001-02-1	0.038236122001023436	0.36860940263752995	555	0.9137838053599907	False
BRD:BRD-K21295289-001-01-6	0.03825396480038459	0.3785454944387517	532	0.9169314186760723	False
BRD:BRD-K45125084-001-01-4	0.03825553530259027	0.37717859896887873	535	0.9169314186760723	False
BRD:BRD-A92630576-050-24-1	0.03827550117189885	0.3681160712961582	555	0.9137838053599907	False
BRD:BRD-K58486055-001-02-7	0.03831131287425532	0.3685362504587998	553	0.9137838053599907	False
BRD:BRD-K18816859-001-06-9	0.03835182207125924	0.2562898432760072	878	0.8938020718914449	False
BRD:BRD-A08545410-003-08-6	0.038377634315613175	0.3668384870854655	555	0.9137838053599907	False
BRD:BRD-K97799481-230-01-7	0.03837859203542761	0.3725249868512498	542	0.9159476664266681	False
BRD:BRD-K70490179-300-01-2	0.038424066669637484	0.3671275183794887	553	0.9137838053599907	False
BRD:BRD-K39484304-001-16-5	0.0384313754430323	0.36703631911122114	553	0.9137838053599907	False
BRD:BRD-K48996094-001-01-3	0.03847050817504137	0.3700536588976863	545	0.9150270735306956	False
BRD:BRD-A46179541-311-02-0	0.03849786209473204	0.36971321631581894	545	0.914744725752089	False
BRD:BRD-K41859756-001-06-8	0.03851080930438808	0.3686712557027384	547	0.9137838053599907	False
BRD:BRD-A85876464-001-01-5	0.03853276438269815	0.3649032448445149	555	0.9137838053599907	False
BRD:BRD-K62762455-001-01-3	0.03857947907462209	0.36869857841935755	545	0.9137838053599907	False
BRD:BRD-K47441935-001-02-9	0.03862434424418773	0.25346648429733026	876	0.8917292375020065	False
BRD:BRD-K67536197-003-11-4	0.0386488813009763	0.3652014594292559	551	0.9137838053599907	False
BRD:BRD-K00076917-001-02-9	0.03865027459666147	0.2580963802773795	858	0.8946312841230952	False
BRD:BRD-K36201510-001-06-7	0.03868541828059864	0.4027275559294281	470	0.9214917579261755	False
BRD:BRD-K20655524-003-12-0	0.03869429671740327	0.37307772798770616	532	0.9159476664266681	False
BRD:BRD-A35588707-001-05-5	0.038739123261335835	0.36408211455904294	551	0.9137838053599907	False
BRD:BRD-A02532772-003-01-7	0.038743155859700805	0.4025290974092412	469	0.9214917579261755	False
BRD:BRD-K20093108-001-02-3	0.03874868542930626	0.37105478565569616	535	0.9155656282291454	False
BRD:BRD-K24820488-001-01-7	0.0387616223295985	0.36336641575666123	552	0.9137838053599907	False
BRD:BRD-K69837166-003-02-0	0.03879321245226715	0.3687138182950455	539	0.9137838053599907	False
BRD:BRD-K15588452-003-02-7	0.03880592112353944	0.36501042669125605	547	0.9137838053599907	False
BRD:BRD-K44942604-346-05-4	0.038822699157291723	0.3656851982457415	545	0.9137838053599907	False
BRD:BRD-K00077340-001-02-9	0.038840392874757546	0.25576035975055184	858	0.8938020718914449	False
BRD:BRD-K00004667-001-01-9	0.03885665623683601	0.2514356764066306	873	0.8896551551855247	False
BRD:BRD-K00003371-001-01-9	0.0388827181883131	0.25111761094653895	873	0.8896551551855247	False
BRD:BRD-K99023089-001-03-7	0.03890267201033537	0.36162171360634227	552	0.9137838053599907	False
BRD:BRD-K46982791-001-09-4	0.03892798443511008	0.3621844561845733	550	0.9137838053599907	False
BRD:BRD-K99984802-100-13-5	0.03894801403126188	0.3614992893302109	551	0.9137838053599907	False
BRD:BRD-K63806092-236-06-9	0.03904848788953632	0.24774629907660092	878	0.887234900174114	False
BRD:BRD-K21782625-001-02-4	0.03911597928264233	0.36788750584141133	532	0.9137838053599907	False
BRD:BRD-K14767410-001-02-3	0.03914760046454359	0.3586045583779776	552	0.9137838053599907	False
BRD:BRD-K53665955-001-03-0	0.03916535261273591	0.35926264982234307	550	0.9137838053599907	False
BRD:BRD-A09094913-065-01-0	0.039187134803450895	0.3589952709883506	550	0.9137838053599907	False
BRD:BRD-K47000838-001-01-6	0.0391945615939872	0.3669252659599023	532	0.9137838053599907	False
BRD:BRD-K00004580-001-01-9	0.0392367459014921	0.2468247329172253	873	0.8870853890659492	False
BRD:BRD-K76841105-001-04-7	0.03925672950902309	0.36034598671943885	545	0.9137838053599907	False
BRD:BRD-K74765201-001-16-7	0.03926005063838479	0.35591542406544696	555	0.9137838053599907	False
BRD:BRD-K19227686-001-18-6	0.03926708685090792	0.36603858421740837	532	0.9137838053599907	False
BRD:BRD-K11267252-001-04-4	0.039284221939081494	0.3658292883270477	532	0.9137838053599907	False
BRD:BRD-K45519571-001-01-8	0.039292250737559584	0.35902716633648823	547	0.9137838053599907	False
BRD:BRD-K11244467-001-08-5	0.03931171386434612	0.3552823091228411	555	0.9137838053599907	False
BRD:BRD-K68693535-001-03-4	0.03931907209515995	0.35606446758470345	553	0.9137838053599907	False
BRD:BRD-K96137854-001-17-1	0.03936600842256729	0.35680429776637174	550	0.9137838053599907	False
BRD:BRD-K45906612-001-01-8	0.039370230146860793	0.3638757235753678	534	0.9137838053599907	False
BRD:BRD-K74236984-001-04-8	0.039378662383300705	0.36377290544158836	534	0.9137838053599907	False
BRD:BRD-K66850609-001-07-4	0.03938899811948665	0.35433654134931286	555	0.9137838053599907	False
BRD:BRD-K79612754-001-21-7	0.03939103376290089	0.35431165157392264	555	0.9137838053599907	False
BRD:BRD-A56892734-001-09-4	0.03939707636343119	0.36309747458698666	535	0.9137838053599907	False
BRD:BRD-K36927236-001-32-6	0.03940322567557698	0.356349492046488	550	0.9137838053599907	False
BRD:BRD-K00005264-001-02-9	0.039425329951110075	0.2432087647854132	878	0.8865500618843776	False
BRD:BRD-K08525451-003-05-2	0.03944086978288128	0.3572110564822361	547	0.9137838053599907	False
BRD:BRD-K11124378-001-04-6	0.03945653967274736	0.3552596727617567	551	0.9137838053599907	False
BRD:BRD-K77638923-001-02-0	0.03951263664933951	0.36304644243706863	532	0.9137838053599907	False
BRD:BRD-K17480742-001-01-1	0.03956524737438503	0.36105113612478085	535	0.9137838053599907	False
BRD:BRD-K81779590-003-02-9	0.0395748434352433	0.24142473774441872	878	0.8865500618843776	False
BRD:BRD-K00259736-001-16-4	0.03963384725070895	0.3548615172134338	547	0.9137838053599907	False
BRD:BRD-K89085489-001-23-2	0.03966022559678766	0.359898615859998	535	0.9137838053599907	False
BRD:BRD-K32405725-001-02-8	0.03967059653783885	0.35530051130979506	545	0.9137838053599907	False
BRD:BRD-K73368362-001-07-5	0.03969778203488287	0.35408524894818344	547	0.9137838053599907	False
BRD:BRD-K33882852-003-02-8	0.039709959495442496	0.3548229614603613	545	0.9137838053599907	False
BRD:BRD-K20745393-003-01-0	0.039769562027665274	0.353215003522526	547	0.9137838053599907	False
BRD:BRD-K12737986-001-01-4	0.039773408781916	0.35988557579062824	532	0.9137838053599907	False
BRD:BRD-K00029607-334-02-9	0.03982219884812109	0.2439303234295561	858	0.8865500618843776	False
BRD:BRD-K70642949-001-03-7	0.03982252556181048	0.23848961553033263	878	0.8840507683168202	False
BRD:BRD-K00091101-001-01-9	0.039834281912462965	0.24378716190682745	858	0.8865500618843776	False
BRD:BRD-K62040061-001-01-0	0.03985031598229939	0.35805069049099103	534	0.9137838053599907	False
BRD:BRD-K70592963-001-31-6	0.039853238271521735	0.3575635967711865	535	0.9137838053599907	False
BRD:BRD-A55272860-001-15-3	0.039876499619896234	0.3484073386755765	555	0.9137838053599907	False
BRD:BRD-K42991124-001-03-0	0.03988231512998323	0.3631488259255482	522	0.9137838053599907	False
BRD:BRD-K00079493-001-02-9	0.03990594436324525	0.24293930793345436	858	0.8865500618843776	False
BRD:BRD-K84281997-003-08-4	0.039930698049296665	0.3570811388241188	534	0.9137838053599907	False
BRD:BRD-K24610819-003-01-8	0.03995205446121457	0.35682381975671973	534	0.9137838053599907	False
BRD:BRD-K32311154-001-01-0	0.03999590063533132	0.34696477449049773	555	0.9137838053599907	False
BRD:BRD-K60511616-236-08-9	0.040009244148610824	0.3503189304486794	547	0.9137838053599907	False
BRD:BRD-A66521565-001-01-8	0.040010492312810515	0.3873036589400214	469	0.9172395510459721	False
BRD:BRD-K54783522-001-01-8	0.040012237154186996	0.3872829411671713	469	0.9172395510459721	False
BRD:BRD-K38323065-001-19-9	0.040014425291864227	0.34893264833036375	550	0.9137838053599907	False
BRD:BRD-K32768103-051-02-6	0.0400397735842272	0.3477483223243907	552	0.9137838053599907	False
BRD:BRD-K56405978-001-01-5	0.04009274287575155	0.3858191960453216	470	0.9172395510459721	False
BRD:BRD-A03932035-004-04-3	0.04014400487497244	0.3554232627925808	532	0.9137838053599907	False
BRD:BRD-K07955840-001-02-3	0.040160972145506194	0.3467289952584549	551	0.9137838053599907	False
BRD:BRD-A46393198-003-16-6	0.04017743108992997	0.34697122629760957	550	0.9137838053599907	False
BRD:BRD-K09436144-001-01-7	0.04021597558118894	0.35365350836808535	534	0.9137838053599907	False
BRD:BRD-K32007074-001-02-9	0.04022139171504938	0.35449586715560516	532	0.9137838053599907	False
BRD:BRD-K00003514-342-01-9	0.040232397816784005	0.23368788143255056	878	0.8802224989698733	False
BRD:BRD-A23124853-001-01-4	0.04028587645709736	0.3528168179367126	534	0.9137838053599907	False
BRD:BRD-K94559059-091-01-6	0.04029042522350412	0.34694063073529663	547	0.9137838053599907	False
BRD:BRD-K76022557-003-02-7	0.04029384930514351	0.348231458554437	544	0.9137838053599907	False
BRD:BRD-K20285085-074-04-5	0.04033460528867329	0.357728129250096	522	0.9137838053599907	False
BRD:BRD-A89164055-001-03-3	0.04036132690293284	0.34388720815576596	552	0.9137838053599907	False
BRD:BRD-K00078317-001-02-9	0.04038003365190415	0.23738237161783993	858	0.8835890469668406	False
BRD:BRD-A89585551-003-16-6	0.04042172340765063	0.3440448277624445	550	0.9137838053599907	False
BRD:BRD-K50498985-001-03-3	0.04042496414653853	0.3466638644641414	544	0.9137838053599907	False
BRD:BRD-K09635314-001-03-4	0.04043821127604183	0.34606083175041524	545	0.9137838053599907	False
BRD:BRD-A55312468-001-04-7	0.040442563614743646	0.34512138767512623	547	0.9137838053599907	False
BRD:BRD-K61443506-239-03-9	0.040501940506132664	0.23056766313518362	878	0.8802224989698733	False
BRD:BRD-K10759144-001-04-3	0.040545269068984625	0.355220750438292	522	0.9137838053599907	False
BRD:BRD-A55946879-001-04-9	0.04057886363179938	0.23021548360585106	876	0.8801594221192166	False
BRD:BRD-K00003220-001-01-9	0.040607449191544354	0.22935438463448746	878	0.8792352584363038	False
BRD:BRD-K69555850-001-02-9	0.040616099482851525	0.23058945343438425	873	0.8802224989698733	False
BRD:BRD-K02017404-300-06-2	0.04064496459904019	0.3409438712898439	551	0.9137838053599907	False
BRD:BRD-A96529864-001-01-3	0.0407308007037994	0.3390454521225854	553	0.9137838053599907	False
BRD:BRD-K92657060-001-05-7	0.04073666425431223	0.33810000807999907	555	0.9137838053599907	False
BRD:BRD-K48168960-001-19-2	0.040739823011334324	0.3380625203638468	555	0.9137838053599907	False
BRD:BRD-A02933148-001-01-8	0.04074150379498554	0.3781723851166286	470	0.9169314186760723	False
BRD:BRD-K94441233-001-13-0	0.04076107922118183	0.3526636151930693	522	0.9137838053599907	False
BRD:BRD-K17743697-066-03-6	0.0407772812724243	0.3420285428028711	545	0.9137838053599907	False
BRD:BRD-K00004676-001-01-9	0.040798046172471465	0.22850582813794523	873	0.8785929207577381	False
BRD:BRD-K00004740-001-01-9	0.040800823709168675	0.22847412427992808	873	0.8785929207577381	False
BRD:BRD-K53422148-001-01-8	0.0408200994524021	0.3772523551305248	470	0.9169314186760723	False
BRD:BRD-K95739795-001-03-7	0.04086884068703667	0.33653363084162663	555	0.9137838053599907	False
BRD:BRD-K64054020-001-03-5	0.0408739563075941	0.33866909328867756	550	0.9137838053599907	False
BRD:BRD-A77291778-003-22-0	0.04088816851052104	0.33894254570307925	549	0.9137838053599907	False
BRD:BRD-K69600043-328-05-5	0.04089130295919377	0.3362679017417552	555	0.9137838053599907	False
BRD:BRD-A92826379-001-01-5	0.040893438651575305	0.3371187743456982	553	0.9137838053599907	False
BRD:BRD-K13495773-001-11-4	0.040944594942880094	0.343184739925611	538	0.9137838053599907	False
BRD:BRD-K84036904-001-08-8	0.04094721185629136	0.3445093180768027	535	0.9137838053599907	False
BRD:BRD-K83114366-001-02-8	0.040958755439543	0.37614373361663433	469	0.9169314186760723	False
BRD:BRD-A44971162-001-02-7	0.04098835267789507	0.3444778519181598	534	0.9137838053599907	False
BRD:BRD-A53813595-001-01-8	0.0410026315955724	0.3349528698754508	555	0.9137838053599907	False
BRD:BRD-K40575944-001-01-5	0.04105355848766456	0.3750389988931543	469	0.9169314186760723	False
BRD:BRD-K87632963-001-03-0	0.04111614013170064	0.3743108347344958	469	0.9168724992233861	False
BRD:BRD-K81801188-001-02-8	0.04113584356147286	0.3351397820556248	551	0.9137838053599907	False
BRD:BRD-K65498798-001-01-7	0.0411548003968397	0.3420668505095496	535	0.9137838053599907	False
BRD:BRD-K88154110-001-01-0	0.04115685309715161	0.37383759025066693	469	0.9167053946558427	False
BRD:BRD-A73871920-236-03-6	0.04117205496396832	0.33515513202126035	550	0.9137838053599907	False
BRD:BRD-K91733562-001-05-0	0.04117424223817317	0.3731238947475941	470	0.9159476664266681	False
BRD:BRD-K12513978-001-24-1	0.041174341711753874	0.34320098164394214	532	0.9137838053599907	False
BRD:BRD-A90547603-001-02-5	0.04122217943088986	0.3336853190511637	552	0.9137838053599907	False
BRD:BRD-K85920262-001-02-1	0.04122630072523547	0.3340771950563151	551	0.9137838053599907	False
BRD:BRD-K38332599-001-01-3	0.04126641352398893	0.3331664181244828	552	0.9137838053599907	False
BRD:BRD-K08657056-300-01-1	0.0412758512790269	0.3724564812215215	469	0.9159476664266681	False
BRD:BRD-K61250553-003-32-2	0.04129871242044319	0.3314716192966276	555	0.9137838053599907	False
BRD:BRD-K75385383-001-01-5	0.04130157779829195	0.3403465638353744	535	0.9137838053599907	False
BRD:BRD-K93255255-001-02-1	0.04132206286692002	0.332514345446217	552	0.9137838053599907	False
BRD:BRD-K00004741-001-01-9	0.041327383344721226	0.22252015606680062	873	0.8749052024850136	False
BRD:BRD-K92991072-001-04-9	0.041356451834900956	0.3410688961983795	532	0.9137838053599907	False
BRD:BRD-K78431006-001-10-2	0.041363080869093384	0.3307178881227296	555	0.9137838053599907	False
BRD:BRD-K88743730-050-04-1	0.041387953077236715	0.3706460818967829	470	0.9154917774023847	False
BRD:BRD-K00003473-001-01-9	0.04146175119143698	0.2210187380123138	873	0.8749052024850136	False
BRD:BRD-K81330143-001-04-8	0.041464191734243386	0.3444132476397045	522	0.9137838053599907	False
BRD:BRD-K41170226-001-13-8	0.041584082257902916	0.3290154983310368	553	0.9130870005803612	False
BRD:BRD-K81026553-234-01-8	0.0415916082954249	0.36829435626713947	470	0.9137838053599907	False
BRD:BRD-K10843433-001-22-7	0.04162065098511216	0.3379908086306645	532	0.9137838053599907	False
BRD:BRD-K55250441-001-13-0	0.04162774993395921	0.32982887984082226	550	0.9137838053599907	False
BRD:BRD-K72293620-001-01-7	0.04164038383576282	0.3677324938049211	470	0.9137838053599907	False
BRD:BRD-K62737565-003-02-6	0.04164354562855054	0.32964524230410586	550	0.9137838053599907	False
BRD:BRD-K68938568-001-01-7	0.04167107794899072	0.3280037860632927	553	0.9130870005803612	False
BRD:BRD-K73027814-003-01-0	0.041677904723214795	0.33641533416144753	534	0.9137838053599907	False
BRD:BRD-A44500574-001-01-8	0.04170684992432013	0.3284686305554663	551	0.9130870005803612	False
BRD:BRD-K36379990-001-01-1	0.04174307724224101	0.33565962310856867	534	0.9137838053599907	False
BRD:BRD-K00003110-001-01-9	0.04175694601874429	0.21642911545370702	878	0.8707116573495962	False
BRD:BRD-K33131085-001-07-2	0.04181534229659052	0.33482294549083624	534	0.9137838053599907	False
BRD:BRD-K36788280-001-01-2	0.04182258713277274	0.3288972037792561	547	0.9130870005803612	False
BRD:BRD-K45330754-001-21-7	0.0418737360858246	0.3291954311370728	545	0.9130870005803612	False
BRD:BRD-K75016267-001-02-9	0.04191916098480052	0.2159620490030027	873	0.8702565654186281	False
BRD:BRD-K13330768-001-02-9	0.041920673350485445	0.21515598595719715	876	0.8701340847397637	False
BRD:BRD-K83192048-050-02-7	0.041920734419385264	0.3286523992905926	545	0.9130870005803612	False
BRD:BRD-A53561827-004-23-1	0.04197518308850909	0.32580494712075014	550	0.9103702688905027	False
BRD:BRD-K44715996-001-01-0	0.04206225758513109	0.3628950146059208	470	0.9137838053599907	False
BRD:BRD-K09597601-001-02-9	0.042124070896379984	0.21293652007703878	876	0.8696145100248978	False
BRD:BRD-K92613113-066-02-7	0.042184357694837395	0.3211982158931779	555	0.9086375092457968	False
BRD:BRD-K15196155-001-02-3	0.042190872019132325	0.3246522049921672	547	0.9099171644256352	False
BRD:BRD-K48429278-001-01-3	0.042194545491590664	0.33000004371722524	535	0.9137838053599907	False
BRD:BRD-K00091271-001-01-9	0.04220981996148637	0.21677738667417978	858	0.8709576659867934	False
BRD:BRD-K36984403-001-02-7	0.04228712258995613	0.3200197277045584	555	0.9086375092457968	False
BRD:BRD-K24187789-001-01-7	0.042330243463021514	0.3208434665643702	552	0.9086375092457968	False
BRD:BRD-K38272302-001-02-7	0.0423352159001399	0.210650020800897	876	0.867527364376465	False
BRD:BRD-K97009491-238-05-9	0.04241193928117206	0.21060800703388846	873	0.867527364376465	False
BRD:BRD-A80567330-001-01-7	0.04245164172125113	0.358980043660214	469	0.9137838053599907	False
BRD:BRD-K37952347-001-01-4	0.04251140117303097	0.3218770894403034	545	0.9086375092457968	False
BRD:BRD-A93093700-001-02-9	0.04253799809211075	0.3171545956053291	555	0.9086375092457968	False
BRD:BRD-K78092779-001-01-6	0.0425538894259123	0.357822739418131	469	0.9137838053599907	False
BRD:BRD-K12639498-001-01-3	0.04256538537444619	0.3571780058807736	470	0.9137838053599907	False
BRD:BRD-K30933884-001-01-0	0.042567252587658776	0.3181390352025579	552	0.9086375092457968	False
BRD:BRD-K09774593-001-02-9	0.042595451938761165	0.20785637518251593	876	0.8656517475142127	False
BRD:BRD-A85295731-001-06-4	0.04259788947732199	0.3253939271787465	535	0.9103521901704527	False
BRD:BRD-K37111771-300-02-6	0.04267632179667301	0.3191113049666038	547	0.9086375092457968	False
BRD:BRD-K84683831-001-01-0	0.04268096333948697	0.32263991675870635	539	0.9086375092457968	False
BRD:BRD-K81326768-001-04-0	0.042682022389856134	0.31771710334220854	550	0.9086375092457968	False
BRD:BRD-K59146805-001-03-7	0.04272169638475427	0.3159448234372623	553	0.9086375092457968	False
BRD:BRD-K34332569-001-01-3	0.04276107937752741	0.31815025301397387	547	0.9086375092457968	False
BRD:BRD-K43900408-001-02-9	0.04284572197665671	0.20597486241303112	873	0.8653800660165171	False
BRD:BRD-K76210423-001-01-6	0.0428569895909248	0.32064647066476737	539	0.9086375092457968	False
BRD:BRD-K60036103-003-01-6	0.04286471871131655	0.3156481715010253	550	0.9086375092457968	False
BRD:BRD-K82104468-001-05-0	0.042879424628898696	0.3132823577589026	555	0.9086375092457968	False
BRD:BRD-K59369769-001-20-3	0.04287977560190114	0.31327839328771556	555	0.9086375092457968	False
BRD:BRD-K37753391-046-03-2	0.042887489568318025	0.3203018849251234	539	0.9086375092457968	False
BRD:BRD-K81881550-001-03-9	0.04289676249940838	0.2041378935555349	878	0.8645614713595492	False
BRD:BRD-K54936858-001-01-6	0.042918932782077625	0.3231245376926783	532	0.909591011211576	False
BRD:BRD-K96669468-300-01-1	0.04298109369147123	0.32105662433592763	535	0.9086375092457968	False
BRD:BRD-K50938786-003-11-8	0.04301292041547034	0.31221511023828835	554	0.9086375092457968	False
BRD:BRD-K00003494-001-01-9	0.043023358073610206	0.20409905417362192	873	0.8645614713595492	False
BRD:BRD-K03301001-003-02-5	0.04303315080397385	0.3115490713289946	555	0.9086375092457968	False
BRD:BRD-K89561498-001-01-7	0.043057007851866676	0.31348015892696346	550	0.9086375092457968	False
BRD:BRD-A37492983-001-10-3	0.043078566710491484	0.3110382089798166	555	0.9086375092457968	False
BRD:BRD-K00003362-066-01-9	0.04310971239362445	0.20189890077321215	878	0.8634599883947927	False
BRD:BRD-K73191876-001-11-2	0.043117695427838804	0.3177088325112943	539	0.9086375092457968	False
BRD:BRD-K10065684-001-07-4	0.04313252425477589	0.31263140930677297	550	0.9086375092457968	False
BRD:BRD-K05524748-003-04-4	0.043154939994058596	0.3223031746756116	528	0.9086375092457968	False
BRD:BRD-K00091102-001-01-9	0.04323395465710415	0.20582162562590867	858	0.8653800660165171	False
BRD:BRD-K82421491-001-02-6	0.0432567206065375	0.30903956303597346	555	0.9076032149715656	False
BRD:BRD-K68174511-001-06-6	0.04326479298559396	0.308949202791534	555	0.9076032149715656	False
BRD:BRD-K17472821-001-01-2	0.04328542197091579	0.20057956983721084	876	0.8608946139030731	False
BRD:BRD-K00004612-001-01-9	0.04330360070478731	0.20116501808087733	873	0.8616164406940132	False
BRD:BRD-K18574842-236-17-7	0.04331630743153556	0.3186605934473089	532	0.9086375092457968	False
BRD:BRD-A67748489-001-10-0	0.043323441527314	0.3118216698197659	547	0.9086375092457968	False
BRD:BRD-A44511856-001-01-4	0.043340473808941675	0.3174781885398052	534	0.9086375092457968	False
BRD:BRD-K35626314-003-01-1	0.043369078162688604	0.3167037644214985	535	0.9086375092457968	False
BRD:BRD-K66898851-003-03-3	0.04343513878923968	0.34742924723487345	470	0.9137838053599907	False
BRD:BRD-K00535541-001-05-5	0.0434478092710072	0.31719226579866394	532	0.9086375092457968	False
BRD:BRD-K31519811-001-02-2	0.04350527439973522	0.309793228385778	547	0.9086375092457968	False
BRD:BRD-K34073885-001-09-3	0.04354960789205279	0.3211382791765682	521	0.9086375092457968	False
BRD:BRD-K07612980-001-07-9	0.0435542053234181	0.3057210983934411	555	0.9066163798271062	False
BRD:BRD-K05434375-001-06-5	0.04357242353017546	0.3077172945071148	550	0.9068578253920614	False
BRD:BRD-K08493205-001-04-9	0.04360451980457336	0.30736075359115034	550	0.9068255200230618	False
BRD:BRD-K11911061-003-11-9	0.04363508018221128	0.305699969518862	553	0.9066163798271062	False
BRD:BRD-K64835161-001-02-8	0.043641641632785964	0.30606687330948756	552	0.9067164353278448	False
BRD:BRD-K79966802-034-01-2	0.04364361234552541	0.3069268633325783	550	0.9068255200230618	False
BRD:BRD-K00003249-001-01-9	0.043689256656561315	0.19589608485972	878	0.8537106351391391	False
BRD:BRD-A94756469-001-04-7	0.043709195001302104	0.3040015483335901	555	0.9053703640123841	False
BRD:BRD-K38852836-001-02-1	0.04372365508900324	0.30384144668335356	555	0.9053703640123841	False
BRD:BRD-K67173685-001-06-9	0.043724714493419206	0.3187283217143167	522	0.9086375092457968	False
BRD:BRD-A37752546-001-01-9	0.043755300511363004	0.34388356196724457	470	0.9137838053599907	False
BRD:BRD-K00087010-001-02-9	0.043755407278159714	0.2004001791196703	858	0.8608946139030731	False
BRD:BRD-K60635008-001-01-5	0.04377306825703143	0.3442040907307643	469	0.9137838053599907	False
BRD:BRD-K81473043-001-14-6	0.043781240217411435	0.3181025076723765	522	0.9086375092457968	False
BRD:BRD-K35498911-001-02-9	0.04380288998003997	0.19601397351721914	873	0.8537106351391391	False
BRD:BRD-K00003477-001-01-9	0.04382087182476152	0.19583027621215746	873	0.8537106351391391	False
BRD:BRD-K92872987-001-02-9	0.043845491500436574	0.31369439861725235	530	0.9086375092457968	False
BRD:BRD-K89274813-001-02-3	0.043860386357691995	0.3036465929554222	552	0.9053703640123841	False
BRD:BRD-K00003412-300-01-9	0.04389942300790901	0.19375180217982085	878	0.8515046840135816	False
BRD:BRD-K64557645-001-02-4	0.043900756066041886	0.3018851223524528	555	0.9053703640123841	False
BRD:BRD-K39467894-001-06-7	0.04391324608465228	0.3120308731414449	532	0.9086375092457968	False
BRD:BRD-A72390365-001-15-2	0.043946802915448425	0.30225442505307165	553	0.9053703640123841	False
BRD:BRD-K38055836-001-21-1	0.043961249040551494	0.30297523185021863	551	0.9053703640123841	False
BRD:BRD-K61295575-001-03-6	0.0440036613503616	0.30075224061156036	555	0.9053703640123841	False
BRD:BRD-A02006392-001-16-4	0.044004363296366505	0.3007445226186905	555	0.9053703640123841	False
BRD:BRD-K97101532-001-02-8	0.04400471426936897	0.3007406636716095	555	0.9053703640123841	False
BRD:BRD-K80129304-001-08-1	0.044044189715990036	0.3074118636782944	539	0.9068255200230618	False
BRD:BRD-K41141507-001-16-2	0.044048699989185855	0.3011337428398774	553	0.9053703640123841	False
BRD:BRD-K69650333-003-14-0	0.0440672699509887	0.30357893440259615	547	0.9053703640123841	False
BRD:BRD-K89917372-001-01-2	0.04414582182592914	0.30094775892	551	0.9053703640123841	False
BRD:BRD-K08924299-003-06-1	0.044168200257058206	0.3092271274386485	532	0.907761433336975	False
BRD:BRD-K30431096-004-01-3	0.044194160710358255	0.30576605446304467	539	0.9066163798271062	False
BRD:BRD-A44008656-036-25-8	0.04419624527684389	0.3008364588669738	550	0.9053703640123841	False
BRD:BRD-K26813177-001-03-2	0.044225149381599875	0.3076912250288245	534	0.9068578253920614	False
BRD:BRD-K60302405-001-04-5	0.044239440747587275	0.19031918715393023	878	0.8497755455995537	False
BRD:BRD-K24576554-001-04-8	0.044240524417735204	0.3016799389533212	547	0.9053703640123841	False
BRD:BRD-K70507123-001-09-7	0.044247739886005846	0.29895263724241855	553	0.9053703640123841	False
BRD:BRD-K27539181-001-08-5	0.04426732365760629	0.33877829704812135	469	0.9137838053599907	False
BRD:BRD-K79090631-001-22-3	0.044297102283764725	0.33845315288797745	469	0.9137838053599907	False
BRD:BRD-K38875233-001-03-9	0.044368640780200023	0.33767286128635426	469	0.9137838053599907	False
BRD:BRD-K31144453-001-03-9	0.04436986970793065	0.1895203874878684	876	0.8494016046485983	False
BRD:BRD-A62731508-001-05-8	0.044388356061203844	0.29829733239050077	551	0.9053703640123841	False
BRD:BRD-K66937583-001-01-2	0.04440187781236843	0.2985908825136582	550	0.9053703640123841	False
BRD:BRD-K91100918-001-03-8	0.04441662222440404	0.18905389979175255	876	0.8494016046485983	False
BRD:BRD-K01029106-001-01-4	0.04442387638246137	0.2983513133266011	550	0.9053703640123841	False
BRD:BRD-K00091108-001-01-9	0.04442871514022875	0.19355484726710995	858	0.851190034289946	False
BRD:BRD-K00535541-001-06-3	0.04444967799530761	0.3107629377091224	522	0.9086375092457968	False
BRD:BRD-K63736853-001-04-8	0.04445134142425698	0.30295729289704915	539	0.9053703640123841	False
BRD:BRD-A72711497-236-03-8	0.04447317651780518	0.29649500307272214	553	0.9053703640123841	False
BRD:BRD-A25608658-001-01-1	0.04450062050314556	0.29707578042477734	551	0.9053703640123841	False
BRD:BRD-K05444225-001-01-7	0.04452590543934144	0.3021461619799922	539	0.9053703640123841	False
BRD:BRD-K59256312-066-15-7	0.04457370808976549	0.3038904711292451	534	0.9053703640123841	False
BRD:BRD-K00004702-001-01-9	0.04461365883244436	0.18659322073747364	878	0.8458190333488427	False
BRD:BRD-K17513304-001-01-9	0.044630208707346214	0.29479107835409185	553	0.9053703640123841	False
BRD:BRD-K00003267-003-01-9	0.044631246568275044	0.18641943861525068	878	0.8458190333488427	False
BRD:BRD-K19741547-003-01-7	0.04463331827836517	0.3041550980774303	532	0.9053703640123841	False
BRD:BRD-K53581288-001-02-9	0.04466040203255484	0.2935888069611179	555	0.9053703640123841	False
BRD:BRD-K18849474-001-04-4	0.04469459467702319	0.30810182483952686	522	0.9069813256941689	False
BRD:BRD-K44408410-001-17-6	0.04471374992892796	0.2930119671810073	555	0.9053703640123841	False
BRD:BRD-A08545410-311-01-8	0.04473780246718173	0.3030233381111291	532	0.9053703640123841	False
BRD:BRD-K83551379-001-02-6	0.04475296934139207	0.29968497216815176	539	0.9053703640123841	False
BRD:BRD-K00004610-001-01-9	0.0447981499152707	0.18603523344862655	873	0.8458190333488427	False
BRD:BRD-K89462779-001-02-9	0.04483873371906985	0.18488035650037293	876	0.8458190333488427	False
BRD:BRD-K50785021-001-02-1	0.04484578597245142	0.29158755326936303	555	0.9053703640123841	False
BRD:BRD-K26531771-001-02-2	0.0448620626801942	0.306290900454508	522	0.9068255200230618	False
BRD:BRD-A56675431-001-12-3	0.04487235870652014	0.2934951520302469	550	0.9053703640123841	False
BRD:BRD-A29623586-001-01-3	0.04487512251718306	0.29836646177512643	539	0.9053703640123841	False
BRD:BRD-K00104122-001-01-9	0.04492072230542661	0.18892081122877022	857	0.8494016046485983	False
BRD:BRD-K00003465-001-01-9	0.044932206059934164	0.18346417408273813	878	0.8457416713452229	False
BRD:BRD-K46317332-003-17-8	0.04496022323766346	0.29210965336115935	551	0.9053703640123841	False
BRD:BRD-A77577770-003-08-9	0.0449800682431906	0.2901436752762192	555	0.9053703640123841	False
BRD:BRD-K48722833-001-07-6	0.04499764236636094	0.29214808600373443	550	0.9053703640123841	False
BRD:BRD-A41692738-001-07-6	0.045111269253571645	0.2922555597596814	547	0.9053703640123841	False
BRD:BRD-A55913614-316-09-6	0.0451233354227926	0.28860848672715317	555	0.9053703640123841	False
BRD:BRD-K12261274-001-02-4	0.04513551569331799	0.29783013705238487	534	0.9053703640123841	False
BRD:BRD-K39987650-001-24-1	0.0451436263200269	0.29058368078574287	550	0.9053703640123841	False
BRD:BRD-K54907283-001-01-2	0.04515860583609269	0.2975827938327005	534	0.9053703640123841	False
BRD:BRD-A96977263-001-03-7	0.04519143048088923	0.30274982487557767	522	0.9053703640123841	False
BRD:BRD-A27911617-001-01-7	0.04523559429878898	0.3283084439549495	469	0.9130870005803612	False
BRD:BRD-A07600638-060-05-2	0.045318960899561854	0.29677930598119895	532	0.9053703640123841	False
BRD:BRD-K47832606-001-30-1	0.04532624263338577	0.28995951554017346	547	0.9053703640123841	False
BRD:BRD-A77218119-001-03-5	0.04534543901552602	0.2875513467380899	552	0.9053703640123841	False
BRD:BRD-K61177364-003-02-9	0.045349526193840875	0.28794688692697723	551	0.9053703640123841	False
BRD:BRD-K92049597-001-20-8	0.04537126601827096	0.28727660515593423	552	0.9053703640123841	False
BRD:BRD-K00079087-001-02-9	0.04539953996392312	0.1839888127710473	858	0.8457416713452229	False
BRD:BRD-K87990216-001-10-2	0.04540840255219476	0.28776062981480005	550	0.9053703640123841	False
BRD:BRD-K85554912-001-06-3	0.04543311636052363	0.3011009799599701	520	0.9053703640123841	False
BRD:BRD-K24242599-001-02-8	0.045470150619940815	0.2862263276047122	552	0.9053703640123841	False
BRD:BRD-K46731503-050-01-8	0.04547752970838988	0.2857100440009498	553	0.9053703640123841	False
BRD:BRD-K47371940-001-01-6	0.045481716287324774	0.2856656482611355	553	0.9053703640123841	False
BRD:BRD-K24943235-001-01-3	0.0454952966107941	0.284648243203808	555	0.9053703640123841	False
BRD:BRD-K72231366-001-02-3	0.04557953013138323	0.2837565312523218	555	0.9053703640123841	False
BRD:BRD-K50406511-001-26-0	0.045587564677148446	0.2858608991311704	550	0.9053703640123841	False
BRD:BRD-K76064317-001-07-3	0.04560706227261357	0.28477643083438126	552	0.9053703640123841	False
BRD:BRD-K57427145-001-01-6	0.045616269173924556	0.2922549275881096	535	0.9053703640123841	False
BRD:BRD-K81128206-003-24-4	0.04563042121673916	0.28321870370796237	555	0.9053703640123841	False
BRD:BRD-K63772874-001-02-2	0.04567190823160267	0.2916660781008793	535	0.9053703640123841	False
BRD:BRD-K82122102-323-01-1	0.04568712694044611	0.2897000548982774	539	0.9053703640123841	False
BRD:BRD-K76011241-001-01-8	0.04571278953824524	0.2840987157480454	551	0.9053703640123841	False
BRD:BRD-K51776215-001-03-9	0.04574245504265342	0.1761745192862996	876	0.8318396010342048	False
BRD:BRD-K11821338-300-02-9	0.045747239187141714	0.1761292583476607	876	0.8318396010342048	False
BRD:BRD-K59745944-001-02-0	0.04574915070117834	0.2854780339333951	547	0.9053703640123841	False
BRD:BRD-K00004641-001-01-9	0.04576482223945083	0.17546903712776998	878	0.8318396010342048	False
BRD:BRD-K21070437-001-01-4	0.04576503770424398	0.3221549527292631	470	0.9086375092457968	False
BRD:BRD-K56740996-001-01-3	0.045770770440440534	0.2910751645067219	534	0.9053703640123841	False
BRD:BRD-K07612980-001-05-3	0.045771451902451285	0.29658018646016554	522	0.9053703640123841	False
BRD:BRD-K34624869-003-01-6	0.04578568462341089	0.3224545488116157	469	0.9086375092457968	False
BRD:BRD-K89162000-001-06-4	0.045816532107031085	0.2825677463391499	552	0.9049710449976277	False
BRD:BRD-K45385835-001-02-4	0.04582723390374861	0.28245521662028455	552	0.9049710449976277	False
BRD:BRD-K83064458-001-23-0	0.04583818319608676	0.28365778258975444	549	0.9053703640123841	False
BRD:BRD-A50157456-065-20-6	0.04589706789529006	0.28436427178426404	546	0.9053703640123841	False
BRD:BRD-K48470486-236-11-6	0.045940925633776414	0.17430412592270692	876	0.8300684798335919	False
BRD:BRD-K92041145-001-09-5	0.046089427923327764	0.27970770170939674	552	0.9021449727973566	False
BRD:BRD-K76674262-001-03-3	0.04612367867438901	0.27804154959654453	555	0.9015769444892728	False
BRD:BRD-K32853922-003-01-8	0.04612371855941244	0.3188911736259189	469	0.9086375092457968	False
BRD:BRD-K36222532-001-01-8	0.04623923468160974	0.2870684816970715	532	0.9053703640123841	False
BRD:BRD-K59866480-001-07-3	0.04626458174317951	0.2854429452644204	535	0.9053703640123841	False
BRD:BRD-K67943528-050-01-4	0.04627644449012454	0.2786352769995422	550	0.9021449727973566	False
BRD:BRD-A36331462-001-02-1	0.046280237571387065	0.2808016137429759	545	0.903194200528094	False
BRD:BRD-K15324227-001-02-9	0.04628112869765873	0.17560896683224902	858	0.8318396010342048	False
BRD:BRD-K48535733-003-01-2	0.04630072523546839	0.27794438222634865	551	0.9015769444892728	False
BRD:BRD-A87479750-001-02-7	0.04637798325717524	0.2771424488951232	551	0.9007005353687138	False
BRD:BRD-A31095847-001-02-3	0.04639194456912867	0.27875632016085905	547	0.9021449727973566	False
BRD:BRD-K00003208-001-01-9	0.046404449887935406	0.17072873735014518	873	0.8299270843048359	False
BRD:BRD-A59961917-001-01-0	0.04642060428794985	0.284272266402075	534	0.9053703640123841	False
BRD:BRD-K41895652-001-02-9	0.046423642242389214	0.16981683467103856	876	0.8299270843048359	False
BRD:BRD-K99383816-001-02-7	0.04642368070747152	0.2762314362236836	552	0.9007005353687138	False
BRD:BRD-K00003215-043-01-9	0.046508630990766006	0.16854870477036668	878	0.8297442629772196	False
BRD:BRD-K70159787-001-01-1	0.04651742844671696	0.2752617480025068	552	0.9007005353687138	False
BRD:BRD-A07893380-213-01-7	0.0465851692276827	0.28806704703830865	522	0.9053703640123841	False
BRD:BRD-K51885093-001-11-2	0.04659208724346505	0.2731850358370995	555	0.9006014710328264	False
BRD:BRD-K00005248-001-01-9	0.04659600974028012	0.1689681196865029	873	0.8297442629772196	False
BRD:BRD-K66401437-001-03-3	0.04660092563723886	0.31338651331182227	470	0.9086375092457968	False
BRD:BRD-K97808269-001-02-7	0.04663272648567354	0.27626632506298143	547	0.9007005353687138	False
BRD:BRD-K00004624-001-01-9	0.046645500394157706	0.1685154714781273	873	0.8297442629772196	False
BRD:BRD-K00003417-001-01-9	0.04665668268475687	0.16841332268139636	873	0.8297442629772196	False
BRD:BRD-K94441233-001-17-1	0.04667378892213268	0.27984773270606994	538	0.9021449727973566	False
BRD:BRD-K00073449-019-02-9	0.0467079306480363	0.17165563232972325	858	0.8300684798335919	False
BRD:BRD-K22514639-001-05-7	0.046723564786588956	0.2806855195116623	535	0.903194200528094	False
BRD:BRD-A13084692-001-17-3	0.04672851928776655	0.27572119660013145	546	0.9007005353687138	False
BRD:BRD-K61443506-239-01-6	0.04675416657599863	0.27151813218202747	555	0.8996897662764602	False
BRD:BRD-K00090625-001-01-9	0.04677537542541624	0.1710370449117584	858	0.8299270843048359	False
BRD:BRD-K37249724-001-25-7	0.04686857528173712	0.2720868373498891	551	0.900160852888452	False
BRD:BRD-K01292611-003-13-7	0.04688141298025788	0.16515825254521851	878	0.8250461874533705	False
BRD:BRD-K35936936-001-01-6	0.046951254221988245	0.309758585070212	470	0.9086375092457968	False
BRD:BRD-K74065929-001-07-2	0.046953378852191925	0.2694788699642681	555	0.8987728791238515	False
BRD:BRD-A26384407-001-25-1	0.04697619209735149	0.2692460098687716	555	0.8987728791238515	False
BRD:BRD-K03164761-001-02-1	0.04698292002324196	0.27091760538716847	551	0.8987728791238515	False
BRD:BRD-K00152668-001-01-5	0.047048341857779244	0.2706873080942618	550	0.8987728791238515	False
BRD:BRD-K00003290-003-01-9	0.04708475344622774	0.163330604879258	878	0.8250461874533705	False
BRD:BRD-K33483813-001-10-0	0.04713995221608079	0.2710705722099359	547	0.8987728791238515	False
BRD:BRD-K07074923-001-01-5	0.04717663882781513	0.3074392263760071	470	0.9068255200230618	False
BRD:BRD-A12994259-001-02-1	0.047249407903005525	0.27665791602471523	532	0.9007005353687138	False
BRD:BRD-K83508485-001-02-7	0.04738110181551498	0.2721694007334303	539	0.900160852888452	False
BRD:BRD-A46813902-001-01-6	0.04738634299486784	0.2663843175887937	552	0.8963079863369223	False
BRD:BRD-K92984783-003-05-7	0.04741392890422612	0.26567114011382775	553	0.8958862034255123	False
BRD:BRD-K43578482-001-01-4	0.04748800500260935	0.27108790227476404	539	0.8987728791238515	False
BRD:BRD-A07986123-001-02-8	0.047540020168154416	0.2750744191099752	529	0.9007005353687138	False
BRD:BRD-K66845263-001-03-0	0.047561128516819456	0.27214312712132427	535	0.900160852888452	False
BRD:BRD-K68470841-001-01-0	0.0475638380224408	0.3034815093795702	470	0.9053703640123841	False
BRD:BRD-K23301018-001-11-7	0.047643718867877494	0.2772406655258633	522	0.9007005353687138	False
BRD:BRD-K36055864-001-19-2	0.04768441138282533	0.2638196932369647	551	0.8958430398924067	False
BRD:BRD-K00090621-001-02-9	0.047686677858256706	0.16284146190389048	858	0.8250461874533705	False
BRD:BRD-K00003222-001-01-9	0.047713568190891884	0.15777505327967184	878	0.8234961688556373	False
BRD:BRD-A06627858-236-03-0	0.04772981930087588	0.2633646911186028	551	0.8958430398924067	False
BRD:BRD-K96155658-001-02-9	0.047761703191140405	0.1578307597057102	876	0.8234961688556373	False
BRD:BRD-K90982969-001-01-2	0.04776244786777025	0.2701165877950692	535	0.8987728791238515	False
BRD:BRD-A22769835-300-05-7	0.04777595357941078	0.26333852749210473	550	0.8958430398924067	False
BRD:BRD-K00078070-001-02-9	0.047828140903995016	0.16159621410593653	858	0.8242891967651548	False
BRD:BRD-K74186897-001-13-2	0.04787391084303013	0.2601920084036896	555	0.8952942830951071	False
BRD:BRD-K00003288-003-01-9	0.0478799779575318	0.1563290218323989	878	0.8234961688556373	False
BRD:BRD-K87349602-001-03-8	0.047894056693371025	0.2599912662454106	555	0.8952942830951071	False
BRD:BRD-A55455283-001-01-3	0.047905677633542976	0.27460469486829975	522	0.9007005353687138	False
BRD:BRD-K48488978-001-05-3	0.047919961560670674	0.26365042146344103	546	0.8958430398924067	False
BRD:BRD-K81044214-001-06-4	0.047943588115071135	0.3001503076533632	469	0.9053703640123841	False
BRD:BRD-K90817094-001-02-6	0.047944562676544684	0.2629662925914375	547	0.8958430398924067	False
BRD:BRD-K85337334-004-02-6	0.04795218561237578	0.26956849588700343	532	0.8987728791238515	False
BRD:BRD-A86468475-300-02-9	0.04795988816169694	0.15611125171140097	876	0.8234961688556373	False
BRD:BRD-K25863791-001-01-8	0.04799391808309815	0.2991252247104868	470	0.9053703640123841	False
BRD:BRD-K90033078-001-08-7	0.04807491650934015	0.29882680911217996	469	0.9053703640123841	False
BRD:BRD-K68747584-001-02-0	0.048106701279503686	0.2587421888066126	553	0.8946312841230952	False
BRD:BRD-A28301258-001-04-8	0.04810689233760487	0.27259158937351946	522	0.9003510472175871	False
BRD:BRD-K00005333-001-01-9	0.048125567994554606	0.1542133115011807	878	0.8225946202430823	False
BRD:BRD-K71266197-236-02-7	0.04816166079639606	0.2590644847966047	551	0.8946312841230952	False
BRD:BRD-K04833372-001-06-2	0.048184391436903465	0.26058326976610485	547	0.8952942830951071	False
BRD:BRD-K01573278-001-02-1	0.048201591993271904	0.2975538861870049	469	0.9053703640123841	False
BRD:BRD-K39160765-003-02-9	0.04821520371667645	0.25896922494119257	550	0.8946312841230952	False
BRD:BRD-K07609981-001-01-7	0.048230855158349135	0.2588144668680787	550	0.8946312841230952	False
BRD:BRD-A05334458-001-02-8	0.04825761407475727	0.2585500285457158	550	0.8946312841230952	False
BRD:BRD-K55966568-001-05-4	0.048272745257599496	0.25710017877029084	553	0.8938020718914449	False
BRD:BRD-K69832040-001-01-9	0.048279644564179346	0.2967713611408889	469	0.9053703640123841	False
BRD:BRD-K87595680-001-05-9	0.0483891080738086	0.15314203969580328	873	0.8225946202430823	False
BRD:BRD-K59333713-003-02-0	0.04840381440780119	0.2571085380978872	550	0.8938020718914449	False
BRD:BRD-K54095730-001-03-1	0.048466564427410576	0.25649155141430396	550	0.8938020718914449	False
BRD:BRD-K02475039-001-01-0	0.04847067563559188	0.25645116396834494	550	0.8938020718914449	False
BRD:BRD-K03243820-001-23-8	0.04850392227358611	0.2686489933847098	522	0.8986530963065198	False
BRD:BRD-K83982397-001-06-9	0.04858709413407218	0.1550376942393747	858	0.8230695417399172	False
BRD:BRD-K20285085-001-07-1	0.04862332318218831	0.26291523495946556	532	0.8958430398924067	False
BRD:BRD-K55748775-001-02-2	0.048748465370546765	0.2515758492991745	555	0.8896875087194764	False
BRD:BRD-K15819326-001-01-6	0.04877262041441147	0.29186069288802297	469	0.9053703640123841	False
BRD:BRD-A56359832-001-11-1	0.04879458322306931	0.25112706883798064	555	0.8896551551855247	False
BRD:BRD-K15409150-001-05-8	0.04879507255434672	0.2612309355562591	532	0.8952942830951071	False
BRD:BRD-K14993104-001-05-9	0.04883846240313873	0.2532897272076582	549	0.8915693352721613	False
BRD:BRD-A13323580-001-04-8	0.04885628068326443	0.26063248603757566	532	0.8952942830951071	False
BRD:BRD-K45168550-001-01-9	0.04893838622252007	0.254062036032965	545	0.8924372605606997	False
BRD:BRD-K38168441-001-03-7	0.048940503282366245	0.25891255831575183	534	0.8946312841230952	False
BRD:BRD-K00003211-001-01-9	0.04894316722624004	0.1473262517511261	878	0.8219650492154336	False
BRD:BRD-K74195153-050-12-1	0.04894409422202192	0.25400658609768784	545	0.8924372605606997	False
BRD:BRD-K72004355-001-01-9	0.048956171193399456	0.24955902671517508	555	0.8890376660000203	False
BRD:BRD-K14274271-001-02-8	0.04897266518163255	0.28936722985402397	470	0.9053703640123841	False
BRD:BRD-K00077698-001-02-9	0.048987089160257326	0.15166333295200213	858	0.8219650492154336	False
BRD:BRD-K91283740-003-01-6	0.049009220905060866	0.289523289510894	469	0.9053703640123841	False
BRD:BRD-K12068470-001-04-1	0.049042510552003316	0.2487239963004111	555	0.8879224466284608	False
BRD:BRD-K27871792-001-01-8	0.04908174933367775	0.24834514350121725	555	0.8879224466284608	False
BRD:BRD-K84266862-001-03-2	0.04911505342316684	0.25017533930101177	550	0.8896551551855247	False
BRD:BRD-A30774155-001-01-2	0.04911513726321522	0.25721491141029207	534	0.8938020718914449	False
BRD:BRD-K92435527-001-03-9	0.04917246378621809	0.1454375545774427	878	0.8209157294362215	False
BRD:BRD-A19795905-001-08-0	0.04923865549841343	0.2502846601930698	547	0.8896551551855247	False
BRD:BRD-K84173274-001-01-6	0.049249107815955394	0.25547102801740784	535	0.8938020718914449	False
BRD:BRD-K92073408-001-15-7	0.04926573542991304	0.25575711907054405	534	0.8938020718914449	False
BRD:BRD-A22081593-001-11-1	0.049326180589643095	0.2560696388502749	532	0.8938020718914449	False
BRD:BRD-K60914966-001-01-4	0.04934047330401784	0.2475739046067708	551	0.8870853890659492	False
BRD:BRD-K54759182-003-08-0	0.04936138964380065	0.24608459574131833	554	0.8870853890659492	False
BRD:BRD-K56277358-001-07-5	0.04937734482041276	0.24722032796701082	551	0.8870853890659492	False
BRD:BRD-K62562723-003-02-7	0.049384077477992235	0.24543964639147223	555	0.8870853890659492	False
BRD:BRD-A55664972-236-02-6	0.049422672772171446	0.2472173577283478	550	0.8870853890659492	False
BRD:BRD-A88684804-001-04-3	0.049451876932347226	0.2465066851482917	551	0.8870853890659492	False
BRD:BRD-K20417253-001-01-9	0.04950173238739482	0.2460301249026181	551	0.8870853890659492	False
BRD:BRD-K11630072-001-13-2	0.04951083946141784	0.25882579837453257	522	0.8946312841230952	False
BRD:BRD-K03601870-001-01-2	0.04955228401957151	0.24597839488639828	550	0.8870853890659492	False
BRD:BRD-K50489389-001-01-8	0.049560843268692756	0.2524711779533957	535	0.8908137576489822	False
BRD:BRD-K00003270-003-01-9	0.04958263744392258	0.1421052326796353	878	0.8173291850122136	False
BRD:BRD-K19295594-015-14-3	0.049600858786044276	0.25795984000648675	522	0.8946312841230952	False
BRD:BRD-K09785578-001-01-2	0.04960868691076064	0.24544059365908039	550	0.8870853890659492	False
BRD:BRD-K31309378-001-01-5	0.049644028394702985	0.2472707068791767	545	0.8870853890659492	False
BRD:BRD-K36262466-001-06-3	0.04967103390343469	0.24398706596771988	552	0.8865500618843776	False
BRD:BRD-K54233340-001-02-2	0.0496834654700355	0.1417503341474933	876	0.8173280729157864	False
BRD:BRD-K92301463-001-05-5	0.04968956526786806	0.24295475182388418	554	0.8865500618843776	False
BRD:BRD-A00055058-001-01-0	0.04971639753558157	0.2509834612581431	535	0.8896551551855247	False
BRD:BRD-K00003312-003-01-9	0.04975186621257567	0.1407475700308081	878	0.816206777525615	False
BRD:BRD-K36154108-001-01-7	0.04976999065038927	0.1410570461300604	876	0.8165194741884997	False
BRD:BRD-K88759641-003-02-8	0.049863559357948124	0.2443158279365337	547	0.8865500618843776	False
BRD:BRD-K88554883-001-03-2	0.04986715519684389	0.1402816144331841	876	0.8162057943456041	False
BRD:BRD-K79608170-001-02-1	0.04992619320977531	0.2805833856388369	469	0.903194200528094	False
BRD:BRD-A35667010-001-01-8	0.04994020760421352	0.2488536695042652	535	0.8879224466284608	False
BRD:BRD-A19053834-050-09-5	0.04994616333433118	0.24879716703235202	535	0.8879224466284608	False
BRD:BRD-K89413285-074-01-5	0.049951504789727014	0.2491913026680066	534	0.888579260220774	False
BRD:BRD-K71467466-001-02-3	0.049967113829669986	0.23990376506149952	555	0.8860536394689875	False
BRD:BRD-K00004731-001-01-9	0.05001288488452265	0.13980537202996415	873	0.8162057943456041	False
BRD:BRD-K52559566-001-02-9	0.05003597924468874	0.2461776532642417	539	0.8870853890659492	False
BRD:BRD-K22261391-001-01-2	0.050136212622252666	0.23831473524822602	555	0.8840507683168202	False
BRD:BRD-K79905821-004-03-6	0.05014522040291064	0.24252473295356142	545	0.8865500618843776	False
BRD:BRD-K18910433-001-36-6	0.050154135947150305	0.25268148707392335	522	0.8908137576489822	False
BRD:BRD-K28935038-002-03-9	0.05019151305263674	0.13771673333608622	876	0.8162057943456041	False
BRD:BRD-K25970317-001-01-6	0.050191626513394344	0.24692030448137917	534	0.8870853890659492	False
BRD:BRD-K75958547-238-01-0	0.050217588570270526	0.23840365478075157	553	0.8840507683168202	False
BRD:BRD-K41104902-001-01-3	0.0502513317670578	0.23723720303315762	555	0.8835890469668406	False
BRD:BRD-K48692744-001-02-0	0.05030024478745829	0.24150387984076285	544	0.8865500618843776	False
BRD:BRD-K93942811-001-01-3	0.05031387695907623	0.2763462661761886	470	0.9007005353687138	False
BRD:BRD-K08532119-001-01-5	0.05032041103809921	0.2767980616131376	469	0.9007005353687138	False
BRD:BRD-A50016482-001-01-7	0.05034751127717655	0.27602493379877646	470	0.9007005353687138	False
BRD:BRD-K86226872-001-01-6	0.050354446188125075	0.27595871130038385	470	0.9007005353687138	False
BRD:BRD-K88052444-001-08-8	0.050360100363968145	0.238354260524352	550	0.8840507683168202	False
BRD:BRD-K15933101-003-06-1	0.05041394115867943	0.24000659093125923	545	0.8860536394689875	False
BRD:BRD-K00004649-001-01-9	0.05041449125182562	0.13552722002214057	878	0.8160561567171326	False
BRD:BRD-K92303087-001-01-6	0.05044724489702803	0.23541132911182788	555	0.8802224989698733	False
BRD:BRD-K02275692-300-02-6	0.05044777686700384	0.24407039384503987	535	0.8865500618843776	False
BRD:BRD-K14870255-001-02-3	0.05050403232882519	0.2348839399261226	555	0.8802224989698733	False
BRD:BRD-K67563174-001-17-6	0.050515012809224165	0.24167906533733355	539	0.8865500618843776	False
BRD:BRD-A50675490-001-01-0	0.050519323993285695	0.24340135465735538	535	0.8865500618843776	False
BRD:BRD-K93645900-001-11-3	0.05054390286190406	0.2345141581474393	555	0.8802224989698733	False
BRD:BRD-K30421593-050-04-9	0.050562493570003794	0.23561620965683278	552	0.8802224989698733	False
BRD:BRD-K65786282-001-07-5	0.050582814363116325	0.23500215167835425	553	0.8802224989698733	False
BRD:BRD-K19515365-001-02-6	0.05058951774503084	0.24318907150814012	534	0.8865500618843776	False
BRD:BRD-A57382968-001-29-0	0.05060139223970613	0.23398169354953244	555	0.8802224989698733	False
BRD:BRD-K75052463-001-01-4	0.050603307986604285	0.2741031302204863	469	0.9006014710328264	False
BRD:BRD-K89391146-001-08-0	0.05060789165109768	0.24435203032156821	531	0.8865500618843776	False
BRD:BRD-K29660062-300-01-2	0.050608972863653526	0.28784212336697684	443	0.9053703640123841	False
BRD:BRD-A84575140-001-02-4	0.05062199262942757	0.24068235274704253	539	0.8865500618843776	False
BRD:BRD-K54339150-001-01-8	0.05063075883838186	0.24236188560048408	535	0.8865500618843776	False
BRD:BRD-K81197548-003-01-4	0.05063800635567384	0.23534294710992326	551	0.8802224989698733	False
BRD:BRD-K80419150-001-02-4	0.050643375582446894	0.24224439257525218	535	0.8865500618843776	False
BRD:BRD-K00003392-001-01-9	0.050650996886778155	0.1348155431332714	873	0.8144106208851538	False
BRD:BRD-K66097663-001-01-8	0.0507007877940013	0.2330631121603055	555	0.8802224989698733	False
BRD:BRD-K32531356-001-03-9	0.05070234543576103	0.13375067336565166	876	0.8139234579517742	False
BRD:BRD-A53134341-001-03-2	0.0507162566703032	0.24245234691008083	533	0.8865500618843776	False
BRD:BRD-K16136380-001-01-7	0.05072192418963942	0.2473432068967213	522	0.8870853890659492	False
BRD:BRD-K69694239-001-02-2	0.050724092401364294	0.23284810819637924	555	0.8802224989698733	False
BRD:BRD-K00005334-001-01-9	0.050768717549263216	0.13391020681559293	873	0.8139234579517742	False
BRD:BRD-A18396475-001-15-3	0.05080325373878645	0.24658505125766508	522	0.8870853890659492	False
BRD:BRD-K00004726-001-01-9	0.05087195534182711	0.13312012189869862	873	0.8135784227652239	False
BRD:BRD-K81981783-236-02-9	0.05087345484067638	0.2401087918443206	535	0.8860536394689875	False
BRD:BRD-K44309363-003-02-1	0.050889595446154116	0.23820179889155846	539	0.8840507683168202	False
BRD:BRD-A29485665-001-12-8	0.051022010722567165	0.23351596708449837	547	0.8802224989698733	False
BRD:BRD-K97072811-001-11-4	0.05103715392708138	0.2312427463741336	552	0.8802224989698733	False
BRD:BRD-K02528732-001-02-4	0.05104832597449958	0.23893585796931985	534	0.8846098558406117	False
BRD:BRD-K97530723-001-20-9	0.05105976298091197	0.22976683081313998	555	0.8794541927424766	False
BRD:BRD-A79726147-001-02-9	0.05106022000856888	0.1305848790875347	878	0.8075566307266916	False
BRD:BRD-K57136142-001-02-4	0.051100911227655456	0.23151013239644375	550	0.8802224989698733	False
BRD:BRD-K18948558-001-01-9	0.05112125345094204	0.22920553026036156	555	0.8792352584363038	False
BRD:BRD-K28971625-003-01-4	0.05113941938158613	0.2359023419525262	539	0.8802224989698733	False
BRD:BRD-K51700582-001-01-2	0.05119195226700794	0.2680405883179022	470	0.898387103625761	False
BRD:BRD-K03149601-001-02-6	0.05127297810689365	0.26779512670906797	469	0.8983838489894128	False
BRD:BRD-K77185060-001-08-9	0.05128423927928929	0.1333563058046951	858	0.8139234579517742	False
BRD:BRD-K28822270-001-01-1	0.05130847081633721	0.23089825501337177	547	0.8802224989698733	False
BRD:BRD-K00091290-001-01-9	0.05132160938551643	0.13307326768579056	858	0.8135784227652239	False
BRD:BRD-K00091083-015-01-9	0.05133230555725302	0.13299234126527945	858	0.8135784227652239	False
BRD:BRD-K69195780-004-08-4	0.05140301457731268	0.22664599115465425	555	0.8776253277558302	False
BRD:BRD-A48274390-001-01-8	0.05141987967351596	0.2659128770263101	470	0.8958862034255123	False
BRD:BRD-K19409553-001-01-6	0.05142276921974451	0.2658859776104232	470	0.8958862034255123	False
BRD:BRD-A66116161-001-02-3	0.0514741733533017	0.22939357006858746	547	0.8792352584363038	False
BRD:BRD-K85178109-001-02-3	0.05150570647690509	0.22740551963712066	551	0.8776726345548256	False
BRD:BRD-K63712959-001-01-8	0.05155213435716842	0.22741026207865694	550	0.8776726345548256	False
BRD:BRD-K76703230-004-03-3	0.05155731790061044	0.22864119160219784	547	0.8785929207577381	False
BRD:BRD-A59198242-003-02-9	0.05155910769400693	0.22565702424670867	554	0.877555094292756	False
BRD:BRD-K63792901-075-02-1	0.05156607663425313	0.22517404495043916	555	0.8771489680357045	False
BRD:BRD-K49119234-003-02-6	0.05160636878434018	0.2281981507699435	547	0.8785929207577381	False
BRD:BRD-K72264770-001-03-2	0.05160950313046777	0.23380517390206554	534	0.8802224989698733	False
BRD:BRD-K71534238-001-10-0	0.05161640651074481	0.2259839015872279	552	0.8776253277558302	False
BRD:BRD-K00091099-001-01-9	0.05164868805801588	0.1306157749635011	858	0.8075566307266916	False
BRD:BRD-K00004557-001-01-9	0.05166824264820304	0.1271466011548831	873	0.803093415666657	False
BRD:BRD-K58736316-001-09-5	0.05166920532272632	0.22466642108163418	554	0.8763868085823587	False
BRD:BRD-K79878800-239-02-9	0.05170229647339568	0.12581005176777163	878	0.8021129122095487	False
BRD:BRD-K00003302-001-01-9	0.05175755668537572	0.12648979107686373	873	0.8030498370015018	False
BRD:BRD-K85402309-389-03-2	0.05181295898032535	0.22379783965575398	553	0.8755971721788284	False
BRD:BRD-K00004644-001-01-9	0.051833832171105196	0.124848851431668	878	0.7989855807926727	False
BRD:BRD-K00078613-001-02-9	0.051833923714200224	0.12923968586919962	858	0.8075566307266916	False
BRD:BRD-K89306950-001-12-5	0.05186889614077105	0.22245861149618232	555	0.8749052024850136	False
BRD:BRD-K95142244-001-01-5	0.05188469849393855	0.22315638931997686	553	0.8749052024850136	False
BRD:BRD-K00004295-001-01-9	0.051891630577161674	0.12442830016415098	878	0.7989855807926727	False
BRD:BRD-K00003256-001-01-9	0.05191223234030205	0.12427866510662135	878	0.7989855807926727	False
BRD:BRD-K03384561-001-02-7	0.052041223877824984	0.22302491839277372	550	0.8749052024850136	False
BRD:BRD-A96456596-001-02-2	0.052067125692557475	0.22069376414623312	555	0.8749052024850136	False
BRD:BRD-K04691817-001-01-8	0.052105993438295355	0.22244872866976223	550	0.8749052024850136	False
BRD:BRD-K18910433-001-43-2	0.05210846213528394	0.2236981513936545	547	0.8755971721788284	False
BRD:BRD-K79254416-001-22-6	0.052145796846048136	0.22251784137312994	549	0.8749052024850136	False
BRD:BRD-K94848716-001-12-9	0.052190249765262674	0.1222730437168784	878	0.7989855807926727	False
BRD:BRD-A45498368-001-07-1	0.05219787235568818	0.22121169112315173	551	0.8749052024850136	False
BRD:BRD-M08274809-001-01-7	0.052204648003079196	0.23467791478513406	520	0.8802224989698733	False
BRD:BRD-K82234479-001-09-4	0.052293246877763835	0.22941740369592806	530	0.8792352584363038	False
BRD:BRD-A93407926-001-01-1	0.05230907112315639	0.22276883956098967	545	0.8749052024850136	False
BRD:BRD-K37203094-001-02-5	0.05231147816835225	0.23281889360108216	522	0.8802224989698733	False
BRD:BRD-K12539416-001-01-4	0.052314779061368576	0.22834474052469614	532	0.8785929207577381	False
BRD:BRD-K61230716-236-03-5	0.052348893979187024	0.12113995062956048	878	0.7989855807926727	False
BRD:BRD-M97302542-001-03-6	0.05235425211173145	0.23243656992991618	522	0.8802224989698733	False
BRD:BRD-K89714990-001-01-5	0.05239908753757092	0.219433957428175	551	0.8749010986126297	False
BRD:BRD-K91403886-003-02-9	0.052424173318129985	0.12103005316206701	876	0.7989855807926727	False
BRD:BRD-K10177585-003-02-4	0.052532763277502316	0.21994499523337926	547	0.8749052024850136	False
BRD:BRD-K76204040-001-03-8	0.05254717173347795	0.22497111438866954	535	0.8768965939719094	False
BRD:BRD-K19605405-001-02-7	0.05254884989852709	0.21853754518191115	550	0.8733093218740651	False
BRD:BRD-K77791657-001-01-1	0.05256733241565592	0.21628496728659213	555	0.8707116573495962	False
BRD:BRD-A87983072-001-01-1	0.05257705134412165	0.21829015725995812	550	0.8733093218740651	False
BRD:BRD-K24616672-003-20-1	0.0525832454012423	0.2186567536391225	549	0.8733093218740651	False
BRD:BRD-K79132813-001-09-0	0.05263771182346707	0.21860104231060346	548	0.8733093218740651	False
BRD:BRD-A79981887-003-16-4	0.052650793795639646	0.21555554164024407	555	0.8701340847397637	False
BRD:BRD-A06352508-001-03-7	0.052654247039159836	0.21719436584299004	551	0.8716015035897768	False
BRD:BRD-K14618467-001-04-6	0.052654584304066165	0.21552245581815146	555	0.8701340847397637	False
BRD:BRD-K24570280-001-07-9	0.05267328800594447	0.11927060219697201	876	0.7989855807926727	False
BRD:BRD-K00071596-019-01-9	0.052713061637715546	0.12286144169088511	858	0.7989855807926727	False
BRD:BRD-K00075152-001-02-9	0.05275734720844023	0.12254675775735481	858	0.7989855807926727	False
BRD:BRD-A53951045-004-01-6	0.052785349666813246	0.21773225252393436	547	0.8732439424911485	False
BRD:BRD-K86301799-001-34-8	0.052786434455530884	0.21645968742358151	550	0.8707116573495962	False
BRD:BRD-K00004749-001-01-9	0.0527997281332652	0.11901927132717623	873	0.7989855807926727	False
BRD:BRD-K13044802-213-20-7	0.052810275927955064	0.214166637255433	555	0.8696145100248978	False
BRD:BRD-K92169341-001-11-2	0.05281472142896153	0.2531446367204791	470	0.8915207901099861	False
BRD:BRD-K61397605-001-03-4	0.052893194551049835	0.2151119812439939	551	0.8701340847397637	False
BRD:BRD-K96153583-001-05-1	0.05292606054813015	0.22826506649253783	520	0.8785929207577381	False
BRD:BRD-K00004567-001-01-9	0.05297287327802644	0.1178122725488426	873	0.7974478964517558	False
BRD:BRD-K82960980-003-02-7	0.052976119442398203	0.22692829611562193	522	0.8776253277558302	False
BRD:BRD-K00074735-014-02-9	0.05299458183805807	0.12087171039076533	858	0.7989855807926727	False
BRD:BRD-A92537424-001-04-7	0.053013278712574864	0.21240804522160997	555	0.8696145100248978	False
BRD:BRD-K26521938-001-09-8	0.05301329104578747	0.25136216061647454	470	0.8896551551855247	False
BRD:BRD-K49962337-001-02-9	0.0530486748493136	0.22629172460955999	522	0.8776253277558302	False
BRD:BRD-A05729358-001-02-0	0.05310393512946249	0.21370509421103434	550	0.8696145100248978	False
BRD:BRD-A71725768-001-01-3	0.05310979628824991	0.2115755819002635	555	0.8685599764829438	False
BRD:BRD-K70578146-001-06-7	0.05313881293395568	0.25023991619613095	470	0.8896551551855247	False
BRD:BRD-K16546375-001-01-4	0.05318625253878287	0.2198076177876263	534	0.8749052024850136	False
BRD:BRD-K30707190-001-04-1	0.05322915385099293	0.21388312160059897	547	0.8696145100248978	False
BRD:BRD-K34185671-001-02-8	0.05323237991808428	0.21385532217290015	547	0.8696145100248978	False
BRD:BRD-K00074858-003-02-9	0.05323840895718319	0.11916880703934536	858	0.7989855807926727	False
BRD:BRD-K58046914-001-03-8	0.05325467794366322	0.21033039796724695	555	0.867527364376465	False
BRD:BRD-K28687144-001-08-7	0.0532854471734575	0.2185146037501736	535	0.8733093218740651	False
BRD:BRD-K68405354-001-07-2	0.05329486600534804	0.2108129825067993	553	0.867527364376465	False
BRD:BRD-A61676498-001-06-6	0.05330785149594271	0.21070165448644204	553	0.867527364376465	False
BRD:BRD-K32847255-001-01-1	0.05338569576372297	0.2480428168126652	470	0.8878285325028976	False
BRD:BRD-K03504028-001-07-6	0.05346924310916624	0.22262685097697787	522	0.8749052024850136	False
BRD:BRD-K13949769-001-01-7	0.053475439962207216	0.20844324395436398	555	0.8656517475142127	False
BRD:BRD-K68188368-001-09-4	0.053500355085615084	0.20988532854556552	551	0.867527364376465	False
BRD:BRD-A63546914-003-02-0	0.05352294591542512	0.2113621290735667	547	0.8685599764829438	False
BRD:BRD-K07881437-001-04-6	0.053545088819418496	0.2219704586861218	522	0.8749052024850136	False
BRD:BRD-K26169680-003-01-9	0.053592453910015055	0.24671899517933168	469	0.8870853890659492	False
BRD:BRD-A11815689-001-01-1	0.053628222362267754	0.20921182039195302	550	0.8667164493357907	False
BRD:BRD-K25723200-001-02-7	0.05364532204680903	0.2137006136723681	539	0.8696145100248978	False
BRD:BRD-K61128465-001-09-9	0.05364639465743477	0.20822758839627156	552	0.8656517475142127	False
BRD:BRD-K33637378-001-01-7	0.053665392702845024	0.2156753556136999	534	0.8701340847397637	False
BRD:BRD-A25004090-001-08-4	0.05369482722753456	0.20823079022017835	551	0.8656517475142127	False
BRD:BRD-K53438416-001-01-9	0.053698191297429164	0.24578661686770278	469	0.8870853890659492	False
BRD:BRD-K82143716-001-19-9	0.05370018540126903	0.21153379989466964	543	0.8685599764829438	False
BRD:BRD-A87673115-001-04-1	0.053701877281271855	0.21321751593821103	539	0.8696145100248978	False
BRD:BRD-K21672174-001-03-0	0.05372437508284973	0.20756620748944274	552	0.8656517475142127	False
BRD:BRD-K14235254-001-01-2	0.05374888992871201	0.20818740079776693	550	0.8656517475142127	False
BRD:BRD-K78352627-001-01-8	0.053768965175477815	0.24465868601720797	470	0.8868618342500938	False
BRD:BRD-K53852914-001-01-8	0.05378227154365402	0.20748990908905865	551	0.8656517475142127	False
BRD:BRD-K50865540-001-02-3	0.05378596447087655	0.11124594883034095	878	0.7848472174256721	False
BRD:BRD-K27755542-001-01-6	0.053825694587024964	0.2138747883824661	535	0.8696145100248978	False
BRD:BRD-K93331255-001-02-0	0.05385160619761434	0.24393324934196833	470	0.8865500618843776	False
BRD:BRD-A14577621-001-01-5	0.05400764693516773	0.21275800203157338	534	0.8696145100248978	False
BRD:BRD-A80321291-001-03-2	0.05402694386276275	0.2423990965220083	470	0.8865500618843776	False
BRD:BRD-K96691275-001-01-2	0.05402711200433275	0.21259294117714	534	0.8696145100248978	False
BRD:BRD-K28217197-001-01-4	0.05402976672228419	0.20375868026308427	555	0.8645614713595492	False
BRD:BRD-K45216060-001-10-0	0.054060548359438604	0.20555833659196826	550	0.8653800660165171	False
BRD:BRD-K22385716-001-02-5	0.0541006318838956	0.20646770352676844	547	0.8653800660165171	False
BRD:BRD-K86109159-001-02-6	0.054120458146118475	0.20299958756307962	555	0.8643552231340308	False
BRD:BRD-K38380126-001-01-4	0.05412533573319935	0.20418950084257717	552	0.8645614713595492	False
BRD:BRD-K00003369-001-01-9	0.054200291994857874	0.10952876243904927	873	0.7848472174256721	False
BRD:BRD-A35868371-005-01-6	0.054210576255908166	0.20638002254269164	545	0.8653800660165171	False
BRD:BRD-K00077939-001-02-9	0.05421977796438344	0.11250398961820579	858	0.7859074994934335	False
BRD:BRD-K74305673-001-06-2	0.05438759837032909	0.2048999295336292	545	0.865217986028198	False
BRD:BRD-K89997465-003-43-0	0.054395092355792214	0.20194027416361277	552	0.8634599883947927	False
BRD:BRD-A00993607-003-24-6	0.054425102712249165	0.20046473606392354	555	0.8608946139030731	False
BRD:BRD-K78960041-001-03-2	0.054451609572099845	0.21423194993459876	522	0.8696145100248978	False
BRD:BRD-A55484088-050-02-5	0.054514809788405505	0.20094786350020602	552	0.8616164406940132	False
BRD:BRD-K57284066-001-01-6	0.0545588936207849	0.19935881540063047	555	0.8607857650258888	False
BRD:BRD-K98203492-003-04-1	0.05457994861724795	0.20837168211156465	533	0.8656517475142127	False
BRD:BRD-K18518344-001-15-9	0.05458314887317141	0.2024429242085659	547	0.8643552231340308	False
BRD:BRD-K21038058-001-01-9	0.054593410505407655	0.2374889559226044	470	0.8835890469668406	False
BRD:BRD-K38473998-001-02-0	0.05461526730777924	0.20552390985405444	539	0.8653800660165171	False
BRD:BRD-K12735121-001-01-4	0.05465399754035772	0.20818316686416205	532	0.8656517475142127	False
BRD:BRD-K56751279-300-01-4	0.05466690099926113	0.20010182284816172	551	0.8608946139030731	False
BRD:BRD-K70404782-001-01-6	0.0547160154337036	0.23693742278744262	469	0.8834734215962303	False
BRD:BRD-K16478699-001-09-2	0.05472685549814947	0.20125532767904344	547	0.8616164406940132	False
BRD:BRD-K67977190-066-02-3	0.05473443179231813	0.20453519964841624	539	0.8645614713595492	False
BRD:BRD-K95053546-001-01-9	0.054792150278216295	0.1974413507713836	555	0.8564315701905659	False
BRD:BRD-K00004652-001-01-9	0.054800805195622825	0.10465090276574546	878	0.7751560791540202	False
BRD:BRD-K00004657-001-01-9	0.05482622972912236	0.10548515716322748	873	0.7751560791540202	False
BRD:BRD-K00091116-001-01-9	0.054864360050847286	0.10828846998720061	858	0.782272670276762	False
BRD:BRD-A02710418-003-11-8	0.05492489202573403	0.19962706248128087	547	0.8608946139030731	False
BRD:BRD-A94640958-001-01-7	0.054940751002993005	0.2350141571114394	469	0.8802224989698733	False
BRD:BRD-K21894922-001-01-9	0.05495308121538672	0.23490895607450668	469	0.8802224989698733	False
BRD:BRD-A96407378-001-15-1	0.05496595180329672	0.19805725915539554	550	0.8574386188187321	False
BRD:BRD-K36804890-001-01-9	0.05497390298914593	0.2347313807287319	469	0.8802224989698733	False
BRD:BRD-K68488863-001-04-9	0.05502555516165446	0.19634696963479797	553	0.8546127716796655	False
BRD:BRD-K87827419-001-16-8	0.055033454183746264	0.20206940438232385	539	0.8634683799597098	False
BRD:BRD-K18678457-003-02-8	0.05509175987599779	0.19580836832097465	553	0.8537106351391391	False
BRD:BRD-K30977212-001-02-8	0.05515457160112829	0.19489312354483992	554	0.8535149629792522	False
BRD:BRD-K54472332-001-03-4	0.0551577939521736	0.1944627558797825	555	0.8535149629792522	False
BRD:BRD-K20497775-001-06-9	0.055293084503157855	0.10156538654065002	878	0.7705351671631437	False
BRD:BRD-K00004570-001-01-9	0.05529327072116323	0.10254578255301859	873	0.7706570507159977	False
BRD:BRD-A11990600-001-03-4	0.055294929536134046	0.20289071168940892	532	0.8643552231340308	False
BRD:BRD-K51337109-003-01-3	0.05550061243932315	0.22977197907586946	470	0.8794541927424766	False
BRD:BRD-K89899948-001-01-7	0.05557434300615899	0.1008084163514149	873	0.7704570214513049	False
BRD:BRD-K95837862-300-01-7	0.05559041170382735	0.19219033512651765	552	0.8499935238253084	False
BRD:BRD-A65145453-001-06-1	0.055649268171965416	0.19498525124983077	544	0.8535149629792522	False
BRD:BRD-K99447003-335-04-1	0.05565214461139644	0.19871429075164132	535	0.8592695879499286	False
BRD:BRD-K37561857-001-15-5	0.055655715029055426	0.197007535968073	539	0.8563899931006502	False
BRD:BRD-A29148886-003-02-9	0.0556606539983612	0.09930903221195123	878	0.7704570214513049	False
BRD:BRD-A17428743-003-09-0	0.055689019557991035	0.19221174023728793	550	0.8499935238253084	False
BRD:BRD-K28570407-001-02-0	0.05570833312369106	0.19287120611509193	548	0.8509392394551489	False
BRD:BRD-K20372197-001-03-1	0.05571719522226021	0.20375559444576127	522	0.8645614713595492	False
BRD:BRD-K02764365-001-13-6	0.0557366186278219	0.18981499577411984	555	0.8497755455995537	False
BRD:BRD-K00003137-001-01-9	0.055769401833304075	0.09961653997274705	873	0.7704570214513049	False
BRD:BRD-A40302156-001-01-9	0.05578724564722329	0.19762481975263987	535	0.8564315701905659	False
BRD:BRD-K23677682-003-01-2	0.05590845500982373	0.18845104937132762	555	0.8494016046485983	False
BRD:BRD-A64743628-001-01-5	0.056033471593298086	0.1874632740879811	555	0.8474538156174379	False
BRD:BRD-K17610631-001-03-3	0.056061836151595275	0.19542393338460745	535	0.8537106351391391	False
BRD:BRD-K00074843-001-02-9	0.05607979093334918	0.10067996228610537	858	0.7704570214513049	False
BRD:BRD-K10852420-001-02-5	0.05609688289904233	0.22529422684157122	469	0.8771489680357045	False
BRD:BRD-A47449001-004-13-7	0.05610478930739689	0.18690149217116522	555	0.8460407545614747	False
BRD:BRD-K87782578-001-01-4	0.05610994826180704	0.18806192942282346	552	0.848844335129247	False
BRD:BRD-K00091270-459-01-9	0.05611750301309543	0.10045087123390133	858	0.7704570214513049	False
BRD:BRD-K78960041-001-05-7	0.05613008610766017	0.20041952638357774	522	0.8608946139030731	False
BRD:BRD-K21733600-001-14-1	0.056231536210293497	0.19240648691008821	539	0.8499935238253084	False
BRD:BRD-K42009284-001-01-1	0.056269971163588194	0.22386401927871075	469	0.8755971721788284	False
BRD:BRD-K78055238-001-01-8	0.05630385534594925	0.1893683150294859	545	0.8494016046485983	False
BRD:BRD-A72716251-001-01-5	0.05635587273986504	0.18814590933277123	547	0.848844335129247	False
BRD:BRD-K74371986-001-01-7	0.056356349118794946	0.18936350440816793	544	0.8494016046485983	False
BRD:BRD-K13664493-316-02-5	0.056362211050603475	0.19345549009097399	534	0.851190034289946	False
BRD:BRD-K15893360-001-01-8	0.056475660918685	0.22167797599088873	470	0.8749052024850136	False
BRD:BRD-K60798049-001-03-8	0.05648461462507894	0.19207041649419623	535	0.8499935238253084	False
BRD:BRD-K00005341-001-01-9	0.056490415716719866	0.0943622507114241	878	0.7654378047034796	False
BRD:BRD-K15327298-001-05-5	0.056534123925098954	0.19335741896945832	531	0.851190034289946	False
BRD:BRD-A09533288-003-31-2	0.056553359734481695	0.19320567518861478	531	0.851190034289946	False
BRD:BRD-K01080633-001-01-9	0.05656368612862739	0.22145191753934151	469	0.8749052024850136	False
BRD:BRD-K00003253-001-01-9	0.05659005591366385	0.09378172502682604	878	0.7654378047034796	False
BRD:BRD-K00074616-003-02-9	0.05659710187511774	0.09757346824761254	858	0.7659608129196168	False
BRD:BRD-A00546892-001-02-6	0.056704992863988425	0.184213450995838	550	0.8457416713452229	False
BRD:BRD-K00003517-001-01-9	0.05671354238549924	0.09306623751853886	878	0.7654378047034796	False
BRD:BRD-K06357403-001-01-4	0.056718177517884515	0.1906526410986536	534	0.8497755455995537	False
BRD:BRD-K14658796-003-01-6	0.056737406169205425	0.1905020895449607	534	0.8497755455995537	False
BRD:BRD-K73107279-003-12-5	0.05676071241037779	0.18539163808607992	546	0.8458190333488427	False
BRD:BRD-K99092662-001-01-1	0.05676599499293415	0.18334130935899692	551	0.8457416713452229	False
BRD:BRD-A67516570-001-02-8	0.056833666467417325	0.1832182586834704	550	0.8457416713452229	False
BRD:BRD-K81623406-004-08-3	0.05687343533812178	0.18451866484063686	546	0.8458190333488427	False
BRD:BRD-A65597028-003-07-3	0.056908532643826774	0.18465163897239587	545	0.8458190333488427	False
BRD:BRD-K00003308-001-01-9	0.05693904481698157	0.09177095418510288	878	0.7649689023275337	False
BRD:BRD-K00003174-001-01-9	0.057067850160539946	0.09103761163755043	878	0.7649689023275337	False
BRD:BRD-K00074122-001-02-9	0.057080405450263744	0.09474074624431984	858	0.7658210321415854	False
BRD:BRD-K13699028-003-02-9	0.057101784562132614	0.09084519388454097	878	0.7649689023275337	False
BRD:BRD-K00075673-001-02-9	0.057118972463807774	0.09451756262168784	858	0.7654378047034796	False
BRD:BRD-A90201073-001-02-9	0.05715645982233508	0.09090492232253068	876	0.7649689023275337	False
BRD:BRD-K00091075-001-01-9	0.057165993822685335	0.09424602380301136	858	0.7654378047034796	False
BRD:BRD-K33425534-001-12-5	0.05719348783973718	0.18245919511172834	545	0.8457416713452229	False
BRD:BRD-K81694556-003-01-9	0.05723956279862375	0.18743228741404375	532	0.8474538156174379	False
BRD:BRD-K88789588-001-14-9	0.05726866114358304	0.17988332531887577	550	0.8411899303823461	False
BRD:BRD-K82960980-003-01-9	0.057317489580568565	0.17911499507675072	551	0.8404912346725206	False
BRD:BRD-K76592088-001-02-1	0.05734372400606199	0.17733922008662634	555	0.8350439004079008	False
BRD:BRD-K10974103-001-21-1	0.05738803043375951	0.1789760830902562	550	0.8404201965303179	False
BRD:BRD-K69346723-001-04-8	0.05739609359158165	0.1904386005018374	522	0.8497755455995537	False
BRD:BRD-K00003415-001-01-9	0.05744551897840324	0.08983149188988604	873	0.7649689023275337	False
BRD:BRD-K59522102-001-14-6	0.05748120739091345	0.18557365566885364	532	0.8458190333488427	False
BRD:BRD-K90825648-001-02-0	0.057482498731232595	0.17629119085246256	555	0.8318396010342048	False
BRD:BRD-K00004739-001-01-9	0.05750963678982264	0.0894730941905598	873	0.7649689023275337	False
BRD:BRD-K54264768-001-01-2	0.057545833259890704	0.21303104993634112	470	0.8696145100248978	False
BRD:BRD-K22000702-300-02-9	0.05756152333943995	0.08863457194520215	876	0.7649689023275337	False
BRD:BRD-K09426783-300-01-0	0.05756736102028852	0.1849142943447262	532	0.8458190333488427	False
BRD:BRD-K33082088-001-03-3	0.05761158368204935	0.17610371575466766	553	0.8318396010342048	False
BRD:BRD-K76694128-001-05-0	0.057680370532292	0.21196141371347196	470	0.8696145100248978	False
BRD:BRD-K48053228-051-02-9	0.057724934006029266	0.08773167946679165	876	0.7649689023275337	False
BRD:BRD-K49338325-001-03-4	0.057783969732987245	0.1803952096566577	539	0.8424232968147908	False
BRD:BRD-K00004689-001-01-9	0.05779548954181723	0.08698277126450776	878	0.7649689023275337	False
BRD:BRD-K38398115-001-01-9	0.057843526455846304	0.18198796690915336	534	0.8457416713452229	False
BRD:BRD-K00003251-001-01-9	0.057909437503696065	0.08636117087241407	878	0.7649689023275337	False
BRD:BRD-A42699921-001-03-6	0.057922468467298725	0.18262816704301083	531	0.8457416713452229	False
BRD:BRD-A57133765-300-01-7	0.05796142039393866	0.21022751492551556	469	0.867527364376465	False
BRD:BRD-K28029915-001-02-2	0.05799050274846888	0.17444885430376078	550	0.8300684798335919	False
BRD:BRD-K39841531-001-02-1	0.05803928179450944	0.173693353354451	551	0.8300684798335919	False
BRD:BRD-K60230970-001-17-5	0.058046733769277124	0.1867279427083822	519	0.8458190333488427	False
BRD:BRD-K83776863-001-08-9	0.05814022923291763	0.1793438593353713	535	0.8409839812756708	False
BRD:BRD-K58435339-001-03-0	0.05818180992477499	0.17185664563491268	553	0.8300684798335919	False
BRD:BRD-K03871161-001-01-9	0.05818569437674078	0.20797840558968447	470	0.8656517475142127	False
BRD:BRD-K71847383-001-12-5	0.05825917875971843	0.17443030354229141	545	0.8300684798335919	False
BRD:BRD-A99633051-001-07-0	0.058261945582232806	0.17204577695690607	551	0.8300684798335919	False
BRD:BRD-K00076061-001-02-9	0.058283335300789316	0.08797532316704697	858	0.7649689023275337	False
BRD:BRD-K76973696-001-12-6	0.058456848933102934	0.17218055847908662	547	0.8300684798335919	False
BRD:BRD-K00090624-001-01-9	0.05846298538949486	0.08699917961676562	858	0.7649689023275337	False
BRD:BRD-K24593301-001-02-3	0.05850458834909495	0.18200337435715952	522	0.8457416713452229	False
BRD:BRD-K01824921-001-18-5	0.05851893885657539	0.17815623433660355	531	0.8383096542935122	False
BRD:BRD-K89299012-001-06-0	0.05859002034123459	0.17199206454360785	545	0.8300684798335919	False
BRD:BRD-K37865504-001-04-1	0.0586425677499751	0.17081944579006605	547	0.8299270843048359	False
BRD:BRD-K00003456-001-01-9	0.058651168300471464	0.0832826058271693	873	0.7610886858229873	False
BRD:BRD-K04111260-001-10-0	0.05865503210010074	0.17072838457119535	547	0.8299270843048359	False
BRD:BRD-K54538117-001-01-7	0.05865657483014527	0.20431583885923266	470	0.8645614713595492	False
BRD:BRD-K82795137-001-26-2	0.05869166189872877	0.17646754599241124	532	0.8320934981169947	False
BRD:BRD-M56276249-001-01-1	0.05870512710305385	0.17393722754010066	538	0.8300684798335919	False
BRD:BRD-A66419424-001-02-4	0.058716041109457204	0.17107003484053226	545	0.8299270843048359	False
BRD:BRD-K77634909-001-03-5	0.058731734611163315	0.1686079273329558	551	0.8297442629772196	False
BRD:BRD-K47816470-001-01-8	0.05881457521792236	0.2030974343938358	470	0.8643552231340308	False
BRD:BRD-K37933329-001-03-9	0.058845941175551766	0.0817357373104805	876	0.7563510065612439	False
BRD:BRD-A19195498-050-14-1	0.05888561085746115	0.166335987874596	554	0.8281452650532909	False
BRD:BRD-K67079690-001-01-2	0.05890293680068213	0.2029017544115151	469	0.8643552231340308	False
BRD:BRD-K05674516-001-01-7	0.05890527225879978	0.16890786081878156	547	0.8297442629772196	False
BRD:BRD-A17846016-001-13-9	0.05895584328002286	0.1673735021478178	550	0.8297442629772196	False
BRD:BRD-K48449073-034-03-9	0.05898739476109401	0.0810033046736748	876	0.7552490273426546	False
BRD:BRD-K64716392-001-01-3	0.058999718756782255	0.1662839714708048	552	0.8281452650532909	False
BRD:BRD-K00023644-001-01-9	0.059041133840196394	0.08038011711580945	878	0.7552490273426546	False
BRD:BRD-K12539581-001-23-7	0.05910167758075713	0.16440148228953455	555	0.8250461874533705	False
BRD:BRD-K01493881-001-29-4	0.05916541634296627	0.16781222797411224	545	0.8297442629772196	False
BRD:BRD-K67901620-001-02-0	0.059204399569364234	0.16443255831251208	553	0.8250461874533705	False
BRD:BRD-K76725781-001-02-9	0.05921248161875456	0.07984880167098703	876	0.7552490273426546	False
BRD:BRD-K43621685-001-02-5	0.05925120113094288	0.16525225551348807	550	0.8250461874533705	False
BRD:BRD-K90885812-004-24-2	0.05928077297926455	0.16504098822134775	550	0.8250461874533705	False
BRD:BRD-A64977602-001-15-9	0.05929750631782704	0.16492153171638305	550	0.8250461874533705	False
BRD:BRD-K21913543-001-02-4	0.05931024979965989	0.16521684420714494	549	0.8250461874533705	False
BRD:BRD-K00004606-001-01-9	0.059311680955830455	0.07986186148436344	873	0.7552490273426546	False
BRD:BRD-K59597909-001-17-6	0.059331881902248335	0.16898108154662475	539	0.8297442629772196	False
BRD:BRD-K41705163-001-01-1	0.059359968918558964	0.19941325602146143	469	0.8607857650258888	False
BRD:BRD-K00003340-300-01-9	0.05938694915005272	0.07862098942351685	878	0.7552490273426546	False
BRD:BRD-K11073688-001-01-6	0.05939729400251508	0.171719619061762	531	0.8300684798335919	False
BRD:BRD-K21906513-001-04-0	0.059418702109476744	0.17525784092509925	522	0.8318396010342048	False
BRD:BRD-K97764662-001-17-3	0.059463748464135435	0.16489732624717557	547	0.8250461874533705	False
BRD:BRD-K00003429-001-01-9	0.05954135077597522	0.07869947322309304	873	0.7552490273426546	False
BRD:BRD-A55424491-001-19-9	0.059558806589314936	0.16460972662084053	546	0.8250461874533705	False
BRD:BRD-K60369935-001-18-3	0.0596773257285984	0.160701779403974	554	0.8234961688556373	False
BRD:BRD-K06883221-001-01-9	0.05969625429418536	0.16836285097823778	534	0.8297442629772196	False
BRD:BRD-A38592941-001-02-7	0.05972788361173681	0.1599683756396986	555	0.8234961688556373	False
BRD:BRD-K51911221-001-01-2	0.05977365049125691	0.15964794723449366	555	0.8234961688556373	False
BRD:BRD-K00004602-001-01-9	0.059777297107617575	0.07751966764504839	873	0.7552490273426546	False
BRD:BRD-K36529613-001-02-6	0.05983289473407126	0.1592338788059383	555	0.8234961688556373	False
BRD:BRD-K92213669-001-01-3	0.0598428511682666	0.1785150817694097	507	0.8394164856054652	False
BRD:BRD-A68083442-001-01-6	0.05989848656470352	0.16259779131258148	545	0.8250461874533705	False
BRD:BRD-A19585813-003-03-3	0.05997769058054704	0.15973946278192788	551	0.8234961688556373	False
BRD:BRD-K19061412-001-02-4	0.06005389878273155	0.16073747774674885	547	0.8234961688556373	False
BRD:BRD-K17565903-066-23-1	0.060054834140698884	0.15958279986342674	550	0.8234961688556373	False
BRD:BRD-K85872723-001-15-9	0.06006776586731395	0.15760029489396113	555	0.8234961688556373	False
BRD:BRD-K82484965-003-03-5	0.060123282150594634	0.15910677927984246	550	0.8234961688556373	False
BRD:BRD-K58010567-003-02-2	0.060188149607155905	0.15676792185059177	555	0.8234961688556373	False
BRD:BRD-K06147391-300-06-8	0.060246402016655806	0.1582532423623395	550	0.8234961688556373	False
BRD:BRD-M80207679-001-01-5	0.060319096784795974	0.1647536312524513	532	0.8250461874533705	False
BRD:BRD-K99199077-001-16-1	0.060401369191008095	0.16298750327433292	535	0.8250461874533705	False
BRD:BRD-K86525559-001-04-5	0.060529499727950596	0.1632828520467187	532	0.8250461874533705	False
BRD:BRD-K73999723-001-11-3	0.06053294548476742	0.1544022853375138	555	0.8225946202430823	False
BRD:BRD-A81513827-001-03-6	0.06053965049956318	0.15852173925025043	544	0.8234961688556373	False
BRD:BRD-K17061841-001-03-5	0.06059647159821172	0.1539694005333792	555	0.8225946202430823	False
BRD:BRD-K63533170-001-02-9	0.0606191515584274	0.1556902109419768	550	0.8234961688556373	False
BRD:BRD-A78341343-001-01-6	0.06064574820775636	0.1536342499008829	555	0.8225946202430823	False
BRD:BRD-K42948882-305-01-1	0.060684149744160365	0.15945943990545738	539	0.8234961688556373	False
BRD:BRD-K57365211-314-03-9	0.06080671557907012	0.07172376626550682	878	0.7419362657570118	False
BRD:BRD-K81672972-001-03-1	0.060825498413888575	0.16123047438374252	532	0.8234961688556373	False
BRD:BRD-K10362825-001-03-4	0.06084264415356757	0.16512332628155227	522	0.8250461874533705	False
BRD:BRD-K97010173-001-06-9	0.060861636612637444	0.0722812375283166	873	0.7458808553453946	False
BRD:BRD-K49389158-001-01-3	0.06092288150084277	0.1878139363125433	469	0.8484741367679103	False
BRD:BRD-K06222852-001-03-2	0.0609690753607806	0.15444368696823932	547	0.8225946202430823	False
BRD:BRD-K00079239-001-02-9	0.06096932830957768	0.07426965309082957	858	0.7536781247477776	False
BRD:BRD-K43192255-048-03-6	0.06101656834928681	0.15299230400871525	550	0.8225946202430823	False
BRD:BRD-K84564571-001-02-4	0.061035435915945735	0.1570534673344903	539	0.8234961688556373	False
BRD:BRD-K95412502-003-01-5	0.06105975596145192	0.1508402249617216	555	0.8219650492154336	False
BRD:BRD-K04853698-376-01-4	0.06110594961028413	0.07065663494617849	876	0.737495315386731	False
BRD:BRD-K18399440-001-11-9	0.0611065226485226	0.07033250827889369	878	0.7374685566871314	False
BRD:BRD-A55204514-003-01-2	0.06110783468674864	0.1860034494106576	470	0.8458190333488427	False
BRD:BRD-K96874295-015-01-0	0.06119097362081746	0.15754827020496062	535	0.8234961688556373	False
BRD:BRD-A57886255-001-01-1	0.061202221855579386	0.15174419500535338	550	0.8219650492154336	False
BRD:BRD-K95785345-300-14-8	0.061258547070042274	0.1495124400979746	555	0.8219650492154336	False
BRD:BRD-K18619710-001-14-4	0.061272912225019925	0.15239598490449327	547	0.8225946202430823	False
BRD:BRD-K70511574-001-06-9	0.061291089853066694	0.15003425320763566	553	0.8219650492154336	False
BRD:BRD-K85554912-001-08-9	0.06131014155838765	0.15290127831187317	545	0.8225946202430823	False
BRD:BRD-K28352084-001-02-3	0.06131252555540411	0.15063366938229344	551	0.8219650492154336	False
BRD:BRD-K25412176-001-01-9	0.061345058816335445	0.15191279571268032	547	0.8219650492154336	False
BRD:BRD-K85402309-001-06-6	0.061349604638145976	0.15188238986801975	547	0.8219650492154336	False
BRD:BRD-K66035042-001-10-1	0.06140201214789891	0.15040970220267716	550	0.8219650492154336	False
BRD:BRD-K11853856-001-01-7	0.061459444016647345	0.14817964451014884	555	0.8219650492154336	False
BRD:BRD-A78965079-036-01-8	0.06149785045161674	0.15547174459502702	535	0.8234961688556373	False
BRD:BRD-A53472930-001-01-7	0.06149838575499943	0.18320116707976183	470	0.8457416713452229	False
BRD:BRD-K00004638-001-01-9	0.061501377955664877	0.0685339822416963	878	0.735539702623859	False
BRD:BRD-A75305484-001-01-3	0.06153223581735646	0.1476989677179328	555	0.8219650492154336	False
BRD:BRD-K21718444-001-06-8	0.061538483136800146	0.14765776931395447	555	0.8219650492154336	False
BRD:BRD-K39693230-001-01-2	0.061584866833112935	0.15106629540160027	545	0.8219650492154336	False
BRD:BRD-A34358106-003-01-6	0.061611942548437555	0.15013549605107845	547	0.8219650492154336	False
BRD:BRD-K08255599-365-01-1	0.06165804956460698	0.1547835561753031	534	0.8230695417399172	False
BRD:BRD-K31802667-001-01-9	0.061717154025634394	0.15438771110012128	534	0.8225946202430823	False
BRD:BRD-K08996725-332-01-7	0.061861746199611774	0.14737283547015712	550	0.8219650492154336	False
BRD:BRD-K71499074-001-12-9	0.061877019890089396	0.14580314828790525	554	0.8209157294362215	False
BRD:BRD-K00091070-001-01-9	0.061899002319805864	0.06995254589367363	858	0.7374685566871314	False
BRD:BRD-K93034159-001-25-8	0.06202764390974815	0.14518774272211846	553	0.8209157294362215	False
BRD:BRD-K20482099-001-09-4	0.06204579840707979	0.1569084902690958	522	0.8234961688556373	False
BRD:BRD-K00075424-001-02-9	0.06210585830180946	0.06902048508898401	858	0.7368696442676123	False
BRD:BRD-K76406695-001-02-9	0.062110499774036425	0.1453818323828063	551	0.8209157294362215	False
BRD:BRD-K00627859-003-03-7	0.062165017969484156	0.14502819148424623	551	0.8209157294362215	False
BRD:BRD-K11443721-003-01-6	0.06229322550578151	0.1505696204171459	534	0.8219650492154336	False
BRD:BRD-K60341624-001-02-2	0.062326168275495634	0.14325786588326359	553	0.8181000078615306	False
BRD:BRD-K50163129-001-01-4	0.06239566650821358	0.1446390332440604	548	0.8209157294362215	False
BRD:BRD-K00003151-001-01-9	0.06242281929295547	0.06448340429028354	878	0.7349749151867362	False
BRD:BRD-K66896231-001-08-1	0.062476104568536854	0.1422960039773602	553	0.8173291850122136	False
BRD:BRD-K87691185-001-01-2	0.06251157624457813	0.17607690364652245	470	0.8318396010342048	False
BRD:BRD-K00085355-001-01-9	0.0625194988437772	0.06734727562880438	857	0.735539702623859	False
BRD:BRD-K00004603-001-01-9	0.06258041746210762	0.06381077502620044	878	0.7349749151867362	False
BRD:BRD-K08303368-001-10-0	0.06259892953443923	0.15684437970430848	513	0.8234961688556373	False
BRD:BRD-K00076155-001-02-9	0.06278053405795495	0.06605104304088047	858	0.735063097914755	False
BRD:BRD-A49399758-015-01-8	0.06284336952847477	0.14287364915890086	545	0.8179697114577883	False
BRD:BRD-K83157152-001-02-9	0.06289547884119437	0.06323684143434381	873	0.7349749151867362	False
BRD:BRD-K13810148-311-03-2	0.06290973465739068	0.1388251966659896	555	0.8162057943456041	False
BRD:BRD-K39061174-001-01-0	0.06291047325065645	0.15119821246316034	522	0.8219650492154336	False
BRD:BRD-K75958195-037-09-4	0.06292328281466956	0.13981654128542353	552	0.8162057943456041	False
BRD:BRD-K80267133-001-19-3	0.06295020999095548	0.15093963815181613	522	0.8219650492154336	False
BRD:BRD-K92658264-001-02-9	0.06297783539776011	0.06243948842150948	876	0.7349749151867362	False
BRD:BRD-K65820248-001-01-8	0.06302387574648773	0.14172701240151586	545	0.8173280729157864	False
BRD:BRD-K15916496-001-27-9	0.0630583228763472	0.1386078293128264	553	0.8162057943456041	False
BRD:BRD-K88506063-001-01-8	0.06312961345538327	0.13851980282612936	552	0.8162057943456041	False
BRD:BRD-K00004618-001-01-9	0.0631825846594396	0.06129379639830965	878	0.7349749151867362	False
BRD:BRD-K09877029-001-01-2	0.06318376454677391	0.13818101173362715	552	0.8162057943456041	False
BRD:BRD-K22346679-001-06-3	0.06319549612069253	0.061537416735149945	876	0.7349749151867362	False
BRD:BRD-K11399644-003-11-3	0.06320598426029897	0.1458062400147398	531	0.8209157294362215	False
BRD:BRD-A64173453-015-02-3	0.06323456255507798	0.14448569533637035	534	0.8209157294362215	False
BRD:BRD-K00090650-001-01-9	0.06325473733778687	0.06402747175794896	858	0.7349749151867362	False
BRD:BRD-A59391172-001-07-7	0.06329191079905594	0.17119003147809173	469	0.8299270843048359	False
BRD:BRD-K32372024-001-01-0	0.06338665146186175	0.15008777471802046	517	0.8219650492154336	False
BRD:BRD-K18375018-376-02-3	0.06340662283181102	0.1375097413420215	550	0.8162057943456041	False
BRD:BRD-K00079520-001-02-9	0.06357661041338432	0.06268327077435813	858	0.7349749151867362	False
BRD:BRD-K53972329-001-07-0	0.06358944835572491	0.13745554362616044	547	0.8162057943456041	False
BRD:BRD-A65248799-001-01-7	0.06359030837393037	0.1349481911308692	554	0.8144873046920905	False
BRD:BRD-A95939040-001-01-2	0.06361294416510892	0.13445596747982877	555	0.8139234579517742	False
BRD:BRD-K00004674-001-01-9	0.06369144150042387	0.05996135292047996	873	0.7349749151867362	False
BRD:BRD-K56047318-001-06-3	0.06371827108025882	0.13665900280548846	547	0.8162057943456041	False
BRD:BRD-K83405785-001-01-5	0.06372416619975359	0.14065005577540485	536	0.816206777525615	False
BRD:BRD-K10784860-003-02-3	0.0637793463958745	0.13628260336158718	547	0.8162057943456041	False
BRD:BRD-K86410485-046-01-0	0.0638063785140311	0.14088281933137273	534	0.816206777525615	False
BRD:BRD-K00003279-001-01-9	0.06381409429911006	0.05874291683672348	878	0.7349749151867362	False
BRD:BRD-K86816506-001-01-8	0.06384834001822266	0.14250268500178692	529	0.8173291850122136	False
BRD:BRD-K52914072-001-01-5	0.06389840151338237	0.13993689397403808	535	0.8162057943456041	False
BRD:BRD-K74671368-001-01-8	0.06391274228458672	0.13984780767910257	535	0.8162057943456041	False
BRD:BRD-A08316590-001-01-3	0.06391963839314402	0.13980498386590434	535	0.8162057943456041	False
BRD:BRD-K39023557-001-01-7	0.0639698166298621	0.1343989938647182	549	0.8139234579517742	False
BRD:BRD-K71822263-001-03-2	0.06399874203946852	0.13280626074086868	553	0.8135784227652239	False
BRD:BRD-K48443249-001-01-0	0.06406266743852781	0.13277087301424298	552	0.8135784227652239	False
BRD:BRD-K01666412-001-02-0	0.0642142903042281	0.13798462355585844	535	0.8162057943456041	False
BRD:BRD-K46741531-001-02-4	0.06422417705594688	0.1335651980188302	547	0.8139234579517742	False
BRD:BRD-K28210218-236-08-1	0.06423723113735312	0.1324209136338326	550	0.8129638368659343	False
BRD:BRD-K04394237-001-06-0	0.06424812223271062	0.1323551675574352	550	0.8129638368659343	False
BRD:BRD-K68395654-001-03-1	0.06426315674945651	0.13051108572394077	555	0.8075566307266916	False
BRD:BRD-K55808645-001-01-4	0.06435762612054671	0.1374751336582248	534	0.8162057943456041	False
BRD:BRD-K25394294-001-14-9	0.06450455598054486	0.12906951158791502	555	0.8075566307266916	False
BRD:BRD-K90947825-001-02-7	0.0645084512006107	0.14337955740057567	516	0.8181068863444613	False
BRD:BRD-K00004663-001-01-9	0.06450928177013207	0.05674341385764937	873	0.7349749151867362	False
BRD:BRD-K03165895-001-01-9	0.06451176335063107	0.1361653696524761	535	0.8162057943456041	False
BRD:BRD-K73529671-001-02-9	0.06460896969203275	0.14082545713894615	521	0.816206777525615	False
BRD:BRD-K79511609-001-20-0	0.06461262309828128	0.1619629946357901	470	0.8250028008829817	False
BRD:BRD-K00004669-001-01-9	0.06469356973850626	0.055337601612519834	878	0.7349749151867362	False
BRD:BRD-K31731454-237-04-9	0.06480593976844061	0.05491458245939717	878	0.7349749151867362	False
BRD:BRD-A10523515-001-07-9	0.06482015718158649	0.1289372910161546	550	0.8075566307266916	False
BRD:BRD-K00003158-001-01-9	0.06490641540997559	0.05523334013050064	873	0.7349749151867362	False
BRD:BRD-K00004625-001-01-9	0.06492118685513804	0.0551778240125224	873	0.7349749151867362	False
BRD:BRD-K42260897-001-07-6	0.06497281850885056	0.13821719390172194	522	0.8162057943456041	False
BRD:BRD-A47953250-001-01-7	0.06497976106992448	0.13443926604676448	532	0.8139234579517742	False
BRD:BRD-K81004638-001-01-7	0.06498433432512192	0.15955719314419559	470	0.8234961688556373	False
BRD:BRD-K98795921-001-01-7	0.06510958583310762	0.12828101056760163	547	0.8075091514097005	False
BRD:BRD-K05181084-003-03-7	0.06514422214729956	0.12668502607310655	551	0.8030498370015018	False
BRD:BRD-K87492696-001-16-5	0.06516165362294928	0.12658326503573564	551	0.8030498370015018	False
BRD:BRD-K73877023-001-01-9	0.06524589604973026	0.15788052312976802	470	0.8234961688556373	False
BRD:BRD-A27376179-001-01-3	0.06535095281776108	0.12969393292742526	539	0.8075566307266916	False
BRD:BRD-K10071630-001-01-0	0.06539033402808936	0.12422599125481093	554	0.7989855807926727	False
BRD:BRD-K00141480-001-15-4	0.06540066014573138	0.1568947341763209	470	0.8234961688556373	False
BRD:BRD-A18795974-004-07-3	0.06541701548578523	0.12475620822360615	552	0.7989855807926727	False
BRD:BRD-K68997413-001-05-1	0.06542269535088915	0.12506694236244092	551	0.7989965184630639	False
BRD:BRD-K64034691-001-01-9	0.06551173922954183	0.1305463045479211	534	0.8075566307266916	False
BRD:BRD-K84783599-001-01-0	0.06558387255064874	0.1308473281956577	532	0.8076848713168325	False
BRD:BRD-K00003310-001-01-9	0.06560846886357757	0.051971060887156084	878	0.7349749151867362	False
BRD:BRD-K78318619-001-02-7	0.06562914367501023	0.12251579739818162	555	0.7989855807926727	False
BRD:BRD-K03449891-001-08-6	0.06565875043570235	0.12508590561505697	547	0.7989965184630639	False
BRD:BRD-A55393291-001-09-9	0.0656792632075212	0.12290804838419338	553	0.7989855807926727	False
BRD:BRD-K01950558-001-14-7	0.06572821244879952	0.12331025197829158	551	0.7989855807926727	False
BRD:BRD-K20545304-001-01-6	0.06578918619378192	0.12433618426765698	547	0.7989855807926727	False
BRD:BRD-A42699921-001-02-8	0.06581971478009499	0.1217689334719553	554	0.7989855807926727	False
BRD:BRD-K59325863-001-02-8	0.06582011675304265	0.12210525149354627	553	0.7989855807926727	False
BRD:BRD-K00003231-001-01-9	0.06592456296902946	0.05151404466929184	873	0.7349749151867362	False
BRD:BRD-K50031829-001-01-6	0.0659345901673559	0.1245432742517118	544	0.7989855807926727	False
BRD:BRD-K00003475-001-01-9	0.06597457666553184	0.05133687153812242	873	0.7349749151867362	False
BRD:BRD-K91699951-001-10-2	0.06599834289459709	0.12211355236411266	550	0.7989855807926727	False
BRD:BRD-K59325863-001-03-6	0.06604900080026084	0.13179245560759348	522	0.8120424442609434	False
BRD:BRD-K43457670-001-27-8	0.06605198824872496	0.14429460121080045	490	0.8209157294362215	False
BRD:BRD-K48195008-001-19-9	0.06608509380424701	0.1279238769975044	532	0.8072519747333224	False
BRD:BRD-K42973005-001-04-0	0.06611530604743523	0.12043607970720091	553	0.7989855807926727	False
BRD:BRD-K73504359-001-01-3	0.06617670337799608	0.12632207789381528	535	0.8030498370015018	False
BRD:BRD-K88807631-001-01-3	0.06620404755658096	0.1209515710774671	550	0.7989855807926727	False
BRD:BRD-K13050541-001-01-9	0.06629824491685471	0.12144360780539007	547	0.7989855807926727	False
BRD:BRD-K92150287-066-01-2	0.06642992710994684	0.12070397357646856	547	0.7989855807926727	False
BRD:BRD-A61194565-003-27-0	0.06649114906497576	0.12036130073663373	547	0.7989855807926727	False
BRD:BRD-K49659468-436-01-2	0.06654149184770258	0.1242410795918861	535	0.7989855807926727	False
BRD:BRD-K00003139-001-01-9	0.06655645137076587	0.048664960362233035	878	0.7349749151867362	False
BRD:BRD-K48452630-001-01-8	0.06655922789084351	0.12449436083194587	534	0.7989855807926727	False
BRD:BRD-K16077845-001-06-1	0.0665805839809285	0.11784135895114384	553	0.7974478964517558	False
BRD:BRD-K22149900-001-03-9	0.06658733529663455	0.12398145524254064	535	0.7989855807926727	False
BRD:BRD-K97746869-001-27-0	0.06658968658812826	0.11712598909922435	555	0.7952854659837333	False
BRD:BRD-A45543382-001-10-0	0.06659848911546958	0.11976232840651262	547	0.7989855807926727	False
BRD:BRD-K57708067-001-01-3	0.06667504190527374	0.14938889633439323	469	0.8219650492154336	False
BRD:BRD-K74965187-001-01-3	0.06669551471075767	0.14926372051268377	469	0.8219650492154336	False
BRD:BRD-K00003134-001-01-9	0.06674608687726283	0.0480252190393756	878	0.7349749151867362	False
BRD:BRD-K49900195-300-02-9	0.06678267622007955	0.04815810228976139	876	0.7349749151867362	False
BRD:BRD-K00004620-001-01-9	0.06683099583780715	0.0483811793881291	873	0.7349749151867362	False
BRD:BRD-A37704979-001-10-7	0.06698171504098135	0.116636507166133	550	0.7927546382963394	False
BRD:BRD-K48826825-001-01-8	0.067002464634587	0.11922682325313652	542	0.7989855807926727	False
BRD:BRD-K69726595-001-01-2	0.0670101695550277	0.1154847149571551	553	0.7927546382963394	False
BRD:BRD-K48059512-003-01-0	0.06702866309090509	0.14723796568743672	469	0.8219650492154336	False
BRD:BRD-K40109029-001-02-9	0.06704461779391005	0.11463892951638242	555	0.792434678315576	False
BRD:BRD-K16755045-003-01-7	0.0670502442966859	0.14667474129282299	470	0.8219650492154336	False
BRD:BRD-K39576764-071-01-6	0.06712895545434869	0.047006737713427414	876	0.7349749151867362	False
BRD:BRD-A30886737-001-02-9	0.06720126798315487	0.11544035536060589	550	0.7927546382963394	False
BRD:BRD-K69280563-001-01-8	0.06723944999075437	0.11623400931518657	547	0.7927546382963394	False
BRD:BRD-K82484347-001-01-2	0.06724962298645586	0.14547469412560934	470	0.8209157294362215	False
BRD:BRD-K36163066-304-02-4	0.06724985415015414	0.14547330712919448	470	0.8209157294362215	False
BRD:BRD-K83988098-001-02-0	0.06728982701055017	0.11663190289650337	545	0.7927546382963394	False
BRD:BRD-K07881437-001-03-8	0.06743231022511283	0.12031690288546941	532	0.7989855807926727	False
BRD:BRD-K40308497-001-01-2	0.06753480265625343	0.12366615496059574	521	0.7989855807926727	False
BRD:BRD-K21782625-001-03-2	0.06754364218271806	0.12325542199795088	522	0.7989855807926727	False
BRD:BRD-K00003156-066-01-9	0.06764166076840729	0.0450985278256117	878	0.7349749151867362	False
BRD:BRD-K79239947-001-06-8	0.06767086314451502	0.11390542138807047	547	0.7900079787793652	False
BRD:BRD-K69726342-238-02-4	0.06771983016397483	0.11167275594499197	553	0.7849461830916102	False
BRD:BRD-K97061094-001-21-4	0.06781579703985487	0.1268896606520147	508	0.8030498370015018	False
BRD:BRD-K04568635-300-01-4	0.06783846213150047	0.11367437098060881	545	0.7900079787793652	False
BRD:BRD-K83636919-001-04-8	0.06787146322625563	0.11217633397080479	549	0.7851765385640259	False
BRD:BRD-K36461289-001-05-8	0.06787300557567039	0.11282701984695717	547	0.7867251427894043	False
BRD:BRD-K59204667-001-03-1	0.06792416107545352	0.11091805579499903	552	0.7848472174256721	False
BRD:BRD-K97365803-001-02-1	0.0680336202604109	0.11296863243294096	544	0.7867251427894043	False
BRD:BRD-K56107812-001-01-7	0.06803620896894434	0.11633454166642532	534	0.7927546382963394	False
BRD:BRD-K73197500-001-02-2	0.06803913832557405	0.1106381728516805	551	0.7848472174256721	False
BRD:BRD-K30126819-304-02-7	0.06807263066858119	0.1101380978990572	552	0.7848472174256721	False
BRD:BRD-A99899486-004-01-9	0.068187624306275	0.11518046309524037	535	0.7927546382963394	False
BRD:BRD-K19761926-001-02-8	0.06822274057625476	0.11098020308960271	547	0.7848472174256721	False
BRD:BRD-A86523169-001-01-0	0.06822771808481559	0.14012009516640625	469	0.8162057943456041	False
BRD:BRD-A54927599-001-16-9	0.0682415062002218	0.11153945330046071	545	0.7848472174256721	False
BRD:BRD-K01054709-001-01-3	0.06828893497394063	0.1393401643611342	470	0.8162057943456041	False
BRD:BRD-K47929404-001-01-0	0.06830091814839909	0.11491742176959757	534	0.7927546382963394	False
BRD:BRD-K60025295-003-06-6	0.06830913039832738	0.10955068617903183	550	0.7848472174256721	False
BRD:BRD-K97158071-001-18-1	0.06831015624616123	0.10793805548156941	555	0.782272670276762	False
BRD:BRD-K04623885-001-07-5	0.06840837252332126	0.11066485407049408	545	0.7848472174256721	False
BRD:BRD-K68264559-045-04-0	0.06846623347569804	0.11472213384156278	532	0.792434678315576	False
BRD:BRD-K21361524-001-01-1	0.06863094557040482	0.10628961794084107	555	0.7768638383404853	False
BRD:BRD-K55790047-001-02-9	0.06870167154973703	0.04206437880376088	876	0.7243508772285912	False
BRD:BRD-K53561341-001-07-5	0.06874514895662216	0.10697839737686382	551	0.7790839973069469	False
BRD:BRD-K24452555-001-01-7	0.06877779014201281	0.11206129067234036	535	0.7851765385640259	False
BRD:BRD-K17295893-001-01-0	0.0687997597994704	0.11228371413043728	534	0.7851765385640259	False
BRD:BRD-K43383936-001-05-2	0.06882526808177364	0.1104761710382456	539	0.7848472174256721	False
BRD:BRD-A97674275-001-11-8	0.06890659976653275	0.10488907415480518	555	0.7751560791540202	False
BRD:BRD-K86525559-001-07-8	0.06891637360820696	0.11579989417465246	522	0.7927546382963394	False
BRD:BRD-K91106808-001-03-9	0.0689608254059911	0.04164381287206241	873	0.7231751647092168	False
BRD:BRD-K81645297-236-01-1	0.06897346219859826	0.1051814893899379	553	0.7751560791540202	False
BRD:BRD-K15898725-001-01-7	0.06903764735125537	0.10517339066752648	552	0.7751560791540202	False
BRD:BRD-K76614248-001-01-2	0.06906242002427616	0.11091616298838046	534	0.7848472174256721	False
BRD:BRD-K25494650-003-01-8	0.06909780389494458	0.11073294196530682	534	0.7848472174256721	False
BRD:BRD-K32127727-001-04-2	0.06913487852781089	0.13449515755845223	470	0.8139234579517742	False
BRD:BRD-K16803204-001-01-6	0.06914135110978402	0.10433531583573534	553	0.7751560791540202	False
BRD:BRD-K36949735-001-01-1	0.06920353414620123	0.1341077117054318	470	0.8139234579517742	False
BRD:BRD-K68567222-001-01-2	0.06923984877463543	0.1054245073207018	548	0.7751560791540202	False
BRD:BRD-K71487808-001-02-8	0.06926350886375346	0.040180127364917904	878	0.7183352112231243	False
BRD:BRD-K59058747-001-18-3	0.06929214312262695	0.11382191311112635	522	0.7900079787793652	False
BRD:BRD-K00003307-001-01-9	0.06935747207511497	0.04048098229068487	873	0.7183352112231243	False
BRD:BRD-A18611368-001-01-5	0.06935900314020572	0.1041904082287024	550	0.7751560791540202	False
BRD:BRD-K46416130-001-07-7	0.06951040395567322	0.1323864560534556	470	0.8129638368659343	False
BRD:BRD-K00003329-001-01-9	0.06960921790121678	0.039757300436933415	873	0.7183352112231243	False
BRD:BRD-U48018661-000-01-9	0.06965560282059927	0.1024008285543053	551	0.7706570507159977	False
BRD:BRD-A24543851-001-05-7	0.06970282997178955	0.10248083295007336	550	0.7706570507159977	False
BRD:BRD-K88625236-001-04-2	0.06988687474444595	0.10126315301946376	551	0.7705351671631437	False
BRD:BRD-K93918653-001-08-9	0.06993131872247944	0.10073529735280687	552	0.7704570214513049	False
BRD:BRD-K21833260-075-01-1	0.06998024417243542	0.1297842014414637	470	0.8075566307266916	False
BRD:BRD-K83020231-001-01-2	0.07002543667544993	0.12953600006449686	470	0.8075566307266916	False
BRD:BRD-K92908289-001-01-8	0.07003323049813831	0.10597509866359113	534	0.7762361595747399	False
BRD:BRD-K09907507-300-02-9	0.07003714406210461	0.038219237483975294	876	0.7109825274416225	False
BRD:BRD-K82846253-001-15-4	0.07015117392473977	0.10804381329819332	526	0.782272670276762	False
BRD:BRD-K29905972-001-06-3	0.07021549688251938	0.10090733139879185	547	0.7704570214513049	False
BRD:BRD-K67915505-001-01-2	0.070225740020013	0.12844033630669757	470	0.8075091514097005	False
BRD:BRD-K85882401-323-01-5	0.07028255237516083	0.10440860605780791	535	0.7751560791540202	False
BRD:BRD-K02389548-001-02-5	0.07036994825007764	0.0998467124927801	548	0.7704570214513049	False
BRD:BRD-K60240222-001-01-4	0.07044337015508093	0.09734690473449314	555	0.7659608129196168	False
BRD:BRD-K66241279-001-01-8	0.07044940689072314	0.09731815371983689	555	0.7659608129196168	False
BRD:BRD-K94830213-001-01-3	0.07050039215809892	0.10366028300489348	534	0.7751560791540202	False
BRD:BRD-K77685957-300-09-1	0.07055273162548786	0.10179453910413207	539	0.7706570507159977	False
BRD:BRD-K00003293-001-01-9	0.07058204111143888	0.03706291650488181	873	0.701051528330237	False
BRD:BRD-K31792052-004-02-7	0.07064153164502483	0.12659489460138124	469	0.8030498370015018	False
BRD:BRD-K78567475-001-01-4	0.07066399601477855	0.09936488485952254	545	0.7704570214513049	False
BRD:BRD-K00003445-001-01-9	0.07069210461983101	0.03623159122996684	878	0.701051528330237	False
BRD:BRD-K56957086-001-06-3	0.07070372192830182	0.09611307132708045	555	0.7659608129196168	False
BRD:BRD-K52459643-001-17-7	0.07070618114740575	0.09761897689074626	550	0.7659608129196168	False
BRD:BRD-K68103045-001-02-9	0.07077767336427479	0.09697465538914388	551	0.7659608129196168	False
BRD:BRD-K70401845-003-09-6	0.07086132546237572	0.09597380604450187	553	0.7659608129196168	False
BRD:BRD-K36467523-001-02-8	0.07089416924144394	0.09826538204721849	545	0.7686888756919512	False
BRD:BRD-K92968657-001-01-6	0.07091641156778937	0.09511440412521689	555	0.7659608129196168	False
BRD:BRD-K28360340-001-08-3	0.07099348304804085	0.10519637762077169	522	0.7751560791540202	False
BRD:BRD-K61443650-236-13-1	0.0710308287665896	0.09458060650165234	555	0.7654378047034796	False
BRD:BRD-K98006098-001-01-6	0.07105319047802054	0.12399010894087784	470	0.7989855807926727	False
BRD:BRD-K12762134-001-06-2	0.0710984861093616	0.09668284897933252	547	0.7659608129196168	False
BRD:BRD-K73947551-001-04-4	0.07116192055912263	0.035007399118031586	878	0.701051528330237	False
BRD:BRD-K67831364-003-03-3	0.07130234148128857	0.09332348223121542	555	0.7654378047034796	False
BRD:BRD-K25699529-003-01-1	0.07130915403542248	0.09448578220643325	551	0.7654378047034796	False
BRD:BRD-K62240499-001-05-9	0.071492114143135	0.09856231014159647	535	0.7692398556634042	False
BRD:BRD-K41143549-003-02-4	0.07151161731864479	0.09385067194886805	550	0.7654378047034796	False
BRD:BRD-K38860038-001-01-2	0.07151552575864503	0.0953455995971859	545	0.7659608129196168	False
BRD:BRD-A19102171-066-01-4	0.07153765840977863	0.09313330168418302	552	0.7654378047034796	False
BRD:BRD-K00104124-001-01-9	0.07160352924210764	0.03610054679882608	857	0.701051528330237	False
BRD:BRD-K71035033-001-07-1	0.0716723154733403	0.09222130357100976	553	0.7649689023275337	False
BRD:BRD-K76840893-003-02-5	0.07171609303371537	0.09231797707887317	552	0.7649689023275337	False
BRD:BRD-K07166362-330-02-8	0.07175582102116589	0.1015031856719452	522	0.7705351671631437	False
BRD:BRD-A64064900-001-02-3	0.07184154725312451	0.09567727440797333	539	0.7659608129196168	False
BRD:BRD-K79404599-001-09-3	0.07184585827288992	0.09084714577998984	555	0.7649689023275337	False
BRD:BRD-K45909031-001-01-5	0.0718465169329211	0.09202153902987956	551	0.7649689023275337	False
BRD:BRD-K09372874-001-01-0	0.07184694652330258	0.09784323416476225	532	0.7662693886721288	False
BRD:BRD-A16560607-001-02-5	0.07189037277954397	0.12000684583403913	469	0.7989855807926727	False
BRD:BRD-K12787259-001-04-3	0.07197143493133573	0.09726167019294399	532	0.7659608129196168	False
BRD:BRD-K05673000-236-12-1	0.07198945511164724	0.09167063162210591	550	0.7649689023275337	False
BRD:BRD-K03289018-001-02-7	0.07202232749852415	0.0900545576030305	555	0.7649689023275337	False
BRD:BRD-K58726989-001-02-7	0.07204380722036659	0.03280452059225042	878	0.701051528330237	False
BRD:BRD-K22134346-001-24-9	0.07204393348002182	0.10013450990299004	522	0.7704570214513049	False
BRD:BRD-K42205652-001-02-7	0.07208402855235568	0.0897787486125755	555	0.7649689023275337	False
BRD:BRD-A30703952-201-01-2	0.07215765882786594	0.09422261090569908	539	0.7654378047034796	False
BRD:BRD-K12102668-001-25-5	0.07217082846136741	0.09055939905862646	551	0.7649689023275337	False
BRD:BRD-K28761891-001-10-1	0.07219352057811136	0.08958114491640533	554	0.7649689023275337	False
BRD:BRD-K62374002-001-01-5	0.07235851614551415	0.09453716842884004	535	0.7654378047034796	False
BRD:BRD-K03128577-005-08-9	0.07236645118677575	0.03222556612197461	876	0.701051528330237	False
BRD:BRD-K53734668-003-02-0	0.0724016451916193	0.09527307595365651	532	0.7659608129196168	False
BRD:BRD-A79768653-001-12-0	0.07245097050817505	0.09108102648022313	545	0.7649689023275337	False
BRD:BRD-K75855670-001-14-2	0.07250075958177472	0.08938304908506489	550	0.7649689023275337	False
BRD:BRD-K00090626-001-01-9	0.07252672235699092	0.03365950972305966	858	0.701051528330237	False
BRD:BRD-K60446698-001-01-2	0.07254341728657203	0.08890267329230196	551	0.7649689023275337	False
BRD:BRD-K26122255-001-01-7	0.07263192295545101	0.11583299937332395	470	0.7927546382963394	False
BRD:BRD-K00003180-001-01-9	0.07266340258737755	0.03132865496974855	878	0.701051528330237	False
BRD:BRD-K06502269-001-02-6	0.07266805738189237	0.09313136213880766	535	0.7654378047034796	False
BRD:BRD-K41853443-001-02-9	0.07267254827901552	0.08804460616172102	552	0.7649689023275337	False
BRD:BRD-K13473780-001-02-1	0.07268113489136037	0.11597571805096102	469	0.7927546382963394	False
BRD:BRD-A74387232-001-02-5	0.07274788966060564	0.09685206265443445	522	0.7659608129196168	False
BRD:BRD-K62810658-001-12-2	0.0727662570785358	0.08821342231172112	550	0.7649689023275337	False
BRD:BRD-K24871708-002-04-6	0.07277767166721906	0.11510164992903685	470	0.7927546382963394	False
BRD:BRD-K41524689-001-23-5	0.07279057167533003	0.09136327364778059	539	0.7649689023275337	False
BRD:BRD-A73385064-001-01-5	0.07281890975658303	0.0924523432157257	535	0.7649689023275337	False
BRD:BRD-K71430621-303-02-3	0.07287588288667621	0.08919509562171919	545	0.7649689023275337	False
BRD:BRD-K25146005-001-01-0	0.07289923374830143	0.09209240844298998	535	0.7649689023275337	False
BRD:BRD-K11785681-001-01-2	0.0729409888200567	0.1142864507538504	470	0.7918418373659636	False
BRD:BRD-K17075857-001-18-4	0.07294136062004472	0.09282437837937749	532	0.7654378047034796	False
BRD:BRD-K61337602-003-02-1	0.07298653128530252	0.08725239097605739	550	0.7649689023275337	False
BRD:BRD-K11773281-075-02-4	0.07304489690243535	0.11377015500701392	470	0.7900079787793652	False
BRD:BRD-A09349126-001-10-7	0.07309206819415022	0.09245750864307013	531	0.7649689023275337	False
BRD:BRD-K54416256-001-19-9	0.07310510718442646	0.08673855703483108	550	0.7649689023275337	False
BRD:BRD-K21237892-376-01-3	0.07311379676227703	0.09113644570690588	535	0.7649689023275337	False
BRD:BRD-K78659596-001-03-9	0.07314349169449008	0.08802352739929652	545	0.7649689023275337	False
BRD:BRD-K00091073-001-01-9	0.07316816968619627	0.03211599904244451	858	0.701051528330237	False
BRD:BRD-K53523901-001-04-4	0.07321522603952312	0.08712924370145315	547	0.7649689023275337	False
BRD:BRD-A96485169-001-14-3	0.0732276389835541	0.08478841520108027	555	0.7649689023275337	False
BRD:BRD-K13646352-001-03-8	0.07332527891916193	0.08665409778963176	547	0.7649689023275337	False
BRD:BRD-K03294269-001-08-0	0.07340593326880109	0.08403095672049947	555	0.7648394050029376	False
BRD:BRD-K98251413-001-04-0	0.07340621404720306	0.08402976819488515	555	0.7648394050029376	False
BRD:BRD-K10226125-245-01-5	0.07349739984182624	0.11154308760173395	470	0.7848472174256721	False
BRD:BRD-K15834839-001-02-3	0.07352365702786695	0.08494427280873626	550	0.7649689023275337	False
BRD:BRD-K70281171-050-08-9	0.07357292599467452	0.08616939379446116	545	0.7649689023275337	False
BRD:BRD-K21680192-300-14-4	0.07368139273422235	0.08513088360592468	547	0.7649689023275337	False
BRD:BRD-K17774839-001-02-9	0.07373542672350557	0.08264553050400217	555	0.7598564903803111	False
BRD:BRD-K17621556-001-01-5	0.07377282397923873	0.1105857742678215	469	0.7848472174256721	False
BRD:BRD-K87028197-001-01-3	0.07378059429728119	0.08471043333844143	547	0.7649689023275337	False
BRD:BRD-K04185004-003-11-9	0.07387383098787104	0.08346621637369155	550	0.7617414101846312	False
BRD:BRD-A06784547-001-03-9	0.07390815959941716	0.02871695275910052	876	0.701051528330237	False
BRD:BRD-K52579889-001-01-9	0.07398558521001489	0.08763141794348679	534	0.7649689023275337	False
BRD:BRD-K62309135-001-05-2	0.07402900728738303	0.08744507047905692	534	0.7649689023275337	False
BRD:BRD-K81062487-001-05-8	0.07411805117913237	0.08244773110381402	550	0.7598564903803111	False
BRD:BRD-K33690734-001-01-5	0.0742318714060691	0.08142007187258074	552	0.7552490273426546	False
BRD:BRD-K12068470-001-02-5	0.07424582134639973	0.09015305164328566	522	0.7649689023275337	False
BRD:BRD-K07572174-001-39-4	0.07426876910300552	0.09005339341525337	522	0.7649689023275337	False
BRD:BRD-K61693562-300-01-7	0.07428394203557097	0.08176165520117129	550	0.7563510065612439	False
BRD:BRD-K00073038-001-02-9	0.07429008980975053	0.029561743583299518	858	0.701051528330237	False
BRD:BRD-A08545410-311-03-4	0.07429863493329394	0.08992382359169603	522	0.7649689023275337	False
BRD:BRD-K00090631-001-01-9	0.07433895402592552	0.02945457630785754	858	0.701051528330237	False
BRD:BRD-A48237631-001-04-8	0.07435959210783821	0.08285455680055294	545	0.7598564903803111	False
BRD:BRD-A41250306-001-11-7	0.0743798131560124	0.07998945072618795	555	0.7552490273426546	False
BRD:BRD-K09537769-001-04-0	0.07449029945718515	0.07954106483497243	555	0.7552490273426546	False
BRD:BRD-K00003236-001-01-9	0.07450747314331019	0.027268002797523443	878	0.701051528330237	False
BRD:BRD-K25835157-001-01-4	0.07457589849788153	0.08001424910657146	552	0.7552490273426546	False
BRD:BRD-K72868067-001-02-4	0.0746175035418613	0.10617774107792285	470	0.7768638383404853	False
BRD:BRD-K17294426-050-12-3	0.07462254608451009	0.07900705088701435	555	0.7552490273426546	False
BRD:BRD-K69215269-001-01-1	0.07462802889922612	0.10650276945249876	469	0.7772848730336512	False
BRD:BRD-A29944538-003-08-3	0.0746636878438967	0.08020851982438253	550	0.7552490273426546	False
BRD:BRD-K01942833-001-01-8	0.07469852641810985	0.10579768925786684	470	0.7757735529815507	False
BRD:BRD-K65814004-003-02-9	0.07476762418781926	0.08061768388716707	547	0.7552490273426546	False
BRD:BRD-K16189898-003-03-3	0.07493715828391048	0.07774832638250302	555	0.7552490273426546	False
BRD:BRD-K06388322-312-02-6	0.07499352214237222	0.0788789967226058	550	0.7552490273426546	False
BRD:BRD-K94934625-001-01-5	0.07501724484893747	0.10468441807335405	469	0.7751560791540202	False
BRD:BRD-K03894385-001-01-1	0.07511907541991815	0.08258177121837534	535	0.7598564903803111	False
BRD:BRD-A51829654-003-07-7	0.07516900581790052	0.07817896269233089	550	0.7552490273426546	False
BRD:BRD-K79450420-001-01-8	0.07520723589863347	0.08222110093099726	535	0.7595663609815937	False
BRD:BRD-K58343622-001-01-6	0.07520858871982111	0.07748022773850975	552	0.7552490273426546	False
BRD:BRD-A78210457-001-01-5	0.07528920745815	0.10342850169469843	469	0.7746065067769453	False
BRD:BRD-K83322645-050-01-9	0.07532850799480642	0.07727670661100053	551	0.7552490273426546	False
BRD:BRD-K50490982-001-09-9	0.07534285513612282	0.025583102125618512	878	0.701051528330237	False
BRD:BRD-K79124250-001-08-9	0.07545596657613902	0.07570825298857765	555	0.7543862461153806	False
BRD:BRD-K75641298-003-25-0	0.07546284564698713	0.07568149841961433	555	0.7543862461153806	False
BRD:BRD-K74190368-001-04-3	0.07548755211329417	0.07828218758303726	545	0.7552490273426546	False
BRD:BRD-K46290096-001-01-1	0.07549896811229787	0.07823697992463442	545	0.7552490273426546	False
BRD:BRD-K57371763-001-01-7	0.0755167302790135	0.07600299250859463	553	0.7552490273426546	False
BRD:BRD-K89464729-001-03-1	0.07554721133635076	0.10224811047089512	469	0.7706570507159977	False
BRD:BRD-K42673188-001-01-1	0.07560689673547624	0.08060200643990088	535	0.7552490273426546	False
BRD:BRD-K81473089-003-26-1	0.075624874824196	0.08138768309393733	532	0.7552490273426546	False
BRD:BRD-K26921335-003-01-2	0.07569235819704041	0.024905315936295646	878	0.701051528330237	False
BRD:BRD-K27515606-003-01-3	0.07572224982407086	0.08013952359953436	535	0.7552490273426546	False
BRD:BRD-K21452876-003-01-8	0.07574346557397406	0.08090983628980473	532	0.7552490273426546	False
BRD:BRD-A86216746-046-02-6	0.07584767126618254	0.07935704575797331	536	0.7552490273426546	False
BRD:BRD-A08715367-001-01-7	0.07584886990136591	0.07631962876421225	547	0.7552490273426546	False
BRD:BRD-K41312087-001-02-7	0.07588219224766785	0.07538567190118295	550	0.7543862461153806	False
BRD:BRD-K13078532-001-28-4	0.07597352080185885	0.07610586104458872	546	0.7552490273426546	False
BRD:BRD-A93683007-001-01-9	0.07612966878304059	0.07852324778958396	535	0.7552490273426546	False
BRD:BRD-K43639297-001-01-9	0.07616575176244576	0.07866207417636731	534	0.7552490273426546	False
BRD:BRD-K92577649-300-01-2	0.07620950561240927	0.07282296298894915	555	0.7476476669361565	False
BRD:BRD-K00003263-001-01-9	0.07623151449402739	0.023890190361715725	878	0.701051528330237	False
BRD:BRD-A13598753-001-01-2	0.07633013701581681	0.07314870212368839	552	0.7479795523426409	False
BRD:BRD-K81016934-001-02-0	0.07638662911611717	0.07835771034779734	532	0.7552490273426546	False
BRD:BRD-K00091066-075-01-9	0.07642552445130134	0.02517935397028147	858	0.701051528330237	False
BRD:BRD-K00003406-001-01-9	0.07649322071237083	0.02341049979677463	878	0.701051528330237	False
BRD:BRD-K42756753-001-01-9	0.0765291292912537	0.07780119322307141	532	0.7552490273426546	False
BRD:BRD-K00003410-001-01-9	0.07656005759384667	0.02368707731029954	873	0.701051528330237	False
BRD:BRD-K68544925-001-01-1	0.07659358925433615	0.07699251650644681	534	0.7552490273426546	False
BRD:BRD-K79584249-001-01-3	0.0766209997317965	0.07336588834465373	547	0.7479795523426409	False
BRD:BRD-K72514671-001-01-4	0.07663308428630755	0.0973968355569488	469	0.7659608129196168	False
BRD:BRD-K11590034-002-03-4	0.07669389139577663	0.08000995431986574	522	0.7552490273426546	False
BRD:BRD-K20605374-001-05-4	0.07696802846531438	0.07000986621049027	555	0.7374685566871314	False
BRD:BRD-K64890080-001-13-8	0.0770184820576078	0.07240620183094669	545	0.7460365863916966	False
BRD:BRD-K66296774-236-11-3	0.0770904429005863	0.07564019587897342	532	0.7543862461153806	False
BRD:BRD-A87435144-001-01-6	0.0770933891577101	0.07031550162265225	552	0.7374685566871314	False
BRD:BRD-K43389675-003-20-9	0.07718623863219382	0.07048852625772434	550	0.7374685566871314	False
BRD:BRD-K21771665-304-04-2	0.07719401750297952	0.07805605878659781	522	0.7552490273426546	False
BRD:BRD-K78973789-001-02-9	0.07721399874912548	0.022132267131675754	878	0.701051528330237	False
BRD:BRD-K36269323-300-02-6	0.0772559355740877	0.07178970936706285	544	0.7419362657570118	False
BRD:BRD-K65781196-001-03-0	0.077262888218096	0.07150234714538453	545	0.7412228047590244	False
BRD:BRD-K00652956-001-01-5	0.07730717467141732	0.09447870594466919	469	0.7654378047034796	False
BRD:BRD-A97730597-003-11-5	0.07749042481291375	0.07015226362116744	547	0.7374685566871314	False
BRD:BRD-K71281111-001-04-3	0.07756779916228686	0.06834882019985397	553	0.735539702623859	False
BRD:BRD-K64422603-300-02-7	0.07767702273265281	0.0684616950226766	551	0.735539702623859	False
BRD:BRD-K68164687-001-01-6	0.07768360419316393	0.06793622820871341	553	0.735539702623859	False
BRD:BRD-K13514097-001-05-3	0.07768679625988245	0.0686792594202543	550	0.735539702623859	False
BRD:BRD-K00003125-001-01-9	0.07770969986413563	0.02128875726757626	878	0.701051528330237	False
BRD:BRD-A16035238-001-01-7	0.07786385093871245	0.09177390311258767	470	0.7649689023275337	False
BRD:BRD-K13390322-001-06-3	0.07798959169113177	0.07042175347643861	539	0.7374685566871314	False
BRD:BRD-K42624714-001-04-1	0.07807571913637334	0.09123736021047729	469	0.7649689023275337	False
BRD:BRD-K12184916-001-15-4	0.0781016944149334	0.0664636178420637	553	0.735063097914755	False
BRD:BRD-A91031770-001-01-8	0.07810887112252628	0.09109957169305143	469	0.7649689023275337	False
BRD:BRD-K00003495-001-01-9	0.07812054724559168	0.020610962502941425	878	0.701051528330237	False
BRD:BRD-K18834913-001-01-1	0.07818839699784637	0.06640823388938813	552	0.735063097914755	False
BRD:BRD-K57886322-001-16-6	0.07818905345363256	0.0679068849771014	546	0.735539702623859	False
BRD:BRD-K33127281-001-05-6	0.07834313300092133	0.06711324020581769	547	0.735539702623859	False
BRD:BRD-K55305701-001-01-2	0.0783936808012854	0.06496341844386211	555	0.735063097914755	False
BRD:BRD-K73982490-001-02-9	0.0784554894646638	0.06722326858072786	545	0.735539702623859	False
BRD:BRD-K22518984-001-01-8	0.07849722823454919	0.06964700403721347	535	0.7374685566871314	False
BRD:BRD-K82603084-408-01-1	0.07849858880129723	0.06860193443512258	539	0.735539702623859	False
BRD:BRD-K99504665-001-01-2	0.07852522548260542	0.06451326206941012	555	0.7349749151867362	False
BRD:BRD-K00004706-001-01-9	0.07858233877680026	0.020227346389475546	873	0.701051528330237	False
BRD:BRD-K63651590-001-01-3	0.0786396363101535	0.08857461657271247	470	0.7649689023275337	False
BRD:BRD-K24844714-001-24-5	0.07882602808735836	0.06926562969596803	532	0.7374685566871314	False
BRD:BRD-K65924316-001-03-1	0.07890784138131979	0.06516075959205973	547	0.735063097914755	False
BRD:BRD-K41662846-003-01-5	0.07900851872596788	0.06810100418836412	534	0.735539702623859	False
BRD:BRD-K41160163-001-06-8	0.07936476399190161	0.06217332086969871	553	0.7349749151867362	False
BRD:BRD-K33813875-003-01-8	0.07937879669159541	0.06554597610233832	539	0.735063097914755	False
BRD:BRD-A55272860-001-14-6	0.07940248016279287	0.06228642784331662	552	0.7349749151867362	False
BRD:BRD-K43992824-300-01-0	0.07946763726376305	0.0855942212937111	469	0.7649689023275337	False
BRD:BRD-K04112579-001-07-0	0.07973663023378891	0.061662953251515835	550	0.7349749151867362	False
BRD:BRD-K76703230-004-04-1	0.08000595043289399	0.06078671865446031	550	0.7349749151867362	False
BRD:BRD-K12251893-065-04-7	0.08009877337597215	0.06119609712112279	547	0.7349749151867362	False
BRD:BRD-K35798650-001-01-4	0.08021913952238179	0.0637215445822266	535	0.7349749151867362	False
BRD:BRD-A08187463-001-12-9	0.08026441911692452	0.06432221589596118	532	0.7349749151867362	False
BRD:BRD-K00003171-001-01-9	0.08029515021996327	0.017327464815443668	878	0.6911249791794933	False
BRD:BRD-K00004697-001-01-9	0.08030979484677389	0.017307002890363354	878	0.6911249791794933	False
BRD:BRD-K60984070-001-01-0	0.08034568839981923	0.05946352855304444	551	0.7349749151867362	False
BRD:BRD-K43570081-001-02-4	0.08049560523667457	0.017176008534923532	876	0.6911249791794933	False
BRD:BRD-K82850175-001-01-1	0.08050380068664356	0.05804670705502628	555	0.7349749151867362	False
BRD:BRD-A92177080-001-02-1	0.0805876895058468	0.0625088115298182	535	0.7349749151867362	False
BRD:BRD-K11683436-001-01-7	0.08058788395929092	0.08093422917916289	470	0.7552490273426546	False
BRD:BRD-K85649978-001-02-1	0.08068600183557315	0.08088865829587605	469	0.7552490273426546	False
BRD:BRD-K96233303-001-01-9	0.08072859529916725	0.05780001775085639	553	0.7349749151867362	False
BRD:BRD-K38018935-001-01-1	0.0807509143205243	0.01682540712477965	876	0.6911249791794933	False
BRD:BRD-K69776681-001-03-8	0.0807512312090017	0.05772964159221315	553	0.7349749151867362	False
BRD:BRD-K62676709-065-05-5	0.08082957382752202	0.057035322973496436	555	0.7349749151867362	False
BRD:BRD-K68507560-003-24-6	0.08082974838421561	0.05909571072034139	546	0.7349749151867362	False
BRD:BRD-K89152108-236-07-6	0.08083657692529064	0.06787289838515012	511	0.735539702623859	False
BRD:BRD-A09911125-001-01-4	0.0808544692527758	0.06188760701504299	534	0.7349749151867362	False
BRD:BRD-K93632104-001-17-2	0.08103158868444042	0.057543484964569076	550	0.7349749151867362	False
BRD:BRD-A49035384-003-28-9	0.08114221277370842	0.06395500867745275	522	0.7349749151867362	False
BRD:BRD-K68867920-051-11-5	0.08116619923631124	0.05645202311621999	553	0.7349749151867362	False
BRD:BRD-K04923131-001-15-4	0.08124699774052177	0.058024869646287475	545	0.7349749151867362	False
BRD:BRD-K29328421-001-01-6	0.08126191581256684	0.07873841123402693	469	0.7552490273426546	False
BRD:BRD-A42759514-001-20-5	0.08126478035056586	0.05570704792635804	555	0.7349749151867362	False
BRD:BRD-A93236127-001-04-5	0.08130848216177423	0.05669292481443081	550	0.7349749151867362	False
BRD:BRD-K13249881-001-02-3	0.08133603956149157	0.060831216034431555	532	0.7349749151867362	False
BRD:BRD-K23672206-001-01-4	0.08138704261714912	0.05667935001694324	549	0.7349749151867362	False
BRD:BRD-K02490038-236-03-8	0.08138841942487621	0.01597720499907941	876	0.6909886748009503	False
BRD:BRD-K18634484-001-02-9	0.08149784780440344	0.015835447154594798	876	0.6903650571913567	False
BRD:BRD-A33352494-316-01-6	0.08168461110939271	0.05924998155600739	534	0.7349749151867362	False
BRD:BRD-K55187425-236-05-2	0.08190447838281817	0.05467640927610467	551	0.7349749151867362	False
BRD:BRD-K58937086-001-01-4	0.08201913440040802	0.05567323418155775	545	0.7349749151867362	False
BRD:BRD-K32285926-001-02-1	0.0821044578734811	0.05541829948233714	545	0.7349749151867362	False
BRD:BRD-K86930074-001-05-0	0.08220525565188337	0.05648093740678403	539	0.7349749151867362	False
BRD:BRD-K38775274-001-22-1	0.08227456988382002	0.074758591996907	470	0.7538276467908206	False
BRD:BRD-K59436580-001-01-7	0.08238740259621749	0.052398975544080656	555	0.7349749151867362	False
BRD:BRD-K75410565-001-02-9	0.08239175876521068	0.07465472495907516	469	0.7538276467908206	False
BRD:BRD-K58299615-001-03-5	0.08241687433397879	0.059144436201501206	525	0.7349749151867362	False
BRD:BRD-A13946108-001-17-1	0.08245284919646732	0.05394461531317732	547	0.7349749151867362	False
BRD:BRD-K31394475-001-01-9	0.08247464206468483	0.07405220668873451	470	0.7536781247477776	False
BRD:BRD-K24771047-001-01-6	0.08249456810953494	0.05382285323040338	547	0.7349749151867362	False
BRD:BRD-K89709433-001-03-9	0.08261197982420755	0.014342054002972948	878	0.6773823561305425	False
BRD:BRD-K79131256-001-17-9	0.08276420721165287	0.051326024555483955	555	0.7349749151867362	False
BRD:BRD-K43905307-001-01-2	0.08277553939520144	0.05925880400754453	520	0.7349749151867362	False
BRD:BRD-A19609491-001-01-8	0.08278411542939967	0.07327759845710576	469	0.7479795523426409	False
BRD:BRD-K42495768-001-01-7	0.08279640345492707	0.05472300073657357	539	0.7349749151867362	False
BRD:BRD-K43797669-001-30-4	0.08298181047317477	0.05071479749738774	555	0.7349749151867362	False
BRD:BRD-K02407574-001-09-7	0.08302701579589093	0.050588585849173605	555	0.7349749151867362	False
BRD:BRD-K65991129-001-02-9	0.08309665197609965	0.053847703172066816	539	0.7349749151867362	False
BRD:BRD-K36386086-001-01-1	0.08338519952794103	0.05170678533185182	545	0.7349749151867362	False
BRD:BRD-K53097745-001-01-5	0.08343007319190993	0.04947482370234325	555	0.7349749151867362	False
BRD:BRD-K72898849-001-01-8	0.08347085350046339	0.013356278824473248	878	0.6749207357190978	False
BRD:BRD-K99498722-001-02-6	0.08347477926735722	0.05102717272776358	547	0.7349749151867362	False
BRD:BRD-K13169950-001-14-4	0.08361408670993799	0.05063987169842083	547	0.7349749151867362	False
BRD:BRD-A47342814-003-01-8	0.083647989894617	0.05097146240239723	545	0.7349749151867362	False
BRD:BRD-A28301258-001-03-0	0.08370830253294655	0.05037932853336257	547	0.7349749151867362	False
BRD:BRD-K42140276-402-01-4	0.08377510222697288	0.05279464154851392	535	0.7349749151867362	False
BRD:BRD-K60298136-001-03-3	0.08377716281812822	0.06988449855332167	469	0.7374685566871314	False
BRD:BRD-K92723993-001-17-4	0.08387769452131127	0.012706176588712056	882	0.6749207357190978	False
BRD:BRD-K25630527-001-03-8	0.08394523136491293	0.048081230752224056	555	0.7349749151867362	False
BRD:BRD-K35589454-003-01-1	0.08399084051404615	0.050025268518964466	545	0.7349749151867362	False
BRD:BRD-A52460047-001-01-3	0.08399230771311339	0.048976896276221094	550	0.7349749151867362	False
BRD:BRD-K16757695-050-02-5	0.0840002293393749	0.048340121850008175	553	0.7349749151867362	False
BRD:BRD-K30930903-001-01-3	0.08405695757943871	0.06865518441013184	470	0.735539702623859	False
BRD:BRD-K48173020-001-01-8	0.0840752531413327	0.04875317595102632	550	0.7349749151867362	False
BRD:BRD-K46843573-001-01-9	0.08408809151762973	0.051912600788288535	535	0.7349749151867362	False
BRD:BRD-K94379058-001-06-8	0.08417890797815245	0.04951250951698454	545	0.7349749151867362	False
BRD:BRD-K70610771-001-02-9	0.0842609131617525	0.0488736051987855	547	0.7349749151867362	False
BRD:BRD-A63444178-001-01-5	0.08442954215287901	0.04740210136060207	552	0.7349749151867362	False
BRD:BRD-K25991633-001-01-9	0.08453569501194974	0.04855182236231369	545	0.7349749151867362	False
BRD:BRD-K00091286-001-01-9	0.08453844722307005	0.013245665590813567	858	0.6749207357190978	False
BRD:BRD-K00004617-001-01-9	0.08456500853497348	0.012436705534867077	873	0.6749207357190978	False
BRD:BRD-K31339321-001-03-6	0.08478346284540685	0.0468776128382444	550	0.7349749151867362	False
BRD:BRD-K68453341-001-01-1	0.08487065379739833	0.06600783320351103	470	0.735063097914755	False
BRD:BRD-K36198571-001-02-0	0.08493046526181312	0.05090159226126247	529	0.7349749151867362	False
BRD:BRD-K00091095-001-01-9	0.08498734446248787	0.012763676542208474	858	0.6749207357190978	False
BRD:BRD-K47983010-001-15-3	0.08520175619570323	0.011549568444607482	878	0.6749207357190978	False
BRD:BRD-A10188456-001-04-9	0.08534153761278662	0.048502511155486205	535	0.7349749151867362	False
BRD:BRD-K67262033-001-01-0	0.08565106244280506	0.06354813229098638	470	0.7349749151867362	False
BRD:BRD-K77987496-011-01-9	0.08566481668285296	0.06350546783323253	470	0.7349749151867362	False
BRD:BRD-A80017228-001-25-7	0.08577385135443903	0.0435874044544796	554	0.7314186441645905	False
BRD:BRD-K14796088-003-26-8	0.0858461713408081	0.043220261506931625	555	0.7314186441645905	False
BRD:BRD-K68003372-001-01-6	0.08619996064438037	0.06186372347157241	470	0.7349749151867362	False
BRD:BRD-K76205745-237-16-5	0.08627252607430204	0.0444874700181558	543	0.7349749151867362	False
BRD:BRD-K42898655-001-01-8	0.08630784122823704	0.04210432118016011	555	0.7243508772285912	False
BRD:BRD-K42536037-001-01-3	0.08644246618206608	0.06140882277743469	469	0.7349749151867362	False
BRD:BRD-K40269473-001-02-2	0.08668502324139142	0.04328187240713998	544	0.7314186441645905	False
BRD:BRD-A56592690-001-04-3	0.08673785335084454	0.041086871210301135	555	0.7208781796329321	False
BRD:BRD-K68408772-001-05-4	0.08681629683363612	0.04493361384161074	534	0.7349749151867362	False
BRD:BRD-K64120610-046-01-9	0.08682444937529457	0.05999231591608785	470	0.7349749151867362	False
BRD:BRD-K12742203-003-01-7	0.08689352666271191	0.044742634061956776	534	0.7349749151867362	False
BRD:BRD-K60265345-001-02-9	0.08692122331673865	0.00997261218728864	878	0.6328414649690641	False
BRD:BRD-A92448440-001-01-3	0.08701122964350803	0.05944176863298271	470	0.7349749151867362	False
BRD:BRD-A42423104-001-01-4	0.08707194332906665	0.04430404104625419	534	0.7349749151867362	False
BRD:BRD-K32322923-001-01-7	0.08712507776491289	0.059108248194291425	470	0.7349749151867362	False
BRD:BRD-K08206212-002-01-0	0.0872874940236399	0.04417739873381247	532	0.7349749151867362	False
BRD:BRD-K00003162-001-01-9	0.08734102413226175	0.009617960950802945	878	0.6219614748185904	False
BRD:BRD-K33814251-001-01-4	0.08739817618486038	0.04595051944604198	522	0.7349749151867362	False
BRD:BRD-K19426040-001-01-1	0.08742434658598522	0.05850848554116238	469	0.7349749151867362	False
BRD:BRD-A50062753-001-02-9	0.08747854610206027	0.009586477573778729	876	0.6219614748185904	False
BRD:BRD-K62965247-001-04-9	0.08756624589893461	0.040083921315686166	550	0.7183352112231243	False
BRD:BRD-K29462201-001-01-9	0.08773343494066647	0.04061839749260277	545	0.7183352112231243	False
BRD:BRD-K61642990-001-01-0	0.08804494322048599	0.039543482294707194	547	0.7183352112231243	False
BRD:BRD-K60348325-065-09-9	0.0881718328877118	0.040730347028115295	539	0.7183352112231243	False
BRD:BRD-A04447196-001-01-8	0.08819245158226507	0.04143997773543725	535	0.7231751647092168	False
BRD:BRD-K75167327-001-01-6	0.08833015190589026	0.055934334745884225	469	0.7349749151867362	False
BRD:BRD-A36057565-001-01-0	0.08855434905084124	0.03876836942655253	545	0.7161994828271249	False
BRD:BRD-A00520476-001-07-4	0.08856938069517284	0.03784841072610583	550	0.7079633852073239	False
BRD:BRD-K00003165-300-01-9	0.08857376953501077	0.008833032976360827	873	0.6183123083452579	False
BRD:BRD-K92723993-001-06-7	0.08863795099153382	0.036836269513675496	555	0.701051528330237	False
BRD:BRD-K92980438-001-03-3	0.08871649105516274	0.042757477430309165	522	0.7294554566628122	False
BRD:BRD-K00003299-001-01-9	0.088739160482939	0.008516369838461102	878	0.6170534873939046	False
BRD:BRD-K91308639-001-02-7	0.08882369988509124	0.036953367013258104	552	0.701051528330237	False
BRD:BRD-K01492390-001-01-9	0.08884639230780865	0.05450980880218048	469	0.7349749151867362	False
BRD:BRD-K21920947-001-02-1	0.08891409215321572	0.054325253458983536	469	0.7349749151867362	False
BRD:BRD-K20850787-001-01-6	0.08891520944442408	0.054064472617067386	470	0.7349749151867362	False
BRD:BRD-A44188509-001-01-2	0.08908730003244304	0.0394107053109929	535	0.7183352112231243	False
BRD:BRD-K77008974-001-03-2	0.08913638037325301	0.037150580732855557	547	0.701051528330237	False
BRD:BRD-K57416838-001-01-1	0.08920792344101333	0.053530257232934364	469	0.7349749151867362	False
BRD:BRD-K15791587-003-02-5	0.08971922070967026	0.035416936067543495	550	0.701051528330237	False
BRD:BRD-K00003358-001-01-9	0.08979978144754103	0.00793461358300759	873	0.6170534873939046	False
BRD:BRD-K83023055-001-02-7	0.08991742350962141	0.03468026921643491	552	0.701051528330237	False
BRD:BRD-K05445342-001-05-3	0.08994411166682086	0.03995434346278297	522	0.7183352112231243	False
BRD:BRD-K37151368-001-01-7	0.09017158414459753	0.050742710533692746	470	0.7349749151867362	False
BRD:BRD-K50378376-001-01-8	0.09019340985044386	0.05093428857459835	469	0.7349749151867362	False
BRD:BRD-K00090635-001-01-9	0.09020291559212966	0.008199798734893795	858	0.6170534873939046	False
BRD:BRD-K94948151-001-07-4	0.0903189221067913	0.050611337805191295	469	0.7349749151867362	False
BRD:BRD-K51784806-001-01-6	0.09032521047591109	0.03691974836762182	534	0.701051528330237	False
BRD:BRD-K83988098-003-03-4	0.09046347339353154	0.03881611335498998	522	0.7161994828271249	False
BRD:BRD-K88308881-001-06-8	0.09048109249947935	0.03388015511123502	550	0.701051528330237	False
BRD:BRD-K23984367-075-15-2	0.09048971551807189	0.034355242433444434	547	0.701051528330237	False
BRD:BRD-K62456038-003-07-1	0.09068187613789343	0.03430304124510762	545	0.701051528330237	False
BRD:BRD-K20468903-001-01-6	0.09088522524414575	0.035586970392377994	535	0.701051528330237	False
BRD:BRD-K53156626-001-01-3	0.0909623362761954	0.03543029127238034	535	0.701051528330237	False
BRD:BRD-A34603619-001-01-9	0.09100551531954842	0.03534281396033496	535	0.701051528330237	False
BRD:BRD-K12040459-001-06-0	0.0910309846253436	0.032806614810456006	550	0.701051528330237	False
BRD:BRD-K43644456-001-04-0	0.09114625351930633	0.03736163179465165	522	0.702729861179182	False
BRD:BRD-K06181161-048-15-1	0.09123189601371563	0.03226393591247993	551	0.701051528330237	False
BRD:BRD-K50859149-001-19-5	0.09136954622539697	0.03216020393710106	550	0.701051528330237	False
BRD:BRD-K12885236-001-02-7	0.09158159258907866	0.03223250226455884	547	0.701051528330237	False
BRD:BRD-K70463136-001-01-5	0.09164137452624249	0.03118582434604165	553	0.701051528330237	False
BRD:BRD-K14653796-001-01-1	0.09177736531362433	0.03431543722148673	532	0.701051528330237	False
BRD:BRD-K29968218-001-03-2	0.09188887547952919	0.03165570944918887	547	0.701051528330237	False
BRD:BRD-K00091090-001-01-9	0.09191380910823478	0.00705820363839228	858	0.6170534873939046	False
BRD:BRD-K45973863-001-01-4	0.09217706184997392	0.04602691662860105	469	0.7349749151867362	False
BRD:BRD-K49049886-001-08-7	0.09228832124120291	0.030919133923283014	547	0.701051528330237	False
BRD:BRD-K56429665-001-09-6	0.09229383378184161	0.032816054292068964	535	0.701051528330237	False
BRD:BRD-K64120610-001-01-4	0.09229759529560014	0.032808908867098696	535	0.701051528330237	False
BRD:BRD-K91623615-001-05-0	0.09232072307706132	0.03496792100434798	522	0.701051528330237	False
BRD:BRD-K17075857-001-17-6	0.09239644887278847	0.02981623385831679	553	0.701051528330237	False
BRD:BRD-K00003169-001-01-9	0.09248497589385389	0.006099132032379054	878	0.6170534873939046	False
BRD:BRD-K14765469-003-12-2	0.09250865033892955	0.029469576147750042	554	0.701051528330237	False
BRD:BRD-K67868012-001-07-6	0.09272945386494978	0.028936980094335856	555	0.701051528330237	False
BRD:BRD-K78096648-001-05-7	0.09275417647651865	0.03038266836004895	545	0.701051528330237	False
BRD:BRD-K18961567-001-01-1	0.09280647160789676	0.029985567665975967	547	0.701051528330237	False
BRD:BRD-K94072573-001-09-9	0.09301275309893878	0.03147430261596002	535	0.701051528330237	False
BRD:BRD-K06388517-001-01-2	0.09309895445590488	0.03131661654366104	535	0.701051528330237	False
BRD:BRD-K79803033-300-01-3	0.09319424613778739	0.031143088803480923	535	0.701051528330237	False
BRD:BRD-K04394237-001-03-7	0.09321672767632129	0.0334006089318339	521	0.701051528330237	False
BRD:BRD-A90926615-001-01-9	0.09323512318267438	0.02849982895629542	552	0.701051528330237	False
BRD:BRD-K87727457-001-02-9	0.09347523915143914	0.005627557248672144	876	0.6170534873939046	False
BRD:BRD-K12994359-001-18-4	0.09359934322402502	0.030885634147825487	532	0.701051528330237	False
BRD:BRD-K95773607-004-03-8	0.09392837764133508	0.02691759879969011	555	0.701051528330237	False
BRD:BRD-K18194590-065-08-0	0.09400494669136795	0.027069741489940256	553	0.701051528330237	False
BRD:BRD-K59317601-001-05-5	0.09419511712320064	0.02648519921296743	555	0.701051528330237	False
BRD:BRD-K66538826-001-07-2	0.09426019878664242	0.02778029031356651	545	0.701051528330237	False
BRD:BRD-K61918008-001-07-1	0.09429357963054842	0.04101807350476709	470	0.7208781796329321	False
BRD:BRD-K51967704-001-03-6	0.0944444414391753	0.026771604301376154	550	0.701051528330237	False
BRD:BRD-K06519765-001-01-1	0.0944451061922353	0.028940465716786386	535	0.701051528330237	False
BRD:BRD-K73541271-001-03-6	0.09452788172431995	0.02733838667827726	545	0.701051528330237	False
BRD:BRD-K88553858-001-02-7	0.09454101876820628	0.02661578389039841	550	0.701051528330237	False
BRD:BRD-K74501079-001-18-1	0.09458748213470287	0.027240822944640804	545	0.701051528330237	False
BRD:BRD-K97452254-001-01-3	0.09466355712965192	0.04022792827382564	470	0.7183352112231243	False
BRD:BRD-K93480852-003-01-0	0.09472115689962628	0.04031974269736947	469	0.7183352112231243	False
BRD:BRD-K98143539-001-02-2	0.09472672754531825	0.026181460130674572	551	0.701051528330237	False
BRD:BRD-A06916187-001-02-9	0.0947809834983677	0.02623199653424492	550	0.701051528330237	False
BRD:BRD-A63344375-001-01-8	0.09484829767459177	0.04005096608238834	469	0.7183352112231243	False
BRD:BRD-A42270467-001-04-4	0.0949902944833176	0.025901139267426748	550	0.701051528330237	False
BRD:BRD-K88366685-300-06-0	0.09513276577662438	0.025409569754883732	552	0.701051528330237	False
BRD:BRD-K26997899-001-02-2	0.09529822526991578	0.02475995752479863	555	0.701051528330237	False
BRD:BRD-A43999749-004-04-1	0.09535958195504177	0.025326178221284208	550	0.701051528330237	False
BRD:BRD-K13642819-001-02-9	0.09544481817342983	0.00476549050799905	873	0.6170534873939046	False
BRD:BRD-K91825936-001-01-2	0.09573313657247706	0.024494115627286393	552	0.701051528330237	False
BRD:BRD-K54863166-001-01-9	0.0959783932380521	0.026424117177444348	535	0.701051528330237	False
BRD:BRD-K23533833-001-01-9	0.09615641229316992	0.037169153195712124	470	0.701051528330237	False
BRD:BRD-K81572616-001-01-9	0.09617262369100972	0.02384217789268768	552	0.701051528330237	False
BRD:BRD-K93442924-001-03-4	0.09621548225595425	0.026192889618280427	534	0.701051528330237	False
BRD:BRD-K01742705-001-01-7	0.0965167149987728	0.03666202423670294	469	0.701051528330237	False
BRD:BRD-K87512222-019-01-7	0.09665987636677612	0.02301227572686774	553	0.701051528330237	False
BRD:BRD-K02554563-001-01-6	0.09673649499013386	0.02525119857000723	535	0.701051528330237	False
BRD:BRD-K01363385-003-01-5	0.09679321419556416	0.03612460202709804	469	0.701051528330237	False
BRD:BRD-K09787262-001-01-9	0.09683951065341985	0.03603527464425663	469	0.701051528330237	False
BRD:BRD-K06644925-001-03-0	0.09712872220975263	0.022475550423190434	552	0.701051528330237	False
BRD:BRD-K53414658-001-08-2	0.09720647852977439	0.02495375644455851	532	0.701051528330237	False
BRD:BRD-K92000912-001-12-6	0.09723674518533344	0.022570811154833406	550	0.701051528330237	False
BRD:BRD-A39935389-001-05-9	0.09729212074491018	0.022127592847054508	553	0.701051528330237	False
BRD:BRD-K44400149-003-02-9	0.09737911890518065	0.003915353041242484	876	0.6170534873939046	False
BRD:BRD-K82967685-300-01-2	0.09756894541820893	0.024416057844667084	532	0.701051528330237	False
BRD:BRD-K15256258-001-01-3	0.09761089428277274	0.03438113993281399	470	0.701051528330237	False
BRD:BRD-K53597484-001-02-7	0.09770081696140522	0.034214780146393425	470	0.701051528330237	False
BRD:BRD-K08619838-300-05-7	0.09783299989396047	0.021276516961821028	554	0.701051528330237	False
BRD:BRD-A95300432-001-01-3	0.09787187809813537	0.03390020421502923	470	0.701051528330237	False
BRD:BRD-K79315489-001-07-8	0.09788724138901253	0.025320805760325495	522	0.701051528330237	False
BRD:BRD-K83834509-001-01-1	0.09793606575412209	0.02137495509390208	552	0.701051528330237	False
BRD:BRD-K88429204-001-35-1	0.09802253627159961	0.02125989830331115	552	0.701051528330237	False
BRD:BRD-K05977823-001-05-3	0.09816082086644172	0.03356384637723528	469	0.701051528330237	False
BRD:BRD-K32256160-001-01-9	0.09826199392051513	0.023155557711077548	534	0.701051528330237	False
BRD:BRD-K32804101-001-01-8	0.09828310406384541	0.022997013811600835	535	0.701051528330237	False
BRD:BRD-A12230535-001-06-7	0.09833603948179351	0.02331104736964788	532	0.701051528330237	False
BRD:BRD-K99475619-001-01-2	0.09835039569505845	0.022396390049401162	539	0.701051528330237	False
BRD:BRD-K87112191-001-04-5	0.09838893346688758	0.020662722536486707	553	0.701051528330237	False
BRD:BRD-K47407372-001-17-1	0.09839884669791545	0.02099853686565126	550	0.701051528330237	False
BRD:BRD-K97417064-001-02-4	0.09849852585668888	0.020751840477823868	551	0.701051528330237	False
BRD:BRD-K70744942-001-01-2	0.09859426465527281	0.032598801479418966	470	0.701051528330237	False
BRD:BRD-K49048664-001-01-2	0.09866765912947799	0.032468998070387424	470	0.701051528330237	False
BRD:BRD-K42019693-001-01-5	0.09872464098110498	0.032368526132768985	470	0.701051528330237	False
BRD:BRD-K81528515-001-13-8	0.09875138764372908	0.022988861724479042	530	0.701051528330237	False
BRD:BRD-K99113996-001-02-0	0.09881672961952419	0.019889790139782162	555	0.701051528330237	False
BRD:BRD-A66143912-001-01-1	0.0988451928497601	0.03215684059069449	470	0.701051528330237	False
BRD:BRD-K58529924-001-01-5	0.0990363471939891	0.021963754422008833	535	0.701051528330237	False
BRD:BRD-A70514680-003-11-2	0.0991368046599061	0.021339300466569167	539	0.701051528330237	False
BRD:BRD-K73529671-001-04-5	0.09933100435428219	0.01969489005702782	551	0.701051528330237	False
BRD:BRD-K68379918-001-01-1	0.0994207904584872	0.0311623378708074	470	0.701051528330237	False
BRD:BRD-K44432556-001-05-5	0.09972338448045023	0.030829056529548357	469	0.701051528330237	False
BRD:BRD-K51937257-001-01-4	0.10013662133872606	0.01937556613425903	545	0.701051528330237	False
BRD:BRD-A25182582-001-01-8	0.10016471302593882	0.030092072873442836	469	0.701051528330237	False
BRD:BRD-K13039700-066-01-2	0.1002395085596102	0.029968677876630934	469	0.701051528330237	False
BRD:BRD-K28571773-001-01-6	0.10042213529034744	0.0296692071124969	469	0.701051528330237	False
BRD:BRD-A27883417-300-01-6	0.1006454806773447	0.019432144276962274	539	0.701051528330237	False
BRD:BRD-K10958118-003-01-5	0.10170110476020959	0.027476878162771	470	0.701051528330237	False
BRD:BRD-K99604664-001-01-1	0.10183467627303174	0.016399606002570746	555	0.6911249791794933	False
BRD:BRD-K62304154-001-04-2	0.10183988606999421	0.018796823271959355	532	0.701051528330237	False
BRD:BRD-K75349868-001-03-9	0.10199108774576199	0.002509161339660216	876	0.5874898446997541	False
BRD:BRD-K22064724-001-01-8	0.1021946865483566	0.018057622800617387	535	0.701051528330237	False
BRD:BRD-K80353807-001-25-3	0.10224585880844649	0.017999683419602567	535	0.701051528330237	False
BRD:BRD-K16810791-001-01-0	0.10248994286861465	0.015716955372643504	555	0.6903650571913567	False
BRD:BRD-K59524082-001-01-3	0.10286190278451494	0.015527171806633457	553	0.6903650571913567	False
BRD:BRD-K30764557-001-01-5	0.10306053999664598	0.01709889826681166	535	0.6911249791794933	False
BRD:BRD-K88358234-003-04-8	0.10331143555470765	0.015171147858514042	552	0.6903650571913567	False
BRD:BRD-K24556407-001-02-3	0.1034013306471348	0.015082506833341804	552	0.6903650571913567	False
BRD:BRD-K95053546-001-02-7	0.10350174649958785	0.015639567412929503	545	0.6903650571913567	False
BRD:BRD-K47169076-003-01-6	0.10355758042112825	0.024759409667748086	470	0.701051528330237	False
BRD:BRD-K33903083-001-03-5	0.10374609441707885	0.024496908265708082	470	0.701051528330237	False
BRD:BRD-K11428250-001-01-0	0.10403000196585464	0.02425786749314466	469	0.701051528330237	False
BRD:BRD-A93255169-001-28-3	0.10403948867445216	0.014200958792484782	555	0.6773823561305425	False
BRD:BRD-K26253904-001-01-5	0.10424022438541493	0.01436569356153139	551	0.6773823561305425	False
BRD:BRD-K41599323-001-02-3	0.10443641125886031	0.014006884297001799	553	0.6773823561305425	False
BRD:BRD-K36970462-001-01-6	0.10458088120646457	0.01422427973808545	549	0.6773823561305425	False
BRD:BRD-K26989966-001-03-5	0.1046265144939492	0.014006039685951618	551	0.6773823561305425	False
BRD:BRD-A62209527-001-04-5	0.1047126574715878	0.01384023973057909	552	0.6773823561305425	False
BRD:BRD-K74717603-001-02-2	0.10497742892621212	0.013347193485726673	555	0.6749207357190978	False
BRD:BRD-K58501140-002-01-0	0.10523682838404014	0.01328549633038287	553	0.6749207357190978	False
BRD:BRD-K23848629-401-03-7	0.10524817370670536	0.014872422571763015	535	0.6869642806957202	False
BRD:BRD-K75958547-238-04-9	0.10537115717878166	0.0018234334631922007	873	0.5355023888774286	False
BRD:BRD-K29415052-050-04-8	0.10554719849839708	0.012850940285460985	555	0.6749207357190978	False
BRD:BRD-K35559145-050-08-5	0.1059841598864532	0.01248146305202991	555	0.6749207357190978	False
BRD:BRD-K78303961-001-02-3	0.10635808652326843	0.012172767437485318	555	0.6749207357190978	False
BRD:BRD-K91456750-238-01-7	0.10704908217050127	0.011620028111880419	555	0.6749207357190978	False
BRD:BRD-A43671941-003-11-9	0.10729381720622941	0.011731869007189819	551	0.6749207357190978	False
BRD:BRD-K30882994-001-01-6	0.10750724337000843	0.01973990037835336	470	0.701051528330237	False
BRD:BRD-K57187269-001-02-4	0.10756819130906145	0.01980146849010041	469	0.701051528330237	False
BRD:BRD-K50055394-001-03-6	0.10763093594298798	0.012741010497297896	535	0.6749207357190978	False
BRD:BRD-M17926088-001-01-3	0.10818934987022917	0.013391890244450215	522	0.6749207357190978	False
BRD:BRD-A82396632-008-29-0	0.10821031336250761	0.012512516801010645	532	0.6749207357190978	False
BRD:BRD-K68552125-001-05-3	0.10861206251314516	0.010591303773876393	553	0.6597702075653277	False
BRD:BRD-K05531427-001-01-7	0.10960956162405212	0.01744853781380567	470	0.6911249791794933	False
BRD:BRD-K47659338-003-02-8	0.10965028112975109	0.010276615950372136	547	0.6460946509539519	False
BRD:BRD-K89272762-001-12-7	0.11009405374519779	0.009440094386948575	555	0.6219614748185904	False
BRD:BRD-K26420709-001-01-7	0.11023954345643773	0.016926287258469428	469	0.6911249791794933	False
BRD:BRD-K73799155-001-01-5	0.11109975025503768	0.0160816639341747	469	0.6911044184370013	False
BRD:BRD-K83003151-057-02-4	0.1112316149555423	0.010985868129600423	522	0.6601242884954591	False
BRD:BRD-K28824103-001-02-8	0.11124840393923555	0.010973729212746348	522	0.6601242884954591	False
BRD:BRD-K36889451-001-01-1	0.11181766837635132	0.009373403468097594	539	0.6219614748185904	False
BRD:BRD-K94080537-001-09-7	0.11190620001004283	0.008560741267261227	551	0.6170534873939046	False
BRD:BRD-K40175214-001-11-6	0.11346697449338801	0.007456799852029222	555	0.6170534873939046	False
BRD:BRD-K67566344-001-07-5	0.1138479076535362	0.007692932278218587	547	0.6170534873939046	False
BRD:BRD-K06294530-001-01-5	0.11390084448171692	0.007664441667705776	547	0.6170534873939046	False
BRD:BRD-K46625559-001-01-8	0.11398685398577826	0.008377018805442721	534	0.6170534873939046	False
BRD:BRD-K77432251-001-01-2	0.11457508216556615	0.00798575697541389	535	0.6170534873939046	False
BRD:BRD-K21547160-001-01-4	0.11466195300315535	0.008115954512869592	532	0.6170534873939046	False
BRD:BRD-K73323637-003-10-9	0.11466554729677081	0.006847417675774429	555	0.6170534873939046	False
BRD:BRD-K82562631-236-04-6	0.11483596189198522	0.0070190590346285355	550	0.6170534873939046	False
BRD:BRD-K43187018-001-03-3	0.11484234321736239	0.008633296215378637	522	0.6170534873939046	False
BRD:BRD-K37618799-001-03-0	0.1152158519532296	0.00683214800892735	550	0.6170534873939046	False
BRD:BRD-K84698278-001-03-4	0.11563363204972396	0.00758983098722358	532	0.6170534873939046	False
BRD:BRD-K74193284-001-04-8	0.11564247749548522	0.008177188493182492	522	0.6170534873939046	False
BRD:BRD-A14208071-004-19-8	0.11587346481447237	0.0065682880025537274	549	0.6170534873939046	False
BRD:BRD-K90993449-001-02-7	0.11598847058547751	0.0064657089194410265	550	0.6170534873939046	False
BRD:BRD-K25243230-001-01-2	0.11612372872589694	0.007171603970617084	535	0.6170534873939046	False
BRD:BRD-K15567136-003-27-2	0.11645061554063779	0.00611438021365171	553	0.6170534873939046	False
BRD:BRD-K70262971-001-01-9	0.1169148220882357	0.006785082930619404	535	0.6170534873939046	False
BRD:BRD-K22421059-001-02-3	0.11727148240367483	0.010946560433642599	470	0.6601242884954591	False
BRD:BRD-K13183738-317-10-2	0.1174714627155792	0.005811389871530736	550	0.6170534873939046	False
BRD:BRD-K73383190-001-02-3	0.11769031167229627	0.007106272919588155	522	0.6170534873939046	False
BRD:BRD-K11756522-001-09-9	0.11773097371621664	0.00570321542691122	550	0.6170534873939046	False
BRD:BRD-K77251551-304-02-9	0.11817731296473212	0.005310496551167538	555	0.6170534873939046	False
BRD:BRD-K69247067-001-01-8	0.11823785899204778	0.005370035100802306	553	0.6170534873939046	False
BRD:BRD-K08111712-001-16-7	0.11904539501651816	0.005306928620238063	547	0.6170534873939046	False
BRD:BRD-K81614372-001-02-1	0.11917127013983161	0.009790390951257815	469	0.6271391939532128	False
BRD:BRD-K70446295-001-01-7	0.11934687008686844	0.009604541109960334	470	0.6219614748185904	False
BRD:BRD-K00003470-001-01-9	0.11998410238995852	0.00038103533290212823	873	0.36960427291506437	False
BRD:BRD-K69172251-001-08-9	0.1201937263111342	0.0059687136871006815	522	0.6170534873939046	False
BRD:BRD-K04603573-376-01-3	0.1202540546152802	0.005394595042648263	534	0.6170534873939046	False
BRD:BRD-K88090157-050-10-8	0.12060708880009756	0.004582812478425316	551	0.6170534873939046	False
BRD:BRD-K53448858-001-07-0	0.12357917231714838	0.004771300908914777	520	0.6170534873939046	False
BRD:BRD-K18424115-003-01-3	0.12399154242520179	0.0036784047614592187	547	0.6170534873939046	False
BRD:BRD-A12417644-001-07-6	0.12441661972711489	0.004415546421561888	522	0.6170534873939046	False
BRD:BRD-K96714749-001-01-0	0.12445119545490413	0.003433065654098275	551	0.6066651021855239	False
BRD:BRD-K41262162-303-11-9	0.12528750385429824	0.00019781755889061256	878	0.26863624497345184	False
BRD:BRD-K64925568-001-01-8	0.12566019602168482	0.0031572562000904297	550	0.6066651021855239	False
BRD:BRD-K73746696-003-01-8	0.12619590372147552	0.006152579681339857	470	0.6170534873939046	False
BRD:BRD-K62996583-001-10-3	0.1270135047779271	0.0028446238762902887	550	0.6066651021855239	False
BRD:BRD-K68432770-236-23-1	0.12708007792602669	0.003235379076699971	535	0.6066651021855239	False
BRD:BRD-K93779381-001-01-9	0.12720497033927156	0.0026803747689150225	555	0.6066581560311001	False
BRD:BRD-K56565215-001-01-9	0.12747065593566254	0.005649899092581407	470	0.6170534873939046	False
BRD:BRD-A24122750-001-03-7	0.12969348926027627	0.0022233308920515727	554	0.5391577413225064	False
BRD:BRD-K03549949-001-01-0	0.13134118717320026	0.0019309051898761763	555	0.5355023888774286	False
BRD:BRD-K52598503-003-01-1	0.13200100209463209	0.004148456323957808	470	0.6170534873939046	False
BRD:BRD-K52256627-300-06-6	0.13236543231247344	0.001865303679888318	550	0.5355023888774286	False
BRD:BRD-K19085898-001-01-8	0.13260785438823575	0.0018830810667120298	547	0.5355023888774286	False
BRD:BRD-A36267905-003-18-4	0.13368102419689637	0.0020015863463187468	532	0.5355023888774286	False
BRD:BRD-K61923022-001-02-4	0.13419741051123674	0.0018657046996143787	535	0.5355023888774286	False
BRD:BRD-K61237927-001-01-7	0.13569107708447098	0.0013954862198752545	552	0.5355023888774286	False
BRD:BRD-K59753975-001-02-6	0.13625151048286863	0.0015837749085638364	535	0.5355023888774286	False
BRD:BRD-K23363278-001-02-1	0.13872622070165117	0.0010504229915207074	555	0.5355023888774286	False
BRD:BRD-A81541225-001-06-8	0.13885593982739658	0.0011302405919364638	547	0.5355023888774286	False
BRD:BRD-K84937637-001-09-9	0.1391150796668914	0.0014410825924431505	522	0.5355023888774286	False
BRD:BRD-K58070273-001-03-3	0.14134521668851646	0.0021293909425170207	470	0.5355023888774286	False
BRD:BRD-K08398903-001-01-1	0.1416189145072847	0.0020869280074440415	470	0.5355023888774286	False
BRD:BRD-K80608265-001-01-6	0.14240563595060712	0.0012341118297427133	512	0.5355023888774286	False
BRD:BRD-K62627508-001-01-5	0.1431465725849494	0.000727295101404569	554	0.5355023888774286	False
BRD:BRD-K29254801-001-14-7	0.14561282696952568	0.000613831709015754	550	0.5209896630271212	False
BRD:BRD-K82135108-001-04-3	0.15239658227564268	0.00032231582491241474	553	0.3647540751925493	False
BRD:BRD-K66808046-065-03-7	0.16835503073835575	9.544819021443158e-05	532	0.21603107051866346	False
BRD:BRD-K32744045-001-31-2	0.19494052645307644	3.870505393711101e-06	553	0.026280731623298376	True
