submitter_id	aDC	Adipocytes	Astrocytes	B-cells	Basophils	CD4+ memory T-cells	CD4+ naive T-cells	CD4+ T-cells	CD4+ Tcm	CD4+ Tem	CD8+ naive T-cells	CD8+ T-cells	CD8+ Tcm	CD8+ Tem	cDC	Chondrocytes	Class-switched memory B-cells	CLP	CMP	DC	Endothelial cells	Eosinophils	Epithelial cells	Erythrocytes	Fibroblasts	GMP	Hepatocytes	HSC	iDC	Keratinocytes	ly Endothelial cells	Macrophages	Macrophages M1	Macrophages M2	Mast cells	Megakaryocytes	Melanocytes	Memory B-cells	MEP	Mesangial cells	Monocytes	MPP	MSC	mv Endothelial cells	Myocytes	naive B-cells	Neurons	Neutrophils	NK cells	NKT	Osteoblast	pDC	Pericytes	Plasma cells	Platelets	Preadipocytes	pro B-cells	Sebocytes	Skeletal muscle	Smooth muscle	Tgd cells	Th1 cells	Th2 cells	Tregs	ImmuneScore	StromaScore	MicroenvironmentScore
TCGA-A7-A26I	0.165780709616557	0	0.119683519893849	0.037047014383148	0.00575513076684536	9.04826039267254e-20	0.0159069979103354	0.0114359066161053	0.0043359862418086	0	0	0.0275303743901494	0.00237285140996415	4.40475449762583e-19	0.0296477926306011	0.0258755787005492	0.0227504255138282	3.91456122677964e-20	0.00586702018852456	6.27896568715781e-19	0.0290049408462489	0	0.298711072988319	3.64459373459317e-20	0.125155683351827	1.89958219230635e-18	0.000122797837956095	0.0701666409671062	0	0.0471875597345693	0.00168821165120618	0.0356779318516356	0.0254998304639677	0.0349220616573077	0.023916470764962	0.0117015534109378	0.020175106915198	3.3287154930386e-18	0	8.56996479808116e-19	0.0352066350229365	0	0.196471508064258	0.0204404985812989	0.00741393769945636	0	0.00549153185140761	2.49548966007892e-19	2.29300332589423e-18	0.01996096065998	0	0.00119392553005929	0.187203836744498	0	0.011138080455118	0	1.18830866697836e-18	0.00557482477158684	3.49749647583689e-19	0	2.98736124207935e-17	0.037205977713636	0.0371088134682429	0.119740541291207	0.113876222019291	0.077080312099038	0.190956534118329
TCGA-AR-A256	0.154534485661866	0	0	0.0285698689602341	0.047176988547593	0.00244358113421076	4.3705909450416e-18	1.95674461662157e-19	4.36912460582663e-18	2.65690285487675e-17	0.0127935050260883	0.00434739347854571	0.0183122911991852	6.25252239674279e-20	0.0656018209103128	0.00189722357128527	0.0155271963459764	0.0940617357311662	0	0.00581547389257656	0	0	0.457639440209363	7.50791784820416e-19	0	7.11038004603229e-18	0	0.0312683273039527	0	0.104854678862152	1.57985008449913e-18	0.0382047540195178	0.0356600906906194	0.0138791828245892	0.0109905602382135	0.00247036004015953	0.0196767611150825	0	0.0747537615176481	0.00114364137301774	0.00356938346033379	2.55089058163692e-18	0.121488283142922	0.00181838827845289	0.00711868916967781	1.9809733155417e-20	0.00355977446988881	4.63088812572145e-20	0	0.00921522867801164	0.0143435113181361	0	0	0.00532948784446013	8.81464501806981e-19	0	0.0193746264691523	0.0365991677666228	0	0.207662649793422	0	0.217712126036085	0.137176699092927	0.0014582192816134	0.060998289366281	0	0.060998289366281
TCGA-E2-A1LH	0.484743334398006	0.100422100825916	4.06311504906425e-18	0.157986574775681	0.076957598942679	0	0.019245698354059	0	7.58973665399187e-19	0.0134142298553288	0.0297555913665041	0.0952785165732681	0.0709804410025202	0.00708562963626887	0.0401815461831734	0.0613105775720285	0.060589040758262	0.0597074624358426	0	0.0180721857001806	0.0503358452524085	1.16155604069159e-18	0.602581094491513	0	0.0479001780239576	0	0.00189570850345406	0.0322774769916747	0.0568068838764741	0.121671441424962	0.0131525869268105	0.106196682831551	0.11964228612269	0.0458863422680383	0.00265491577492606	0.00644681318637557	0.0238203838980116	0.0532179394252771	0.0538401063776668	0.0125311513350359	0.0148820330670213	4.92591647364786e-18	0.193320350063629	0.0805409950051298	0.00606659893747415	4.75482994273502e-20	0.000779443109915846	3.65138257009722e-19	0	0.0803645900458644	0.0446473982534396	0.0395165045449224	0.00521207210590858	0.0402978741408554	4.80322280206023e-19	0	0.0226061906597401	0.0603977934170757	0	0	4.21985966015111e-19	0.277412670329998	0	0	0.263380605815086	0.099329062051141	0.362709667866227
TCGA-E9-A1N8	0.0822041560359532	0	8.94086138851204e-18	0	0.0446206237780934	8.58965812630486e-19	0	0	7.80230306376381e-18	8.69230160437169e-18	0.0230536400429026	0	5.12963547273368e-18	0	0.00249321284719239	0.0298091061117789	0.0039688005947865	0.0174757591052535	4.02598098702858e-18	0	1.37735714313243e-18	0	0.290627965461547	1.11751626531634e-18	0.0178665033481457	0	0.00188423768398975	0.0923614175030847	0	0.0633106965809334	0	0	0.010722375099398	1.36680642079239e-20	0.00984145958061843	0.00141311919326484	0.0131733602186392	4.30075077468362e-18	0.0863615343813514	9.85096354841982e-18	0	1.36417841739321e-17	0.118484714044729	0.00770434706231731	0.00154492518165036	0.000113989937147275	0.00383929763907836	0	0	0.0501472353368987	0.0998110658776848	5.30236592703166e-18	0.0564892351749823	0.016591450351058	3.34318016542773e-18	0	0	0.011481103960666	0	0.185180416667771	2.5549562702127e-18	0.235767085389385	0	0.0152555833100685	0.00656097305374562	0.00893325167407285	0.0154942247278185
TCGA-A2-A04U	0.0687830389276501	0	0	0	0.031844561252636	1.94634558018184e-21	0	0	1.97287290998515e-17	1.03147415130005e-17	0.0177753452132328	4.93367222348502e-18	0	2.55594883673303e-17	0	0.0117736750825668	0	0.141071536193677	9.46096811648207e-18	0	0.0240066085714229	0	0.365550065834061	2.08419388530537e-19	0.0111250957158706	0	0.00275112149426138	0.0302913158711619	0	0.0622362382382642	1.12263521275002e-18	0.00263379751336347	0.0105997431721607	0.00911103301464536	0.000518171922661855	0	0.0159319585291707	0	0.141789229552322	0	0	2.43987446833063e-18	0.241439647627435	0.0488837335527997	0.00381731100126301	3.25682579198772e-19	0.00559853756111419	0	6.44933433248815e-18	0.160074521719315	0.121459698600634	2.08980394827865e-18	0.078526483271066	0.0138936786963869	9.17215579595331e-18	0	0	0.0168394545636979	1.97259013888476e-18	0.239993418764207	0	0.390663869438059	0.00873646639340222	0	0.00210131295735022	0.0175658521436468	0.019667165100997
TCGA-A7-A26I.1	0.103612134853848	0.000538815620329654	0.015514617172792	0	2.74121646793818e-18	0.00213459224678862	0	0.00995605287466244	0	0	7.86762742102024e-20	9.36083378581632e-19	0.0144616957013395	1.78626434403786e-18	0.02420206216869	0	0	0.00312180569602771	0.00318733061565367	0	0.0343440078778515	0	0.321913795935438	0	0.0983926247132014	1.22897314840867e-18	6.115030881528e-19	0.174912817281655	0.0456485617452268	0.0620051784158634	0.0013139912320828	0.0572377450786892	0.0439547978537745	0.0253330381770397	0.00555847954955969	0.00773625187314418	0.0115877824811403	1.53625141506103e-18	0.021217976007673	2.09934351809058e-18	0	1.68748160765198e-18	0.149413412103773	0.0177187097940698	0.0198868797033064	2.01768502372326e-19	0.00534847402931062	0	0	0	0	0	0.0183132260960306	0.00197289033469292	0.00115747642070524	2.1888948802968e-17	0	0.00674469320542205	0	0.335416288946272	5.97331690435594e-18	3.45584186612638e-05	0.239644077545469	0.0674683707332294	0.0485015183352742	0.0666377241056913	0.115139242440966
TCGA-A8-A07C	0.255497818552849	8.15594982170819e-20	3.9627171482996e-18	0.0751813385153075	0.0392468077985806	0.0236070721569142	3.64127473048152e-18	0.00227533689976625	0	1.30107661455843e-19	0.0098648191867626	0.0439281826211456	0.0440220010463573	0	0.0241195955568471	0	0.0425856266793497	0.0472404478704067	0	0.011916159374754	0.0173630054673907	0	0.176421980165656	2.05131329346737e-19	1.11664442543616e-17	0	0.000451996226920997	0.113028877533644	0.0438384920986213	0.0133144982779598	1.57081002678419e-19	0.0491484259002712	0.0392301915348103	0.0324189729210532	0.00902031169235874	0.00122714457363925	0.0194041772388944	0	0.0848608675849618	0	0.00632163882871225	2.88057193843804e-18	0.0362514394351304	0.0238624960582115	0.0167557953732877	0.00333065732831647	0.00212376671204046	2.8375811487304e-20	0	0.0316873984565026	0.0394703614584333	0	0.0354259828881623	0.0270351295235503	1.80119299156392e-19	0.0941320496070131	0.00157671890809309	0.00517569955816145	0	0.239565111564496	0	0.204211278491041	0.151109288311299	0.0437307230358446	0.131860929221544	0.00868150273369538	0.140542431955239
TCGA-E2-A1AZ	0.297773443142348	0.00666600901459213	0	0.00785066174092715	0	0.0247208745073628	0.0170207915747636	0.0222118040669106	3.69599139446785e-18	0	0.0185730661538758	0.0412443503244349	0.054153266632177	3.99318761035352e-19	0.0551038094219561	0.0203325382382643	0	0.0488352102870145	0	0.00862265084085104	0.0659349620200343	0	0.291939484564259	4.65258491918845e-05	0.0392838078473812	0.00163102068631147	0.000146099552515244	0.325624682928622	0	0.0373678800153327	0.00596172285673872	0.0301572789336798	0.0400102787281549	0.018489094783178	0.0133103738077683	0.00770845975430836	0.00303982216939847	3.54397968461398e-18	0.052947924344679	1.18323520531602e-19	0.00870811246506539	4.31938429462959e-20	0.113628235000039	0.0437565897496196	0.0096820968124831	0.000261239519743801	0.00260727109411487	0	2.80917636919254e-19	0	1.10645588953996e-17	1.42631138556996e-18	0.0355967195711603	0.0115688631481667	0	0.0212321617013052	0	0.00192166853870024	0.0020372422378632	0.312647401564704	0	0.203803410526218	0.117679295233452	0.0501202277085474	0.0880701547864249	0.0559423894410038	0.144012544227429
TCGA-E2-A158	0.0505491637890713	0	1.39174275479673e-17	0.0229649282634682	0.113146805557245	0	0	0	2.05980011346113e-18	2.99233134980615e-18	0.0114004391905325	0.026534914581095	5.3399866179951e-18	1.80911497227647e-17	0	2.61090219605309e-18	0.00789215753164152	0.0579534125879891	0	3.30986994750021e-20	0	7.36400243052558e-19	0.454026802366254	0	0	0	0.00247381415331393	0	0.0173145123092518	0.0676956418419766	0	2.89250487338242e-19	3.6930759052947e-19	0.0128484011736963	0.00974503847295481	0.0026600006894896	0.00997100714749871	0	0.0864965564674195	0	4.29964583077527e-18	0	1.49181752117809e-17	0.0132943167859372	0.015491116960706	0.00174284812541995	0.00947913991483977	0	0	0.0682911830921455	0.101404192412382	2.42788612796362e-18	0.0325760919571868	0.019595951291762	9.69432268276456e-19	0.000583786606506855	0	0.0239934356582103	0.00287127853707263	0.17964784476219	1.99366814165975e-18	0.183325693714481	0	0.0142770905100124	0.039496587545012	0	0.039496587545012
TCGA-E9-A5FL	0.0559120841533473	0.315776107819291	7.54261693739778e-18	0	0	0	5.86740288873299e-18	5.20292299435481e-18	0	1.51306670072039e-21	0.00796034326190258	1.49201630073118e-17	2.07808548259915e-18	1.07015774629421e-17	0.00720717337709877	0.00536170048664319	0	0.0506353789244126	3.05880672972749e-18	0.0125439586028024	0.0136849997420995	6.7295259686045e-18	0.704839689520551	5.83468280457396e-19	0.100389627023994	8.05383685772843e-18	0	0.127690062029486	0.340404393090847	0.230429970530055	1.28791429930687e-20	0.0342349311642975	0.0487712752094685	0.0079657264600036	0	0	0.00180896981905036	0	0.101010359776245	0.0325141519494076	1.82952432301343e-19	1.94803021636193e-17	0.229820493079614	0.0673551466608007	0.0125759969271827	0	0.00680285054589681	0	7.58704633611001e-19	0.0729352921158923	0.0243031160669055	0	4.83523057126671e-17	0.00451632969397137	0	0.0726007181249914	0	0.0880850291354777	0	0	2.34356396420354e-18	0.28519506449256	1.02982669641426e-17	2.85940943692317e-17	0.0311859265113999	0.214925367292692	0.246111293804092
TCGA-A7-A6VY	0.356541845597009	0.00112128000198675	0.00638212675515313	0.0422216728564172	0.0394213739226091	0.000175902953535332	3.65066122905614e-19	5.45569774396093e-20	1.93256228309582e-19	0.0167961395743644	0.0276179204666778	0.0048448069958533	0.00393150460564221	0	0.0265688661249944	0.031397400612977	0.0155418427545436	0.0584018555155152	0	0.0172356202016303	0	8.05238083923055e-06	0.604065271674574	2.12844507113365e-19	0	3.21715058622182e-18	4.20204890742472e-20	0.0533593535877311	0.12788255086365	0.136582980635397	0	0.0794541238342891	0.108397072247213	0.0151516994000143	0.00317869780331987	0.00126760812752864	0.0160699685842138	1.04735480264397e-18	0.0741714690176409	7.37662009658988e-19	0.00912889498957766	0	0.363628595576468	0.0165735519995673	0	0	3.51822887349004e-05	7.26896295734773e-19	0	0.0731896287090169	0.0391450378568947	0.00741545675946377	0.0851794943689757	0.0413099934402119	1.51188933787114e-19	2.18912859493414e-19	0	0.0713658830072395	3.36119986880595e-18	0.0348024199579313	5.11847963319356e-18	0.284430653116911	0	0.0239445792327866	0.104047912707951	0.000560640000993376	0.104608552708945
TCGA-A7-A13D	2.36591453512138e-19	0.00275970636314647	0.0467891434722982	0.0190180455136018	0.0365303573381899	1.35769322787646e-19	2.45864760485572e-18	4.5257907225255e-20	0	9.23208604665979e-19	0	0.0209640315379579	0	0	0.00869069466099824	0.0219234119183459	0.049509449330277	0.00872572716169942	1.89700235238384e-19	0	8.01161642382518e-19	5.83652749924474e-20	0.285107792673701	2.455794580491e-20	0.0459948212827467	2.8509446754585e-18	0.0015436809093308	0.0698456558705317	0.00326376052030059	0.0516188227379869	9.89441450393908e-19	8.44807459152222e-19	1.8091025345475e-20	0	0.0186086333502243	0.0112815553914691	0.0270676995653999	0	0.00661249715126595	0.000349035853755446	0	1.61090657201558e-17	0.0343514177165478	2.58718648236596e-18	0.0123277842087775	1.47536376395317e-19	0.0144293329077361	0	0	0.0054171063360565	0	0	0.035947792241978	0.00611299171208878	0.00740987749324955	0	0	0.00843685748997155	0.00629776251040719	0.215204998396193	1.70609739983244e-17	3.9001348527611e-18	0.0785464799131945	0.0635018167498814	0.0390604736011893	0.0243772638229466	0.0634377374241359
TCGA-EW-A1OW	0.116586911899803	0.0266863551806092	0.0330481203522604	0	0	0	1.24633953147824e-17	0	0	1.34383247220695e-17	0.00219691827295697	0	0	0	0.050623267875548	0.055523133832291	0	0.0157622675191894	1.47213082468321e-18	0	0.0566052121335455	3.01213347107646e-18	0.360071723795929	0	0.0558599890828592	0	4.17033768752608e-20	0.234076028506608	0	0.0922615974949794	0.00767094744259878	0.0131828377321923	0.0381842096303659	0.00463967988679556	0	0.00438898733419426	0.0205476306172663	1.56131862455765e-17	0.0825719027107563	0.012882680358629	0	6.00075951304037e-19	0.20769662453674	0.0452102144311044	0.0128930356065161	0	0.00320375992743169	0	2.46567700034312e-18	0.0451243053890946	0.00666360647267696	0	0.104976015700437	0.00770808238426758	0	0	0	0.0246495517374679	0	0.228374980087301	0	0.181795985702825	0.107242538759096	3.98415247053299e-18	0.00878855848812823	0.0695757781985069	0.0783643366866351
TCGA-EW-A1PB	0.479872076532467	0.0101501662705884	0	0.0536025123592189	0.0447012790786444	0.0025384063246591	0.0207791103756311	1.55162093042899e-19	0	0.0660326199062067	0.0279572698580884	0.029781309455108	0.091709109552717	0.0327081766197899	0.0294423363704305	4.93968790252125e-18	0.0195476096755084	0.0883878223338414	0	0.0256109596163201	0	1.81708095357601e-19	0.565204144863391	2.18650501751712e-18	0.00456294268543197	5.22648090600346e-18	8.1880880127902e-21	0.0457050568763628	0.223114249490843	0.125867435624152	2.30640952518648e-18	0.184132282591611	0.218964337964105	0	0.00647355661254761	1.31161064778021e-19	0.0054617781663056	0.00979362498188713	0.0753590238569248	0.00737781879083853	0.0571724144637309	4.13589187316717e-18	0.0410962526693812	0.0144303924573342	0.00108456539251714	0.00292486878900569	0	0	0.00857647879974901	0.121891273461084	0.0388639018906344	0.0554258832796672	0	0.0185640871965683	0	0	0.00392256943977201	0.0751498203520902	4.43380155110432e-20	0.0810323086447136	0	0.367950962155219	0	2.08815775012762e-20	0.243566342598857	0.00735655447801021	0.250922897076867
TCGA-AN-A0AR	0.0347190986844421	4.12069124668134e-21	1.22617614815742e-17	7.76512933379954e-19	0	3.23132023070324e-05	0	0	0	8.45722614568715e-18	0.0256049951546495	3.82289886230587e-18	0	0	0.00554070833206066	0	0	0.0461779636500871	0	3.9034857359564e-18	0.00599198347590983	9.10343294518353e-19	0.433738523806071	6.47621951332676e-18	0	0	3.31176836533344e-20	0.170629256365047	0	0.0553470178522387	1.16183823730891e-18	0.0195272737281696	0.0306729201890562	0.00817321062208312	0	0.00268140029159633	0.00855264120957697	0	0.116983704767406	0	0	0	0.220144083531226	0.0291689118249433	0.0098771165251435	6.01726763683842e-19	0.00349826646689154	1.33020712079152e-19	0	0.0162547723617129	0.117390912607584	0	0.0269209057921257	0.00840116278270696	9.18660864000567e-18	3.76042263564726e-18	1.43668591281747e-19	0.0194719134032127	1.17135548623332e-19	0.199926635893984	0	0.408115129187886	0.0714886887152111	0	0.0130181824854464	0.00299599173795492	0.0160141742234013
TCGA-AO-A129	0.321257619906168	0.00576072712979742	1.44248736997769e-18	0.102245693735562	0.0320485434127987	7.88940308177749e-22	0	4.77342494513329e-19	2.36455081583716e-20	0.0102922181386792	0.0272903767948452	0.0349317837451462	0.0269313345902832	0	0.0066468052361806	0.0294125445215495	0.0434735903810918	0.0317446824667181	0	0.00337455977468584	0.043038636815201	5.11510834522856e-19	0.513027021112117	0	0.033830345579892	0	6.44864078567445e-21	0.0295333031140159	0	0.0710321612666775	0	0.0554339215035991	0.0717429431108079	0.0156029963221413	0.0136877025642203	0.0020119771793157	0.0223090625145252	0.0244059110468166	0.0779473027308314	0	0.00315642677282668	1.03647764775435e-17	0.224536049369084	0.0594066464673285	4.53641789907357e-20	0.00824697376265408	0.000660420399491425	2.69667392917001e-19	0	0.0861370320824875	0.0479579749556448	0.00828322714526851	0.0441396687237157	0.0234817254954145	0	0	0.00464761123933492	0.0348935846659606	1.03987865861021e-18	0.0757260954430228	2.21226246601935e-19	0.303211090616196	0	0.0111594796639362	0.14188672539736	0.0413148547624452	0.183201580159805
TCGA-D8-A27M	0.393747653491133	0.0762387106737533	0.00906268178490357	0.238172047910761	1.48162373587884e-19	0.00703429578275089	0.0335474273739778	0	6.28696421113272e-19	2.82172576728227e-19	0.00429825768717587	0.0338746584022935	0.060675506740188	0	0.0371333311902398	0.0626456295904528	0.15910840564093	0.0107225741393403	5.04550385312286e-19	0.00919075697342832	0.00876412867429698	0	0.424788934461814	9.37955688648039e-20	0.0536376822953628	0	0	0.0473989824693093	7.77286683896537e-20	0.09840753854834	8.42179350180379e-19	0.065486039609221	0.0651740208656136	0.0362591107584441	0.0128969523351454	0.00772833528264562	0.0522191091669366	0.033965362560672	0.00813977628041596	0.0113901058359719	0.0347637467520509	1.31710670581092e-19	0.18933523625365	0.00933285614905965	0.00319039547383657	0.0127343262551855	0.000904995972599046	5.1130649161865e-19	0.00421061797417048	0.0194715544541259	2.4612336296765e-18	0.0212013466423748	0.0912614415632659	0.0122971197813735	0.00177455539685916	5.28599472463212e-20	0	0.0353675511482035	0	0.109158725693169	1.43811652354982e-18	0.0530705388015767	0.0145136673377438	0.040291677357526	0.26572987997138	0.0693202608217065	0.335050140793087
TCGA-AO-A0J4	0.313638767503249	0	8.62784810948125e-18	0.142472957700068	0.0340392342588934	0.005501969395617	0.0211274813876973	0.000645427223595678	0	7.74597619448356e-19	0.00498732127261637	0.0304676459427009	0.0240513700172287	4.32534809515485e-18	0.045536387236963	0.0925859356376336	0.0551080704858363	0.0133566793409456	0	0.00917616943808495	0.0310680786212132	1.98270976685265e-18	0.481920644618482	0	0.0113352368472605	0	0	0.043296912594251	2.03590129668077e-18	0.0882759398655839	0	0.0254047031065712	0.05432838018654	0.00583945701370943	0.0101003599296009	0.00519459056025425	0.0424176353411811	0.0320346364543592	0.05195913499358	0.00704608716360548	0.0055717066119812	4.20869894346731e-18	0.117345710926878	0.0351651877509142	0.0119553863386423	0.0182728144475483	0.000561362416055497	0	8.35709106062229e-18	0.0747970066617348	0.0457846382091204	0.00526837614839645	0.118041210734918	0.0207320176970243	4.07976550143747e-19	1.34513604662099e-18	0.00375504507162427	0.0312246538795962	5.31068228140576e-19	0.183472641274945	0	0.17045155142193	0.024634090803369	0.0196652904229934	0.149225979968402	0.0212016577342368	0.170427637702639
TCGA-B6-A1KF	6.19528299088533e-19	0	3.79694419375329e-18	2.24301026233875e-18	0.073212530568352	2.26559209042407e-19	8.49475736394139e-19	0	1.01830597568893e-18	2.52434231962949e-17	0	6.67840415254191e-18	0	1.57890998568928e-17	0.0110554891613801	0.0111799313151754	1.09604785227182e-17	0.048961882118014	3.1872053790007e-18	0	0.0662514055071978	0	0.528506757965836	0	5.79035846491555e-19	0	0.00133713570156188	0.164472292709222	0.0452069826791628	0.0796515091250944	0.0140606212251116	0.00047685210396627	0.0044676956313214	0.0102087059582761	0.00515060637224562	0.00385969722461125	0.00871922484378988	0	0.0886508995594357	1.30894360426275e-17	1.6868708444777e-18	3.67569931361441e-17	0.176323411071186	0.0540454768781855	0.005131072743627	0	0.00767607166525999	2.41036817645576e-20	0	0.068096182771743	0.0554179008592927	0	0.0550292463916953	0.00506042387321285	0	0	0	0.0389462945786682	8.00363162862743e-21	0.31852057226609	6.25005661620515e-17	0.234579678704442	0	0	0.00375163898414127	0.0331257027535989	0.0368773417377402
TCGA-A2-A0CM	0.390736364309205	0	1.16495669257212e-17	0.057870671428447	0.0623466715954208	0.0138412194936388	0	0.0166190165180451	4.16267168990138e-19	0.0128623535426515	0.0454917586489983	0.0659961520836658	0.0539374460950872	0	0.0397286255862226	0.027177416736203	0.0266306235000655	0.047548506976805	1.11771116107347e-18	0.00953156717762369	0.0305061923520685	3.75162933392917e-19	0.365889137738862	0	0.00996088889547067	0	0.000971919835745681	0.0782530748647315	0	0.0864752303664792	0	0.0841887292724564	0.114472545786639	0.0242318794609589	0.0159899438657211	0.000478983740476397	0.00916923886602152	6.93495003743443e-18	0.0912683463769812	1.27962563374263e-18	0.0133411632065512	0	0.121529217569855	0.0428882389366917	0.00205577583356798	0.00258907305234521	0.000643448042051122	0	0	0.0174677184627819	0.00531369492484956	0.0152014647826694	0.00520497536149783	0.0152180412927692	4.20104428372545e-18	3.69464020773137e-18	0.0112416694764115	0.0256449063975641	1.81508216179311e-19	0.238296361877369	0	0.325499061850342	0.138451816412426	0.0433619422264089	0.175691495701674	0.0202335406237696	0.195925036325443
TCGA-AR-A1AR	0.391356444922843	0.126027507127172	7.05607701059761e-18	0.0687379978510296	0	0.0275225076808389	0.00812512098909533	0.0149505878865378	1.06795047348831e-18	0	0.0154251898120473	0.045404713680309	0.0456146996716834	0	0.128398954674034	6.62654542427437e-18	0.0276394629418835	0.0861886336281278	0	0.0314812371684758	0.0549165469028653	0	0.290598617041717	0	0.0839912062614029	0	0.000942475106249684	0.119944707281588	0.102447355989465	0.0273661001040938	0.00480127313958138	0.119987658883582	0.0915542769532093	0.036716474812877	0.0273936720656515	0.00332756130337346	0	0.000147139129517722	0.0452613447125191	0.00326010875470599	0.0732002000350222	0	3.08475665838444e-18	0.0457002660121257	0.0195948731856506	0.00941806385967242	0.000894245771147902	0	0.0075595566484554	0	5.98914079270413e-18	0.0213605561518147	0.00110592841493336	0.0073990414197184	0.00272800699064985	0.0521454995058368	0	0.0102370813387263	6.79057756324356e-19	0.239738040350423	0	0.122737622862345	0.175367780763397	0.0559151388399063	0.259143749479376	0.13246763014572	0.391611379625096
TCGA-AO-A0J6	0.233468065340674	0	9.56759440780886e-18	0.0547217915478273	0.0761919703350673	1.88145401806938e-19	0	0	1.4805963150535e-17	3.39418027003315e-18	0.00145625605402767	0.0151396174767152	0.0379400862714019	8.90608417150027e-19	0	2.66207918036244e-18	0.0349185528575822	0.0713626739257277	0	0	0	1.2112798347041e-17	0.58337460571393	0	2.57305596059983e-17	1.93176965545103e-17	0.000133959802605675	0	0	0.0954559942736338	0	0.0478571172691443	0.0644488425197301	0.0131669883019196	0.00669872914893896	0	0.012006525830979	0.0106423719493906	0.0876978088235175	0.00725473462140207	0	0	3.28951632124396e-19	0.0131817141872714	0	0.00263142816568159	0.000519513859692028	0	3.15812978037786e-19	0.158033530659279	0.0563870738477414	0.0322861140444007	6.97919289667119e-20	0.0181888471939006	9.64501470509082e-19	0.00257612115503103	1.88871521914886e-19	0.0296776526586331	0	0.24838108517805	0	0.411700993231039	0.0228883229672626	0	0.0829448369617505	1.28652798029992e-17	0.0829448369617505
TCGA-A2-A3XS	0.250150273014189	0.0121963644724428	9.51063995083363e-18	0.00308343803430446	0.120311777768962	0	0	1.56518240452047e-18	1.01006269969762e-18	0	0.0209338324841256	3.2246812547296e-19	3.09679785393303e-18	3.10523546692102e-19	0.00872338734428211	0.0640733262821309	0.019221713659525	0.0655822343936892	7.79522361004401e-19	0.0023193886012539	0.0643346403920725	0	0.580116339358761	0	0.0226065721680015	0	0.00125887697608656	0.230794206704976	0	0.0754172297919424	0.0109048907299491	0.0185681849155022	0.0327520725708849	0.0167812656177943	0.000721765936689232	0.0043914469731081	0.0131930235108253	9.04953945710226e-19	0.073363045358597	0.0093554361684912	6.24463460644448e-18	1.94781188727943e-18	0.22919330855303	0.0827634404582388	0	0	0.0016599708570224	0	0	0.00898964063764565	0.0917023150044715	0	0.0713259697686297	0.0181744661684234	5.35068714217414e-18	0	3.15635956958062e-18	0.0343447681392111	0	0.0577685492536612	0	0.261657528655669	3.94514870726258e-17	0	0.0164618516584999	0.0495687885162584	0.0660306401747583
TCGA-A2-A04T	0.386743064779452	0.00543846037825242	0	0.00231824405526482	0.0481002377481037	0.00611499318239336	5.5798552869488e-19	1.56630550248012e-19	1.54226079346065e-18	7.19027540779803e-18	0.0292812764758334	0.0478467235096108	0.0418234182594736	0	0.0635809763750981	0.0114110731119882	0.026241052681405	0.0979236753935191	9.95375796159772e-18	0.0232113978952888	0.00223384723993947	0	0.391890957725154	0	3.50093305152675e-18	0	0.000767192482063876	0.170829812029881	0.092458979570163	0.0554744472613211	0	0.0571576100518938	0.0611213060414465	0.0197571275709754	0.00643565233625597	0.00229855574775613	0.0106345257618938	1.44932841276213e-18	0.077970536267084	1.88504949449873e-20	0	1.35686233471786e-17	0.0439620828551352	0.0213076430009811	0.00630389059618904	2.03968466401208e-18	0.0034027461770426	0	1.80264093218782e-19	0.0190696774518402	0.0925101823781248	0.0117805636607296	0.0750472026545413	0.0097248762432896	0	3.82165078414936e-18	1.43645821809681e-18	0.0134418242381992	0	0.193310293195372	0	0.319402448984392	0.0134896500328882	0.0350929333932695	0.0913130852322095	0.00383615380909595	0.0951492390413054
TCGA-LL-A73Y	0.313250649649736	0.0089541324604616	3.260766837063e-19	0	3.27394149555475e-19	8.7741305324732e-19	0.0282297705883408	4.46647824431255e-20	0.00813396696040807	0.0167094268007862	0.0179700817614557	0.0478032348193807	0.0269557308147531	0	0.119139430507384	0.18665378008323	0.0445247197586756	0.0169805801804544	0	0.0421041361934525	0.0818300996936392	1.3281071427194e-19	0.374686625660905	0	0.0845824569024213	0	1.75853441536088e-19	0.243698634560338	0.25508393959681	0.0632244583209905	0.0181117782588127	0.0398110197748988	0.0457923962494971	0.00103459032895185	0.0058778545550297	0.00606696192178841	0.0258455081638302	2.82232672509116e-18	0.0198150054515347	4.22000090330037e-19	0	7.03872801364058e-19	0.264560219372137	0.0701856902881912	0.00168013312821974	2.00206851409127e-18	0.00396002714919495	0	1.46788950775729e-18	0.0443871138323683	0.0533465864603013	2.83585474875852e-18	0.180474628663193	0.000698020896775079	2.62420187272637e-18	2.25106588426038e-18	0	0.0181035304645352	0	0.0565287012905318	3.23649544997347e-19	0.0649706397888298	7.73414187724125e-18	0.0479474930482802	0.0903974968951745	0.0876833445282611	0.178080841423436
TCGA-E2-A1LG	0.0615384223131564	1.23079503948157e-18	0	0.0110209855007593	0	0.0024406005310758	2.75417716068013e-20	0	4.1938815991104e-18	4.11988858588016e-18	0.028173369583966	0.0193124856494788	0.022403442203926	0	0.00443359872470855	0.024670562428854	0.00397653366007774	0.0699999877129326	1.25948243592479e-18	0.00129563488550568	0	7.92999487525048e-21	0.615638738203594	1.16332284760609e-19	0.0191475671252695	0	0.00084329351460059	0.160936975177968	0.0833377477755034	0.16011105303979	0	0.0224983904588711	0.0273815458476805	0.0036142238496994	0.0016620534953109	0.000304990772238263	5.07393668705091e-18	4.74614922097017e-18	0.0690716433328674	0.00138804444359852	3.97767834664915e-18	1.15518930426421e-17	2.94006428282343e-18	0.000401541316631018	0.00326338289766399	0.000378956194745125	0.00205493188185881	0	7.76679958058517e-19	1.0230464115117e-18	9.53644963543657e-19	0	0.00831841522437171	0.00968826024219276	0	0.0005078453246772	3.42598732121245e-18	0.0804069559230965	3.49389477649389e-18	0.170219779172176	0	0.164960500115754	1.70909051190241e-17	0.00305879180968575	0.0371930333266172	0.00957378356263477	0.046766816889252
TCGA-C8-A27B	0.341695971355976	4.44587668708124e-19	0	0.0693273391850554	0.108477500937055	0.00147702670297009	3.49639916023832e-18	3.51941245495764e-19	0	6.80009949164026e-18	0.021466405905551	0.0528613043772078	0.0717307700441512	0	0.0437072156391726	0.00546467739999821	0.0239950113604393	0.0670681253979059	0	0.0186397612789105	0.00202929443910422	0	0.452309227297863	1.66377339150025e-19	0.0036994502707861	2.99525222775296e-18	0.00300495136295279	0.00829186338787468	0	0.0658891776494674	0	0.0754802533520539	0.097436155329158	0.00384552914074543	0.0268871682684609	0.00134570178407603	0.0237116595455141	0	0.0563508345174314	0.0146332941594393	0.0298966203771012	0	5.16793451907574e-18	0.0198412113994101	0.00743501767344282	0.00245076073739615	0.00261867084448927	0.00355188681836035	1.13223399380167e-17	0.0227195698083367	0.0169595147456396	0.0255696954387677	0.0116042308699004	0.0205669257800368	0	0.0250410419821474	0.00831543207658379	0.0454078625801563	0	0.0703312275948197	9.19862922967776e-18	0.158231091495259	0.121594811078823	0.00366304800915416	0.184429555771433	0.00286437235494516	0.187293928126379
TCGA-E9-A3QA	0.668127284341856	5.02098507861765e-21	0	0.20039840107489	0.10705598564122	0.00757292005646843	0.0109220156112563	0.00305056550132051	0	0.0134900516879372	0.0092454497442282	0.0280879321958777	0.0532620043508274	4.76049331848448e-19	0.055239020708843	0.00209478069056351	0.101985107366482	0.0135816973772883	0	0.0420618951871424	0.0127531300178564	0.001842499893366	0.452858933134448	2.89418701300591e-19	0.0230638870990779	4.08725861028165e-19	0.000296231920325006	0.0160129373530086	0.118980446196609	0.0657788778594246	0	0.104366337378404	0.128290574625321	0.0215805236607064	0.00766940703972215	0.000223473862423523	0.0395055566526847	0.0554565196006682	0.0669873705617058	0.0102811322646846	0.0176089915471706	9.72988984873583e-18	0.154448522971459	0.0456975302956806	0	0.00808505762254499	7.57755802967596e-05	3.48526237073152e-19	5.53388653451919e-18	0.112249555653303	0.0475186234442034	0.0719686483599507	0.0641198903676661	0.0170759024805759	0	0	0.00476320936758543	0.0309651727815389	1.42605516501009e-19	0.00702563780800001	1.33144766138919e-18	0.276856105421166	2.28802563574669e-17	0.107123343813939	0.270057353211929	0.0179085085584671	0.287965861770396
TCGA-OL-A5D7	0.433136670651195	7.07234096947682e-19	2.08623386361199e-17	0.183483497088901	0.184253268900603	8.22368294300005e-19	0	0	0	0	0.0746470323000368	0.0469087652539229	0.0312952637431604	0	4.76116799434328e-18	1.3911797399164e-17	0.0702597291200056	0.0265004657346914	5.27845893715425e-18	0.0101327560960637	5.73153829497945e-20	0	0.376941366506592	0	0	0	1.2072942728367e-18	0.00121910283390654	3.01425525563879e-18	0.0293790070540161	0	0.0579876920828921	0.0934800456496305	0.0249617194748436	0.00142141727916297	7.31993313183242e-20	0.0195781880031423	0.0631193178932316	0.160135151047177	0.00181618430464037	7.17350658358996e-18	1.88423529881094e-17	0.21407600156826	0.0530682354037567	3.92490481987611e-19	0.00689691953644854	0.00169485485000765	0	3.67524648785115e-19	0.0548099557491882	0.0539546847678955	0.0266225800549665	0	0.0170701705891981	1.93486068488322e-18	2.02902065602595e-17	0.0577242985367968	0.00994120451678761	4.73364560360278e-18	0	0	0.652388092582022	7.67717787996339e-20	0.0530407592906489	0.199956085200629	3.82274739948738e-19	0.199956085200629
TCGA-A7-A13D.1	1.01224231963014e-20	4.48251845157443e-20	0.0216413787627256	0	0.0305321261548561	6.15776033102021e-19	0	1.32887788665706e-18	2.97547553137228e-18	0	0.00745059244840387	5.95669820468471e-19	1.42196307186291e-17	0	0.000985461809434766	0.00831615819694446	0.012809687865262	0.0398576863598232	0	0	0.0545605054901948	0	0.634248084988815	0	9.45742499146219e-18	0	0	0.0867463583419997	0.008473177585544	0.122385136621552	0.00563541627037627	0.00387412459706426	0.0152287806989185	0.00262466385565705	9.41325751472253e-21	0.0028367028591083	0.020907889446088	0	0.0650251592920465	0.00617261748228815	0	2.22371612162343e-19	0.327231539505104	0.0584948202385057	0.00121791423694097	5.71041097284062e-19	0.00226258775189031	0	0	0.0400692592753502	0.013353519398538	1.03021940638605e-18	0.117827256546131	0.0083987522597202	0	0	0	0.0360215307817038	3.79436966464241e-19	0.130078106587205	4.95493325291271e-17	0.229088954169265	5.97038333694344e-18	0	0.00258274973137617	0.0272802527450974	0.0298630024764736
TCGA-A7-A13D.2	4.83750567470876e-19	0	0.0241164642650977	0	0.0195717973545469	0	0	0	0	3.22884888532571e-18	0.00662380740386071	0.00268242140489099	1.13832305397005e-18	1.55862445554531e-18	0.0070361140901508	8.78250161263722e-19	0.0230425731074927	0.00812396649056634	0	1.40895218332224e-19	0.0462380556117674	6.27350087678989e-19	0.498331664484417	7.13780294568142e-20	5.23448930261509e-18	0	0	0.056793771140608	0.00768537116792136	0.0995934299960733	0.00418622958017401	0.00176774983722372	0.00712962392009161	0.00301471507051589	0.00492347834387253	0.00683211264799488	0.0230975480995406	1.78527035419733e-18	0.0308480628872131	1.97229007882907e-18	0.00105399781142749	3.29106528148505e-18	0.240439335179905	0.0256518497849749	0.00502177421521681	0	0.00470344007747443	0	6.27617514191175e-18	0.0139620043690251	2.41203922834236e-17	0	0.0516371518576963	0.00331677398803433	5.16663199726699e-20	0	0	0.0195580413641556	1.93889872179253e-18	0.217892963201329	2.27385841987024e-17	0.0876380260580076	0.0362461335264991	0.0102302807372682	0.00695176493160983	0.0231190278058837	0.0300707927374935
TCGA-D8-A1JL	0.36618564072283	0.00475732334671717	0.0129472171131488	0.00775757065457455	0.0448037736936951	0.00688510895252651	0.00372299650871252	0.0148305246429687	0	4.00110313393181e-18	0.00452550795740338	0.0156195034604384	0.0559981751849607	0	0.0294495412741104	0.0213053046974472	0.0142776130421703	0.0397435526099758	4.01394945854469e-19	0.0069553919777587	0.0295845019599064	3.66092435042787e-19	0.300694452849224	1.76307419732483e-20	0.0131213430327687	5.72451410764602e-18	0.000903927764036772	0.234369495526061	0	0.0347589554517333	2.74268537970355e-20	0.0978438768941731	0.0988037386107413	0.0394144879716421	0.0116933758475524	0.00174438593967949	0.0280624084284263	1.76773372019171e-18	0.0386375563993346	0.0263374607273188	0.0122122098112023	2.90003064069111e-18	0.0685042858551872	0.0271497866441436	0.00668423119239416	1.63999367495939e-19	0.00116720823982913	0	0	0.0354384935199935	0.00797659574763428	0.0148939376032954	0.0760519074346074	0.00261484700005449	5.00694742406633e-19	0	0	0.00869443209656054	1.00626847572903e-20	0.233142336375068	2.61082390221031e-17	0.184131940906864	0.0308702023094513	0.0637311923225935	0.111274968859112	0.0237315841696961	0.135006553028808
TCGA-AR-A0TP	0.0105810775528911	0.00172681289329608	0.0326094142022781	0	0.0620494088011607	0	6.14765951962545e-18	4.46571598514441e-18	7.19971632910295e-18	3.39857437769679e-18	7.65182320128046e-20	0	1.43808685797881e-17	8.73404492092016e-19	0.00374643174386994	0.0529260245328779	4.17015861054241e-18	0.0430457077998225	0	1.21475982572434e-19	0.0081086644395598	0	0.369295601798713	0	0	0	0.00217444496366821	0.155835858158964	0.0763552619922232	0.0422856199281777	0	0.00136108550834067	0.0148181587630426	0.00652584713947423	0.0066784375771117	0	0.0123871417686265	0	0.0541995547291942	8.60177719176519e-05	1.0806690255919e-18	1.14129993308283e-18	0.0460598016116701	0.0167105356122731	0.0116651927416797	4.23408891236886e-18	0.00678207515383403	0	2.40683460163087e-17	0.0615201435649749	0.0695622965148674	1.11381838260308e-18	0.0539529991773308	0.0112342891783176	7.78846822881461e-18	0	1.63531646884947e-17	0.00393416647805353	0	0.196786171790904	3.140240846597e-19	0.160430515396001	1.51143694187125e-17	1.58067789032337e-18	0.00535968205696827	0.00491773866642794	0.0102774207233962
TCGA-E9-A1ND	0.372589823058991	0.0122338162082417	0	0.0194611309314879	3.45442970239284e-19	0.0049834336582951	0.00604257570940576	0.0101023602747126	4.31112539488423e-19	0.0351455283304614	0.0285629201548818	0.0318384079898329	0.0693636797580464	0.029177281920443	0.022983495955767	0	0.00564723058387678	0.0193672156829843	1.92085426355644e-18	0.0125276118137364	0.0255174738039432	0.00137236691695436	0.639967296494767	3.2695163681193e-19	0	2.84082619440152e-18	0.000143073626126673	0.146890861611618	0.084069275424329	0.135114547330681	2.04691994861158e-19	0.164556565247854	0.154949490484794	0.0325575331547463	0.00690054988660196	0.00232188128849645	0.00834850843554236	1.14965827720205e-18	0.056785882638645	0.00661586727705778	0.0610025725675779	1.42963786046348e-17	0.0645884752379536	0.0366792782826273	7.53488190440275e-19	0	1.83882195831113e-05	0	0.00835263820666864	0.0563916244941094	0	0.0329763755694701	0.0936884318913962	0.0155815269033172	0	0	0	0.0838281067160417	3.93434547072869e-19	0.141359005253354	8.39232575036857e-18	0.299645625330177	0	0.0505724224007541	0.210742802556951	0.0188756450060924	0.229618447563044
TCGA-A2-A4RX	0.139461985495519	0.0656417433978391	0.0327860665195194	0.0515447213434849	2.0621752517754e-17	6.91284569116777e-20	0.0379103778984666	4.66280304951494e-20	0.00925457729509857	4.5907582580545e-18	0.00805051216436424	0.0230764328080987	0.0239997975150914	0	0.0403408119055773	0.150369317952789	0.0580864320496374	0.00979182585542227	0	0.00254058657404396	0.0510519594865633	0.00325952391469827	0.514653017330488	4.53299083125138e-20	0.110595950111966	0	0	0.202328322958683	0.0600349875420996	0.173202307967453	0.00463235915937685	0.00177376021667761	0.018285137641935	0.00649044173449416	0	0.00957356692234146	0.00640095729196857	7.17395266506553e-18	0.0215946773694999	0.042634085677096	0	4.71556953734294e-19	0.33044594389051	0.0464300427816108	0.00201348306651822	0.00444948502931641	0.00338205708579491	0	5.00125750646843e-18	0.021239679946208	0	0	0.170930050780349	0.00262674352689888	0	1.14217958998296e-18	0	0.050359720608397	1.8056436069938e-19	0.000325662147423264	2.24183904467791e-17	0.0762640285533789	1.33120466227462e-17	0	0.0547966832380023	0.113644826498184	0.168441509736187
TCGA-A2-A25F	0.702383826299416	0.225465219638082	0	0.277598456281795	0.0292169332511371	0.166487090813761	0.11666936836807	0.113130807309322	0	0.098489650434034	0.0328885730511696	0.145610473328127	0.192375625554577	0.0278507944031751	0.25653568787712	0.0597732104882077	0.161881131257048	0.0222064754112001	0	0.08458529013934	0.100273006653483	0	0.0697504016037792	0	0.177887894523999	5.78881771335065e-18	0.00129565385337665	0.240564696190178	0.424124815771738	0.00455189217926741	0.0121948381398319	0.218044207846478	0.172493617377442	0.0800347158909757	0.022650067252743	0.00614071875534747	0.0125697886401921	0.0402086465580112	0.0416356055536182	0.0276673958094274	0.0947612719601146	1.19786972477667e-19	5.04796434840519e-20	0.077903508657495	0.00681122225329085	0.0241712277157471	0.00141766137110709	0	0.000754613194695034	0.00233851192027737	1.00229702865237e-18	0.128670980004635	0.0592950227391778	0.0068094305219516	0.000610721325677607	0.199770500843954	1.25345698634552e-20	0.00100484029701618	0	0.133571907025744	0.00449827107367597	0.11767605522554	0.090171071625938	0.125818226014658	0.638090124875077	0.251813060407782	0.889903185282859
TCGA-E2-A14X	0.202944405321103	0.0138686444866349	0	0.150820156264082	0.125410294202879	0.00284630931913819	4.37812906948226e-19	7.36585436949256e-19	6.26017052770377e-18	1.95288389052761e-18	0.0159616223128978	0.0349557775736009	0.0134393345791646	0	0.0105618552412387	0.034888963121444	0.0666182629586088	0.0338861611552552	0	0.00459844917218504	0.0508089514154708	0	0.484060495847978	0	0.0436366837061535	0	0.00338509312246447	0.127095740839515	0.00401614928137831	0.0929527019454909	0.00294999638476955	0.0274430457539913	0.0330807528399771	0.0196277330916238	0.0118803560256197	0.00437133231298706	0.0189137839314005	0.025538124452136	0.0404605403057728	0.000655014899014299	0	3.61900713211758e-17	0.0581810369654456	0.0575179343624271	0.00146515556661691	0.0154761174753457	0.00167996620154889	0	2.13454886298565e-17	0	0.0650058088571894	1.7703209689508e-18	0.0566986414962687	0.0476710943815616	0	0.048818559036734	0	0.0351260398754581	3.02646810695916e-20	0.140818451080367	1.64488769738784e-17	0.165954965534095	3.32347607250635e-18	0.0271085751582834	0.153131856526319	0.0541571398041296	0.207288996330449
TCGA-E2-A573	0.356666691482403	0.0131497203896611	0	0.0524782802928412	0.0363951334397161	0	1.10785926270045e-19	9.55086009864505e-19	3.51821059164268e-18	0	0.0161781229392112	0.0311534618002673	0.0520537195268513	0.0018332166953151	0.0354175754998399	9.9829504804786e-20	0.0311077460384682	0.0389901438608409	0	0.0114481261974114	0.0240299752626541	4.27575473099476e-18	0.523839413271545	2.6971128750152e-19	0.0193964959647742	0	9.10224373494876e-19	0.170607461355013	0	0.077074248927979	0.00181279255684403	0.0709661440309361	0.105502869071644	0.00129606533391875	0.00304645356820392	0.00046241283502824	0.0325289062197621	0.00404960930798392	0.0731126916885469	0.000274696544533237	0	0	0.169121989618953	0.046217060364091	0	0	0.000304464330209408	1.37806396621951e-19	4.34752919552777e-18	0.076891811139564	4.4925796022899e-18	0.0077317861675483	1.99508926229182e-18	0.0519453953337775	0	0.00323831496356975	2.33460373595613e-18	0.0371396027094003	0	0.0815039386491867	0	0.379887291268087	0.0732351490484653	0.0140430084912067	0.112728310593107	0.0282880958085447	0.141016406401651
TCGA-D8-A147	0.215961337371798	4.89882472052019e-20	8.50561232005731e-19	0.0533324139304329	0.0420317429109227	0.0021657669853892	0.00715139321173012	0.012039855649091	0	8.42687387174318e-19	0.00212980593290359	0.0246031696148627	0.0366362116524476	0	0.0204421656451132	0.0193233567796226	0.0101454059645429	0.0314697935902486	0	0.00772802400628773	0	0	0.401355242587933	2.55184372567646e-19	0.0348790466279295	7.29466596808095e-20	0	0.0299531259946522	0	0.0663912909160903	0	0.0220214559826477	0.0434046921697012	0.00806026573117976	0.0224115771957033	9.30265884515771e-05	0.0385116997032076	0	0.0508554978439276	0.0182675501831783	0.0051560254833444	5.47534138905554e-18	0	4.59756247327478e-19	0.0211105006155721	0.00328650225639756	0.00484666608688969	0	1.20475250980141e-17	0.0372545286661287	0.034288294580228	7.5760270446256e-19	0.0107349903807802	0.0101560389462225	0	4.87370266699937e-18	0.00459345221991899	0.0229499756872626	0	0.214706492576396	1.30317536312757e-17	0.188970632580036	0.0162849874083005	0.023767815104657	0.0981950145749132	0.0174395233139647	0.115634537888878
TCGA-A2-A0YE	0.0593855687912379	0.00189837118222529	0.0322400321341443	8.81362237397937e-19	0	0	0	0	0	0.00138869703443089	0.00273733628516187	8.81913489040325e-19	0.000572374905390919	6.62772404319795e-18	0.0306808944104251	0.0287118220320855	0.0111310161564898	0.00377728522733007	0	2.4268751424789e-19	0.0205639126951785	5.28639316410558e-19	0.414486825726039	0	2.23321840961966e-19	0	6.14388341765525e-19	0.145944975518958	0.00681516322341386	0.0417497599708473	0.00338599324620658	0.0156202134658745	0.0194865561155116	0.00688771155158218	0	0.00106962020033244	0.00619846689389961	0	0.0532476425624496	0.014575836222328	0	0	0.227924237699772	0.027086544338196	0.0108677812810474	0	0.00159082325905398	2.83676969509542e-18	0	0.0901439529952805	0.0590340090026567	0	0.137570937929038	0.0169182534157924	0	0	1.25373344425144e-17	0.0217811610594687	1.37500644084741e-18	0.229884059814057	0	0.190159090076207	0.00925919078683766	0.00532067085810761	0.0104134756439164	0.0112311419387019	0.0216446175826183
TCGA-OL-A6VO	0.183283682130582	0.00377155116871531	9.90346458688682e-18	0.0148802882519239	0.0677742933769988	0	0	0	8.32981276044255e-18	0	0.0249083760303666	0.00275889489264528	3.45836951991506e-19	0	4.36290380677701e-19	1.00432584945803e-17	0.0128784087339792	0.0680380000134385	0	0.00156229997269341	0.00884574805856238	0	0.449518685595569	3.20061190716266e-18	1.27070848561333e-17	1.38978327939268e-17	0	0.0657929069877827	6.69429853317272e-18	0.0382972224224812	1.17270575165846e-18	0.0341189991347062	0.0545043886039284	0.0113978435702298	0.00424051289333215	0.00150230675406454	0.0272360913142434	0	0.0948664198678457	2.25909012257422e-18	7.63477646821778e-20	8.59939335993896e-18	0.107897951635874	0.0394363395964071	0.0145370991638097	1.36889252239545e-18	0.00190004491570805	0	1.39639002561764e-17	0.0145350771328946	0.0813346725965269	0	0	0.0131295755401123	1.03193504709767e-19	1.18119174534875e-17	0.0090085414921858	0.021594401129255	1.56990751955915e-18	0.140790938293241	1.34742016946353e-18	0.433516293811631	4.40331089501268e-17	0.0217812875705821	0.038373996763534	0.00630864961363885	0.0446826463771729
TCGA-A8-A08R	0.370884216674187	0	0	0.0667197847691116	0.0341372882192799	0.004601879985886	0	3.47310717423632e-20	0	3.25974685691426e-18	0.015733904388715	0.0121376356135805	0.0186044817867564	2.00610369414274e-18	0.0197039474195671	0.0256809160624982	0.0415319192783989	0.0192258448176489	6.93548873275861e-20	0.00954658823546646	0.0286541714360749	5.45804909265512e-18	0.268867981322447	0	0	0	0	0.0519977205641252	0	0.0340271228914846	0	0.0966549025016481	0.112685805079261	0.0174832685331243	0.0177541911872532	0.00308361970189874	0.0428360312665372	0.00270131758890848	0.0503007783065242	2.43984507996801e-18	0.0105750244164416	3.86855031063065e-18	0.123795441176056	0.0382937824364443	0.00317259834879008	0.00151925832135636	0.000589485703466336	1.02611800531355e-20	9.73122025657238e-21	0.058880844734609	0.0589624076789926	0.0203971295691459	0.136286082867853	0.0306951846274689	1.04205029276082e-18	2.32306895612276e-21	0.00289167073563102	0.0131929052531761	0	0.183502195611004	8.68281032691435e-19	0.202510238671304	4.74373431266628e-18	0.0769118218833734	0.142258751149001	0.0143270857180374	0.156585836867038
TCGA-AR-A1AI	0.384146930086766	8.28952622008171e-19	8.00455928136174e-18	0.128675085829747	0.163337363597196	0.0169275363438184	0	0.00426911694826662	0	0	0.016156664638223	0.0487965237686592	0.0566252775369012	3.75082318553752e-19	0.0575410116340654	0	0.036004054648521	0.0251365032060814	2.81011481580514e-18	0.0251486217329309	1.28645904065319e-19	0	0.39522599363697	0	3.99458246997255e-18	5.45515720344746e-18	6.7293986850377e-21	0.0160385103038989	0.0576656761490508	0.0479503359017645	0	0.092891176139636	0.0681783459875423	0.0311490754053025	0.022081899641729	0.00163841069589857	0.0248554925431164	0.00435729275367729	0.0716780210468944	0	0.0170412543870758	3.38349757732915e-18	0.0525529951374527	0.00583811648302925	0.00355048541243056	0.00634371357766912	0.000762893470880444	3.13825155270715e-18	0	7.27766203904588e-20	0.00423988591775439	0.02499252038123	1.18168541599257e-19	0.0401776444054269	9.30562378795348e-19	0.0157268600370756	0.0199632463549682	0.0196998341000924	0	0.154905316577986	0	0.266006624231543	0.137872982904285	0.0574349154232358	0.22593578563203	2.47609049802302e-18	0.22593578563203
TCGA-BH-A1FC	0.339692945726168	0	1.0507003493286e-17	0.130237185338309	0.128640976426028	0.0196847661336537	1.71577477150532e-18	0.00426092724110872	3.22739384172727e-18	0	0.0372289822412579	0.0217190238547361	0.0419008620940684	4.91433596239326e-20	0.00439629026748375	0	0.0400232767587952	0.0687145973757252	0	0.0113086580868059	0.00111465555330429	0	0.322188005058167	0	0	2.89461600612181e-17	0.00216304457800711	0.0234096305155038	2.06246698805094e-17	0.0180892064189953	2.86625533579665e-19	0.058999851434106	0.0754745203297622	0.0214365536667443	0.0123747335422495	0.00250015089263429	0.0245616937934618	0.00788455441478953	0.137569188574309	6.61943571719284e-18	0	1.50106396401543e-18	0.138745974680613	0.0183809798902543	0.00519226566794691	7.00294312681548e-20	0.00221098956547869	1.37663184361386e-19	0	0.002818379538448	0.0284161832038689	0.0221362749023357	0.0245423427911806	0.0526215768789907	0	0	0.0307443209777484	0.00657195604212814	1.63622105809663e-20	0.166538849226549	0	0.394571027403158	0.119117180263259	0.0731537863863568	0.159266919664877	0.000557327776652144	0.159824247441529
TCGA-AQ-A04J	0.397047949079324	0.00422582732766349	0.0393896126105186	0.207319731356519	0.0322288613242088	0.0111063482886527	0.0506676341347696	4.71962186900385e-05	0	0	0.0151183431032144	0.0391686624730283	0.0377192840200763	0	0.0547341572428807	0.0972697948443864	0.0633040383787568	0.0306307595091138	1.15617483848742e-18	0.013245308404845	0.144676405525035	0	0.415990979298967	2.44846140644502e-19	0.0757995698923104	0	0.00224100958116498	0.30792697960037	0	0.0762410552167156	0.0310442314876186	0.0257791518813853	0.0429057926765063	0.00759662661770576	0.00748809312805233	0.0124884447234936	0.0128278369561099	0.044923250309674	0.0421399282082048	0.0117666444707637	0	7.6139870451894e-19	0.146299431102008	0.0929944490480563	0.00474740975977523	0.0304649711054735	0.0019156970251854	0	1.89654812629432e-17	0.0394638603409524	0	1.24773408875898e-18	0.0654362202192304	0.0183473814688404	2.94982985453596e-18	0.00922443871350521	6.41176137784907e-18	0.0265659973027767	0.00126130799811165	0.0638789921271415	0	0.125478853695596	0.014206915175993	0.00350667345634433	0.195365428975013	0.112350901372505	0.307716330347518
TCGA-AR-A1AY	0.0436234265081202	0.0159531313252082	0	0	0.0106278786485181	5.94478613712854e-20	0	2.25132787535462e-19	5.51087822936971e-18	2.06015335786707e-18	0.0118330304998666	3.30717571474673e-19	0	1.78973916212568e-18	0.0245214045336726	0.0270975721371733	0.00549134548891752	0.0430961096436514	0	0	0.0081812316196136	0.000379788320833688	0.345503761339276	0	1.10360981664366e-17	2.20524417006456e-18	6.68352475772296e-05	0.137124153196711	5.29018035090925e-18	0.0861330253152368	2.16840434497101e-19	0.0117508540632344	0.0271765577424838	0.00666842297910909	0.00708326238480441	0.00282339994561252	0.0152911004584432	3.40602445711104e-18	0.103899715331309	0.000438443160245338	1.28852931562875e-21	1.46042204238632e-18	0.193518308633726	0.0166176937598718	0.00552168416953032	1.01828990233619e-19	0.00575274520849039	0.000758215811866592	0	0.00153815429387922	0.0290299205483012	0	0.0775270903058549	0.00664710197900028	0	4.76222350159069e-18	1.57842908510414e-18	0.0251194767291065	0	0.124536619709745	0	0.205565305565837	0.091838557211167	0.00448852303581154	0.013314747053826	0.0120671814724109	0.0253819285262369
TCGA-A7-A6VW	0.176536488362288	0.0204123126419951	0	0	0	1.35869272572453e-20	0	0	1.41389140628648e-18	0	0.0166244129135237	2.5332886401829e-18	0	0	0	0	0	0.0811073211180264	0	3.05896474800433e-18	0.00250318082676523	5.16218914501326e-18	0.689725517150367	1.0227802737026e-19	0	0	2.65232679882328e-20	0.108467840136245	2.90530626972405e-18	0.15351312231812	1.04256184720693e-18	0.0811025949384359	0.111727683299542	0.00917576380984351	0	0.00188381777752695	0.00390391265055983	4.60850377754408e-19	0.111023677159315	0.0153945104200625	0.00303270150801179	0	0.301711534611058	0.0345396821540808	1.537181786748e-18	0	0.000540740084939802	0.000450625986435488	8.75321566000271e-18	0.0657336297535154	0.0602140736744024	0	0.0287299944168344	0.0157811136709219	0	0	0.00707183379470027	0.10615689192103	0	0.0294032143359359	1.82479730911681e-17	0.468050644024768	0	0	0.0563906149552555	0.0114577467343802	0.0678483616896356
TCGA-S3-AA15	0.371630690760965	0.254047931229811	1.0261396241107e-17	0.408695923590023	0.0321688031673859	3.76454472310071e-19	0.0576126494991203	0	0	0.0164384174541978	0.0161887464054487	0.0375743634108763	0.0193975397502817	0.0174521129257756	0.0581617655804542	0.00310591552582528	0.10738405284246	0.00734569514425839	0	0.0172369823497354	0.146338233000055	0.00387575196363045	0.339431141336325	0	0.0453102618125134	1.32719807058023e-19	0.00285958250671942	0.193400877152034	0.137418096769363	0.0555021520632805	0.0469890819107655	0.0576737493795439	0.0669003780612253	0.0519062898201729	0.0175992997356484	0.00503634482445489	0.0199517777555615	0.118823375060074	0.0641322235197882	1.4353601556488e-19	0.0464987402819027	8.71511044915328e-18	0.424068299390917	0.148801195025053	0	0.0346711755746225	0.000226485985236949	0	0	0.0307021309077121	8.29191578533877e-18	0.0173233059990858	0.114225275902523	0.131431983832261	3.44651996665837e-18	0.0857905924814933	0.00983050189865127	0.0153878100102389	1.20980382360434e-18	0	1.46667064544215e-18	0.225520212999275	2.09080109508131e-18	0	0.392769873807573	0.22284821302119	0.615618086828763
TCGA-B6-A0I2	0.495157155488722	0	8.09332983517843e-18	0.110076148856448	0.0843018187186868	0.00421848966546958	0	7.30911301360622e-19	7.49710051216114e-18	0	0.0372555348040268	0.0669460728199541	0.0949313209078982	0.0284715004334811	9.69382672722721e-20	0	0.0701722530783124	0.0284631399895533	0	0.0109678967572458	5.71300727802226e-19	0	0.567330678727027	1.30913644004501e-18	0	0	0	0.0100488056059319	0	0.0966971711266968	0	0.0488617850946718	0.0831849873139114	0.00277802078547833	0.00526959745927253	0	0.00149995813474447	0.0406553833273252	0.0809964973473802	1.1875456196179e-18	1.43052986483159e-18	0	0.1395093887528	0.0156573605893677	6.50603026039941e-05	0.0018642135453529	0.000194217463894495	0	0.0189983667346438	0.0870460671773427	0.063661165800829	0.0841773141999039	0	0.031918605726834	1.0882854902194e-17	1.8446326584106e-17	0.00370182249015044	0.0614233986512077	0	0.0783121769572105	0	0.442998145545224	4.15213218078199e-18	1.24586253763638e-18	0.174079911814824	2.85650363901113e-19	0.174079911814824
TCGA-D8-A1XQ	0.327319633168019	0.0029691372637908	4.53469064109814e-20	0.0625626079799454	2.19814493299542e-18	0.00745046174324024	0	7.36828046006415e-19	5.62130884763293e-18	0.0148110580154264	0.0178097950233793	0.0283032765243781	0.0359587742129015	0.00171795080646586	0.0194626473075848	0.0144149306753606	0.0282456296407649	0.018334034491813	1.48558719382837e-18	0.0117174103615494	0.00475939936539978	0	0.290681459760937	0	0.0512462465191528	0	0.000234575613087945	0.166101475324178	0.123523610134067	0.0423429396503426	3.53205152227905e-18	0.0986691458594996	0.116100087785848	0.0285455346936838	0.0178076172268227	0.0013008994351911	0.0106860529911747	5.77218116105991e-18	0.0651487741194319	0.0204580720599524	0.0349954919203173	7.37001030851513e-18	0.127367321966056	0.0220507528517637	0.00395097848646332	7.12828475663268e-19	0.00112527058258459	3.03043317139504e-19	0	0.026389622239461	0.0517619410665756	0.00503520179034185	0.0661378122341781	0.0394488104258232	3.76404823803816e-19	0.0317007861687293	0	0.0101993002619059	1.69496585842283e-20	0.207048524504291	0	0.19384616570985	6.34085215820201e-18	0.0459564229511605	0.169370366581675	0.0294873915741717	0.198857758155847
TCGA-AR-A1AQ	0.446407432364533	0.00514277982508336	0	0.10833795560036	0.00118968399426244	0.0141246028357508	0.00134737747241097	0.0173903837579925	2.83309066690273e-18	0.0019424426917873	0.031965168831514	0.0308191011816628	0.0556532388266647	0.00435881002011195	0.0535178844513463	0	0.0452087442196403	0.0484335030219665	0	0.026349240413238	0.0208197349275799	5.17645998506718e-19	0.464526317267516	6.46650185339244e-19	0	1.3822315251336e-19	0.000284071457806733	0.202433888612602	0.0530539185650077	0.0717019585029571	1.63415702735947e-18	0.0960044817555792	0.102331144698275	0.0284472607930402	0.014406608827234	0.00144611980739622	0.0103811050368605	0.00531247415491765	0.0766949906203527	0	0.0172511534260324	1.34137578980294e-17	0.160690584976596	0.0270186944941432	0.00167311483406105	0.00498407932057356	0.00192538735180619	0	0.00143134905939763	0.00164621664580601	0.043962496244432	0.0251573990318179	0.013609793468229	0.0425247819961426	0	0	3.84822673135732e-18	0.0257436581228532	0	0.173748643435003	0	0.244466755247992	0.210045029793709	0.0302842178884188	0.207993516014331	0.0129812573763316	0.220974773390663
TCGA-AC-A6IW	0.516683617007074	0	6.83404820140567e-18	0.0798146250590364	0.144500816532847	0.000129542591572101	0	5.28202890361816e-19	1.83476280417255e-18	0.0197407320350398	0.0411824125698043	0.0491660436578866	0.066192313247661	1.14900734683531e-20	0.219549290124152	1.66798868799958e-19	0.0566639579630308	0.0887045558896202	0	0.0475994465656298	0.0184385503429157	0	0.481981629903085	0	0	0	0.000693271386620774	0.0261012182188343	0	0.086457788852606	8.88613152657555e-19	0.164060937228549	0.141067535862105	0.0439022052820613	0.0141955522151894	5.59651628531872e-20	0.0119701443585415	0.00832028637814037	0.0968115310769335	0	0.0362121629559334	1.25370645747255e-18	0.128764940096774	0.0463239852135061	0.00200918909318109	0.00416335522048244	0.00260901595891943	1.94119823699874e-18	2.95012513350105e-18	0.0523351990518472	0.0222628514194693	0.0356459845884086	0.0335888689210212	0.00360447586662602	2.42837354197863e-18	2.16121446455978e-18	0.0343686306672576	0.0247277451570187	0	0.0362188325856019	0	0.519354484524887	0.0093764488938425	0.0145807002784176	0.260699178454817	0.00921927517145786	0.269918453626275
TCGA-E2-A150	0.222460523475859	0.0145793884434096	0	0	0	0	0	0	1.53399806037335e-17	0	9.08604885092076e-22	0	0	0	0.0580760093393355	0	0.0214273879935657	0.0602487476822214	5.69544485183868e-18	0.00482455682287091	0.049065373593425	3.42562380943751e-18	0.475812149113055	0	6.08013062512379e-18	6.73935941267667e-18	0	0.187222202208352	0.00205531030471919	0.0729770158490583	0	0.0460041347127022	0.034649462007902	0.0214145990726648	0.0011622411475714	0.00406010524061024	0.0145290882422391	1.35616250818592e-17	0.0270035078026433	2.18275862132916e-18	0	1.84309615757233e-17	0.191526446286883	0.0396536752545494	0	0	0.000575635306046009	0	9.47452109247596e-18	0.218569703203153	3.12148227851282e-17	0	0.116615302543602	0.00708480764810129	6.4985139979909e-18	8.84630054971259e-18	0	0.0214486335385183	0	0.178431250460166	1.10247765021482e-17	0.111470630812433	0	0.0617250210902404	0.034660621788763	0.0318223810184173	0.0664830028071803
TCGA-AN-A04D	0.0256383867254117	0	7.87456762496514e-18	0	0.0687557582520899	8.00366516924085e-20	1.44550795435669e-17	1.02541174214541e-18	3.73925704638654e-19	0	0.0204776572525005	5.94819039962096e-20	0	0	2.56420270037257e-23	0	0	0.187083602528393	0	0	0.0184785623544854	0	0.409689093760767	2.54972265928137e-18	0	0	0.00382793222738009	0.0966861735177659	2.46844757503405e-19	0.0399230379269941	0	0.00072419858007442	0.006638652089637	0.00754424460452771	0.00891781465661992	0.00120733787048686	0.00544070633286317	9.76220754703354e-18	0.0697248038929514	8.80124368415411e-19	9.68493518439734e-18	0	0.0848357278481865	0.0447421255803099	0.00879723656028559	0	0.00534231569024817	0	1.88281249860379e-18	0.00564081025992189	0.0993608425497802	1.81038860812859e-21	0.0142354651767949	0.0206544240096719	4.29907533979254e-18	0.0248303231686406	0.00475888392272365	0.0190158718535875	0.00208334280728912	0.14921699017724	0	0.358385665421657	0	6.32455920257609e-18	0.0064280088244629	0.00923928117724272	0.0156672900017056
TCGA-A7-A4SD	0.339410429815537	0.000916912716403869	0	0.0581967105302627	0.00971376746350688	0	2.31403861199659e-21	0.00310806047194037	7.60888608501806e-19	0.0224660746143093	0.0118686074201385	0.0233595251453004	0.0397573990339604	0.0160269307278926	0.00386495398320849	0.0179239666517302	0.0212579690454341	0.011822732521456	0	0.00243045851808774	0	0	0.568619552693929	0	0.0266647541029193	7.20072576523527e-18	1.50619735023705e-19	0.130996083454837	7.01355989828093e-19	0.132953565635599	3.66200337108126e-18	0.0535676437622307	0.0820576997893546	0.00334859796123702	0.00760984305291134	0	0.00191283711799126	0	0.0622803497376194	0.00425497550143657	0.000739184984171724	0	0.315508863543793	0.00437551758793852	0.00893018838790388	0	0.00014892517103137	1.88436691594494e-20	4.28465565281768e-19	0.0160430640316963	0	0.00507536597086243	0.0934591645360675	0.0473151263654406	1.47429109176997e-18	7.26588530834214e-20	2.85289550089357e-18	0.0569441777337779	1.48026334552348e-18	0.0985981517357586	6.02985977305021e-18	0.272275702195971	0	0.0381261697846862	0.0993409509766033	0.0137908334096616	0.113131784386265
TCGA-E9-A1N9	0.117231074675189	0.000337206262176253	0	0	0.0885020626315615	0	0	0	0	0	0.0318281828766279	7.63629172795586e-22	2.12573688302825e-19	1.9141883329371e-18	0.0240253122764972	0.0101351254618758	0	0.0481695966877093	0	0.00067953103694872	0.0651256129758035	0	0.268118115700218	1.1090402625841e-18	0.0117711244519012	1.25275333645937e-18	0.00170684246970416	0.261108073706264	5.92856219765612e-19	0.0205933952454568	0.0112789683400222	0.00185848667694177	0.011137339459167	0.00709318532488672	0.00667127006554977	0.00574639020879357	0.0034124941786748	0	0.0512074967608739	1.3787817258331e-18	3.36954926450915e-19	0	0.342064926922997	0.0531125837771288	1.55828253972682e-19	4.54019715090568e-18	0.00667295301622952	0	0	0.0305982182608156	5.90719950751171e-17	0	0.0371924811538572	0.00894413959568753	0	0	0	0.00386263455205149	1.55859766854588e-18	0.273553795066723	1.72262117666521e-17	0.149794958920926	0	0.00711867973380396	0.00613952518629351	0.0386169718449405	0.044756497031234
TCGA-AO-A1KR	0.0780554641984488	0.0133540433995709	6.06500878742139e-18	2.27356967700467e-18	0.0815707245479808	0	5.03269642515315e-18	1.50251031750339e-17	2.40014601730949e-17	0	0.0259412340137638	2.44506696902408e-18	4.16605044181808e-20	3.40844062482441e-18	0	8.24701306060832e-19	0	0.0985750690333981	2.22364245618681e-18	2.73755069195459e-19	0.0288530581495573	0	0.563743539119672	0	2.67353156580306e-17	1.30993110011107e-17	0.00189943661652287	0.140090702193698	0.0139788722577574	0.0897672859741464	0	0.00110814731504408	0.00608251826849015	0	0	0.000564578981842879	0.00540266386082532	4.76538692718875e-18	0.132940409743548	0.0270968420550289	1.58946723660037e-17	0	0.241161547706199	0.056100828009033	0.00138385809320997	0	0.00354454172277148	2.64014529291736e-18	7.18975933328649e-18	0.111615953894117	0.105429249723676	0	0.0446579522449124	0.0318963103111722	1.38058354277647e-18	1.22746065748145e-17	3.54399525990083e-19	0.0511630310643746	0	0.00428317198232898	2.337434610229e-19	0.534921279786436	0	0	0.000738764876696085	0.0211035507745641	0.0218423156512602
TCGA-A2-A4S1	0.284616836720952	0	3.0417149075738e-18	5.66912722924427e-18	0	0	0.015056244477647	0	0	0.0406438864906045	0.0153124933778108	0.0225154314386307	0.0183395239589126	0.000405893358970514	0.0656844207982752	0.0645033405647011	1.84241748477602e-18	0.0273417431482366	0	0.00311697792300307	0.146964667118577	2.32455699545013e-18	0.0166059152532578	1.32013996172841e-18	0.133058638432424	7.67542720428179e-18	0	0.261409903300173	0.0511314024821159	0	0.0366321288584052	0.133179667526372	0.113652927566107	0.061240463356369	2.711244927974e-19	0.00228686678873264	0.00706281820029673	1.62517150826331e-17	0.0561972702190554	0	0.100524660251998	8.91949563988644e-19	0.403989442355749	0.150880397676624	0.0320471849585324	2.80368350846009e-18	0.00501822795863857	0	7.60490803038209e-18	0.0887189042788955	0.149020250391437	0	0.0181742843396982	0.00918962011960258	7.52465899183665e-19	0	0	0	0	0.146794952385665	0	0.188765719955829	1.34217911339953e-17	9.90168125855276e-18	0.172891158093336	0.140011652775501	0.312902810868837
TCGA-A2-A0D0	0.226539772069958	0.0187148080513169	0	7.88615722406533e-19	0.0758467021404221	0.00413461905990223	9.33257655815635e-18	1.82747275176774e-18	2.48702831535795e-18	2.10467656320838e-17	0.0395885074979956	0	0.00468047271180706	0	0.0552369084101197	0	0.00763265422507932	0.106886923826366	0	0.00600506359620689	0	0	0.481656526074509	2.2175130824337e-18	1.12338248386081e-17	6.13356366182235e-18	0.00138714656256872	0.132123614851458	0.0102280595109431	0.0785365816835035	0	0.0305370415774215	0.0511359209607021	1.66028882330339e-18	0.00331021591415097	0	0.00710115019977456	0	0.16494721664213	0.00795786315721072	0	0	0.0435762510895041	0.0110513375417545	0.00219748656145197	6.80020995692416e-19	0.000263740754450435	1.65512552923988e-19	2.54527472058281e-18	0.0847970338288509	0.0765672966942734	0.00187740874014496	0.000864144578273161	0.0107756804577669	9.33538548657544e-18	1.08986227410359e-17	0.00510502143596799	0.0322062018037724	1.94607044462961e-19	0.106847141425521	0	0.47755382656495	0.0639571735623504	3.69387362617227e-18	0.0265682140585196	0.00935740402565845	0.035925618084178
TCGA-GI-A2C9	0.25219586734864	0.00311654463080535	0	0.0179812424470845	0.0451885469412098	0	0	1.69829062771426e-19	0	0.00671366650332227	0.00146815554872334	0	2.45452896587927e-19	4.17099222022209e-18	0.0886911872723541	0.104153161607637	0.0425363432549724	0.0659012731014104	3.31408118342719e-19	0.0185459723152479	7.28766530264905e-19	1.20397702828686e-21	0.469409352565626	2.28418362669083e-18	5.55866099560454e-18	1.37774379711848e-18	0	0.0162758606398863	0.0349491933762817	0.0893068860831346	3.30370447822857e-19	0.0440263998617298	0.0619756508950844	0.00956703714229258	0.0130947947890178	0.00114399571515482	0.0415959121563334	9.21545315880885e-19	0.0312998217611076	0	0.00650717015076031	0	0.0942285438105137	0.00138345212753884	0.00485912585893816	1.12115856335405e-18	0.00359012315201967	3.08350280004214e-19	3.62415098360845e-18	0.0460232011021349	0.0830320730243686	0.00994118122293115	0.0517352458807535	0.0118813834187381	5.13190107940788e-21	0	1.61441983097058e-18	0.027730564641889	4.17464449733804e-19	0.279023246097524	5.21369996914646e-18	0.111364172776649	0.00163671813014098	0.0146571138906942	0.0667703863758935	0.00155827231540268	0.0683286586912962
TCGA-D8-A1JK	0.311444033380725	0.016555687143687	5.45437603614659e-19	0.0132005754812922	0.0914069235723259	0	0	4.43034315337886e-18	0	0.0280188522676756	0.0127371047624063	0	0.00975696736021417	2.54485985057842e-19	0.0506248031693368	0.0175787071004788	0.0268876200322537	0.0409219381801387	0	0.0193562869715568	0.0678947213679076	1.88717747331559e-18	0.517245390844648	0	0.0159107440568147	3.53226194840205e-18	0.00113568226669937	0.0495478088580257	0.162850698404503	0.0621736160458471	0.00133045232556947	0.113799935643973	0.111244901291166	0.0233054514164208	0	0.0012843113367821	0.00445778485707093	0	0.0621968663448617	4.12378615413223e-18	0.0270862252915425	8.05659693978998e-18	0.345937825429143	0.0747842449495951	0	0	7.64707937923786e-05	0	3.8685294728922e-18	0.0663310001091213	0.044502241044928	0.0404233609548316	0.138019809772205	0.0132788088705749	1.07601847087684e-18	0	0	0.0390831864537835	0	0.109532015460001	7.52922512927363e-18	0.188359807736219	1.91153496781221e-17	2.93992590485292e-20	0.11562868225891	0.0501805762842047	0.165809258543115
TCGA-AC-A2QJ	0.312210227421092	6.03704574778787e-19	8.54607394175118e-19	5.96516242157718e-19	0.0585255502178887	0	6.10158622860055e-19	0	1.04731062341604e-17	0.0401996346419697	0.0263416109235684	2.6315514327645e-18	0	0	0.129835141761206	7.91840719326648e-21	0.00595064344551487	0.0206294749110448	8.72329904573944e-18	0.0303613141619142	0.133410629274701	0	0.351065941593846	0	0.127661658057803	0	0	0.128013479258774	0.43254478051898	0.114810225991978	0.0701915565447267	0.142211798580981	0.133189295910246	0.0695934954079003	0.00678387995432672	0	0.00769823582540625	4.195122976907e-19	0.157118385542816	9.73910344420113e-18	0.119112943501856	2.9594157672903e-17	0.81786457353193	0.230818639562507	0.00153684881741998	6.34014900190785e-18	0.00328589074399851	0	0	0.149485302919391	0.0696800264099904	2.090296966283e-18	0.0776779486878736	0.00775741393433485	9.37597504596478e-18	6.97937859182306e-18	2.82680821443715e-18	0.0468908526509482	0	0	1.29318984245881e-17	0.374607452266837	0	3.53462668614065e-17	0.198979957466051	0.130536143666252	0.329516101132303
TCGA-A2-A0T0	0.18983071450026	0	0	0.00734881553489706	0.0280086451957816	0.00803970555423335	1.02180573167442e-18	0	1.24386635235366e-17	0.0205542252595019	0.0349719232421024	0.000630902872375903	2.75540783096764e-19	0	0	3.8307860548679e-18	0.0048331078803749	0.0730162486626728	1.13738632513557e-17	0.000350963173391207	0.0223989678393988	0	0.513035012272135	0	5.93098324497835e-18	8.66815634523338e-18	0	0.0272511368725297	0.0400395533788374	0.080680961229953	9.04838506534596e-19	0.0412634527341438	0.0526011562524003	0.0155976171229806	0.00905597511213405	0.00116674564848566	0.0103003457690909	0	0.0935461440984218	0	0.0152374150757208	0	0.294550774062068	0.0347045265608082	0.00325643133292877	0	0.00204174118396763	1.85754125868703e-19	0	0.0611369558272729	0.030535302206544	0	0.0552807344914088	0.0143138294006182	4.38595855852652e-19	0	0.00574557708642952	0.0454835357079152	0	0.18641999648036	0	0.314417852038171	0	2.91491987180102e-19	0.0492583496684419	0.0111994839196994	0.0604578335881413
TCGA-AC-A8OQ	0.28118211264356	0.227417552626259	0	0.0945337669754585	0.00736363624757777	0	0.0451065662328155	0	1.23752357721755e-19	0.042245464047448	0.0143537105996	0.0421587114856393	0.0145515475365008	0.00296062744154499	0.00981628415085703	0.021072806280816	0.0649114776943093	0.0304420078775204	2.45413330844153e-19	0.00361548254046593	0.0953865942584238	0	0.380776670134282	4.56939791908798e-19	0.0325531945329939	0	0.00264254678099065	0.164056467350759	0.000639310287526691	0.0688118355142372	0.0153319958265423	0.0241573750080018	0.048079774389357	0.0210154679726372	0.00943785600300965	0.00663653441105114	0.0310866197794099	0	0.0484008537110842	0	0.00860214273831213	7.50656387368623e-18	0.29747100757598	0.117057505751423	0.00173288247218441	1.14243804148478e-18	0.000235270638741868	0	1.62232959512657e-17	0.0707740733341382	4.77766298163985e-19	4.24226332393602e-18	0.143240917064892	0.0507177256963334	5.92655507665222e-19	0.0545575913847644	1.32615676989943e-17	0.0167770035798558	0	0	1.91494217433629e-19	0.203134893722242	1.01042196291391e-17	0.00401263666022953	0.121670223167258	0.177678670708838	0.299348893876097
TCGA-AR-A24Q	0.211355451400087	0.00336527091576406	0.0355200287222687	0.0119622872788103	0.00845209707937666	0.00722749522868077	0.0066987286275243	0.00325610102487721	0	0	0.0121237929049136	0.0341362740437596	0.0534212775976924	3.37142604895241e-18	0.0476596624911289	0.14336379243201	0.0288531721897767	0.0309349540939454	0	0.00689028671990866	0.0292043140863097	0.000854694926370292	0.184302273178836	0	0.0398366879611992	0	0	0.180969029712658	0.0507986401277901	0.0386536427159758	0	0.0368227489053644	0.0351013381203878	0.00707290383503607	0.00407164916831625	0.00597912850389853	0.0151929723059078	4.53972267649481e-18	0.0834867347584965	6.53305028571191e-19	0.00477480240167483	0	0.12620489399946	0.0261765837127077	0.00898175508619857	3.5195977909399e-18	0.00369986013638614	1.91780312744154e-19	0	0.0356959836822137	0.0995639093901245	0	0.0866816480695244	0.0173710010668376	0	1.34933315875929e-18	0	0.00323760856721156	0	0.284687735405437	0	0.137934991460456	0.0622325699177558	0.0162279838112806	0.0685125629793877	0.0362031364816364	0.104715699461024
TCGA-A2-A0YM	0.303225916035	0.00287935136107335	0.0129331929433779	0.0196641987106486	0.122506084227429	0	2.27931732409984e-18	0	0	9.44618311737157e-19	0.00712978421855662	4.71060122881512e-18	0.000700985440565774	1.28129211649253e-18	0.0358530160282529	0.00983139369176626	0.0177255952327492	0.0116503950618333	0	0.0120345330709253	0.00548911530701035	0	0.44929717074714	0	0.0263021311947079	0	0.00292178173839145	4.6379853316073e-19	0	0.102686442360662	0	0.0609790066358377	0.0702200437141467	0.0100477371058334	0.00641441488590859	0.00260025460545465	0.0290032550862437	0	0.0756891738484485	0.0164380089984276	0.0265345987422855	7.61784196422014e-19	0.0116315339287059	0.0208126212550766	0.0115190025080454	0	0.00337667096493107	2.41552186963138e-21	4.38408928334818e-18	0.00446496656255569	0.0216225616320967	0.00313778348385929	0.0560267505605618	0.00539369495739473	0	0.0166043255016285	0.0193907049517624	0.0462679229400082	0.00270064008710334	0.0960046872523016	0	0.253400713654818	0.0361770633143134	0.0315199781334395	0.0837511680304038	0.0173352989313958	0.1010864669618
TCGA-BH-A0BW	0.400518099541505	0	1.39725202797866e-17	0.120321253499277	0.0780444746924227	0.00313108255292625	9.1592534377237e-19	0	3.13050705143604e-18	0	0	0.0198298981870427	0.0488250233059287	1.6954966958685e-19	0.0215518513279164	0	0.0710665476891313	0.0208240772291051	4.84176560324953e-18	0.0068147964236911	0.00684578339858798	1.47705036888795e-18	0.431336964174034	1.04368016623178e-18	0	7.89691635865193e-18	0	0.0149071409896605	0	0.0641834775353968	0	0.0732324367190925	0.122719404049886	0.00835650830856651	0.019733190857891	0.000214059705545665	0.0328743361788962	0.011391073214168	0.00670508998146083	0.00951707113792598	0.0150260243714931	8.70046688611684e-19	0	0.0169244135383611	0.00279361997762719	0.0205924108578458	0.00097256254839505	0	0.00728497163385371	0.0519830214829318	4.41992834986997e-19	0.0801568471185524	0.00586096233529595	0.0107748335822052	5.59741498734182e-18	0	2.21821065339811e-18	0.0147891745547104	0	0.247934823162232	0	0.100300685507144	0.0999537565483891	0.0564099327852	0.174828381128227	0.00342289169929399	0.178251272827521
TCGA-A2-A3XX	0.230818625812582	2.76740365398739e-20	7.33187497978069e-18	0.0490803448741746	0.0882954122973994	1.4446674438823e-19	4.26203827337325e-18	6.57864265363187e-18	2.43077183640923e-18	4.46579434453535e-19	0.0102988644987382	0.0210690631431033	0	1.73685358595012e-18	0.00232785034879761	0.0442842221073267	0.0284763302722173	0.0294818933718368	0	0.00286772507136903	0.0150975893536636	0.00407346734161362	0.50566907844376	0	0	8.07196899123507e-18	0.000628956903348925	0.0698939408560419	0.00304203176268408	0.0745919259754541	0	0.0343357218999826	0.0507085778833335	0.0236596913172242	0	0	0.0153179274619198	0.00124935034804951	0.102468104033627	0	1.3593761546468e-18	1.50808937476315e-18	0.31491514001767	0.0502668268155409	0.00258327410546949	0.000592007143085809	0.00184907302472749	0	3.02699987467294e-18	0.0654086468590126	0.07562009659662	1.79552971394322e-18	0.0938426601026881	0.0129920409959435	0	0	0.015609223938999	0.0144783413673274	0	0	3.55614104816115e-18	0.325790963790446	0	0.00404714905939949	0.0742842148868288	0.00754879467683178	0.0818330095636606
TCGA-B6-A0WX	0.290858662819359	0.00787173851445668	0.0394278866366204	0.0371151832083356	0.00382210990998015	4.34716788158309e-21	0.0219429923113124	0	1.99338236248122e-18	0.000657758768414521	0.0337111795702108	0.0127365868520036	0.00428972046018449	1.40567460070932e-18	0.0189321697905721	0.0918405363517005	0.0299896046679803	0.0491803839195137	0	0.00362344657354618	0.00348769261194082	0	0.516632348652023	0	0.105391111673014	0	0	0.21642807133602	1.65908771328292e-18	0.075988154750249	0	0.00164092471661238	0.0214889292953512	0.0123774028913533	0.00595478420348269	0.00443071797772591	0.0103511667368071	1.53708250563533e-18	0.0459676788759077	0.0287944893768972	1.38246134510295e-18	0	0.33373464957486	0.0119408347418857	0.00835070969845392	0	0.00321072650936576	0	0	0.0441630213426228	1.20066718347706e-17	0	0.057860798609779	0.0129331664606682	2.53055875292642e-18	0	0	0.0293240916371826	2.63707712312338e-18	0.159397336332925	3.00610262555143e-18	0.130018511753935	1.27855942514226e-17	0	0.0407139503693203	0.0583752713997057	0.0990892217690261
TCGA-A7-A26G	0.227800718926011	0.0481570001591527	0.0173898112710001	0.0398024750893979	0.0170923897460755	0.00765453538877482	0.00924305192850426	0.00460041080562704	0	0	0.00706707626355402	0.0185015498504066	0.0391804040580537	2.83091014585258e-18	0.0750869963852582	0.0702430449507346	0.0295140260006007	0.0450999037661278	0	0.00865564924533116	0.0473160370698575	0.00151525334157288	0.319198585658482	0	0.171396625256466	0	0.00124218169452695	0.222897486927998	6.13981108615789e-19	0.0296946314389453	0.00143373036284791	0.0644878641912987	0.0521316598147953	0.0368760915094523	0.0209642904805286	0.00255327802506152	0.0188386284314697	5.24906651283336e-18	0.033764631740481	0.0109441503812518	0.00664984797195849	2.899960199043e-19	0.175457524079127	0.0306192558383418	0.0037635100944365	4.72483643103234e-19	0.00344132329033871	5.15596997811613e-05	1.99296366411891e-18	0.0172308814894302	0	0.00165818457338266	0.101559363265826	0.0153317565019187	0	0.0957972523166662	4.49143791735818e-18	0.00250772280303058	0.00233046281586277	0.202974127756285	0	0.00907065148573177	0.0406309264268425	0.0675990334668441	0.110152600450602	0.133434831242738	0.24358743169334
TCGA-BH-A1F6	0.351478201240362	0.00670539202272167	0	0.0288549838709055	0.0112056128001847	3.36688431442448e-20	0	1.8354361546568e-18	9.94871271883206e-18	0.00895412694809334	0.0337731590884738	0.0502708649794837	0.0527721567853886	2.45179817972042e-19	0	0.0129340396866499	0.0160589850289482	0.0404282667565757	0	0.00412163504832899	0.0136412153972833	0	0.518655347346955	0	0	0	0.000799334947962937	0.0624394316017475	5.89433882587831e-20	0.0737072842573229	0	0.108956145020634	0.120982429889382	0.032424659862991	0.00952581925022431	0.00375493066321343	0.0183567509452795	0	0.0879639522859552	0.00149802527515313	0.0399964469716183	0	0.189798844943694	0.0272934012393326	0	0.000182378699199987	0.00202494748756776	0	0	0.010313132161791	0.0739985474453206	0.0138219990293384	0.0295455487430401	0.0207474812554922	2.36286339420435e-19	0	0.0118188017379231	0.0318376918201749	0	0.138635457198037	0	0.271319480196911	0	0.00329782821356461	0.161150596760797	0.0101733037100025	0.171323900470799
TCGA-C8-A131	0.122479458039681	0.0273146111521681	0	1.78883445671263e-19	0.0134074458843963	0.000189059797388668	0	0	7.61317049514422e-18	0.0360227841607878	0.0132718401976652	3.04927245369461e-19	0	2.78867688784247e-18	0.0178395542068417	7.77240987876568e-20	0.0242866521714778	0.0525522497497534	4.83464471477375e-18	0.00558350028224764	0.0633955569488207	6.14033803368146e-20	0.637349753305448	1.05222252529258e-19	0.0310454967984923	0	0.00185285409899682	0.025190263407859	0.103202896122881	0.0768814683783413	0.00931609325322673	0.0382014464027735	0.0400970950256225	0.00900835524402337	0.00516496147342616	0.00304327810964976	0.00189262270697889	4.21501272140752e-18	0.0607527373871502	1.60249924907059e-19	0.0189844279302168	4.44452882418977e-18	0.440609705892365	0.0636146388566606	8.27096796848948e-19	0	0.00113023067450804	8.14485267375838e-20	0	0.0679481598197119	0.0438841060753742	0	0.114462017751199	0.0059707561047114	6.68388620919288e-19	0.00565994163594658	0	0.0458132639584545	2.44898638944546e-19	0.0492370947280148	7.38425201591006e-18	0.212900704853713	3.67006870273364e-18	3.9461677508749e-19	0.0452895573924427	0.0608778324497405	0.106167389842183
TCGA-A2-A0T2	0.160116534309742	0	1.47772185970177e-17	4.60122969578142e-18	6.12758944958997e-19	0	0	3.25393993521064e-18	0	0	0.0182791778008378	0	0.00597947099457587	4.30469130029099e-18	0.00224887902312241	0	0	0.0586012801895003	0	1.66978329203734e-18	0.0873278899168082	0	0.620863612738313	0	0	0	0	0.23002076112279	3.76424473221546e-17	0.0859131654697809	0.0161880840043662	0.0483285990276696	0.0636404819564336	0.0238551775645166	0	0.00284473470980063	0.00552659870728605	8.57419583753833e-19	0.0720106776939152	0	5.20440653655622e-18	0	0.28840443310839	0.0799638616188087	0.0028284983138048	0	0.00124815359576446	5.31752823317282e-19	1.02939651521715e-18	0.105960389644269	0.0519940380788866	2.1973475630408e-18	0.0701797957004849	0.0190763341841776	1.20860338095586e-17	0	6.97485689519156e-18	0.0383912003412329	1.29214433957812e-18	0.222178963653608	0	0.244041517011726	0	6.15959309287298e-18	0.0322190660184464	0.0436639449584041	0.0758830109768505
TCGA-E9-A1NC	0.454017196226881	0.00235939902711696	0.0260739088855158	0.0150851389815094	1.71690441153498e-18	0	0.00216630874532916	2.08960655836293e-19	9.38142343591391e-19	0.0125648379279968	0.0332550972835316	0.0258163318636208	0.0335762398016593	0	0.0119693012563873	0.0764664868947797	0.0202671983164272	0.0859656386437299	0	0.00650684211583533	0.0181333660399938	5.03556369811816e-18	0.672874619790947	0	0.0633114483157952	0	0	0.194705913011922	7.45638380370345e-18	0.15154547934865	0	0.0900518464077739	0.121246804120653	1.76208551326805e-05	0	0.00405782492010207	0.0280458419189083	0	0.0529991108813529	0.0074015745662661	0.00864261637994113	0	0.351977514992967	0.0438381381851919	0	0	7.03147817597544e-05	0	3.82513457683288e-18	0.0617326861746638	0.0554554637431822	0.00113198669145637	0.0809668242583634	0.0258939155817558	0	0	5.41582273528703e-18	0.0788188187412602	4.41060959035763e-18	0.0548932768086598	1.14647887729e-17	0.202564306795457	3.50811176534217e-18	0	0.0974018504991204	0.041902106691453	0.139303957190573
TCGA-BH-A18G	0.116226169275945	0.00466201258039287	8.97865198841993e-18	0.00321306219037946	0.0782905849628455	3.98685497462507e-19	0	3.45946753954218e-18	0	0	0.00741490833154009	2.61313456794799e-18	1.36058717209414e-18	4.59029368619752e-18	0	3.74750455543269e-18	0.00112524585246686	0.0905262768306308	7.92508375764399e-18	0	4.7081110850141e-18	3.27824995944042e-19	0.527316510764797	0	0	2.18079641719565e-18	0	0	8.2303746994924e-18	0.0530986388375009	4.70340313479258e-18	0.0290950298650986	0.0345682010739796	0.00801831984947753	0.00112456835383397	0	0.0121978478887764	0	0.0719375106236702	6.28299971587812e-18	0	5.8444127341044e-18	0.262101799690559	0.0111477629835044	2.9369656848624e-20	0	0.00138973561885412	0	7.34006997750916e-19	0.13552231826479	0.0453421155772368	0	0.0476419262877828	0.0206392511608253	2.54804085572937e-18	0	1.44709408537983e-17	0.0215840049921548	8.70403882573143e-18	0.276304468962684	8.4338652701646e-18	0.2640712128384	4.40255363345054e-17	0	0.0222884402728747	0.00233100629019644	0.0246194465630712
TCGA-AC-A2BK	0.0654470495512936	0	0	0.00337953289027119	0.0295783134579749	0.000339513508632703	4.00068312467037e-18	0.00104093292364175	3.77143285508931e-19	5.73584780111734e-18	0.0138689227626726	0.00299663995889014	0	0	0.00597929834289577	1.26103905684632e-17	0.0193391995078991	0.0643966830869606	3.75309600332023e-18	2.5828298523653e-19	4.11382012520363e-20	0	0.228139020297692	0	2.87046825754434e-17	0	0	0.0308738803285599	0	0.0159266947668154	0	0.00100419350156382	0.00689430601162299	0.00268820197364916	0.0103418246014078	0	0.00553521095947041	0	0.0904078528441478	0	0	3.78798166514728e-18	0.198626520568769	0.00309371164937436	0.00760858626916337	0	0.00945100471958155	1.02666705549758e-19	2.11801766701436e-18	0.0309465188419931	0.00295378137338848	0.000889083434522668	0.0662353700599527	0.0173177496355272	0	0.10514456098347	0.00190835194726721	0.00421868284982016	0	0.178885217329765	0	0.246730504014526	0.063756865456858	0.0046160003196457	0.0125087492505164	1.43729103883477e-17	0.0125087492505165
TCGA-A8-A07U	0.534601973215432	0.235291112438114	2.63293848391706e-18	0.163790919625224	0.154517995684422	0.00751473291329323	0.00404022308191609	5.58202101842261e-19	6.46685223656679e-18	6.52414957716955e-20	0.0174272260393745	0.0236903513359731	0.0610516949951279	1.09730946401774e-18	0.0355331357558311	5.05658141520456e-19	0.0721470218382585	0.0119324703235073	9.17961062516528e-19	0.0171634135282234	0.0537831164537606	1.9395495427349e-18	0.441776876810938	0	0.0188650018353123	0	0.00217931193969815	0.120776861679988	0	0.042957224045427	0.00326477781570706	0.120691168554561	0.133522580618078	0.0323928396395945	0.0170711911275786	0.00124285358627459	0.00675341397977358	0.00755315229497484	0.0407332713173253	0.0137201406017052	0.00380129422346348	3.30234902106435e-19	0	0.0532435012145057	1.69145397456102e-19	0.0130650666258978	0.000814714100581942	0	3.51005536890892e-18	6.76972872676261e-19	0	0.0610441904768167	0.0780469585840411	0.0658879220529821	0	0.0994668343802702	4.65260910944815e-20	0.0374689018910018	0	0.104038128498667	0	0.268554715815155	7.34341235216254e-19	0.0553636771978293	0.230805558930016	0.153969615363593	0.384775174293609
TCGA-BH-A0RX	0.481653843004161	0.0335591641573051	0.0226055085503755	0.0506137625036708	0.0231756394424428	6.96666078105349e-20	1.80501484651598e-18	3.40000145484065e-18	0	0.00143980106387074	0.034318433155367	0.0423219176056164	0.048511721115972	0.0170028646872961	0.0544765686406564	0.0389172471722295	0.0177004531164318	0.0611094840658415	0	0.0275124142623471	0.190082922677137	3.12628335148905e-18	0.350972027732258	0	0.0306765296548236	1.45525046885447e-18	0.00179041776294184	0.341553634138366	0.155598570136829	0.0532640190986743	0.0622241750274256	0.0953412921995543	0.111911139534182	0.0333121164290742	0	0.00518758778273902	0.0185865521274979	0	0.0920546420959576	0.0339277133538642	0.0416511108368641	0	0.190487040607725	0.162029389598671	1.54484900183921e-19	0.00742000225304186	0.00210833000266745	0	0	0.0985895219553982	0.0402754498420773	0.0832884331389351	0.0666008085503355	0.028946256428221	0	0.00583434547729649	0	0.0276016984982909	0	0.206947081587531	0	0.33504714650987	0	4.14747706896848e-18	0.171626998272035	0.127159308244633	0.298786306516668
TCGA-AR-A5QQ	0.454852872458523	0	4.67885089186109e-18	0.0946044132509279	0.0342644162460011	0.0178878638102307	0.00242471208842208	0.00141263720912823	6.68320643227102e-18	0.069434611635976	0.0281857947941942	0.0347449069096389	0.0355075919022347	0.0207933698671073	0.15754252360849	0	0.0507867285873359	0.0944784327115744	0	0.0655298886213568	0.0461667533195184	2.5849328045347e-18	0.700907635025055	0	0	2.40144101884079e-18	4.17161924466346e-19	0.0200122694999462	0.839409221172619	0.400964340481522	0.000645029685248011	0.101247472180869	0.11618591747167	0.00758599529297647	0.00587382308653895	0.00202524011400536	0	0.0233141681578641	0.0853170611103243	3.26875585118134e-19	0.0537574462686297	4.10711891672019e-18	0.458522762686668	0.0755607082312798	0	0.00634286437788594	0	4.84777154398628e-19	0	0.0583043582359623	1.15616036866152e-18	0.0478382879646762	0.0180925272901413	0.0178531409659898	3.84931115275628e-19	2.10986531301365e-17	0.0147349510464671	0.169344720264405	0	0.0392789386093664	2.64650476154421e-17	0.330916628775886	0.0841473327707716	0.0206935660616933	0.23811372501806	0.0230833766597592	0.261197101677819
TCGA-AC-A2QH	2.25638452720699e-19	5.5833766303131e-19	0.0480776821902301	0.0524677748166913	0.0840032812376756	0	0	7.33409518842439e-20	0	4.08865553225225e-18	0.00289536604650044	1.62253918214693e-22	0	5.83118383372647e-18	0.00727032070467131	1.34790975985119e-18	0.013596490868604	1.78552501584534e-19	0.0020659316007893	0	1.04086300834574e-18	3.74102620241184e-19	0	1.5784409930267e-18	0.13321477865086	0	0.00238421206150166	3.42585343911354e-18	0.025311644736092	0	0	2.6684232854217e-19	0	0.00407622290334737	0.0171799192443016	0.00472111218934412	0.0049948959724831	0	0.0438889658864424	0	1.75423989928438e-19	0	0.209888611771664	0	0.021865046879579	0	0.0499607976708421	9.42824005871571e-21	0	0.0261891379006386	0	2.73581348165738e-18	0.166666370582611	0.0111970902838639	0.011568111046128	0.136840594210691	0.0157490869180465	0	0.00841279599083946	0.070504039458839	0	0.120064588760107	0.0389560343978027	0.0896971253615049	0.0464317960406619	0.06660738932543	0.113039185366092
TCGA-AR-A0U0	0.337304234483599	0.00598476551587793	1.19351673061989e-17	0.0389035396731599	0.010940668947494	0.00973115524286059	1.04053792578785e-18	3.42259875733459e-19	0	0.00531663849802479	0.0309771574625206	0.0529702718120363	0.0559176980472774	0.0238491685002478	0.0319442589161414	0	0.00659265097659564	0.0717395013622636	2.87858155908556e-18	0.0114172905765508	0.0183029835509189	1.07907886734507e-18	0.489439917427877	2.90763917727776e-19	4.52096973337786e-18	0	0.000759830694638706	0.175310216451327	0.000224917293424944	0.131291602707399	0	0.0942960972231365	0.125844740292601	0.0132037571459701	0.0103607391147072	0.00102187504175868	0.00637824697800804	4.82706973841008e-18	0.0874856099137256	0	0.0178829119332381	1.5020992273091e-17	0.105629441987325	0.0284490029729222	0	0	5.61299476125327e-06	0	0.0161548543769323	0.0308146915559368	0.0365363384340285	0.039876104094392	0.0523647325475838	0.0458830784539611	0	0.00601473072941197	1.1800874520476e-18	0.051303904485877	0	0.155861143639253	0	0.490115896046557	0.029343526853447	0.00815690955196606	0.161323803139841	0.0121438745333984	0.173467677673239
TCGA-AC-A2QH.1	0.0675549322766079	7.65283478851093e-20	1.95564496151162e-19	0.0224375797324772	0.0404816150153154	0.00437431704176679	0	0.0073464520595407	6.94181174205353e-18	9.55547369765587e-19	0.00416287594358863	1.0015030191993e-21	0.00338946574223901	1.56552788702243e-18	0.0285339537966104	0.00342518358871396	0.0161184145278241	0	0.00493545653797728	0.00637617198743923	0.0341014125573423	0	3.75084490989269e-20	7.07836887476215e-19	0.172283430753105	1.18017660886187e-18	0.00137185987696	0.00360633217140868	0.0663248960761964	0	0.00206421000037378	0.0182480213822546	0.0114179640381329	0.0202968230735092	0.0125971152124021	0.00634157304952419	0.00551160897653783	0	0.0242696289849603	3.08590282760025e-19	0.0134202656679868	0	0.183714314641992	0.00988286038558772	0.0303529196809816	0.00021119722088477	0.0344105998786557	0.00105890446685735	6.0763199291786e-19	0.00591414327088625	0.0120568251018412	0	0.0951942770916219	0.0152015173720489	0.000395517471436846	0.0588041604028451	0.0018205921141424	0	0.00223824407217465	0.386949221043848	0	0.0556025695883339	0.127961015908603	0.0754181498229691	0.054323007005972	0.103192421655224	0.157515428661196
TCGA-C8-A134	0.252149988886421	0.000167826207006144	0.0112698127210407	0	0	0	6.23247700787058e-20	0	4.33946251983836e-18	1.26519354189755e-18	0.0148961411764102	0.0145076549530087	0.020128771480385	0	0.0348275851285753	0.0178755249290725	0.0100539363829501	0.0815355192266903	0	0.00755064701874537	0.0270901744276013	5.27504456729316e-18	0.389169555019217	0	0.00793061757070471	0	2.15357113734305e-19	0.220912950903439	1.65512032903223e-17	0.0803659156932773	0	0.044362350167184	0.0667095363563495	0.00453113645703759	8.73303854606648e-22	0.00574071463528935	0.0206151420898753	4.26348127100457e-18	0.0454119927411646	0.00580063083616397	0	9.3330601064973e-21	0.00607349568492003	0.0370079649206947	0.00120923188106381	5.22330300741819e-18	0.000251734645401082	6.43193520139689e-19	3.6012174721451e-18	0.0988487086079005	0.0314419893808068	2.22405348820179e-18	0.0260171119117827	0.00895037706552837	0	0.000947526175460459	0	0.01577929044783	0.000237318040051969	0.154015343856921	0	0.258607884885108	0.0378501438290867	0.0505958114918245	0.0442804347592921	0.0175943091026561	0.0618747438619481
TCGA-AO-A128	0.547732910300036	0.00264201941532649	3.54182889469488e-18	0.171739883230264	0.106476256725019	0.0384893007458869	0.0550854238049969	0.0275160712924857	0	0.053162727178593	0.0398522926038441	0.141543282359738	0.140288120420056	0.105209406066153	0.00254804156301495	3.84509541348038e-20	0.0928311750974286	0.0372062616873826	0	0.0183935631122082	0.0166985223111896	7.09321768737179e-20	0.351448414469444	7.50750235509196e-19	0.0602937192011227	6.88874154425697e-18	0.00128301962564729	0.016419217533833	0.0792150401985354	0.0435127917196029	3.2340756084238e-18	0.192366119546244	0.187317775257894	0.0414267708466717	0.0270351919092775	0	0.0074140536659312	0.0454097112002707	0.0220483211301888	0.0528991086487536	0.0517635771630408	0	0.0394961027028708	0.0387926312731115	0.0081874809849642	0.0181922541641829	0.000436371481179305	6.8662391748975e-20	0.040168484141673	0.0129129326179495	0.00921086596289518	0.181116057450032	0.0840433263932766	0.0166907639534188	1.43266291536458e-18	0.0779984117817023	0.0116955986749807	0.00598211015955847	7.09988394142076e-20	0	3.81041597164074e-18	0.344615376519775	0	0.0674617019421542	0.447017448503287	0.0398171304638194	0.486834578967107
TCGA-AO-A124	0.0516732789880732	0.00110357617526881	0	0.00143935567100778	0.0435910663462233	0	0	4.04444604890987e-19	0	3.19302566172977e-18	0.0114604195393443	0.00688261675327072	0.00050666247414025	0	0	0.0088358520399728	0	0.131993812273927	2.1837139520891e-18	3.16162160461684e-19	0	1.54772160330852e-18	0.489876537171273	0	0	4.18304470714106e-18	2.05090258421198e-19	0.128670782618448	0	0.102470398532247	8.72598790379718e-19	0.0101635491609593	0.0190782811147824	0.00481327527042817	0.00265566867330158	0	0.0192771982518766	0	0.0608833010942564	0.00635366481484083	0	4.28913972582971e-18	0.0421627826068269	0.00663177801276828	0.00450050082683808	3.15499015158605e-19	0.0026314672929209	0	0	0.0934054130567166	7.46193172247321e-18	0	0	0.00831012848390828	9.73459398236646e-19	1.89894631961076e-17	0	0.0414491046509498	0	0.184167058085141	0	0.277114213314809	8.91370903563692e-19	1.38815977040369e-18	0.0140941268390263	0.000551788087634405	0.0146459149266607
TCGA-B6-A0RT	0.684097386479614	0.0110034957001361	3.25721114312133e-18	0.33839458257169	0.0420626938421244	0.0960790224090343	0.238421097565793	0.105494776018049	0	0.0545082375963253	0.0655124312501733	0.252067977602319	0.26871976404641	0.0489857214098208	0.0669762777317199	0.0136250960576606	0.126374674792681	0.0153144148213281	0	0.0287746671485351	0.0478510733620258	5.047607803292e-18	0.327868532122143	0	0.0669884119153739	0	0.0024664511892857	0.15899532961487	0	0.0587089362847973	0.00180713446897382	0.0564413767103988	0.100664520104118	0.0230304648714819	0.0199090520923565	0.00448563574754445	0.0110791585215836	0.0741308432208004	0.0126284159990598	0.0196288145358357	0.019657392032487	2.76711645897655e-18	0.139408312553895	0.058440006278227	0	0.0405847998922702	0.000474527034366522	0	0.0135012812111512	0.0222057008742463	4.46631019971383e-19	0.0598513913707913	0.02941616740102	0.0258717050700151	0	0.054865048964825	0.00601304943338608	0.0130770156883846	0.00113452236525256	0.00970233537102365	0	0.229178940611317	0	0.0487965228967695	0.556160736924658	0.0629214904887679	0.619082227413425
TCGA-A1-A0SP	0.274369512497448	0.00949416724080342	1.64796493837036e-17	0.0463737815771011	0.102853247508868	0	0	0	3.67606056171387e-20	0	0.00558360238164603	3.15352606960926e-18	0.0122872677305602	1.24502892767579e-17	0.0765674547413527	0	0.0740006301288755	0.0187777504461351	0	0.0260337751030813	0.023898656830925	0	0.370399490248126	0	0	1.20941620448833e-17	0.0013416059251508	0.0423254887892372	0.172321692301649	0.0903435400096531	0.000675037259087147	0.0721166692440933	0.0550888498096766	0.0138228045241193	0.00550744497860713	0.00279055834583269	0.0199685432056192	0.015961742000136	0.117024702245547	0.012484819193354	0.00362512249109578	1.8429908495446e-17	0.161768439912185	0.0353917882829324	0.0195928712063654	0	0.00420983717570085	3.06180425769991e-21	4.36127487333808e-17	0	0.0589228457016215	0.0222396752164764	0.0245154651958101	0.0121249095199508	3.79401217728656e-18	0	0.0162314320791468	0.0355959082102266	0	0.128862588279163	0	0.261792451998011	0.0587066990278791	1.07109755900599e-18	0.102437862262652	0.0166964120358642	0.119134274298517
TCGA-E2-A574	0.000827275167083172	0.00127610916406375	9.19003441944106e-18	0	0.0993582948055373	1.46739130665093e-19	2.72056539398756e-18	0	1.66461895136039e-17	0	0.0252627940356646	1.46174243713312e-18	1.09269732126512e-17	7.25108524085435e-18	0	9.65778390540494e-18	8.45845915477959e-19	0.071938212917311	3.27639589210389e-17	0	4.86203432812208e-18	9.2537081132949e-19	0.651939339757629	0	6.4081197608241e-18	0	0	0.0174517017159619	0.016045438522056	0.137571170360029	0	0.00534627786540699	0.0142965108443427	0.00234652662745066	0.000536764463906611	0	0.0167810778553624	0	0.138582450990995	3.48945135618638e-18	3.98962266192432e-19	2.13395134294164e-17	0.274953106609974	0.00657367061931041	0.00546830921695817	0	0.0049516031928506	0	0	0.0341758432355084	0.123861287757791	0	4.58252184705707e-18	0.0198176793429005	2.76275271158121e-18	2.06305963067854e-19	0.00882791141728648	0.0468059413311675	0	0.133762945158172	0	0.438006178258707	8.92463974586707e-19	1.04032847175392e-17	0.0039220282195424	0.00063805458203188	0.00456008280157428
TCGA-A2-A04Q	0.672408076838561	0.0175932017034922	3.39547369392438e-18	0.222427631854661	0.08705148992637	0.0199698323002344	0.0449746038388629	4.75880538752539e-19	3.21405915696662e-18	0.00267558383141371	0.0406623627926866	0.111520829248189	0.102041412807255	0.0255742542569407	0.149474232491846	0.0399502825654387	0.10747328357773	0.0416913357712586	0	0.052416134180905	0.0381697424610721	2.95978237564492e-18	0.400575769931076	9.32781269250203e-19	0.053215982542706	0	0.00155713066445456	0.216098235123319	0	0.0389578307218526	0.000694257944505667	0.0904164606867338	0.107248112337487	0.00609911182724754	0.00769256018356217	0.00207886395439924	0.010127041315306	0.0661922459272279	0.0720078154820012	0.0126276631853715	0.0121861909487305	2.29387446134e-18	0.125550609463453	0.0505918786987462	0	0.00446324473013356	0.000174116213813125	1.08869935926809e-18	5.77353650630026e-20	0.0733084543062674	0.0432646784177839	0.0619178747565876	0.0174824093373267	0.0437832958599981	0	0	0	0.00959353420851975	0	0.175747114081808	0	0.373497707987305	0.00894591919308675	0.0198672906639991	0.331106538068521	0.0544894633536352	0.385596001422156
TCGA-AR-A0U4	0.303775328979838	0.0207042641297529	1.16675760651688e-17	0.0768624210451835	0.117310209510044	0.00573550003373162	0	3.52313099513446e-19	3.22577823102556e-18	1.3939567731365e-19	0.0117625302045995	0	0.000187541828682342	4.56840574846492e-19	0.14025311642496	0.0115771155006415	0.0676309724677636	0.124672742405944	5.65439582065487e-18	0.0255568157615043	0.0225475652554819	0	0.344051056117363	6.77852711015991e-21	0.00881053215769874	1.44221434754167e-18	0.00295995204338451	0.00913629881376684	0.0392994528725916	0.0276495256817071	0.0029972803718015	0.174363704542402	0.125213828551711	0.02633857944959	0.0100133349893004	0	0.0120794188047002	0.0127072426294406	0.0487355040557571	0.0192805626849125	0.109276768382288	0	0.100616940366133	0.0463186499088259	0.00404546021776058	0	0.00152270331224188	0	1.81545127344885e-19	3.64741537717459e-19	0.0437694481079729	0.0608335653481517	0.0204489651674054	0.00526771393498641	0	0.0102857728044253	0.0127590264116238	0.00844707706512984	0	0.11736534542614	0	0.15692212018743	0.07227748948954	0.0325046654152645	0.264048696480452	0.0260311807714668	0.290079877251918
TCGA-A1-A0SO	0.0645488716391395	2.2096798166213e-18	1.00015451801412e-17	0.0531507332630954	0.0547764015517843	0.00122606000083177	2.39362005209434e-18	0	5.78670789080858e-18	2.06143551162883e-17	0.0206299410676238	2.68587897853661e-19	0	5.86494455319417e-19	2.12203334640909e-19	6.47694659350251e-18	0.00369670348561712	0.0720360222976996	1.2184441003312e-18	3.36009415448401e-19	0.00392501824120034	2.66408839849378e-18	0.248665902826488	0	0	0	0	0.0135890506411721	3.3138960951015e-18	0.0156506139336435	0	0.0126352148220496	0.0112483708432211	0.0182081804533965	0.014563788160366	0	0.0123274939291336	0	0.12820875128338	0	0	1.70778883803654e-18	0.0958458746670391	0.0188222168025167	0.0104156669966766	0.00561878591904137	0.00641615535954299	3.98652263071753e-19	0	0.0226737537044365	0.0362310360116462	0	0	0.0245585972666982	9.43626166348192e-05	0.0311717226449348	0.028968171893019	0.000994895980431733	0	0.133866403083511	0	0.324153185911847	0.034772302211434	0	0.0535664908303406	0.00196250912060017	0.0555289999509408
TCGA-BH-A0E6	0.16629075457584	0.0794335760595719	8.46681985519894e-18	0.0268868430221024	0.0105076252853531	6.29134174344131e-20	1.71918075744503e-17	3.82106286986332e-19	0	0	0.0143471229314517	0	0	4.03640340042329e-18	0	0.0599411371039653	0.00875875449987938	0.0551447360331744	0	0	0.0816280946182174	0	0.543478555894056	0	0.0645226879723926	2.89219717706688e-18	0.00447304254128985	0.267797158232338	2.3345317696851e-18	0.0924892685002139	0.0230696340838306	0.0277011994222988	0.0491102219458339	0.0311139941700732	0	0.00218594134101488	0.0148937660429616	0.0146722201913344	0.110216064038275	0.0518185452020942	0	3.02209396691182e-18	0.17087864705113	0.0926980536470793	0.00100441463798495	0.000986055372491122	0.00621646527669816	7.56575687659084e-20	1.34094299304084e-17	0.12089459241529	0.136116522500624	9.14898971788959e-19	0.0543123164356198	0.0182102741779854	0	1.33642480655442e-18	0	0.0180836089434268	0	0.0857506723752642	1.56062537939831e-18	0.37345151467116	1.69516344802945e-17	0	0.0363920282962675	0.112792179325091	0.149184207621358
TCGA-AR-A2LR	0.106106955507605	0.0894183875858774	0.0663998589533571	0	0	1.76932032717721e-19	3.08280089764352e-18	1.43936500030115e-18	0	0	0.0140806336870009	0.00337662466055839	0	1.25709188876485e-18	0.0461235348896458	0.182730385444031	4.18050713139922e-19	0.0265841364587815	1.19837537125902e-19	0.000397839131361384	0.0536964994614324	0	0.13835130545215	8.55818013303658e-20	0.0718334781848865	4.98246432936361e-19	3.59782945500611e-20	0.174275373626278	0.0980859595012458	0.0314664399645075	0.0043491395591949	0.0104452325111803	0.028489726558862	0.00938237692289396	0.00800980719347025	0.0045152441341306	0.0125392736214929	1.44326643353787e-18	0.0572994228423193	0.0245459535894084	0.00540255444245317	8.09391371926451e-18	0.13984203607079	0.0539297564824307	0.00320408764041346	9.31627873693798e-19	0.00900572224015593	0	2.60621470663569e-19	0.00135105769764626	0.0834249505560609	1.95403243022005e-19	0.157300745207107	0.00762262598465054	0	0	0	0.000210346598106335	9.15420453092881e-21	0.0735693980024147	2.5349254592244e-19	0.221053380348121	0	3.00967916372911e-18	0.018421371959349	0.107474182616098	0.125895554575447
TCGA-A7-A0DA	0.0723025967946072	0.00516383448835799	0.0175664177206415	0	0.0335628004615709	6.52564286641687e-21	9.12664495409071e-18	7.36085393969385e-19	0	0	0.0096243189611606	1.74423163458101e-18	1.81249322671568e-18	0	0.0014210360961887	0.0725697932992649	1.74873909973311e-19	0.0501665178659691	0	0	0	1.18365833945209e-19	0.458468211645547	1.01175415179964e-18	0.0461411882292637	0	3.03513852164689e-19	0.172006317507183	1.50143679671557e-17	0.0948707555366943	4.34197400032498e-19	0.00714528074814575	0.0187193637935056	0.0129224607718759	0.00558234714698152	0.00231583385379426	0.0173759706109584	4.57875127370662e-18	0.022661554359828	0.024354111389712	3.01310742408808e-19	0	0.345739510388783	0.00964881755322138	0.00449052170513174	5.19182194836815e-18	0.00337471177171331	0	0	0.00707278265791381	0.0643221181391703	0	0.105734104727788	0.00280769738586931	0	0	0	0.0428943716448197	0	0.0277007715643934	0	0.09871224316864	1.16629047229417e-17	0	0.00848508526341818	0.0256525113588109	0.034137596622229
TCGA-E9-A22G	0.112399826374806	0	1.13507610125825e-18	0.00903455437163144	0.113525551338595	3.09512883368519e-19	0	1.17735137444172e-18	2.26776883237208e-18	8.98832758860281e-18	0.0168344390027063	2.36009109489507e-18	1.40036622889696e-18	4.88088865536504e-18	0.0112081715099563	0	0.0287040776300897	0.118693910965482	1.37685515247006e-18	0.00483342707954639	0.00957821253667394	8.65592405487465e-19	0.269658700540654	2.36546533583138e-18	1.39839182266005e-17	5.70722540077634e-19	0.00225108916499218	0.0404141814416012	0	0.0410047814511114	0	0.00897648143089172	0.0145348279067686	0.0102418131410585	0	0	0.0282158130644631	1.67684255737001e-18	0.0906995355391204	0	0	0	0.0989024954786773	0.0251250275214471	0.00246857323071909	2.12622476232863e-19	0.0059000597907968	2.11140083900671e-18	1.80686688002936e-17	0	0.0971417998866143	0.000594196818493188	0.0375516876763681	0.00900196348275932	0	0.0478516969404431	0.00996493713040845	0.0141400809841054	0	0.103859347145331	0	0.351797107385638	0.036636482305344	0	0.0152296419213797	0.00478910626833698	0.0200187481897167
TCGA-AR-A0TS	0.374583416264976	0.0817838025972096	0	0.347184357147539	0	0.0140234535293741	0.114197798841804	0.0265273049644851	4.36554447922452e-18	9.12643999013288e-18	0.00631037238869296	0.0790628031191453	0.0387707644024079	1.21565445730503e-19	0.158084811690861	0.11308043711761	0.128894450120529	0.0124017707317966	1.54554131909083e-19	0.0286505331572824	0.0564088974523364	0	0.418061087202316	0	0.12910896174173	0	0.00035809553176628	0.254501388249241	0.203779517670565	0.0725176516282481	0.00670610328978086	0.0375064605797054	0.0671716852092308	0.0237199104338996	0.0217645129955456	0.0113779291381678	0.0169043379872145	0.0709571557854905	0.0345858702404534	0.0152796792189764	0.0197710904884954	6.1740197978937e-19	0.00894618716171637	0.0660432917081105	0.00367832179668527	0.0596398054481222	0.00225482942032886	6.95644655878938e-20	0	0.0260623135619444	0	0.0124904989367009	0.0842555039129834	0.00341887655364083	0.00376350764058396	0.0313762797206919	0	0.0106443113808799	0	0.119382874837042	1.92894688891984e-18	0.131307040780217	0.00397031626883556	0.0179622484866808	0.373644708301465	0.133650830895638	0.507295539197103
TCGA-GM-A2DF	0.377315688307849	0.131297959306092	5.2528722340938e-18	0.115447491256633	1.01725914251234e-17	1.50559492776987e-20	9.90413266021996e-19	0	0	0.011624580323059	0.0218118871416985	0.0635501882008904	0.0279614803269938	7.02957495224711e-18	0.042057057002297	0.0727105756415461	0.0498030934784056	0.0622628790989845	0	0.0132305879787795	0.0723889833222773	0	0.566070603018587	0	0.0299615656918287	7.09875510060231e-18	0	0.0660489768700441	0.0111522043194828	0.087316196319737	0.0230050457484864	0.091436903608079	0.109454696073474	0.0353539488009064	1.0111009094015e-20	0.00643053646311233	0.0246051445872511	0.0296247924322757	0.0599278912011486	0	0.0124682908584951	4.741958627779e-18	0.186383546398291	0.0897821699434622	0	7.25984519147693e-18	0.00043673168005363	1.98741683735391e-19	1.67168195898937e-18	0.146859125736538	0.103370777690302	0.00643406871386667	0.0148981304363156	0.0581836399493459	2.81498466634064e-18	0.0513014083470637	0.00556238760397328	0.0338235726407125	0	0.00615661921933271	8.71045741636352e-19	0.277057789980923	2.68352486158993e-19	0.00859697339012283	0.197422307935251	0.116824254160099	0.314246562095351
TCGA-B6-A0I6	0.0759080659961529	0.00480560351312981	0.0281783695365965	0	1.2247950509637e-18	6.19360485673873e-19	0	0	0	4.2107276826555e-18	0.0135394347900505	1.44415695543616e-18	1.77766590083577e-18	0	0.0164871574517134	0.070249505321221	0.00236986715350351	0.0803602580405733	8.19542498353816e-18	0	0.00491445158490077	0.00398508071808773	0.484771709543661	2.21716422349522e-18	0.0503040538925219	0	0	0.144681565366467	2.13984266889835e-18	0.0916992843663744	4.26912461478466e-19	0.0067139216772702	0.0172954775104086	0.00351194663888293	0.000170227032222991	0.000446757388012516	0.00676011677351521	0	0.0680780994497084	0.00551208243175363	0	3.78276916571519e-19	0.299355627320838	0.0211644410706967	0.00375831245371977	1.8831426334164e-18	0.00247244088404826	4.74598193308642e-19	4.67544670622534e-18	0.0208804759622719	0.0445484185313732	1.49978914224311e-18	0.132933788692076	0.0103908453283189	6.07571844353341e-19	5.58456232419565e-20	0	0.0398699466047268	1.3741086042321e-18	0.025135599212953	5.87418900998009e-18	0.208920870608653	0	0.0175975530267508	0.00724615295172062	0.0300120544952763	0.0372582074469969
TCGA-AN-A0FJ	0.154384136389992	0	2.60141184466118e-18	0.0385281617756972	0.0309043175783019	0	2.10929225559822e-19	0	7.38252578283438e-19	0.00463622948306372	0.0076322887835139	4.18974754162752e-19	0.0130432604695751	3.85272184818529e-18	0.0634546017201344	0.045526995774298	0.0192474472983733	0.024164280717371	9.95446979357439e-19	0.00690972175000335	0.0704667783285048	0	0.375873025122553	0	0.00888942036267856	8.35579439076021e-18	0.000358432977502584	0.0872048628761497	2.33212169728933e-18	0.0982567214490366	0.0155215641359482	7.06371942222691e-20	0.0128688561882396	0	0.00150254440635776	0.00477485919949362	0.0149114198227051	0.00107593584205169	0.0997315838286799	0	0	1.01802905883364e-19	0.235665720312276	0.0601779718107713	0.0189812682181929	0.0106194816432122	0.00717159592993352	1.13883140764734e-18	1.16859128147636e-18	0.00546596110790769	0.0872213738877485	0	0.042007175023734	0.00941947078811727	5.9329895014884e-19	0	0	0.0408150634270949	0.000946273905841515	0.152260427927311	0	0.183952365620286	0.0784149390964624	0.00316779978366743	0.0312936186213722	0.0396780993455917	0.0709717179669639
TCGA-AO-A0JL	0.046784454584451	0.0109366009834548	0.0290934015817557	7.36373183949404e-19	0.0591390433130418	2.3246488822284e-19	0	6.45128219590453e-18	2.20399688326224e-17	2.23341179184567e-18	2.37750801129792e-20	0	1.26427394225645e-17	1.35433119032129e-17	0.0149523390525514	0.0809259600425872	0	0.0336844808893009	0	0	0.168114561968072	3.22817160942776e-18	0.365443242620492	0	0	6.51652092732308e-18	0.00339716863368502	0.229675311042457	0.00204698078698465	0.0255030062557719	0.0604126937754502	0.0015824745998438	0.0127855916477472	0.001000333436711	0	0.000525049954161222	0.00882472882175797	0	0.0611968459911105	0.0379658497389836	0	4.11549767681335e-18	0.10832590352765	0.133689916743485	0.00422846417771005	2.72647580195674e-18	0.00853876192468117	0.00041190455193134	0	0.202936539269023	0.0638672758293515	0	0.0718094316423833	0.00415772965192345	7.53177940236835e-18	1.0693518178409e-17	1.3539390342803e-17	0.00243733375548588	0	0.115747284305447	2.29710148907883e-18	0.23587817089841	3.12984968589774e-17	0	0.00132958610118344	0.0895255814757636	0.0908551675769471
TCGA-HN-A2NL	0.237555301916162	0	0	0.0286889080096088	0.104416372667081	0	6.19713679996498e-19	0.002226094868991	4.06818619682119e-18	1.85696069654082e-19	0.0520258243563053	0.0251493101463316	8.93720784189171e-20	1.00166227263073e-18	0.00916810750437828	2.21927983192966e-19	0.0266361474441839	0.0537850764631048	0	0.00453274160691674	0.00102904276222657	1.15910428547747e-18	0.115199805958807	0	1.43648301561823e-17	0	0.00100181457527474	0.045857188583537	0	0.00996139796315064	8.95277067732325e-18	0.0160947218128869	0.033299641121476	0.00579384039808191	0.0054562141508199	6.97578033103338e-21	0.0139312635138091	0	0.132911767421546	0	9.7974251159719e-18	1.02785443071446e-17	0.144041726724278	0.0230432608495281	0.00931567687474343	1.20304814042833e-18	0.0132102543500783	0	0	2.53349669667243e-20	0.133724330365824	2.88586563055516e-18	0.00878978691730592	0.0197757464530548	0	2.62892053676918e-18	0.0181905848752329	0	3.79190730477183e-19	0.0481906781014569	1.41059993827759e-18	0.498622167564334	1.6900912558752e-17	2.72718754518935e-18	0.0547653270637033	0.000514521381113292	0.0552798484448166
TCGA-AR-A1AH	0.020248226855025	0.000694344447331584	0	2.45008009520098e-20	2.79499324515356e-19	1.71617870182553e-19	0	0.00762470225503484	2.94550724197931e-18	3.80187998938357e-17	0.0115887567289373	0	4.4008980002515e-18	0	0	4.23380643462632e-18	0	0.0519945034829564	3.61691703591692e-18	0	0.0269141791844208	2.68235476449097e-18	0.329227817677608	0	3.01878080146374e-18	0	0.00173458015169478	0.244584903945416	8.49277743895627e-19	0.0482112551899973	0.00518495750471769	0.0100536421380438	0.0105471790306784	0.00670521029559291	0.0174407746594395	0.00245784059448111	0.00305988718315918	0	0.0860925940205868	0	7.24161000365858e-18	1.89618787880337e-17	0.223523590770747	0.0428773632308119	0.00929178388304697	4.81584614978119e-20	0.00351150294864981	2.60538225274546e-21	5.96597032218075e-18	0.0042055387519897	0.0415551271848879	6.51439173345403e-19	0	0.00924052844907992	0	9.89283302990102e-18	0	0.00618421294789234	5.43624027078062e-20	0.266192947935533	5.63561171699441e-17	0.229285084936753	0.0815896127301424	4.60736204767675e-19	0.0234127460350121	0.0138042618158762	0.0372170078508883
TCGA-BH-A0AV	0.0962478646861547	0.0184977872042598	0.0548314428401027	0	6.50937351260023e-20	1.28938058805152e-21	4.00745488538261e-19	1.7777990991688e-19	8.17195424789416e-19	2.85630271291108e-18	0.00818158774297521	3.33467878043456e-19	0.0123712654297243	8.71958287342924e-19	0.0217964425834898	0.0336231880159345	0.000285834321660158	0.0190482692589107	0	6.31941531528084e-19	0.052550169827717	1.45295130951183e-18	0.381224660618363	8.64126326493881e-20	0.159714360616357	1.8146431173964e-18	0.0016730272857055	0.173807677031697	0	0.0553179990842767	0.00358371844910178	0.0469215380818086	0.0429942350655917	0.0171181323818531	0.00732452462118655	0.0029740858775095	0.0195534434289346	2.33422960098212e-18	0.0444412335426151	0.0298698720663521	0.0235434987733639	3.70814016835528e-19	0.298513223061921	0.0421986266721816	0.00930651381518305	7.53716493691334e-18	0.00181054912188841	0	0	0	5.75299630551506e-19	0	0.163051775545862	0.00598289655401749	0	0.00995036357246372	6.59794775475144e-18	0.036160216934788	0.00186519659830325	0.198133092633058	0	0.14391376742413	0.0541115157421621	0.000765276981317823	0.051859707650906	0.115381158824167	0.167240866475073
TCGA-A2-A0YJ	0.0192781290015966	0.000970547185681161	0	3.80122332276075e-19	0.0110841336368237	8.72042471110465e-19	0	8.61607238898348e-18	0	0	4.2571334922814e-19	0	0	0	0.0290223504343369	0.00722227682187028	0.00251749084913999	0.0307580148429509	2.23792006550145e-18	0	0	0	0.497012668245705	0	0	2.07431180991803e-18	0.00114576576937463	0.13922106889668	0.0319594081599165	0.108082117628201	0	0.0245510623428901	0.032002244105065	0.0238072297379928	0.00549977665404646	0.00224742779585602	0.0221371640190788	1.46300586019883e-17	0.0775284575175894	9.23524452634032e-20	1.13013572311877e-18	2.35631194969568e-17	0.0996551376265623	0.00575287753358864	0.00884394658775429	0	0.00130137141239697	0	6.98758810214829e-18	0.0811769193423277	0.0494823814711705	0	0.0460054337469046	0.00650503972004524	0	0	3.3037852785352e-18	0.0279696920389708	2.854873219257e-18	0.194086085554218	0	0.149609739140117	0.0621906817358933	0.00359368420716335	0.0200338926646244	0.00048527359284058	0.0205191662574649
TCGA-B6-A402	0.0557066792290446	0.000205856716533195	0	1.12252210499874e-20	0.0415016786918509	0	0	1.56353996485033e-18	5.76256949919992e-20	4.5938891338499e-18	0.0131654995225383	0.00732728324461346	0	6.22908144951952e-18	0	0.0296064298762958	0.00164277441261603	0.0461211325963747	4.6904219322548e-18	0	0	6.70486161011067e-19	0.515349430448057	2.35270023625666e-18	0.0634511622824571	0	0	0.0258511314000838	0	0.109114601390443	0	0.0127177901797197	0.0225898788050048	0.00675558578857998	0.00773283371375566	0	0.0193210657520015	2.60644896024213e-18	0.0777171315486939	7.02580721874623e-18	4.19399851254568e-19	3.04488883836129e-18	0.207314167476612	0.0127243556952243	0.0215329185642253	7.94196087689417e-19	0.00236472864256243	4.94036376368625e-19	4.2477343082968e-18	0.0482292489729336	0.110200819493422	6.93667156372822e-20	0.0139590546743513	0.00824527602661346	3.01788729814519e-20	1.66861508503706e-18	0.0173346695234669	0.0396018168884805	1.33842706283903e-18	0.0985868253092403	0	0.266885091186214	0	0	0.0185186047587259	0.0318285094994951	0.050347114258221
TCGA-A2-A1G1	0.329866817425039	0	0	0.076623237741444	0.00859790898467683	0.0203067916169137	1.37310320762939e-19	0.0161669935399248	8.73423948584502e-19	5.49721253821396e-18	0.015712328322892	0.0155528924304132	0.0499295057630384	0	0.0332746957390732	0	0.0289889959986902	0.0650176692740255	2.76655269225463e-20	0.0104841641651337	0.0342155046170733	1.00232959579717e-19	0.428245453895022	4.56899884322442e-19	0	0	0	0.0560930670690326	0.0267796314566599	0.114372117263327	2.61758488190983e-20	0.099692479213568	0.0676322438441687	0.03990970368778	0.0136417479163549	0.00110899048028059	0.00427643110771601	3.79217679588504e-18	0.0499137451049702	0	0.0349798379019314	0	0.14466751473009	0.0267532473027454	0.0154260075359834	0.00794539607554297	0.000711891925346405	1.60536332181145e-19	0.00308728441604059	4.12518605489204e-19	4.43673211310394e-18	0.0127424049044471	0.040700303453289	0.0213574812350855	0.00906568463492801	0	5.42227631474824e-19	0.0489324115636919	0	0.269744874354262	6.67474168011871e-18	0.122270550595153	0.160544961927287	0.0655439330131625	0.180152424883207	0.0171077523085366	0.197260177191744
TCGA-OL-A5S0	0.401730195753278	0.0194391482213332	0	0	0.0234471917204976	0	2.81348487240099e-18	0	1.36548259562529e-18	0	0.0215231038602777	0	0	0	0.0256255581734836	0.0707711196122237	0.00343496389230309	0.0740108794492528	1.59455030477561e-18	0.0123444369233196	0.0742879717080858	5.38320337829412e-19	0.584025119528088	0	0.0748059339664928	1.04582609532267e-18	1.37585365908958e-19	0.192573968983328	0.0790037235674828	0.103232509164803	0.0141300222647835	0.0722034202336855	0.087272760914825	0.011389486246682	0	0.00380560726554174	0.0204297877787504	2.12211206451723e-17	0.118030477550843	0.017246303443277	0.0183046178312139	0	0.368620660001411	0.101594393470729	0.00624068974477102	0	0.00230547061446136	9.03559653827248e-20	4.73708531094855e-18	0.0622366108358831	0.0797764216375191	1.73509979130604e-18	0.066100473709594	0.0117633744630051	1.85786415148832e-18	0	1.37511202297386e-18	0.0513016747379143	2.57082805064528e-19	0.0583066211826786	1.39501665511923e-18	0.34992949866497	9.312327836349e-18	0	0.0685683166588126	0.0842665269479559	0.152834843606768
TCGA-B6-A0I1	0.0199163471950178	2.86724004536853e-19	2.23504659933196e-17	3.08253603218386e-19	0.145931224931732	2.81880540236687e-18	0	1.40602626683473e-17	0	0	0.000848787033475169	0	0	4.39722222261408e-17	3.87616252076326e-18	8.64715212855807e-19	0	0.0813605507646031	0	0	2.74482649465086e-18	0	0.555733745148791	0	0	1.6740319897091e-17	0	0.0233176294087612	0	0.111781030308246	5.5495396496146e-18	0.00913908645620948	0.0188882931004993	0.0128749344913179	0.00334475963945941	0	0.0187628468395372	6.86879210627054e-19	0.123428402791933	0	1.01141174822741e-17	4.78322521254227e-18	0.189208709064419	0.0151598113066867	0.0128815492860195	5.25748908752741e-19	0.00370300476462028	0	6.27270642539583e-17	0.0522888147852671	0.0395854833590397	0	0	0.0124530070332874	0	0.007797567736442	0.00473541349421692	0.0381349993482131	0	0.126737361181913	2.51809679208728e-17	0.27211542244135	1.25797465042432e-17	0	0.00832256406377932	1.51577524959386e-18	0.00832256406377932
TCGA-BH-A0B9	0.469192911975375	0	1.94206719106627e-17	0.106788824406221	0.0395373449911172	0.0108494311222329	0	2.24693330186533e-19	2.09862396654409e-18	0.0130438728334079	0.0600103875402098	0.0834720372020678	0.0795227543211496	4.9401132594343e-19	0.0691789328361322	2.53457318078067e-18	0.0658030043297653	0.0331686133114103	0	0.0292684334771992	0	0	0.346598010664391	8.59196184002962e-19	0.0417487154810623	0	1.51593657838364e-18	0.0982041301319432	0	0.048213912561107	5.39865479985606e-19	0.040321238658201	0.0490818606368018	0.0101326170248496	0.00344353007514752	0	0.00614357519356735	0.00452840584154594	0.112052751606949	0.0101236376006729	0	9.80733589853321e-18	0.02253903343591	0.00459147572242105	0.00357881198361851	0.00468345184715379	0.0018557568806643	0	0	0.0190006894757664	0.0969874067956451	0.0188971718744232	1.9434811030329e-18	0.0192133871335875	2.33107351850101e-19	0	0.00571083205377172	0.021147226718741	0	0.234719777570408	0	0.343755078875983	0.0842757044772066	0	0.175529375879225	0.0208743577405311	0.196403733619756
TCGA-AR-A251	0.124599729369652	0.0798038167994364	0.000982205359389484	0.00230640150425489	0.0529791271693735	0.00164946630966038	0	0.000769726156826527	6.92091594772154e-19	0	0.0143418221136622	0.00564442376343604	0.0126471593321014	1.34198931150741e-18	0.0323997752377794	0	0.00622602999157165	0.0342576643981621	0	0.00124491639284786	0.0149432034170753	0	0.309944750480622	5.67747606440839e-19	0	1.47313687332579e-17	0.00129579949008934	0.0799625418244979	0.0428718364056853	0.0482799949885844	2.26868970961778e-18	0.0239428552151004	0.0249713360732412	0.0164057954288831	0.0175719621111662	0.00503379570029313	0.0135637972230739	0	0.0211924063548855	0.00170437385276862	0.00627534846740029	1.29443664544361e-17	0.108206871053171	0.0184331605190191	0.0187477644238486	0.00106822817907989	0.00184993528910718	0	6.0229661226023e-19	0	0.0093561330100384	0	0.0188113808664817	0.00682297674386851	0	0.0278632691300734	0	0.0264520334893441	0.00163847419631165	0.168772046222065	2.61697927791587e-19	0.147023091035804	0.0204928752274768	0.0437497875344428	0.0385037557406881	0.0473735101082558	0.085877265848944
TCGA-A7-A13E	0.0775582200535121	0.0523702645667642	0	0.145522994489862	0	0.0769787699354325	0	0.0624467506448939	0	2.10362575856903e-17	7.55172396486255e-20	0.110750934620205	0.113595404631559	0	0.0791618355155864	0.0168201633420924	0.122082349140074	0.0305147822939461	0	0.0130585383790965	7.55255767708928e-21	4.37830603136101e-19	0.183400287845476	6.63544441870195e-22	0.117551321067443	0	1.29968217259555e-18	0.149106519654568	0.206663396581914	0.0552417764229872	0	0.021071997650853	0.012881586694675	0.0103115992856544	0.0183440540418816	0.00621735196155539	0.00371570931228785	0.00648814873810012	0	0	0.0403412557585955	3.22862627255094e-18	0	0	0.0347653368512004	0.0290416649676516	0.0161019697782011	0	0.0148250256947928	2.0742157985225e-17	0	0.0200761330788041	3.21755378307815e-17	0.00351142400813971	0.0287276942452304	0.117797678388037	0	0.017985215765243	2.99368557262003e-18	0.150103437797852	0	0	0.128636923979454	0.257301650452989	0.284241034186787	0.0849607928171038	0.369201827003891
TCGA-A2-A04P	0.276787522920833	0.00476222928156037	0	0.0651596926495708	0.0455195082968886	7.52841635380308e-20	0	0	4.83525653856872e-19	0	0.0163786990270448	1.36972593365239e-18	0	0	0.0150630333374907	0.0681924387817709	0.0251442881905688	0.0691901439930969	1.49867630081627e-18	0.00368961387009453	0.0824375052405099	0	0.558965111347964	0	1.4248219816082e-18	0	0.000781609341751433	0.25136089184152	5.30709752861905e-18	0.0403137049406594	0.0200101152875667	0.020311820184279	0.0424570460053206	0.001846663062576	0	0.00357252855724825	0.0127197722663364	0.0180709975058629	0.0487126619122088	0.0199991575780065	0	3.48512936496511e-18	0.257588208318025	0.0894358075312738	2.41755121408263e-20	0.00624771145085153	0.00260486432666946	0	0	0.109801549183396	0.0590344504801505	3.69922046800148e-18	0.0924124158930827	0.0167752037503204	0	2.71721478839459e-18	3.20303544716837e-18	0.0219517874903867	1.17339024233398e-19	0.068967529635891	2.79376937332864e-18	0.3047571045067	3.20814677818559e-17	0.0108948709250069	0.0594407511359629	0.0435998672610351	0.103040618396998
TCGA-S3-AA0Z	0.254412496773315	0.00217630125719987	0	0.050118755498776	0.0672269617832513	8.16280224507365e-20	0	0	0	4.00406465027028e-19	0.00983379268691477	0.00847468728809865	0.00368352873271293	0	0.0235331055179165	0.0560190587493159	0.00592398133222793	0.0147756580426686	2.11154521784428e-19	0.00404591144932685	0.0261247480228815	0.0130883164272161	0.486324185733736	1.13308843714845e-19	0.00858582379962807	4.25316267464064e-19	0.000783235702087733	1.77587443718927e-19	0.0226039446857379	0.115364869217816	0.00503478188087133	0.0411915921591106	0.0476730167624616	0.0220603239598938	0.00634731274461933	6.54365832921609e-21	0.00536860194565315	0.0111172474724594	0.0319584213584952	0	0.0113907234324292	1.62578284242401e-18	0.0958170530048938	0.0456477337395123	0.00674625276379948	0.00483789097888067	0.000640974021942138	6.60448648957401e-19	0	0.0604862100702275	0.0205797955187051	0.00742412040975189	0.0650613360680469	0.0170198361580964	0	3.28767178636316e-18	0.0123262913700612	0.0411736709320534	0	0	0	0.20296658497165	0.123444534511145	0.0156646194800374	0.0897715326663845	0.0184434365398547	0.108214969206239
TCGA-D8-A1XK	0.231542376326621	0	1.79776808227525e-17	0.00701555622296654	0.0300663017377299	0.0102580345490009	0	0.000726581827969005	0	7.16054562928907e-18	0.0244108188694738	0.0112275684041993	0.0200919886811166	0	0.0396706847178333	6.69020925143319e-19	0.019528701346921	0.0430923409184434	1.18906437266927e-19	0.0112532007209953	0.000135583052281731	1.38508253842092e-18	0.383295215241902	3.94012469452921e-19	8.77408649016242e-18	0	0	0.130752055228251	0.112154358765573	0.0724488232724051	0	0.0867574853010697	0.0757819766828151	0.00926821468484868	0.0186122614786387	0	0	0	0.080292749933976	4.45736452254129e-19	0.0232087724847642	1.51743871204885e-17	1.09932052328676e-17	0.00801283531253924	0.00479930958738675	3.43040906486882e-18	0.00105449442180752	0	0	0.0151740086458815	0.0555461324871069	0	0	0.0132864613120571	0	0.0493123753251118	1.02211531452079e-19	0.0071475479132574	0	0.283679427459364	0	0.296958853665188	0.145749070252532	0.00793809670660054	0.105867617627069	6.77915261408699e-05	0.105935409153209
TCGA-PL-A8LV	0.322050042019894	0	0	0.0945803685818979	0.0650506656095722	4.64454719006591e-19	0.0167428648343542	0	0.00458913762095698	0.00540061002022828	0.018416018601484	5.27602030504968e-20	0.00786674404828238	0	0.0123745331020172	0	0.0436276593548499	0.0664805613982087	2.30782573040574e-18	0.00736020991934333	0.0167316454517515	4.40665289264945e-19	0.624076612213284	0	0.0306435637140149	4.29942565539621e-18	0	0.0589768755377308	1.8250732182601e-17	0.14097020036019	6.99140396838494e-19	0.0217380625426268	0.0345700192558899	0.00928344501713115	0.010869061595041	0.00614873673082575	0.0115277433383468	0.0167773062471567	0.0470736064285315	0.0129820615851621	6.76948181405583e-18	0	0.229020951684378	0.0405559754467857	0.0196984464336357	0.00348934834437782	0.00197660043212275	8.59330648394762e-19	1.84961902615798e-19	0.0418847415968626	0.0175485216305241	0	0.0639301621970418	0.019512938099754	0	1.51176736802863e-19	0.00578942238817772	0.0846656271294994	0	0.0647244593085322	1.12557343800386e-18	0.227602492825882	1.83392216755339e-17	0.00406469411837855	0.0896984684259393	0.0236876045828832	0.113386073008823
TCGA-A7-A6VV	0.297923165200362	0	0.0923138042282625	0.0246924936884015	0.00990741768332228	0	8.97535245889886e-19	0	0	0.0158095469350881	0.0118311379440803	0.00181040640397676	0.00660862909826111	6.20061036531227e-20	0.0221750481347209	0.0279264423011619	0.0274320128640521	0.0202270519262473	0	0.0048042288598398	0.0326424552250204	0.00925900690704837	0.522827352744555	1.14960023859621e-19	4.41825709738017e-18	1.07197749241233e-18	0	0.0547775174990065	1.51604188817949e-19	0.0943912711931755	0	0.0560181222647224	0.0659713353335439	0.0446453019416502	0.00640000067782767	0.00440009274556688	0.0129246265237177	0	0.0564918796809265	0.0215738777569643	0.0181860708614359	2.24620004147772e-19	0.42198636759447	0.0497311554146534	1.5533007871962e-19	0	0.00103725483088856	0	6.5208883734848e-18	0.0386781161036815	0	0	0.139449042098012	0.000582652263177212	2.75928699733736e-19	1.68986576807743e-18	0.00444134911111244	0.0305646819240481	0	1.22945734526026e-18	1.38588275233064e-17	0.210790213113424	9.25908282036505e-18	0.0145817402033276	0.0807802197755016	0.0163212276125102	0.0971014473880118
TCGA-A2-A3XT	0.365129479643481	0.0247278254992716	7.47771700570917e-18	0.0365777227247017	0.1660334161229	0	1.01471245079859e-18	1.49348506725975e-18	2.13570243984042e-18	0.0084133826969754	0.00760096309853124	2.13561155411227e-18	3.69497027208346e-18	1.10562114906882e-17	0.0390237426796847	0.0392375733804137	0.033527985729467	0.103134833348912	9.78156883198183e-20	0.0141825925756749	0.0341877273807202	0	0.401764902925585	0	0.0300643464549141	0	0.00258884708421381	0.0527817960094855	0.0452348669186101	0.0533171501492979	0.00656482602228069	0.162397825365827	0.165392009987592	0.0572215902554587	0.00622860739977702	0.000148447304905191	0.0417945124445197	0.00826406186013213	0.0870002352636578	0	0.0150624899594654	1.09224697919766e-17	0.211208468131813	0.0616915999860732	0.0121888928290676	0	0	1.63168675848144e-20	2.02501165716101e-17	0.0250336793966112	0.0432374448225071	0.0135992563864443	0.119099378102564	0.00953332215106332	0	1.86166833782863e-18	0.0216053677666724	0.0308907593939432	2.14558865740222e-21	0.0101648279910059	1.26991575666673e-17	0.270514134537112	3.7057161748135e-17	0.0201272918488109	0.156299492016964	0.044489949667453	0.200789441684417
TCGA-EW-A1P8	0.277390134155033	0.0251246071219324	0	0.0284565755798542	0.0271078059389664	0	0	0	3.88294019517379e-18	2.12397911615088e-18	0.000299331961456854	3.29593077483758e-20	0	1.48642080025302e-18	0.0817070069150922	0.00485287667213934	0.0202988426487013	0.0209534159354211	0	0.0119680848695055	0.0157654586926198	6.37107085328773e-19	0.415534886674049	0	0.0210144188719312	0	0.000142109392916271	0.170549215560272	0	0.0561522353813873	0	0.108534116085959	0.0958799142666469	0.035813406480947	0.015562041595698	0.00148352828225426	0.00810533801692212	0	0.0787936466379396	0.0136312558321344	0.0211103446621939	2.16707979473949e-18	0.11267846177337	0.0285598521741025	0.00500963663438915	5.73727737837547e-19	0.000498947786416195	0	6.36952910994139e-19	0.0713910762755895	0.0498157740909863	0	0.0231446457823709	0.00612503178284729	2.64995786462507e-18	0	5.23904290688264e-18	0.0108619865904738	9.65438650576885e-20	0.145703199093246	0	0.275760807701248	0.019158000634185	0.000992131203788178	0.123754108528807	0.0309522423432417	0.154706350872049
TCGA-A8-A07R	0.0648842875755994	0.00372674887291178	7.95697551396365e-18	5.83266610617655e-19	0.0185617088487886	1.6670222473769e-19	2.62964424934496e-18	2.17449092658388e-18	1.94370419076828e-18	0	0.0088085280875092	6.34984550943588e-19	0	0	0	0	1.05525289680804e-18	0.10135674949242	1.19322562763455e-18	9.66897612834422e-19	0.00144053755104165	7.17080663969882e-18	0.43976883164184	0	0	1.20021086999158e-17	0.00398278415147316	0.142471723170754	0	0.0661136026024723	0	0.0241261354230895	0.0429263716587187	0.00824515126361184	0.0102850511085658	0	0.0217037920856747	2.6856794474005e-18	0.12308245161925	0.00305626273009076	1.64539150118974e-18	0	0.0485607805243872	0.0147993882697995	0.00589512157115705	0	0.00143652854145465	0	3.2815976094676e-18	0.0499035519095644	0.0999066348349637	0	0.026332890062396	0.0196844131714845	0	3.95509179902632e-20	0	0.0214050212166694	0	0.188352440888552	1.37293652688881e-18	0.34934444602373	0	0	0.0229407910211036	0.00258364321197672	0.0255244342330803
TCGA-EW-A6SB	0.435970091481304	1.58737211584888e-19	6.86809332280565e-18	0.276095068003808	0.0345476096833308	0.030902471980941	0.00551537342172805	0.00695243576103494	0	0.0654460420587231	0.0247152810347924	0.0595637183650584	0.0840199576786685	0.0344225195836447	0.0540085178751065	0	0.142807223025822	0.108641141100816	0	0.0276956171405726	0	3.8386549340743e-19	0.462918790053696	3.28990404354344e-18	4.73241285627801e-19	2.49332068565647e-17	0	0.0152525421794796	0	0.121317201943954	0	0.0837575623466662	0.0884203238771533	0.00368970091136605	0.0198135248481911	0	0.0252968067821894	0.0875878133358724	0.0997639382851689	0	0.000261986562027849	0.0154530709034107	0.135860645607232	0.024044713637337	0.000506982642986508	8.93201351531562e-18	0.000735272003541334	2.43738869132034e-19	0.0052430787464758	0.0752027311735487	0.0612221328862625	0.0693452307340402	4.08101794273204e-18	0.1356287828385	0	0.0121971774009881	0.0299123428156549	0.0376061424518291	0	0.0980410770973166	0	0.488792073396865	0.0525159597921439	0.0144114282621351	0.319588661182557	3.15989248606345e-19	0.319588661182557
TCGA-A2-A0D2	0.308719094246981	0.00305583263720686	4.31034020333073e-19	0.00361559000664846	0.0577645335705452	3.8132032875583e-21	1.97155648029155e-18	4.8684068469885e-19	7.80388083220496e-18	6.20426533756214e-20	0.0283595163057124	0	0.00429748660372126	0	0.0505861965171657	0.0109637980927606	0.0187252002549399	0.073198084707736	0	0.00878113812500585	0.0519794412954201	1.69442954048972e-18	0.467673228838426	0	1.54347829425276e-19	0	0	0.256878066041407	2.55763812022873e-18	0.0600568413607862	5.58250351187639e-20	0.0327667169306788	0.0644351215142932	0.00567927346969999	0.00314662179096857	0.00283947854009926	0.0109615988489906	0	0.104440880723142	1.35184359703795e-18	0	1.03765033804782e-18	0.195444649281567	0.0685316333738627	2.00637646729853e-20	0	0.000112654470266762	0	2.37559752474835e-18	0.0534021465274359	0.0960484722511938	0	0.0782431943288841	0.00712463370538426	1.05722919667168e-18	0	0	0.0113337744437236	9.83481096075235e-19	0.166464866648732	0	0.287074725093492	0.0158703013992379	0.00411435180977118	0.0322067112355344	0.0275176369663135	0.0597243482018479
TCGA-A7-A0CE	0.129882254078528	0.0284067442819832	1.11035289964779e-17	7.26012144441104e-18	0	2.31261304458137e-19	6.85918194415664e-19	0	2.59036077808372e-18	0	0.0119071907723533	0	2.57374078381745e-18	0	0.00633429631024643	0.0668198191082485	1.38353592695184e-18	0.106451712054229	0	0	0.0353628480887768	0.00610752934660789	0.547187258882367	0	0	5.71552367250062e-18	0.00106219754025015	0.177575489290292	0.00408133223705178	0.088126435048585	0	0.0171820299782159	0.0227753471260276	0.0234547186883804	0	0.00339489150427721	0.00827759142572717	0	0.0755421180887786	0.0142947594177132	0	3.07208022184459e-17	0.024572664395655	0.0378987264090514	0.00323272263431008	2.09443268428807e-18	0.00234900497800623	3.29094481700582e-19	0	0.0166090785677827	0.0690847430548819	1.22465179853958e-17	0.0565886287384867	0.0119038687812632	0	0.0843530176723237	0	0.0347591577481287	3.91505323168036e-19	0.230720264411996	0	0.223118230307103	0.00759319521257102	1.10074835945197e-18	0.0155263728832158	0.03188479618538	0.0474111690685959
TCGA-E2-A1II	0.564201007805416	6.41510168724404e-19	1.2141262815468e-20	0.188616312951856	0.0469249570157254	0.0520782004841455	0.0354774070517989	0.0297246653462864	1.71990971203027e-19	6.56146855705192e-20	0.0424941637079361	0.132242838101138	0.125119907864591	0.041890255302288	0.0495743155564665	2.82566137281591e-18	0.103769681569801	0.0410781662160232	0	0.0241952892490641	0.0204667657765525	0	0.301607353167075	1.34856348530641e-19	5.56998389340163e-19	0	0.000258841051171241	0.0839258456624218	0	0.0317162452325523	5.14671320756957e-19	0.0984442121851274	0.132274262341341	0.0219129754231717	0.0164255251119926	0.000652971528707194	0.0100618099859326	0.0348361762453987	0.103605754294208	0	0.0151789464644322	1.29444549856726e-17	0.0083899539744834	0.028577732459256	0.00688177096838617	0.0136263663109214	0.00667096698342186	7.81500499554867e-19	0.0160526286073342	0.0170675009698176	0.0438529642533189	0.126157525134043	0	0.030830120007281	2.78565498509317e-18	0.0100557884195714	0.00731683766259176	0.00489386843896128	8.6131460239556e-19	0.204646332074721	1.53521703839945e-17	0.399405295194826	0.168012528060468	0.0474127791624016	0.347253612011488	0.0102333828882762	0.357486994899764
TCGA-AO-A12F	0.0122907315341056	0.114037411090153	7.28579008030391e-18	0	3.95367060583088e-18	7.30399405018195e-19	2.21552154709696e-19	0	0	5.56000001646972e-18	0.0241160388437087	2.86428047002795e-19	0	3.29547508264462e-18	0.0185682074214091	0.0168009445746916	0	0.0435937236057623	3.31801081468898e-18	3.00189951190375e-18	0.153885677269462	0.00251297955185884	0.345700287674045	0	0.0222494130505174	0	0	0.168412920454932	0.0151000341341337	0.0500510944015614	0.0403012909342067	0.0185601385836861	0.00797892454703177	0.0210258391144626	1.49582010119796e-19	0.00285971263106773	0.00678793622754122	0	0.117801655804135	6.35910284216274e-18	2.04479238090414e-18	1.26055329450828e-18	0.260536360985339	0.129757095801635	0.0164894690755614	0	0.00356653508484536	0	1.12969723814906e-18	0.0724530259391541	0.0119849398508702	2.36512881369278e-18	0.113222772810466	0.0118597256864978	1.17779142950245e-18	0.0311218441454115	0	0.0128439676474221	0	0.13459175708138	0	0.2515356915871	0.00378140415311753	0	0.0140487454236967	0.145086250705066	0.159134996128763
TCGA-PL-A8LZ	0.393814612581112	0.156711318250096	5.78748435070206e-18	0.0175067724216722	0.0270653548385208	0.001507899373723	0.0245129350920462	1.18119201178953e-05	2.69498650496227e-18	0.048411776326512	0.0296228438906621	0.0378379211953786	0.0473569430416042	0.0135091477967027	0.0134463116065205	0	0.00293088132040195	0.00576665886457925	0	0.00510732422618274	0.240446439932459	5.71417559934969e-19	0.362032441449359	0	7.77407511254826e-18	2.78261357646841e-19	0.0010733651065179	0.242602207776465	2.25956723468499e-17	0.0220227161367125	0.0758271939277377	0.0659319923391337	0.131471692774518	0.0177333768921988	0.00573643372057593	0.00416653737078113	0.0254087950810988	0	0.0518506493857178	0.000455232015076073	0.0116664114214788	1.50558448448117e-17	0.279019749294562	0.185411710648864	1.54113334967953e-19	0	0.00100938845172144	0	3.45464854050314e-20	0.0646684419567057	0	0.045004309295431	0.0909519669822991	0.0352520862456837	2.78319232601887e-18	0.02047768720917	0	0.0149466442150316	1.91271717893185e-19	0.0709603117319565	0	0.299707851609969	0.00800130790234619	0.00278081907400633	0.0958657781630265	0.198578879091277	0.294444657254304
TCGA-D8-A143	0.141949250117435	0.000651205386449956	2.06595334060091e-18	0.0373647049396725	0.0748368884809012	1.65611500945046e-19	0	1.00795101272158e-17	0	0	0.0108714636349152	4.65586298576134e-19	0	3.19022872351512e-18	0.0247805448936893	4.73107345664743e-19	0.0138567185284392	0.0173771105680783	6.07248208063316e-18	0.00622771186597339	0.0382486187268471	2.99428434229814e-19	0.505534017614665	0	6.85281074625746e-18	1.54022547251371e-18	0.00211675899804285	0.0649936178889685	0.103033912156369	0.0607103805123325	0.00614905622478809	0.021329495916093	0.0240787306416126	0.0125700063048218	0.000953600287507617	0.00193548368987395	0.000174027940139413	0	0.1246787676796	0.0162066359977834	0	3.54269221083766e-18	0.0522896708986056	0.0467265863231406	0.00158328550362109	0	0.00287947430078917	0	7.61249735284436e-18	0.0742191742754524	0.0583079922827091	1.22483730808803e-18	0.0200974970027596	0.0369735902832062	1.06754088640537e-18	0.000985986199704573	0.00617147426667167	0.0141135285532772	0	0.153650802013322	1.83245716587883e-18	0.349451282684329	0	4.84924415242394e-19	0.043917008672831	0.0194499120566485	0.0633669207294796
TCGA-E2-A1LI	0.1874920176258	1.29401432900251e-18	9.93716781096242e-19	0.00499244441188321	0.0472162743911004	0.00578117686335453	3.13393991350938e-18	8.52777360392634e-19	0	0	0.013662877191731	0.00631395338161346	0	0	0.0373311539406285	0	0.0223639589153904	0.0535704911260534	4.46289959272951e-19	0.00240567504014672	0.0221999529253292	1.35024154945355e-18	0.447273215963927	1.61210129288858e-19	0	1.60502964111301e-18	0.00277840193247519	0.252766916619928	8.69963256415553e-19	0.0508148276095391	0.002291432230802	0.030943324852013	0.0411762483948105	0.00583173670418077	0.0130477631737773	0.00147064520299876	0.00397030279499989	0	0.0772730460816048	0.00478803780923348	0.0013915862844775	0	5.23304346589935e-18	0.0376738877417147	0.00711791598388	4.8075816718875e-19	0.00289610569441592	0.0025244565372173	0	0.0448243575820897	0.0484037799246496	0	0.00461773126893354	0.0183100744012522	5.59520583097068e-18	0.00353660152149414	9.23569774359764e-18	0.0235609635169101	4.90940505897715e-19	0.21389413628758	0	0.280141213705948	0.0567779845102365	0.00518408270059123	0.0410794691207523	0.0110999764626646	0.0521794455834169
TCGA-AN-A0FL	0.0458710360733756	0.00305008725608155	7.8899861154696e-18	0	0.129940939870179	1.13951184636645e-18	3.37464687683829e-18	0	0	0	0.0101145898396931	0	1.24017939056615e-17	2.18537878334483e-17	0	2.95429741817146e-18	0	0.0414146868619512	0	0	0.053374194776127	1.64003065138895e-18	0.478295075474661	2.91631894776384e-18	0	2.1187640857142e-19	0.00348850090003047	0.0651105816620192	0	0.0335982544427919	0.000901110528008886	0.0322637848137238	0.0377738244860223	0.0309589966244361	0.00789990303395984	0.000723887878044005	0.0222213335921957	6.64412546932411e-18	0.0728834929054792	0.00507546023558256	2.01516990435948e-18	8.89963547143324e-18	0.180305700689679	0.0636593132736679	0.00641561989481134	3.23390732903206e-18	0.00220262237103806	1.58190804635901e-18	1.64321670623666e-17	0.0431439231125741	0.0949273209340325	0	0.108372342057923	0.0198157002012934	0	5.07139762784888e-18	0	0.0172674305813734	0	0.0460229082075967	0	0.150620686386332	2.57713992534616e-17	5.86315565016728e-18	0.0267757918984558	0.0282121410161043	0.0549879329145601
TCGA-C8-A12V	0.720090994905797	0	0.0336334030923817	0.264804784497664	0.0744845705767104	0.0367343020169075	0.0910728963855456	0.0340949901242796	0	0.0467636802179732	0.0319630054167573	0.109287610524923	0.157110904474128	0.0557875598611944	0.160195501961538	0.0333446378455487	0.126681542618789	0.0134902837243253	1.23961545768175e-19	0.0632104493071697	0.0568344668373854	1.49047370543648e-19	0.340288074055009	0	0	0	0.000126852202498208	0.080239558780306	0	0.0388310693846949	0.00718396482376181	0.116327303757896	0.140979290288926	0.0343637873144127	0.0228259165722315	0.00467759790538986	0.0345265663738283	0.0688255042505855	0.0445568995140392	0.03320674892914	0.0384978003632576	0	0.0206252458791229	0.064389470981539	0.000458691687694095	0.0139653037594454	0.00108461629423195	2.60545802400208e-19	0.0131087620446093	0.027431274436435	0.0375382735963973	0.144564001556977	0.0462352420792281	0.0411547673984146	0.000597615495512656	0.0311373412429877	0	0.00299945697963537	0	0.0953385126833984	0	0.283271749871153	0.0227810656224029	0.023950461865722	0.441438411461354	0.0284172334186927	0.469855644880047
TCGA-A7-A26F	0.168865114778429	0.0159378364233579	0.0401592939396653	0.0313489355409014	0.0258792786983293	0	0.0400613010936085	0.0190481126092474	0	5.00865694642659e-20	0.000947360635423695	0.0314595139520202	0.00471013604926206	0	0.0294623289597898	2.56579024815106e-19	0.0174458250988026	8.95326544747282e-21	0.000333856172482788	0.00564716759124562	0.0129438291168438	0.00658160498673481	0.466126807076125	8.38848823139426e-19	0.0527202455539934	0	0.00302539676296172	0.0228398010309455	0.0931279533284208	0.132862186996916	0.00121200766318278	0.0230556147253506	0.0345133635608975	0.00121727311092325	0.0217732513736205	0.00564115084435656	0.00852949976829814	4.16308961392325e-19	0	0.0305223146189533	0.0596232606426013	3.03610868334411e-18	0.103032724405481	0.00984944873770945	0.00451796823651439	0	0.00173192540523954	1.32822610275279e-19	0	0.0700648026541245	0	0.000782886235188741	0.182578117790239	1.22212063302474e-19	0.00604243734757674	0.0089643264888441	2.49675558761972e-18	0.0534853747713362	2.5827066392849e-18	0	8.64828754687559e-19	0.0155580310410665	0	0.170810041495694	0.132358307614481	0.0408009555470976	0.173159263161579
TCGA-A7-A26F.1	0.16246040682208	0.0277439430882035	2.34302033308442e-18	0.0332283379725767	2.14404545184143e-18	0.00826977211450748	0.00038292615833044	0.0170319585030516	8.60104080979251e-20	0	0	0.00898225628790693	0.028032270230763	2.12528173408801e-19	0.0224298962050425	0	0.0156716484111935	0.0024557794401535	0.00500577102133539	0.00800140574886737	0.0472037437861371	0	0.467831427569575	0	0.0558427892814984	0.000763208349987753	0	0.0883080383800888	0.12315791094664	0.163128859859282	0.0028662275780032	0.0536945971573011	0.05994896267107	0.00642556727467564	0.0108017279394381	0.00552327939993783	0.00797755563197432	6.83009395411278e-19	0.0127644104795718	0.0168888480197347	0.0511507827538773	1.79834122484867e-18	0.102707959977049	0.0214801560256732	0.012478983719816	0.00725921492738855	0.00123445063243603	0	4.6182520994189e-20	0.000766258763951369	1.53729535005168e-18	0.00656219498458575	0.0551168266804406	0.00906617028949377	0.00429810921331311	0.0220212057323693	1.92393193143817e-18	0.0688825405854695	0.000540942429048322	0.191477337245811	2.76710629520116e-19	0.0251239488335921	0.0287338054008113	0.140052524006586	0.121927377575346	0.0653952380779195	0.187322615653266
TCGA-EW-A1PH	0.0722468590763547	0	1.8290615321965e-17	0	0	0	0	8.05565640565464e-19	3.84179896322821e-18	0	0.0399321495637247	0.0115405459694094	0	0	0.00328095822410064	0	0.00242365558015363	0.0722535815776068	0	0	0	2.12411452185358e-19	0.47111321763312	0	1.18803947349353e-17	0	9.50441409526384e-19	0.184869227107968	0.0133269981147417	0.0929122734455643	1.06537633640671e-18	0.0218772311056964	0.023509896961058	0.0136834845074089	0.00566292707341963	0.00130378294377724	0.0378526889788699	7.6282438470548e-18	0.05664008775278	0	1.21881669342489e-18	2.55221221579917e-17	0.214697665917742	0.00988149590873108	0.0171232704141983	0.00173709928068932	0.00356228521934391	1.52245330825777e-20	2.76093222281709e-20	1.40705483051973e-19	0.0505971953112395	0	7.29444876905499e-18	0.0164741273854275	1.58195780243964e-18	0	4.99622161622133e-18	0.0306340976042028	0	0.23965994351783	8.89950365676144e-18	0.191997526228741	0.120044887824412	7.36953053218794e-18	0.0260538027656837	5.94019736746763e-18	0.0260538027656837
TCGA-BH-A18T	0.142116316900986	0.0274215495093725	6.97949141073997e-18	0	0.0484040151437857	0.00443541467086411	1.37085377383834e-18	6.56068466649197e-20	7.84463564225741e-18	9.79331251669667e-18	0.0274255935771634	0	0.0123814647223556	0	0.00792181650626995	0.00463430360406746	0.0284750735179147	0.0761551754901269	0	0	0.017028428472089	0	0.426481388214125	0	4.17315486464404e-19	0	0.00219805327991654	0.167267393074115	0.00649790895669331	0.0805355955181666	8.7904740338209e-20	0.0304322475342585	0.0379967970311036	0.016026254947632	0.00943621732638516	0.000196290257521415	0.0150953631346714	0	0.105862835932904	1.4248078325238e-18	4.05700147878473e-18	2.73038631398045e-17	0.0524141658816609	0.0236495977830699	0.00758779691801529	0	0.000402430505689831	3.26984665919341e-05	4.86779076689589e-18	0.00790916801641101	0.0420389064846253	0	0.00573655591788871	0.0108508492825145	5.21985071762259e-18	0	0	0.0248633221022631	8.96497245873955e-19	0.293538775053504	0	0.27879713294245	0.189319110865888	0.01103144518215	0.0266007755514904	0.0222249889907307	0.0488257645422212
TCGA-AC-A62X	0.00424690423891601	0.0034654889148757	0	3.50845747117751e-18	0.0433549515454636	3.76846829901939e-20	6.42329293855466e-19	0	5.59798480662426e-18	2.20979951044076e-17	0	0	0	0	0	0	1.35134111903517e-18	0.0879628219460884	0	1.1125057016256e-18	0.0303602023431909	3.99388582543039e-20	0.455917094359038	4.1186186109584e-18	1.71333281132405e-17	4.17817324691928e-18	0.00213487260805522	0.108253767640924	5.62658309523226e-19	0.0745814578556446	0.00541256116583032	0.0051454786403201	0.0211047493348104	0	0.000670678461690539	0.00118286473625403	0.018355727089795	4.53714511034131e-18	0.0868948948156184	0	0	0	0.101946472722386	0.0440568634471749	0.00143570812268141	8.33907204425735e-18	0.00378223432737623	0.000528679354358517	1.12733792758184e-17	0.169788177116293	0.100627879129819	0	0.0209745910495639	0.051899955754241	0	0	0	0.0170492273843019	0	0.211395828282484	0	0.298244359850222	0.0328101365998947	0	0.00422989097091278	0.0169128456290333	0.0211427365999461
TCGA-A1-A0SK	0.00467258452029363	5.44107629666158e-19	0	1.24142687245869e-19	0.0582700004830168	1.1105439777906e-19	0	4.60885783971779e-19	3.79318509787481e-18	9.78948388825288e-18	0.0265102185248763	2.62156524712175e-18	1.79019078270043e-18	0	0	7.44915126857e-18	0.0350081101469943	0.0723455211063006	0	0	3.12610579324754e-21	8.44969913809532e-20	0.172295346625802	0	6.79815766312949e-18	0	0.00174594138986363	0.0636457782949916	0	0.0203933275978165	0	1.65662059882876e-19	0.00192889369026547	0	0.00398035153270295	0	0.00423186425655857	0	0.0951603855190919	0.0320948323655863	0	2.73393342284552e-19	0.0479016639039421	0.00623322546588232	0.0162013079223696	2.66293375062898e-20	0.0905031153156727	0	0	0	0.0770659752946439	0.00622783162389299	0.142358481157165	0.00742785684802607	1.43702575776709e-18	0.00592384294823641	0.0340848919311193	0.00241602695952778	0	0.0688819939653544	0	0.33350706680066	0.0332415832893446	0.0210474277150434	0.00265356768846863	3.67269569929445e-18	0.00265356768846864
TCGA-BH-A0BL	0.273443588762332	0.295287223574415	0.0484510685722406	0.0369086873725577	0.00318104731143961	0.00210786867849418	0.0106068840423878	0	0	4.50422005942993e-20	0.00837370244297087	0.00935329150927384	0.0240210550826377	0.000690516088015769	0.0489045422848989	0.0358668976833875	0.0245751503624071	0.0235961294317306	0	0.00641936510843617	0.0631815372130637	5.06094149330189e-19	0.403741285142457	5.05642015170455e-20	0.132584013492877	0	0	0.253834353012415	0	0.0752187317147873	0.00577041436570499	0.0476675519362418	0.0423688254339189	0.0398431875011538	0.00911654142485252	0.00674789506343585	0.0146725261610322	3.27474701844386e-18	0.0286264714033811	0.0359952835927446	0.0195567106974389	2.06371706180432e-19	0.14415654215362	0.0437806338025264	0.00783350708031897	0.00052115726548157	0.00249116628401872	0	0	0.00362108868056624	8.11417588782722e-19	0.00329743322914617	0.0909590115410838	0.000956182824467026	1.50639294298888e-18	1.18984491280294e-18	2.43936144521573e-18	0.0138991033837484	0.000222145688568182	0.126557944764838	0	0.0957417936497673	0.00747398035491977	0.0371983230590491	0.0860147653658673	0.245526387140178	0.331541152506045
TCGA-E2-A14N	0.259748424063953	0.00242250736527979	0	0.0375420655433825	0.0815893242944825	0.0247581669611896	4.00983338289085e-18	0.00263975935601151	2.87873475751996e-17	0	0.0232831027530053	9.70644628789197e-22	0.0185719030746916	8.77867170409883e-18	0.0314262092801454	2.3661374544411e-18	0.00836552578884122	0.138431253388681	0	0.00914864366838414	0	0	0.330585889496415	6.57527437759673e-18	1.35282612105093e-17	0	0	0.0474123060860501	0	0.0321164550280807	9.49504665052354e-19	0.0397456324677554	0.0534334907484332	0.00398571400569266	0.00699590053400596	0	0.0054095869122251	0.00536763694192856	0.119894429935252	8.76481327237457e-20	8.80164582654253e-19	0	4.05063934083251e-18	0.00992198254154008	0.00714626579450069	0.00705513883695284	0.00333271504079215	5.14568202343934e-20	0	0.0335491682231547	0.0319732534885555	0	0	0.0261544576093222	5.80401890706065e-19	0.0138166833160842	0.0125908682733699	0.00808467672960761	1.41169407602173e-18	0.279397444826414	0	0.245420410751351	0.22718775903724	0.0168416757378189	0.0640480010463596	0.0012112536826399	0.0652592547289995
TCGA-B6-A0RU	0.0358969971313804	0.0628722030370399	0.0383262919692722	0	0	0	0	0	4.46719397181286e-18	0	0.0176786716503541	3.43141353399044e-18	0	4.88057175733298e-18	0.0577163366580076	0.122903843532587	0	0.0888926501938505	0	9.97883789398962e-22	0.0799711831284075	1.37450884992998e-18	0.353828593562157	4.29884084549723e-20	0.0638976169429417	0	2.49081353866565e-20	0.286961555882405	0.0404182848739027	0.0668531471532199	0.00972488962284548	0	0.00817108460813911	0.015531079822663	0	0.00521653448739647	0.00937191764074112	0	0.0755341745235701	0.020564438230911	0	1.37370969707699e-17	9.94676315542648e-18	0.0664507093744717	0.00149022431374439	0	0.00804199909115318	5.25703502439698e-19	7.02499874234912e-18	0.0457356481679904	0.0744996805622844	0	2.2758407354104e-18	0	0	0.0488510294100602	0	0.00143095359832156	0	0.286368059860806	0	0.260351856748902	2.26275396092928e-17	0	8.23841500833242e-18	0.103370501554195	0.103370501554195
TCGA-C8-A12K	0.42506387361102	6.09424346818926e-19	8.47370929964866e-18	0.0995630153853188	0.16805570999099	0.00861911459074674	0	4.19160045363523e-18	4.73601576710595e-18	0.00267805451233111	0.0339347021444011	0.0157806529555718	0.0675894011995889	0	0.0276693013855668	0	0.049035804602273	0.0811484874383964	3.84957461077155e-18	0.0116054625915512	0.0102246446440958	0	0.423357889886141	0	2.15946870002932e-18	0	1.05205672372714e-19	0.0377512299778676	0	0.0497945055587587	0	0.14325021102328	0.137896877322983	0.0483288286411119	0.0107251121713969	0	0.0108927907518344	0.0263509478277759	0.0632123777948817	0.0345567072501345	0.0226954158006004	0	0.0955372558637431	0.0329738252140525	0.000652968964514184	0.00784603434804072	0.00104085499485188	0	0	0	0.078413491359535	0.0983606335115301	0	0.0101239501551955	0	2.6773452408937e-17	0.0109150787634196	0.0179373251109087	0	0.174155039591112	0	0.394894626287947	0.0263521398808955	0.00764189623553905	0.202413246618479	0.00511232232204788	0.207525568940527
TCGA-BH-A18V	0.311973482256963	0.00735728613860052	2.2031090630718e-18	0.0435576790092565	0.0588756904319224	0.0132801591460006	1.96174750382946e-19	2.61332390790246e-20	4.76242034311837e-18	2.76909976897212e-18	0.00873301247273549	0.0070646838290389	0.0178624190453093	0	0.0248060387886846	1.34951829433125e-18	0.0232652770126938	0.03097779715165	0	0.00714915411952357	0.0247578091035159	0	0.52567252458049	0	0.0382530990524028	0	0.000462869982903404	0.0190325899189882	0.00372488386462099	0.102240711333606	2.81558660570891e-20	0.0905846192919585	0.0773283146472622	0.0240712344405746	0.0117165887050683	0.00205472933092902	0.0162619828865093	0.00383398646115162	0.0464889173439075	0.00412989146041572	0.0355402285981113	4.57665264674449e-19	0.227668955678691	0.0349870252658945	0.0108817375560878	0.00400368380732581	0.000298842987978464	0	0	4.87898847301011e-19	0	0.0410496700477575	0.0757623578402413	0.0145953374522718	0	6.1426336613503e-18	0.0116810112494622	0.0709964683509408	2.49094748441471e-19	0.142383369537098	0	0.172679808464915	0.158147322413212	0.0229539692808385	0.130408635701971	0.0351840971472596	0.165592732849231
TCGA-BH-A18Q	0.198576022473443	0.0421491185846539	0.00946299532098574	0.000195676698277891	0.128956852243318	0	0	3.69918141553768e-19	4.93617446679824e-19	0	0.00288779443137053	0.0237037957858242	0.0166162998298278	0	0.0166818317353099	0.0425599314599765	0.00320043875532477	0.0346872818960889	2.5030339504739e-18	0.0016120603207544	0.0188002278260108	0	0.431110528162597	6.7125461803711e-19	0.0796112798669581	0	0.00398040557604827	0.0759157274152465	0	0.0671988501545504	0	0.00431024932160394	0.0230689091348539	0.0103751187954084	0.00714555094684052	0.00250285889115699	0.0130778288267903	2.01216387175569e-18	0.0508291795164877	0.00556197888239447	6.00280290317377e-18	0	0	0.0308731605239303	0.00685995915288465	2.0692443177187e-18	0.0023696628103323	5.68228897660104e-19	0	0.0345960750562204	0.016387116951498	0	0.0515489867529761	0.0134529137511475	6.88600985511741e-18	0.0462051624423669	0	0.00935821734674165	0	0.106608793885311	0	0.176464188414358	1.20383264479011e-17	0	0.024644888715534	0.0702803131388114	0.0949252018543454
TCGA-A7-A4SE	0.166553535738857	0.0236345902893345	0.0589451661370682	4.25489502455202e-19	0.07831652982858	2.49404340198164e-19	0	1.04899317334944e-17	8.85669979390337e-18	5.51610414241929e-18	0	0	0	0	0.0144567734282235	0.0454704619817673	0	0.00335083331497845	4.30029904183101e-18	0	0.0586150628315192	2.25141418107395e-18	0.5247097483364	2.39594536606609e-18	0.0925175745087205	4.10679608537844e-19	0.000365007917609935	0.231262291745961	0	0.0944559311051655	0.00657308152733843	0.0133972440805546	0.040918702618349	0.00486657621062477	0.00124156065279033	0.0033491077493094	0.0127421352955987	9.76110208858791e-19	0.0472646228927908	0.0207971636828247	7.97610234015409e-18	1.24447328411157e-18	0.398155223788972	0.0564657372238317	0.0120756532623484	2.58191382466969e-18	0.000645589426638971	0	5.63078224475224e-18	0.0114590579849377	0	6.01190821454354e-20	0.143613864521885	0.00095206081629679	0	0	0	0.0547724556927179	0	0.0243843889959086	0	0.18605181077707	0.0160191541196197	0	0.00975920315556332	0.0873836138147871	0.0971428169703504
TCGA-D8-A27H	0.0819530836836713	0.00392078387786701	0.0371560707708565	1.56768821873149e-18	0.000145942909678824	3.23089477469386e-19	0.00227862614780443	1.09774658817661e-18	3.1083455598121e-18	0	0.00463187516139596	0.00858172625588132	0.000754953936213366	3.20067156721176e-18	0.0104462048735799	0.115696071790863	0.0290126734460647	0.0232923055110071	0	1.51926904188164e-19	0.0372567366758163	4.2617341612509e-19	0.529679970412405	0	0.0429962908439571	0	0	0.0852029840771466	0.000269956637436717	0.105433525415356	1.06607645462987e-18	0.017133146066873	0.0370816916137395	0.0103347292497703	0.00115628277709743	0.0035075315860569	0.0300777822964373	3.74384273951914e-18	0.0288509738627098	0.00596523609052716	0.00786266580812582	6.31655008158921e-20	0.315537651756013	0.0306886679656752	0.00842903521316735	0	0.00201428041205064	0	1.44756474400683e-18	0.0701373673682342	0.127130322799792	2.32617687701574e-19	0.171528043708814	0.00201473921834147	4.22126458861529e-19	0	0	0.030638112821261	0	0.068058257303318	7.60077645894011e-18	0.100910618096538	0.0080040606484072	0.00234455260572797	0.0231558806053184	0.0420869056988202	0.0652427863041386
TCGA-B6-A400	0.494432229674703	0	0	0	0.0319681522103192	0	0.00111774075769188	1.86687630097265e-19	1.30998708149628e-18	0.0168181393041404	0.00939964668155556	0.00133508593875928	8.44845940054333e-19	2.92175623611937e-19	0.166603294355111	0.0342121521630313	0.015295901945391	0.0721734941983081	0	0.0820022775055856	0.00582833303292425	4.59408691764512e-20	0.418073218026759	0	0	1.35014000623314e-18	0	0.0559090840778498	0.378475361146305	0.106201739000791	0	0.0396032119015393	0.0556218842777401	0.0142402482789304	0	0.000408952124600449	0.0313017216177102	0	0.0801083661341287	1.16835027221075e-18	0.00994080914786121	4.77416897691854e-18	0.512381742482372	0.0378592187987551	0.0131670963316308	0	0.000630897544894324	0	0	0.0326171828895672	0.0019942122483017	5.53789401747874e-19	0.0805169197215848	0.00437704697182486	8.97924405657813e-19	3.83762942567928e-20	4.11006776033066e-20	0.0250001367396961	1.41206096015125e-18	0.00124595341445131	3.66232781688405e-18	0.234263645292572	0.0264126984311738	0.0160397938354712	0.0885875896624969	0.00291416651646213	0.091501756178959
TCGA-BH-A0WA	0.13365194295937	0.000700220830313158	0.0136417691388849	0	0	0	0	2.77762979513465e-18	2.67659266244033e-18	0	0.00305382806285859	2.24790774821129e-19	0.00151556731893051	0	0.0298022275151834	0.075363399580666	0.000715270851792837	0.035127661779077	0	0	0.0228859592665217	0	0.422061818674068	1.43053208485491e-19	0.0057766353994449	1.33730844001337e-17	4.24891054405811e-19	0.196745411317248	0	0.0887969995424253	0	0.0173601528024611	0.0270344692234716	0.00596655321398808	0	0.00201659066846939	0.0245929421779336	7.60514468888457e-18	0.0557058537062342	0.00714642603536836	2.07803909925699e-18	0	0.156203783958036	0.0269415362395601	0.012811692109738	2.63894210728507e-18	0.00132962392069412	1.08589162736902e-18	2.895918258849e-18	0.0420226551269814	0.0527814190949186	0	0.0909199203321828	0.0064813534231778	0	0	1.21506451050327e-17	0.0361811983534543	1.4126279594217e-18	0.21826393866071	9.61789245618331e-18	0.157036631983955	0.0754298025518031	0	0.0115734352016407	0.0146814077481399	0.0262548429497806
TCGA-BH-A0DL	0.57350574415563	0	0	0.0566312434598108	0.123552968038436	1.75353272815766e-20	0	6.95162130868604e-19	0.00882894766413158	0.0216147502280819	0.0299888633398671	0.0133278640761468	0.0121460353744438	6.13847349098757e-19	0.101837535834003	0	0.0446681708381582	0.0664015213434514	7.56064596354668e-18	0.0373767389227436	0.000468775893818111	4.1403819041064e-19	0.700542029084456	0	4.9669799179971e-18	0	2.85708984044963e-21	0.0418099203287777	0.0275792423409911	0.257379629740345	1.58958587424193e-18	0.152754797901472	0.140869980642041	0.0233531748622506	0.0160804834785076	2.14863195048318e-20	0.00484967022182538	0	0.0528533529967204	0.00649797090497007	0.028382626488998	6.20812481790522e-18	0	0.0244073597005131	0	0	0	1.73682492064111e-18	1.86494825784354e-17	0.0279612759651929	0.0190600911313961	0.0193075578551043	0.00538667446769331	0.00832661337181626	0	8.68519604938374e-18	2.15119158695476e-22	0.152860842233189	1.83605375410967e-19	0.0922294995637476	0	0.147506653656908	1.32293551281952e-05	0.057656188860643	0.203035836218453	0.000234387946909058	0.203270224165362
TCGA-AQ-A54N	0.135000600325201	0	2.85735864622456e-18	0	0	1.03896108481159e-18	0	0	3.789059468973e-18	0	0.00332226848994843	2.59902929010759e-19	6.62449295225273e-19	8.34011264276107e-18	0	0	2.7723662967307e-20	0.0779478822529035	0	2.44406898137854e-19	0	0	0.499811046383577	2.90627015223807e-18	0	6.06003223532705e-18	2.58711911429445e-18	0.108284495205196	1.82317985987348e-17	0.07063960500631	0	0.00998507008446373	0.0175768867715538	0.00277599027903452	4.97354990663714e-19	0.00117925359127027	0.0136155046602968	4.07497887823639e-18	0.109661472147946	0	2.68785213171713e-18	1.43855063186091e-18	0.110839963203744	0.00734756287657787	0.00770968404466803	0	0.00751564588032898	0	7.69218782077237e-18	0.122238825812156	0.115404668231223	2.98188982721376e-19	1.71519046856014e-17	0.025478188867658	6.66358949711714e-18	0	0	0.0160550546555225	8.73037264228508e-20	0.102529263899915	1.03033016537991e-18	0.359635814173336	0	0	0.00665671338964249	0	0.00665671338964249
TCGA-A7-A13E.1	0.0437730653268223	0.00745790685689631	0	1.58346045618539e-19	0.00122942383054338	3.20306024383647e-19	7.7146793589386e-19	2.21680821245103e-18	4.25945670120531e-18	0	0.026479310678219	0.0168888746905323	3.5972752720131e-19	3.53775142869158e-18	0.0256675929694204	0.0662538032751827	0.00287880666343063	0.0311738079475411	0	1.32152339339323e-19	0	0	0.553046778804198	2.17273016827619e-18	6.5121685110962e-19	0	2.17223034952356e-19	0.0952979995070228	0.126388157902144	0.123181312009417	2.1056137939025e-18	0.0186713864771149	0.0204179659376444	0.0231152379615457	0.00833585411283478	0.00317235959342689	0.0127759568263797	1.94570626413184e-19	0.103075972879171	0	0.00195906902615968	0	0.21422215196028	0.0162175109307024	0.0105538055990113	0	0.00145117341215692	0	3.14622074825992e-18	0.0141343944007588	0.065250804010421	9.55316287959775e-19	0.0743670891892978	0.0140696200728536	0	8.59206566908626e-18	0	0.0472759511767654	4.21002488472491e-18	0.19322339899058	0	0.248203145046948	7.75456820299989e-18	0.0187664853209005	0.0305701228710944	0.00372895342844816	0.0342990762995426
TCGA-A7-A13E.2	0.0422993842169764	0.00488166372792264	0	0.00664731246827079	2.96114057129733e-21	1.05461988174737e-19	3.2898837634669e-18	9.81733132087945e-19	0	3.59997531764112e-19	0.0202548535904815	0.0305459848768806	0.00329373948204544	1.83057699008771e-18	0.0249377518440082	0.04129401599143	0.0149130950449291	0.0100536680459393	0	5.82339595810641e-20	0.00320872663734308	0	0.428112142295729	0	1.34257599755199e-18	5.73807817867512e-18	0	0.0448764215560776	0.108135349296515	0.0996505537261359	3.69602789593082e-20	0.0169571152372401	0.0153382354396772	0.0217953429660516	0.00986145182629183	0.00502379887365022	0.0158777278299898	9.17251081376543e-19	0.0630964024602722	0	0.00822009884833156	2.83488869577736e-18	0.177206747229765	0.00757401186103278	0.0193433939762154	0	0.00297939110838127	4.59540253663564e-20	0.00146828984732358	0	0.0363173074794304	2.1966557334358e-18	0.0288272709712352	0.00841672190158744	0.00743299908947433	1.19203666193425e-17	0	0.0242512042623549	0	0.26932185382254	0	0.136839340173784	0.0266579698054381	0.0534034505608131	0.049133502069559	0.00404519518263286	0.0531786972521919
TCGA-A8-A07O	0.148508827282735	2.65327235003238e-19	2.09297579419369e-18	0.00249953655816593	0.153297532630607	0.00334929550475931	0	1.40955181810675e-18	1.02646710233069e-17	4.32462826476211e-18	0.00665185647101449	0	0	1.66636189298403e-18	0.0147573124272352	0	0.00775143576620686	0.0553577291537862	6.75178414024001e-18	0.00260241989114193	0.0387394804158349	0	0.39754558391589	0	0	2.66110600798142e-18	0.00151721529970229	0.0118193139495012	0.0114404834998751	0.0536497477043643	0.00543888213772231	0.0570633019075593	0.0776005185461372	0.00438300136055343	0.00609130482236752	1.22771707642834e-20	0.0320043246484739	5.17691241508159e-20	0.100640685536381	9.93088311643414e-21	0	0	0.232859369095529	0.0547629319097442	0.00916997263162091	0	0.00179804794629933	5.62659034572173e-19	6.06615766192059e-17	1.31139225378695e-18	0.011874139539375	0.000332988215821812	0.00688553037169777	0.00105273407857104	2.1638012649846e-18	9.66415548395779e-18	0.016368737850102	0.0227552498977831	0	0.151525834982254	0	0.261136198561033	0.147177251930404	0	0.0455043754528232	0.0193697402079175	0.0648741156607406
TCGA-E2-A1B6	0.607948570565987	1.77860778858673e-19	0	0.651754000557801	0.0466536766387957	0.0589510894301113	0.187542910393885	0.0477877861539941	3.71238590252979e-18	0.0174385720810898	0.0656564533642337	0.201727586416571	0.167275478381592	0.0112118085755965	0.0478016379273438	0.0434884649525706	0.123658523426408	0.0744050069010111	9.95035911441872e-18	0.0214745572231104	0.0179659806650968	7.90945599892588e-18	0.392518989842473	0	0.0152222646303613	9.87998858645836e-18	0	0.0678590805583784	9.79436785957162e-18	0.0846387595316695	0	0.0395097349078154	0.0675740384904846	0.00931042930449934	0.012686410298584	0	0.0199256332004493	0.252131922664757	0.0787683334660305	0.00277864922822225	0	0	0.0680701691169265	0.0398347400663245	0.00574173996464555	0.0758461329838291	0.000589409612187946	1.19136453808903e-18	0	0.119023699177793	0.0665185238470452	0.0951414629417292	3.60376340014405e-18	0.0419498860655375	0	0.00944954060562679	0.0548229711012158	0.0257453297990053	0.00017842227623496	0.0773013268495755	0	0.400844900606289	1.55049857300516e-17	7.59547285844383e-19	0.649960050371917	0.016594122647729	0.666554173019646
TCGA-GM-A3XL	0.365314020670437	0.0191204606023522	1.17078774594033e-17	0.0448042189674298	0.121133762492241	0.00374044196778142	1.2714660909489e-18	0	2.00954119146943e-17	0.00513356304803378	0.0268717904542296	0.0204742224752623	0.0436597743227755	0.000837049689380816	0.0114136553527702	0	0.0210915103238244	0.0981574035979895	5.23342248303855e-18	0.0222278744768524	7.29040277135733e-18	0	0.509731145083374	1.46589632665351e-18	0.0387552876347431	2.74493490697186e-18	0	0.0836683725724339	0.167402467811012	0.101010833320426	1.05584778524648e-18	0.0875186074438138	0.0838289046069434	0.0221911906997816	0.00493869404003307	3.98810718308891e-20	0.00729321952370564	0.00770341886776533	0.146429118518518	2.45261191379213e-18	0	1.66948063589828e-17	0.136789855007205	0.0188160596920362	0	1.03573753603159e-19	7.71478748362827e-22	0	2.92164640617928e-18	0.0242945845597741	0.102059848504741	0.0328929591742947	0	0.0324253405695577	0	5.0158247024063e-18	0.023714079444399	0.0197077585540921	1.29751827670714e-19	0.0470539688089723	0	0.509835186834227	0.0473617084127706	0	0.119975744935594	0.0289378741185476	0.148913619054142
TCGA-OL-A66I	0.599654776822798	0	0	0.0853384950558556	0.106144471266063	0.0283078292828811	0.0498734426724444	0.0210920332004595	1.90629634530793e-18	0.0130963228164947	0.0349922043426241	0.136017098418614	0.13496533298102	0.0664011067734907	0.0935609134701291	0.0640751799325402	0.0749606963997102	0.0261632722707285	1.31366607194116e-18	0.0321595176119662	0.00454591071080214	0	0.377278423235386	0	0.0230713027580997	8.60332664948097e-18	3.69556095733049e-22	0.102248898705007	0	0.0863413292026139	0	0.0687684684847721	0.0948581772905095	0.0295834278645116	0.00682165764346365	0.000370873632080564	0.0195375580696809	0.0163481345651381	0.0961415621289818	0.0238106115961595	0.011811860229509	0	0.308201368734105	0.0263174492570728	0.0045894671725873	0	0.00227283553334016	0	1.54529768564219e-19	0.0195242766902586	0.0190776986857642	0.0703003795561648	0.0681317910449625	0.014020655073697	6.00714921041535e-18	0	0.00744780063489931	0.019709850064294	7.53308681254913e-19	0.0231299795844147	4.1726238870323e-18	0.385893341826014	0.0671714611371617	0.0841267518749819	0.24133942042976	0.0138086067344509	0.255148027164211
TCGA-AN-A0G0	0.107554702800868	0.00440761182879909	4.19566600338112e-18	0.0131994406068286	7.66106067463778e-18	0	0	0	0	0	0.00752053629636502	0	1.21099364006452e-18	7.63685291843639e-18	0.0148914056288909	0.0121726063165785	0.012442031974101	0.0195361249766377	8.43902522697257e-19	0.00137524770445794	0.0143078414912761	0.000824866720152479	0.385844715561407	2.63965203868286e-19	0.0166919657891584	1.1226601841876e-17	8.31501172733263e-22	0.0133481391025398	0.00784866876644016	0.0345068558892657	3.99190711911714e-18	0.0272572192311062	0.0402620310386637	0.00977832577969506	0.00407479483730263	0.000436583259254793	0.0232289696626971	0	0.0623253975768784	0	0.00346733060568727	0	0.119985819606999	0.0252159868103419	0.00159638943993522	0.00326515691827096	0.00113740001114359	0	5.26954343914098e-18	0.154486759539697	0.103459516869119	0.00193883470954042	0.113154626753263	0.0298500729459507	0	0.0516407575571733	7.98249413825155e-21	0.00105603882361055	7.52138160941467e-19	0.160450728607657	1.37107205559539e-17	0.239850243384711	0.0562259532533756	0.00683132916626425	0.0334659331370234	0.0177037095546168	0.0511696426916401
TCGA-B6-A0IQ	0.251917534306245	0.00535702816974557	4.91981075987649e-18	0	0.050814890154483	1.28979064107691e-18	0	0	3.56007003149222e-19	0	0.0258545164084509	0	0	5.82153391840726e-18	0.0320731110121554	0	1.36080481197106e-19	0.0639936004562648	0	0.00916644929698351	0.0102309398724179	2.68934876541073e-18	0.309198697636058	0	0.00989424697207042	0	4.75719943825399e-21	0.264690909666116	0	0.0458882056877441	0	2.20116012711177e-20	0.0103480778835315	0.00208600210254865	0	0.00161191877138851	0.0106767466682061	0	0.105240862991373	0	0	3.10879601249102e-18	0.165429684757768	0.0310032690932357	0.00478538143764784	1.96548664790723e-18	0.00778150879085741	0	3.21439047527148e-18	0.0236474003225396	0.0636862532493357	0	2.05915130984331e-18	0.0257491678287456	0	0	0	0.0128653932417232	0	0.163423694831814	0	0.436467860150191	0.0148039231307186	0	0.00611096619798901	0.0127411075071169	0.018852073705106
TCGA-AN-A0AL	0.263932976293582	0.00772498663707892	0.000668274065341964	0.124786480229762	0.0442766225223861	0	1.7416708463206e-05	1.66434119582905e-18	4.40971388781579e-18	0.0106010567377612	0.00185811559315478	0	0.0248730331811621	0	0.022474857314393	0.00834994098749818	0.0520904292693656	0.0235215828111444	0	0.00545498744493359	0.125607839995795	6.0937636076148e-21	0.539905200036399	1.26854153595062e-20	0.0514087588300434	0	0.00152894583021953	0.0827587161582882	6.26374486830278e-19	0.0455664319773936	0.0261316828074032	0.0572924466878672	0.0930019959549242	0.0144527843896279	0.00522000464388241	0.0109869222207155	0.0239053942941027	0.0590055041386677	0.0652974198594985	0.0130954688487631	0.00317111216066021	5.829878264923e-18	0.316300075060987	0.114535863760835	0.00236297032891848	0.0200675188128531	0.000536678602761489	2.38455578396031e-19	0	0.0399757775233064	0.0329787340288991	0.0130162128393736	0.168697567225143	0.0296907655862039	9.29587089744229e-19	0.00330478448742076	7.73231419866664e-19	0.027308736023129	0	0.0270509523222	0	0.170144345189705	0.00107528138672594	0.00408485693919376	0.130616687444737	0.0923707927314589	0.222987480176196
TCGA-E2-A1LL	0.101327095251673	0	1.33037830202784e-17	0	0.0284320507241922	0	0	2.83489249823774e-18	0	1.15677505832702e-17	0.00856995917541464	2.98287857154593e-18	0	1.33162953802092e-17	0.0239827725234769	0	0.0147535383191182	0.0512803338653406	2.24795424390722e-19	0	0.0616502712752721	2.19620294259956e-19	0.740496855568126	0	0	0	1.09272941805706e-19	0.0923609016157597	0	0.337233457178382	0.00396361181295535	0.00440657380084142	0.0131926962005331	0.0121332939074039	0.00112934521719261	0.0018600337349559	0.000232493522687306	5.87926088731825e-18	0.0865927174635861	0.000551829162656059	3.76498667033285e-18	1.16387983403132e-17	0.184788531901092	0.0765036104690953	0.0057163703726304	5.13157594437594e-18	0.0011491486053711	3.94129365762543e-20	0	0.0319360123472409	0.044510728490246	0	0.0203165382589282	0.00119391195620814	0	6.85938066551506e-19	5.56425627756446e-19	0.160110863228629	1.69062450334596e-18	0.207682266269472	6.34037236538519e-17	0.30571029569567	0.0569882429335819	1.13690942586689e-18	0.00369061267868936	0.030825135637636	0.0345157483163254
TCGA-S3-AA10	0.457668267573873	0	4.76811757944248e-18	0.162366800389137	0.121980233438293	0.012608785839934	0.0140773031857417	0.00724948227841726	0	0.00633026049547213	0.0375352003744899	0.0647547821335471	0.0779941535585685	0.0113338879208295	0.0315517289420385	0	0.094448919687533	0.0510293104204188	0	0.0108699876049356	0.0293452260028159	2.23919192526876e-18	0.44182155298237	0	2.20348170784387e-18	1.56030851354037e-18	0.000185408959135848	0.0204604413905421	0	0.134638283590134	0	0.0769800120696186	0.122297951485652	0.0146708969943177	0.0144741241604355	0.000500373201062719	0.0309281648467337	0.0210009840264872	0.07454824076215	0.0102519672327505	0.00424858683358518	0	0.223949916407087	0.0453740706486264	1.55790512704526e-19	0.00486954626167801	0	0	1.68556460556615e-18	0.0334390230295105	0.0219355395451816	0.0537727514473491	0.0250545525814044	0.0277720958664478	0	1.12231721745417e-19	0.0188911529469769	0.034263088558146	1.98315382668847e-19	0.033745377772875	0	0.411064033087914	0.107959686803202	0.074583431712278	0.227295850313117	0.014672613001408	0.241968463314525
TCGA-A2-A3XY	0.366089856752216	0.309483044579387	0.0162680765514222	0	3.63125515119991e-19	0	0.0158853466395612	3.52105701630898e-20	0	0.022897608279316	0.0248496212457307	0.0188193263341875	0	0.00389204554622867	0.0319082870495179	0.00401027800784129	0.0233695106742114	0.0388871118860666	1.58245795401779e-18	0.00909873143113601	0.0918324706699784	4.3647713994148e-18	0.436495607766168	0	0.0779771462374681	0	0.00210441990261873	0.258730876762417	0	0.0936630639842971	0.0257836547372641	0.0128183231865131	0.048700098060121	0.0200761013942887	1.55625053670245e-19	0.00597654790984176	0.0216988113906988	0	0.0484536886584105	0.0281139411668573	0.00400253746417625	0	0.340939912648798	0.112509210656991	0.00124309567100654	4.87871850772084e-20	0.000855174232728032	1.02383396675199e-19	4.32420026663221e-19	0.0343326719239338	0.025239324811064	0	0.1221620926253	0	0	0.0085505534943546	0	0.0258426429405251	0	0	0	0.22472716841439	1.64680797102127e-17	0.0231764478849425	0.0298259456106753	0.239646330743417	0.269472276354092
TCGA-BH-A1F0	0.486622052700306	0.0855412952763003	3.56593772143231e-18	0.153976467694231	0	0.00823070235755427	0.0059630042503688	6.60743775429935e-19	0	0.00139538210632439	0.00541311913895264	0.0367574277771695	0.0577223978702971	0	0.0696571002746678	0.0204620339837833	0.0811926613181205	0.0590924240213532	1.20339608891505e-18	0.0296640553653361	0.135159828865355	1.26378468710108e-19	0.365966296254955	1.64754935547479e-22	0.140529691563485	0	0.00120295787410234	0.33035882075382	0.202907519662238	0.0473796692806801	0.0227302185089754	0.168768139190776	0.136751293235306	0.0804903523838023	0.0181447430320487	0.0133738788258302	0.0262488613594801	0.0125331489291384	0.0227477297386983	0.0267314136889526	0.0684752453669341	2.18995869099965e-19	0.0096636850663325	0.0878131261517549	4.73748635138646e-05	0.014815240473176	0.000921538317371894	0	0	3.88046572655515e-18	0	0.0266893553678003	0.054282972170913	0.0235751527643706	1.2673138441734e-18	0.19723498947106	2.13607805809756e-19	0.0182982853877388	0.00169222476465526	0.0550643924097102	4.8045946792279e-19	0.114275973726319	0	0.0442425070783862	0.317190718950996	0.18061540785257	0.497806126803566
TCGA-BH-A0BG	0.344761346996675	0.0118324075761167	1.75561508374715e-17	0.119267938098213	0.0439929509310577	0.00833358682705391	0	0	1.71582944934526e-18	0.0133472579024346	0.00766759783327086	0.0502217631538169	0.0604858634745851	0	0.0389357582078731	0.0607575664528855	0.0979059960024892	0.0446035613608236	0	0.00897842351429236	0.0039521294107512	0	0.436627735135394	0	0.0251714152215495	6.24374362891246e-18	0.000246300799240707	0.115358769479452	1.75072840345664e-17	0.073442955321468	1.87616016160096e-19	0.0400404378577428	0.052980932053399	0.0144797996644465	0.0129861407562481	0.00136453769557768	0.0413593828399207	0.0208107546679725	0.0422379090611378	2.02425877184571e-18	0	2.3676953330896e-18	0.101847778029208	0.0141935888110766	0.00846975583348009	0.00540752627459002	0.000440384669137903	0	7.43792611069057e-18	0.0601513762183288	0.0619711930880418	0.0410845746399112	0.00540591264947053	0.00775564287648478	8.81544547571111e-19	0	4.074019992945e-18	0.0198289914328495	1.92932394668005e-18	0.215938958806136	8.80360512009155e-18	0.154786804899585	0.0731046505268159	0.0215749386434287	0.154329802253542	0.0204779761042087	0.174807778357751
TCGA-E2-A1LK	0.119941593862447	4.56768696753072e-20	0	0.00955911000847722	0.0382239221972455	0	3.49360170993354e-18	4.27388222708904e-19	1.139197031616e-18	3.11697233327266e-18	0.0252882157534539	2.47309325818402e-19	2.34842384290017e-18	0	0.00200693924426696	0	0.00548232966108171	0.0661025511118187	0	9.09008592750316e-19	5.01987040884278e-19	8.22029507305545e-18	0.596421574866962	7.28168813878546e-19	1.75218871636871e-18	0	2.62448791021139e-21	0.000370449449507439	9.28976096851108e-18	0.183907074769874	0	0.0522431585288377	0.0792132701593391	0.0268030007577852	0.00798319987694338	0	0.0206729283769536	0.00289148751370798	0.0964385642125238	2.889125407116e-18	0	0	0.147841931207642	0.021793477657563	0.00452722798547709	0	0.000962318333021043	3.06173538445082e-19	4.6093914318623e-18	0.0244003505064092	0.12494576386369	0.000563553123245607	0.0204456631797745	0.0106997213237424	0	9.07229972975552e-19	0.0102650304323643	0.0707850669938433	0	0.137860682412768	0	0.268340322680848	2.39306190657361e-17	0.067919327717042	0.0465236456095055	1.14992631346415e-18	0.0465236456095055
TCGA-B6-A409	0.180901868568223	0.00968413715138099	0	0	0.0507001135294244	2.75193009688467e-20	2.37908058953589e-19	0	3.07022901026801e-19	0.0117692172486702	0.0107889227307764	1.54843390251176e-19	0	1.92236130351016e-17	0.00700719838658167	0	1.16688771643448e-19	0.0934739365238707	1.88266596663463e-17	3.10883093318946e-19	0.0428608502007052	7.86585370636652e-19	0.654245495953126	4.05929103127433e-19	0.0340596174733628	6.16188519069681e-18	0.00048129972215844	0.13362366977337	6.12993893290234e-18	0.113650185737643	0.00514991043909828	0.0350072567507779	0.0558129143720726	0.022933813173507	0.00256692903359863	0.00352656387841369	0.0128731896753101	4.6718989848727e-18	0.103835880901269	0.0033159283624187	0	1.71049099841645e-17	0.302983888918241	0.0717658152768333	0.00240868926841894	2.71879794829733e-18	0.00101780656391961	5.82233376452443e-20	5.07997986248409e-17	0.107590387394572	0.0709874651197762	1.37286260740802e-18	0	0.013312254442637	0	0	5.01909240091833e-18	0.0623737258492202	5.60850241124715e-18	0.132774369561049	0	0.274403412497653	0	1.88612908078488e-18	0.0250494571895844	0.0433023024127245	0.0683517596023089
TCGA-LL-A6FR	0.106768510671171	0.010186077371922	0.00340152463250712	0	0.0747406722589725	0	6.94850639055626e-18	4.5145043050869e-18	0	0	0.0114661113006759	1.20385050311312e-20	0	0	8.04748407827596e-19	0.02727248754008	1.57943677539205e-19	0.0782069584926133	9.18053276009687e-18	5.48392650737069e-19	0	0	0.646942412564656	0	0.0842001601360645	2.48571549158794e-18	0	0.110473703598605	0.013281282036499	0.163757301872901	0	0.0288950309592065	0.0427468645466052	0.00198538316117786	4.09894560782776e-19	0	0.0208784190771851	0	0.0980388543104399	0.0175216882994027	0	0	0.538897630149714	0.0463943359273342	0.0116863266962884	1.34652648286106e-20	0.00171758183040108	1.62613380675196e-20	1.98696517349599e-17	0.105086073931615	0.0816038919193144	0	0.0730486598294464	0.00482659929333114	0	2.10859044769423e-18	4.66881215432428e-19	0.076282549308823	0	0	8.39584697282146e-18	0.345640302761401	1.46734315425675e-17	0	0.0192633539728043	0.0471931187539932	0.0664564727267976
TCGA-E2-A14Y	0.0724666780114976	0	0	6.44551806349967e-19	0.0806800948201153	1.5952478920579e-19	0	5.80255484634083e-18	1.67891408083156e-17	1.09915375568869e-19	0.0158320712031092	0	1.10310833095002e-17	0	0.0160291379473608	2.85934275539787e-19	0	0.129546080096715	7.92628319574982e-18	2.43016922188379e-19	0.0164083835725603	0	0.680569893003869	0	0	7.64640670314489e-18	0.00347550289744606	0.174340306362545	0.00853099653118483	0.23631729544261	0	0.0152436672617432	0.0201238506505115	0.0113105710609554	0.000200492260389114	0.000809718765642512	0.00652918689020435	0	0.0772053926053409	0	3.75455170685251e-18	6.74056155074808e-19	0.102364626350733	0.030339044241609	0.00717267511531814	0	0.000846950286882278	2.08784957958604e-20	2.83521848321795e-17	2.74075646150268e-18	0.0298125514106562	1.17443208393929e-19	0.0120555489557522	0.00842952574889999	0	9.56039030593872e-18	0	0.123953094838853	0	0.182039153731606	0	0.222929361213994	0.130939693714689	0	0.0102961063480883	0.00820419178628013	0.0185002981343684
TCGA-E9-A243	0.487822156011903	0.00982184313250963	5.6416388248613e-19	0.224555836530061	0.0624350135794623	0.0443101333499096	0.0449483798629093	0.0202179676744094	0	0.0318632419126316	0.0273513382886007	0.10483258101459	0.141200017093534	1.58405163351216e-18	0.0730943123580089	0.026140786534753	0.0959797919783732	0.04819998076684	0	0.0197930907796141	0.00703762244479481	1.39744875794799e-19	0.304186309217608	0	0.0237233969250107	0	0	0.0635784659024023	0.0415027409656025	0.0295541390081558	0	0.162451454924204	0.114567743057427	0.061461348660855	0.025839170813123	0.000297757269067292	0.0145560445186577	0.0330466031185468	0.0406158254665391	0.00127133855901652	0.0540090671526679	8.6996808737423e-19	0.0573120735597958	0.00914868018205038	0.00669991446609203	0.0188350717504208	0.00176278988099184	0	0.0165538311982443	0	2.03432671213038e-19	0.0770186527819075	5.9611281546275e-19	0.0327009677098426	0.00424058394375392	0.095473074078265	3.39432015333211e-20	0.0298574859156171	3.70138937888614e-20	0.244076025637519	0	0.0379230360262048	0.150129525348177	0.0460358447960992	0.418835333391276	0.0202914312511576	0.439126764642433
TCGA-A7-A5ZV	0.196920145770127	1.51619777901812e-21	6.85894130335102e-20	0.00945711263609307	0.00395948406105408	0	0	9.5021342009423e-18	7.45906758282226e-19	0.0168021717537927	0.00966086361637194	0.00589441489993046	0	4.4677469971384e-18	0.065425828883448	0.101411255000027	0.0496179335666237	0.073053096820275	0	0.00315175047097232	3.66395242808099e-21	0	0.267315949818453	1.89207927448141e-18	0	0	0.000250731174811616	0	0	0.0890500059606684	5.85431313416953e-19	0.0608241182625461	0.0508024714369506	0.0447167488252444	0.00397206334007845	0	0.0184733111220285	0	0.0713350839017961	2.3379680699453e-19	0.00906042464635066	0	0.158340531538482	0.0223842489724929	0.00753077905695169	6.31774030923354e-18	0.00124301989063851	5.76495222087255e-19	0	0.149843327863335	0.1335579424008	0.00339030464540612	0.074109500257388	0.0113715289351421	0	0	2.21349719281166e-18	3.85658329823784e-19	0	0.137877073709229	0	0.230809763516807	0	4.58297152853296e-20	0.0615732561706474	2.59007510354956e-21	0.0615732561706474
TCGA-D8-A142	0.227135380325479	0	0.0189050955594313	0.00778578555669272	2.83000856888841e-18	0	0.00235708591253191	9.8333391412081e-19	0	0.00800175991720346	0.00836923196048814	0.00390530865865802	0.0011538802649446	1.3689388556046e-18	0.025790636794782	0.0362536867901368	0.0292760834137527	0.0134540761976005	2.19219033420658e-18	0.000681930117221355	0.0715656953564908	0	0.460655921648437	0	0.0713059801311516	8.44403786200655e-19	0	0.244067363357501	9.2134697239392e-20	0.051447008278084	0.00257259854317343	0.0588552865402297	0.057513119100922	0.0286456642836009	0.00275009254116371	0.00611261214275503	0.0197706406829898	9.16443077835421e-20	0.041683785620115	3.16336246760371e-18	0.00520762920394226	3.04852444339853e-19	0.414981687147654	0.0640126725578786	0.00281156714564671	2.3733554654041e-18	0.00148949964568586	2.32102069727127e-19	2.51994352263297e-18	0.0180148254899553	1.52678297386671e-17	2.23524291921528e-18	0.200837184356354	0.0180576673191765	2.28786501359252e-18	0	3.56923252159092e-18	0.00965184221584066	0.000172185807743899	0.158425330994639	0	0.165487431223723	0.0160068497134355	0.00834595225372701	0.0527906884119385	0.0714358377438212	0.12422652615576
TCGA-E2-A1LS	0.0375885301439152	0.00682449443113904	0	1.13091013675791e-18	0.137406087650892	3.44537424184057e-18	0	0	5.18275377927517e-18	1.9006063395773e-18	0.00857069496438393	5.14391423929105e-20	1.75002106913441e-18	4.5769993619066e-18	0.0120766149934821	0.104821096281386	0	0.12797884804815	0	0	0.0180121919496503	1.200120631248e-18	0.372609412916911	0	0	0	1.97915691870214e-20	0.118356296321826	0	0.0467807341938939	0.000847234752479489	0.00715057618327933	0	0.0174584754905659	0.00730527571993864	0.00256853397577358	0.0251135128258755	0	0.0434231526141328	0	0	2.09614614183359e-17	0	0.016518660666904	0.0128913067983631	0	0.00378057790708149	0	8.21912665376453e-17	0.058504773478685	0.0756270487602248	1.64236787525564e-18	1.44647885743599e-17	0.0212726613013721	0	0.0555428098595096	0	0.0348851208821887	0	0.286404945183172	2.29537976447548e-17	0.0642189074296478	6.25453123563996e-18	5.46715026524438e-19	0.00963723460214537	0.0124183431903947	0.02205557779254
TCGA-LL-A8F5	0.225225361091807	4.93619395828456e-19	0	0.0850155753948755	0.0110359667480857	0	0	3.77586786396402e-18	9.16215284261533e-18	0.0364793432334168	0.0280249264934198	1.71472826022169e-18	8.90887706701481e-21	3.13839774844774e-19	0.00775537300715153	0.104460781680187	0.0308548837882777	0.0965061751624903	0	0.000997044726665944	0.0463942826102072	4.95838704710005e-19	0.495575040090058	0	0	0	0	0.0540604604640812	2.89545495903337e-18	0.120430046105981	0.00181565803988579	0.0387805188132688	0.0452833582755826	0.0143045557480642	0.000441203990851746	0	0.00136324625985294	0.0047485639844983	0.113320561821035	0	0.00459287137999339	0	0.241486451213211	0.067461500147157	3.17293996887797e-18	0	0.000880324856514303	8.76711924657353e-19	4.13723692459749e-18	0.13475996196881	0.083667951150132	0	0.098999972699619	0.0974511493989932	6.26084072551304e-18	4.40607275157589e-18	0.00796958596236991	0.0242888727388791	1.8552268709041e-18	0.13788395623208	0	0.374731146993209	0	1.8475586615492e-18	0.0865514762037703	0.0231971413051036	0.109748617508874
TCGA-B6-A3ZX	0.460524441483317	6.47407122905036e-21	0	0.559178864614671	0.196197896043255	0.037758349239332	0.214405510753289	0.0422860003450621	0.0291071371407554	0	0.022043640733293	0.134284648975245	0.0827153061134341	4.62629714603966e-19	0.0516118720014303	0.0198609888549495	0.169875899408447	0.0216969583109964	0	0.0191436618440805	0.0338280604718349	6.43342026484785e-19	0.275529032793791	0	0.0506430335899486	0	0.00425384875506828	0.162241944538044	6.66385672708695e-20	0.0558228048967528	0	0.0118618227255737	0.034899582821941	0.010634776086157	0.0184201644798972	0.00524699376300633	0.0230940013468034	0.169536126517304	0.0217274089161343	0	0	3.34570746950454e-19	0.24770582439919	0.0575438616826814	0	0.0964785473512976	0.00265790379895575	0	1.36777865542211e-18	0.0298969853190293	0.0223284068752035	0	0.0772761124137294	0.0179204385311977	2.51130291120338e-18	0.0350605038396941	0.0110305616677031	0.0157053255967782	2.69114974426991e-19	2.90746915817639e-18	0	0.165690739937033	0.00471023236036719	2.32801884364808e-18	0.523450108656353	0.0422355470308918	0.565685655687245
TCGA-AR-A0TU	0.31892032709292	5.31639579571261e-20	1.09371096719564e-17	0.0138391312322594	0.124275406695716	0.00895682187397066	0	0.000654726905089297	2.8719713147744e-17	1.34775519684337e-17	0.057542277943805	4.4474449590825e-19	0.00994129731671769	1.11411475723706e-20	0.0365996960901671	5.42039501816151e-18	0.0105287095005066	0.140450631647346	3.5685698198613e-18	0.0319212144557678	0.00556942060602714	1.38403114640581e-18	0.31960585687046	0	2.60005934555503e-19	2.64790083747961e-17	0	0.0144157227620383	0.203918084557189	0.0285152037080594	2.16230653129322e-18	0.0755350961997535	0.0695662690240967	0.0283354687768315	0.00807723871149449	1.0972884874149e-21	0.0325574024269283	0	0.141205086113317	0	0	1.12539912823267e-18	0.0526786926654706	0.0246305841077254	0.00339943089568318	0	0.00340542348772693	0	0	0.00497688575672379	0.123237455288991	0.00252631584595509	4.56287667750898e-17	0.0144814911420103	8.75418306491272e-18	0.0219399890136045	0.0221037804696932	0.00537386078178233	0	0.302170362063545	0	0.348375264187949	0.300606689687192	0.00402267354843487	0.086684938336243	0.00278471030301357	0.0894696486392565
TCGA-OL-A5RW	0.203118512161513	0.00234213029924057	0	0	0.0505792446641051	2.66531243435608e-20	1.15848521596694e-17	1.18117553574081e-18	4.61319990968485e-17	0	0.0322815875927626	1.14546269360912e-18	1.91769612074401e-18	0	0	0.00181116879721549	0	0.0525730752428968	0	0	2.08558604363786e-18	4.0962051268727e-18	0.682773802840286	2.5389230475928e-18	0.0338735558994707	0	3.79681250643506e-20	0.0952999948565665	6.6740064330264e-19	0.176618503572328	1.75304764886705e-17	0.0475842559898524	0.0722381273386198	0.0101955981979083	6.25412895260153e-19	0	0.0242909230461557	0	0.109386472800412	0.0160265998785013	0	3.59766737109884e-18	0.29325698786408	0.018186643816882	0.00181195570762798	0	0.00280172618119402	2.84239651305899e-20	0	0.020821665330724	0.0674290807180418	1.81368437417111e-19	0.0168872514154537	0.0276882197442393	8.55706328309836e-18	2.56300692462321e-19	0.0175863232727045	0.103547342116373	0	0.0250540139094939	6.50268642808489e-18	0.406727117461852	0	0	0.0317228373265683	0.0181078430993557	0.0498306804259239
TCGA-C8-A1HJ	0.0784360344561269	0.0367301069780021	5.36324595909539e-18	0.00630620542099938	0.00904960979506133	0.0125073463194626	0	0.000336490212261708	2.48417029493759e-18	7.96498168820831e-18	0.0307162207807892	0.00833765051492746	0.00860514768075851	0	0.0125669223114674	0	0.00867467379800969	0.13909982529601	0	0	0.0491051902684327	0	0.345260823666003	0	1.04588521482036e-17	8.17575555598672e-19	0	0.0983359316250735	2.79646825522798e-19	0.0678643796476794	0.00386706712292325	0.00669527753787634	0.00857904641463344	0.00315396699409522	0.00324909892192511	0.00458749349970849	0.00788052755308415	0	0.122696143584738	0	3.27218819187005e-20	0	4.96062471841575e-20	0.0512106113099348	0.00388501618522958	0	0.00742355560248106	0	0	0.0768390557207337	0.00462986963101404	6.02041552564841e-19	0	0.0211636018041823	1.70653343697742e-18	0.0412861337715753	0	0.0362993811908665	0	0.193248431392535	0	0.378055074152427	0.0266320387850965	0.0191326546096109	0.01661648173866	0.0429176486232174	0.0595341303618774
TCGA-BH-A5IZ	0.0923586609159209	0	4.7041583609751e-18	0.0024457065215365	0.0621940320309042	0	2.73231996266099e-18	1.85983203752254e-18	0	2.00193509401086e-18	0.00185906531748843	0	0.00209809333800473	6.88770820155495e-18	0	2.41648653188523e-18	0.0104912072676986	0.0233122348544751	0	6.64112309327188e-20	0.0210885878423976	0.00737848365133528	0.629188666294397	2.64648396142989e-19	0	0	0	0.0204005129963543	0.0518153321950625	0.155204204697476	0.00255522406770499	0.0431407386076965	0.0746140128205402	0.00492394907838108	0.00146337775740947	0.00196480526647645	0.0121734092364364	0.00661888609114575	0.0572602051679981	7.07430794773249e-19	0.00361162628056419	5.31411817679492e-18	0.245817843750945	0.0497850155121856	0.00604510045542005	0	0.000563374652373475	0.000948246504821122	0	0.0116562730064963	0.0275746081659195	0.00711884762719753	0.0318066496462909	0.0115883040360344	0	0	0.0142947324285643	0.0983608377855616	0	0.0649292708551795	0	0.270681585817617	0.0644860563111757	0	0.0393254528822421	0.0105442939211988	0.0498697468034408
TCGA-A2-A3XU	0.0258807549709095	5.95648756595694e-20	2.26213415245619e-17	1.78099703326516e-19	0.105979480688535	1.79515754791166e-18	1.3090288079929e-17	0	0	3.34879059361553e-18	0.0175786391161974	7.84900486352366e-18	0	3.52104040542731e-17	8.07409226791344e-19	0	0	0.119969159345867	0	0	0	0	0.615626749627927	6.76138424244726e-18	1.14315886956415e-17	1.08905894498559e-17	0	0.0167680190748546	0.00649495570555461	0.135678817295156	2.2050766878912e-18	0.0118561896860291	0.0183273361357636	0.00586885137585638	0.00194854917592198	0.000233171056095008	0.0109415090581381	0	0.142731685618054	6.16817292546274e-18	0	8.39803838753339e-18	0.293210184340856	0.0303032459489914	0.00699800839018643	2.34008304481696e-18	0.00245413792208859	0	0	0.0786431213167611	0.080272961244897	0	0	0.0219744714301334	0	5.06936512532026e-19	0.00798320213176757	0.0448582198429808	0	0.110641075256903	4.50440232114066e-19	0.466108406753452	0	1.59662468959581e-17	0.00920315924130073	5.74557678565051e-18	0.00920315924130073
TCGA-D8-A1JM	0.0803585570096538	0	0	0.0238662721149152	0.0463481322922525	0.0135857125443578	2.49316115830203e-19	0.00642193284056695	5.71947244174639e-18	0	0.00447243745186082	0.00476343110736088	0.0598323009763215	3.93414249899814e-18	1.02034059393957e-18	5.3610397327822e-18	0.00693385510475803	0.0486809146162513	1.47092942404979e-18	0	0.00622776733097313	0.00876913586469227	0.53152324820203	0	1.34194480714096e-17	0	0.000604011400367083	0.00704985171926302	0	0.112320984016794	0	0.0123112101812435	0.00868862974713017	0.0174971162468978	0.00495754370748028	0.00109005627728593	0.00858450462996085	4.81473642369105e-18	0.124023712325232	0	5.91009316866355e-19	1.1551005421219e-18	0.129591682129712	0.00921423000774139	0.00740460998669088	0.000496614989651566	0.00597382621415352	0	1.35230278803309e-18	1.70275184182033e-18	0.0479536109611514	0.00443036850763557	0.00477858229359059	0.0192886976239479	0	0.005066841736801	0.00884737770763249	0.0375158527511621	0	0.0896868124055545	0	0.158558512787414	0.12806661087256	0.0106330752578351	0.0407263505441727	0.00311388366548657	0.0438402342096593
TCGA-AN-A0AT	0.177284331214827	0	5.08040315597025e-18	0.0297008056826839	0.00365073693472884	0.0119615354792185	0	8.58938642797543e-19	8.56117862820738e-18	5.26377984465074e-18	0.0308050931089808	0.0223274623123098	0.0115402370327618	8.02428147617657e-19	0.0108136321189488	0.0097422081871384	0.0237934844519779	0.107984078648707	0	0.0062031815543329	1.57367846142696e-18	2.95896027609904e-19	0.458415788127721	0	1.6005257888173e-17	1.30350439076925e-17	0	0.0801211244925998	0.0915263589661236	0.0971192250165827	2.5443490851278e-18	0.0469634844310738	0.0577059267154709	0.00369205365102462	0.0189349766803196	0	0.015820894502982	9.53298282735476e-19	0.118174661580841	3.04935117156777e-18	0	6.79365087804673e-18	0.150667541220704	0.0139191267433016	0.00830579059587888	0.000283552317607711	0.000879404717357665	0	0	0.0505247710454957	0.102024059672703	0.00203688818741523	0	0.00878291586466367	1.50303222769757e-19	0	0.0045578246079984	0.0285069746340782	0	0.200378577567874	0	0.340378257969245	0.100232971048036	7.84061915083411e-18	0.0827532737738133	8.7894681748e-18	0.0827532737738133
TCGA-B6-A0RE	0.0929992260138112	8.24949412848211e-20	1.79654132334404e-17	0.0230428809361712	0.0998297037747825	7.90345505569064e-19	0	2.1307613835326e-17	0	0	0.00784533615536326	0	4.71551087823033e-18	8.34818112978563e-18	0	5.91844579168355e-18	0.0292943982339051	0.0761333838380368	2.45346956894363e-18	1.51409112860792e-18	0	2.05401585639524e-19	0.580327958176841	9.70445813270618e-19	0	1.72959477657862e-19	0.000803989654393393	0.0335132617458948	3.60179725064255e-17	0.130008026538954	0	0.0226187204505702	0.0310870223759326	0.0216946464290747	0.00906465806685019	0	0.021251175039609	0.0145223991881758	0.0646399675440986	0.00755251773012401	0	0	0.241237724800587	0.00604816406810666	0.00272572664571395	0.00601105049832427	0.00152364274598514	7.43469163818177e-19	0	0.031941894385611	0.00379981533125825	0.00851845861088595	0.00609761110454029	0.0125534626816174	3.5062539041047e-18	0	0.00176250130839179	0.0531671468434131	0	0.201219989071131	0	0.228760547276795	0.0645535475356126	2.67884934775733e-18	0.0364841729690611	4.12474706424106e-20	0.0364841729690611
TCGA-BH-A0E0	0.158753823083541	0.03824917011441	0	3.4071162882914e-18	0	0.00159854121919184	0	0.000806993001516546	3.90409236100547e-18	0.014816301738299	0.0371985929988052	0	0	0	0.135160040168719	3.66475217258536e-18	7.21577332224767e-20	0.0827953054785484	0	0.045230658518659	0.0189852007128466	0.00448216841740405	0.523633534675439	5.18770527254967e-19	3.12665714059466e-18	0	0.000948062026814946	0.218038066592343	0.286757657377369	0.0892743418926731	0.00181182694526879	0.0445889979433392	0.0413034889845768	0.0209384065993512	0.00206885593526418	0.00336058908394247	0.000773788635557916	2.18591375308666e-18	0.0923006619992829	3.75781487072914e-19	0	1.86196064585704e-17	0.182211491958548	0.048156926683503	0.00660220681676724	8.63407870106966e-19	0.00290983946727918	0	3.44628083098366e-18	0.0109116943129317	0.0769023303790578	0	0.0162531436840934	0.00779356077721851	0.00551547905149502	0.0398422719979335	0	0.0472766177436081	8.72467610704309e-20	0.158186632724099	0	0.300196776536607	4.44875375947981e-18	0.0123531170253665	0.0647851158774553	0.0286171854136283	0.0934023012910836
TCGA-E9-A244	0.0692444106274377	0.0400787892838091	0	3.88078277536538e-19	0.0198199783975132	0.00464075870511269	0	2.79451144498678e-19	6.45723730351681e-18	2.14615120926371e-18	0.0166631816938354	0.00203411980604129	3.15370270325442e-20	0	0.0213532146607044	0.0451355523816923	0.01508835089861	0.0722883749890292	7.48234857554828e-18	1.39015317537665e-19	0	0	0.507906610073282	5.00028928161692e-18	0.093461082367632	5.02652559351858e-18	0	0.123635684842753	0	0.0908076553427999	2.91388063732742e-18	0.0226189443223592	0.0277662679101675	0.0141981757339986	0.00480132446945214	0.00403883261447442	0.0138371231136462	0	0.0753415191669492	3.87609284870244e-21	0	6.57057985728236e-18	0.099874231976117	0.0126383686097655	0.0177297701337871	0	0.00231386034638764	8.14343590983347e-20	0	1.34477762806877e-19	0.0639849288839004	0	0	0.00821868852894348	6.53772354677945e-19	8.350577140092e-18	0	0.0303321482594489	2.94895844847321e-19	0.262665368488345	0	0.226805903214783	0.109367591900086	0	0.0196362590652351	0.0667699358257205	0.0864061948909556
TCGA-AN-A0FX	0.0643194578744	0.0258281601364297	0.00679043876973378	0	0.00338830675137303	0	0	0	3.54269541326294e-18	3.23962786097796e-18	0.0129233026371972	0	2.09554025497312e-19	1.62180309447723e-18	0.0105561887624823	0.101112902048386	0.00183987389483405	0.0482069088501805	0	7.35707564810477e-19	0.0374601055491854	0	0.403532178139996	0	0.00896411812927236	4.70094916514469e-18	0	0.106281093590016	0.000861271597058493	0.0950732584186567	0.00179308443684029	9.46870463961743e-19	0.00318331677020012	0.00321179978229627	0.00535965187294663	0.0060573356138798	0.0220178368468405	3.06057484921661e-18	0.0734933420677706	0.00725506631120961	3.09698595994561e-20	1.81870912579458e-18	0.337106655674569	0.0462191720145958	0.00181437557471526	0	0.00493981789540627	0	4.38966063400289e-18	0.0650498142649305	0.0585104457992281	0	0.132942891525431	0.0058577913674637	0	0	0	0.0265639109283951	1.21735311469273e-18	0.13851471697905	1.47632927997731e-17	0.174887906199933	9.52851745787282e-18	4.7849889986891e-19	0.00357310124863109	0.0361261919074437	0.0396992931560748
TCGA-A2-A0SX	0.388314823022386	0.101696116120174	0	0.107359664772678	0.0110724652104548	0.0191201077850499	0.0162856183226211	0.0137232105102565	2.05895984102902e-19	0.0301667727789575	0.0194934035718151	0.0513225320278361	0.0473862659946363	0.00669428434454985	0.0427667151674965	0.0307144828214273	0.0550406296934602	0.0191476400615825	0	0.0173810067445866	0.00990592735919539	0	0.459046907478505	1.81741716258428e-20	0.106218138651068	2.97630467389189e-19	0	0.175391635383736	0	0.0662144796654888	0	0.0499954728139853	0.0457948831780825	0.0168899512243821	0.0175109848194341	0.00605105888178564	0.00647418839353762	2.58055001070257e-21	0.0283274906027442	0.0412326262804025	0.0155578957915153	3.81179732935147e-19	0.0982489885921686	0.0178112776604952	0.0116903277463013	0.0110836774148097	0.003103105303761	9.53436207588551e-20	2.73053125284541e-19	0.00200852384157039	1.21806185911349e-19	0.00109638425034864	0.0475460121797007	0.0181940619658543	9.8978112852685e-19	0	0	0.0342643720838799	0.000432629662160823	0.0902472604956174	2.05159232745522e-18	0.0986758432327564	0.0126887307246719	0.0615867266417141	0.181900511653528	0.108910091065219	0.290810602718747
TCGA-A2-A3Y0	0.302104357669745	0.012938077933905	3.86202160466197e-18	0.0665806043430009	0.0204988210905737	0.00015888737019336	0	4.59395153267278e-19	2.67322059784693e-19	0.0230668197083449	0.0281040363912199	0.0330431565099991	0.0303999319000711	0.0214824867404174	0.000796215085123733	0	0.0360411502859903	0.0582931127040705	4.24158094505467e-18	0.012048119216536	0.0117110228754085	0.0027772190300654	0.656737279789928	0	0.00373637790863251	1.02667106428078e-17	7.38989175400287e-05	0.0379067687386518	0.0894260423023732	0.217799144745525	0	0.0549779208205456	0.0712667140675766	0.00577393077603218	0.00684602594232807	3.3366567871796e-21	0.00178974743883822	0.0116861600863168	0.134049370300286	2.15616517618138e-23	0.00694393584247507	0	0.185963469462257	0.0485060379722251	2.50923424493903e-21	0	0	1.42430032879994e-18	0	0.0941261056012189	0.0412086842750443	0.0221082065132891	0.051964725268786	0.0165886102886621	0	0	0.00891229353614221	0.136067785093851	0	0	1.71295254042556e-19	0.559995218665839	5.30737853269336e-19	0.0064071136824784	0.122144654469967	0.014192739358973	0.13633739382894
TCGA-BH-A0B3	0.285344232908144	0.0231894126022235	0	0.0374640755030227	5.517649496478e-19	0	0	4.76981867977598e-19	3.27290885826236e-18	2.24842583378067e-18	0.0150074644918929	0.00917265921428658	0.0191111754570001	3.9578654406537e-19	0.00287298640969505	0	0.00830805979758538	0.0511934043722229	5.47318323973803e-19	0.000181548655405959	0.00837771905770916	0	0.534193976007999	0	0	0	1.07699402422834e-19	0.197631218957878	0	0.120376138320531	0	0.0755503821161263	0.0925839555154247	0.0205155165843681	0.00822159635453207	0.00110943529884656	0.00828192531916184	1.03243743874487e-17	0.0587106436201546	0.0196484784288531	0.0167015206877509	2.07107126744897e-18	0.422035196393343	0.0163052774092483	0	0	0.000202464916789297	0	2.53865700032639e-18	0.0134946259072734	1.67495559593764e-17	0	0.111435066736655	0.0247295859123902	1.88372005724417e-18	1.13796597684629e-17	7.87378573647157e-18	0.0319245331886628	0	0.110847538469482	0	0.260823370285739	0.0670370608867739	0.00236899433734241	0.0981945216874163	0.0157835658299663	0.113978087517383
TCGA-E2-A159	0.359806984296589	0.00677442899733637	4.66152838703166e-18	0.0710705218139952	0.117577186155712	0.0098628274274111	0.00110119823888786	1.98853073855028e-19	0	0.0192878403430413	0.00692362443836812	0.0223798526083659	0.0386204011547691	0.0003160986645205	0.0547992311926579	0	0.0234106398825955	0.0264143115170038	1.49266836423159e-18	0.0248291454029304	0.0130074012869078	0	0.585569222383948	0	0	0	1.45179184773667e-20	0.055020633774175	0.174834290468532	0.127693559489281	1.0265049712985e-18	0.098326093834305	0.0986918758073897	0.0239446202509381	0.0125135720620571	0.00186635276577368	0.00327607681721667	0	0.0232955087263478	0.0070807540938853	0.0113073079444077	0	0.103586335062013	0.0217859268233765	7.12592856876032e-05	0	0.000428193694719561	0	0	0.017672028307618	0.000323221383185199	0.0232877588631607	0.0115090001378305	0.0280029816505789	7.6078346026426e-19	7.37506938849724e-18	0.00475269113689596	0.0736725866612976	1.52631881114694e-19	0.213515307725464	7.44438775803726e-18	0.233752945845019	2.49976270673386e-19	0.0589427985543278	0.160284329110708	0.0098909151421221	0.17017524425283
TCGA-AN-A0XU	0.190582489977814	0	8.71244842826287e-18	0.0137593078996272	0	0.00200803742448742	0	0	4.50797431740087e-18	2.89506333240682e-18	0.0189338035119713	0.0141092152545803	0.033972959003636	1.49815437421328e-19	0.0200315954911049	0.0429759672133085	0.0137122113506293	0.0472472353684757	2.32928820738553e-18	0.00551613112933246	0	0.00151377910351609	0.479241264096388	1.81122620959602e-18	0	8.30708907728013e-19	9.31049128485173e-20	0.100545789996333	0.000862267263850561	0.103611934421449	0	0.0284936081299036	0.03880911389939	0.0112956995935517	0.0127962282243331	0.000502440210470906	0	0	0.0718111920231379	0.0474465718235677	0	2.21256656995901e-18	1.17742918643779e-18	0.0065790948619584	0.00496809571038127	3.74898581918556e-18	0.00189497541361564	0	0.0101858203942082	4.11353854275156e-22	0.0188959713843647	0.00285422534591705	4.66623771142637e-18	0.0323883567523402	2.76306058528487e-18	6.06899535537249e-18	1.97847300963484e-18	0.02439971636708	0	0.306560905159687	0	0.249268610196625	0.0459892485835226	0.00897535160919297	0.0575827267570006	0	0.0575827267570006
TCGA-LL-A5YP	0.284235464810559	0.00628181031147228	0.0468500347769645	0	0.0557087777589397	0	0	0	0	6.80036683624846e-20	0.00829005402301106	0	0	8.93242430630052e-18	0.0361730626384334	0.0548833534526341	0.00453374847803652	0.0380101952723609	1.973063417124e-18	0.00716675601530105	0.056557818189413	0.000319091117509965	0.495185370680921	3.16943480399261e-19	0.137985278143607	1.89802319022684e-18	0.000681095209750302	0.189376699763827	0.111622978929767	0.061946879317765	0.00392357740158561	0.0593257800315881	0.0817026978641993	0.0253363908365166	0	0.00209972001473319	0.011034207724862	1.35644891146176e-18	0.0731412251840655	3.46743687502249e-19	0.0236426219652432	9.96137364561159e-18	0.400142118466851	0.0783807032794543	0.0111941998561204	5.94136347021718e-18	0.0014796066370983	0	1.64720883225887e-17	0.0907422453369494	0.0436972288133533	0	0.133231575456763	0.00715587542292025	0	0	1.22566936938446e-17	0.0256311906820218	0	0.052213988267975	0	0.281364300912751	0.0102523950558161	0	0.0603028327530949	0.100412453322246	0.160715286075341
TCGA-B6-A0IJ	0.429420578240346	0	0	0.114154597525524	0.0906988484537926	0.0133692396627467	0	0	5.51806326518626e-18	0.0300421301821714	0.0353776590349009	0.0272987390205296	0.0392640768292642	0	0.0781628049420867	0	0.0654532412383928	0.0504385113817903	1.21709485259333e-17	0.0245973254441147	0.00937175010698377	5.21713728417013e-18	0.471477525374437	0	0	0	6.46622201828361e-20	0.0148987312437147	0	0.0968303653937041	0	0.0807257289043334	0.107004261901593	0.00118709214498843	0.00954008985229933	0	0.00791656109267014	0.0318576261197288	0.0979723302034415	0.00258074176568988	0.0257221543960381	0	0.14998195820678	0.0263778993811147	0.0043099789634061	0.00108288660819738	0.000332569007916086	0	2.44375682391228e-19	0.0254021845312264	0.0141486205834249	0.044117691637778	2.25174651012388e-17	0.0315016037970433	0	0	0.0248935061228211	0.0430413086128672	0	0.0833886232191711	6.16692574844586e-18	0.295943332926053	0.117173690649925	0.015688586065881	0.188025756761893	0.00468587505349188	0.192711631815385
TCGA-AC-A7VC	0.137664744575137	0	0	0	0.0675637169997128	0	0	0	0	1.0944364484249e-18	0.00734478570838636	0	8.90478338889088e-18	0	0.0291993004528075	0	1.90740806617879e-18	0.07203222049823	2.4747404729472e-18	0	0.268282197822869	0	0.0165699349864188	2.10916511816118e-18	0.083458429647548	0	0	0.192184287509097	6.45684766746709e-18	0.00038138335355054	0.119731429757493	0.0306286804060915	0.0263431147880105	0.0221233996944587	6.75112560884269e-19	0	0.00304155448830844	6.1151005226952e-19	0.0827542543173902	0	2.45061046507942e-18	7.26499602628939e-18	0.99775798166076	0.225383998510188	0	6.52217111202378e-18	0.00932346203797849	1.70041508780051e-18	1.78463541469495e-17	0.0627502230716702	0	1.3229067417458e-18	0.0970096985992572	0.0148590795055884	1.65343838694708e-17	0	0	1.37657622577156e-19	2.24367678663263e-18	0.0108020810365232	2.47632752663763e-17	0.372325013098439	0	7.36636514890406e-18	0.0204191202707277	0.175870313735209	0.196289434005936
TCGA-AR-A1AJ	0.602599151168411	0.244422136746601	2.30266998026574e-18	0.167975053596688	0.0529697227539247	0.0288969343977673	0.0393598678293632	0.0305191300724026	0	0.00429122042346897	0.00680035394468321	0.0631174080557116	0.0765936556496293	0.00744354204835427	0.188860428332653	0.0221822016675654	0.110706477311877	0.0367054145316831	0	0.0835996190145914	0.0480167301329985	0	0.331747503019552	0	0.0948001727325666	9.93726637458561e-18	5.41094718885594e-21	0.204494489907182	0.474465892230322	0.044734556992041	0.000470188230929786	0.122372824506976	0.118206555471008	0.0458316464572135	0.0135734445213403	0.00402646393249354	0.011121417281673	0.0221178778724833	0.0558895823222426	0.0283720379809765	0.0640947688360236	7.0507044410726e-18	0.00748935721680318	0.0542907556912213	0.00581594249121308	0.00620923189832527	0.000361017990198765	2.68053702334585e-20	0	0.00642829967462423	0	0.04689497774528	6.86474731809361e-19	0.0105297338858089	1.54762956425327e-18	0.160844663523295	0	0.0116182423990232	0	0.0560047935491153	6.04232309085803e-19	0.211172852839984	1.63067055377546e-19	0.0934134344005907	0.363501499069156	0.193619519806083	0.557121018875239
TCGA-E2-A14R	0.319328884269738	1.8460518886407e-19	0	0.0707585515303084	0.0608388635489026	0.00574091542525436	0	0	0	0.0240481470369689	0.0324903351372974	0.0195568970032565	0.0271491887321196	0	0	1.84696449324298e-19	0.0352879854448472	0.144664112758337	6.26474547107732e-18	0.00695800607270656	0.00935206841951325	2.01685243034467e-18	0.540915107462065	0	0.0138257323707023	0	0.00213406347329044	0.0485218195940543	5.78288299938311e-18	0.0546980005610154	0	0.0775845700722959	0.0853212130376906	0.0112822901510766	0.00878120512169687	0.000387598230227419	0.0186040553831744	0.00378472932798129	0.0802770310217087	0.01644631653753	0	1.14130993969219e-17	0.0547161038946393	0.0249297504472689	0.00830476447514433	4.71986194997863e-20	0.000822265450739808	1.29886528959391e-18	2.59458016450371e-18	0.0162678517440616	0.0296699365037652	0.0120342627174733	0.0581721489482437	0.0440100306774674	1.51329451383363e-18	0.00877516443910901	0.0304569286039566	0.0344072672378564	0.00158750464783194	0.143870623818278	0	0.361881756988945	4.96030184104193e-18	0.0160263276293305	0.122426153200176	0.0115889003951078	0.134015053595284
TCGA-A2-A0ST	0.712888501305714	0.00660140347120295	0	0.460317374244787	0.0425038167149031	0.0448550354275555	0.103645156624399	0.0251406249131992	0	0.0169672791017277	0.024250530641413	0.136781898995691	0.141369717172196	0.0313562135383909	0.461301659602889	0.0206397713234035	0.192702458803098	0.0292987404394861	0	0.11632865504374	0.0675616336032208	0	0.351568249009666	3.26458866796564e-19	0.0402849037681021	0	0.000250849890348311	0.110697382962425	0.174565410387775	0.0518874006992953	0.00992152930215031	0.101520479540796	0.107540724474473	0	0.019444329105708	0.00650313473296131	0.0251275557759771	0.142477097849433	0.0338336964769447	0.0197932258640713	0.0307632535107646	7.26336325193044e-18	0.0646642018353207	0.0716092510928638	0.00259641724129773	0.0430113684250661	0.00104544103446654	0	2.65042725811497e-18	0.0643586321153002	0.00130267237813071	0.0785466628881978	6.13693275269118e-19	0.0396692484851668	8.10036451312633e-20	0.0326319959877527	0.00257754961970336	0.0136459557171192	6.99136025776107e-20	0.0687888518262702	0	0.218920536642646	0	0.0303983695307199	0.593531076903124	0.0572239704212629	0.650755047324387
TCGA-D8-A27F	0.056543443110308	0.0128868629692562	0	0	0.0239296483822801	0	0	0	5.86338294274454e-18	3.61557053937313e-17	0	1.60217036378787e-18	0	0	0.0293624125233126	0.0637889628462061	0	0.0379533187196219	4.64001959766586e-19	0.000418279690097358	0.0201511801244382	2.19945936596224e-19	0.426245364628948	1.09074397205047e-18	0.0266649752332036	0	0.00206426450587341	0.169456543579363	0.100692926708041	0.0931207370781131	0	0.0260583564117714	0.0541735771268585	1.62114016061598e-18	0.0105256861779662	0.00149152823151278	0.0196141608109617	0	0.0427220459771138	0	0.00745392613838923	2.18480434360651e-17	0.30239477327185	0.0280686986401561	0.0176443005299054	8.96467862971962e-19	0.000931417967274881	0.00261896619530358	0	0.0232647960125683	0.00331159380718001	0	0.097512440654778	0.0159165443243505	0	0	1.52316010899869e-17	0.0326449965343448	0.000425958572698358	0.206132291960922	5.47344206233538e-17	0.152642712030467	0.0621697187397406	0	0.0313834764090185	0.029851509163449	0.0612349855724675
TCGA-EW-A1P4	0.314029178711354	1.78818899228177e-19	8.46365641538866e-18	0.0443252015710645	0.0309415158072427	0.00677221759329046	0	0	6.34334692883088e-18	0.00818182222500255	0.0201091396698554	0.03612406237446	0.0637137814895078	0.00877208235706903	0.0686078059418315	0	0.0502920330566883	0.0467285772877326	0	0.0203656656580389	0.0149864231004009	0.00422111806823535	0.588165461131252	0	1.3817391162585e-17	0	1.25289603474409e-19	0.0112646342472036	0.0924138934843999	0.138472172297856	1.2844678553712e-20	0.0361943480922982	0.062240548494503	0.00290723265066399	0.0106594742294881	0.00142454006529185	0.0017603596119619	4.29006597650647e-18	0.113155360150033	0	0.024671852891386	0	0.249908500188317	0.0247281137526511	0.00948721422764271	2.42588060705442e-18	0.00047562062112725	0	0.015875805459017	0.0154498576000223	0.0150725597327939	0.0324016813862741	0.0542329776790048	0.0102633796928885	0	0	0.00515291631441497	0.0773630096454022	2.30579128101393e-18	0.146894111593004	1.63601851192127e-18	0.293800068268435	0.0851883089970347	0	0.128291685562659	0.00749321155020044	0.135784897112859
TCGA-B6-A0X1	0.297342379646708	0	0	0.0740261360373777	0.0250230329965451	0.0144507540605929	4.26071911344346e-19	0.0128784138301268	1.73133095446584e-17	5.27614636418316e-18	0.0133330824523735	0.00059261729114379	0.0779446959332805	0	0	0	0.0684901073722469	0.0396472286483437	5.71339601431811e-19	3.15156995960446e-20	0.00196662017670597	0	0.393757234286443	0	2.40428114909321e-17	0	0	0.0115411442287209	0	0.0555880560781144	2.02231956975776e-19	0.0795232502610633	0.0955264217093812	0.0282416803067745	0.0116848540503466	1.50119959209166e-19	0.018307526263454	0.0126580602515277	0.0571121323047442	0.00461228694368904	0.00179912252788224	0	0.0326153491260642	0.00938287959208213	0.00504781331530328	0.0041480821369197	0.00062043146783282	0	0.0105527530152146	0.011099103850157	0.0558792516912696	0.0554744542666595	0	0.0149469959812556	0	0.0730093449814842	0.00807550954216904	0.00557727737696696	1.40711718707445e-19	0.159560112924899	0	0.375750219127108	0.114004583274292	0.020328971190414	0.127371431342103	0.000983310088352995	0.128354741430456
TCGA-EW-A3U0	0.540978920190321	0.185106009097798	0.0159073120498206	0.189087508793149	0.105681555307351	0	0.0791771873690697	0.0136100375869345	5.94229146998219e-19	2.15872148727718e-19	0.0245369494707626	0.0788718527315925	0.0545861890311169	0.0160766384867329	0.0852403769513041	0.0235305923212382	0.0704549946908185	0.0187153474184527	0	0.0250575985198363	0.0654179330456163	0	0.206445466880631	0	0.0529719149793179	1.24487535890886e-18	0.00275862750932448	0.134707780682698	0.0520408182569271	0.0173576965399394	0.0125132241928946	0.11793700522091	0.115006155630822	0.0589831659312485	0.000761662567281387	0.00875561685404589	0.0247590522400822	0.0442165551150159	0.0174087817839616	0.0234283597632048	0.0289710903524099	2.75525172685379e-19	0.0837888901717578	0.0923376412494209	0.00769628693942164	0.0179256985672386	0.00197196897536587	0	7.86272397975524e-18	0.0821796186754726	0.000169126367608285	0.0393583117670352	0.0262217445724184	0.0172982182142545	1.49139031133835e-18	0.0180928793074856	0.0054038585253514	0.00205852089529467	0	0	7.58234688149581e-20	0.219139577834163	1.52725040033709e-18	0.0331430477498657	0.302864503848076	0.151747928561366	0.454612432409442
