drug,correlation,p_value,n,significance
BRD:BRD-K95828359-001-01-0,-0.18245700125096867,1.6082839864463728e-05,552,p < 0.05
BRD:BRD-K66295376-001-13-1,-0.15383407962811166,0.00035541881199482644,535,p < 0.05
BRD:BRD-K13005598-001-02-3,-0.14424545497902122,0.0017368113206354247,469,p < 0.05
BRD:BRD-A00842753-001-01-9,-0.14413509388448112,0.0008366074749764991,534,p < 0.05
BRD:BRD-K03399463-001-01-6,-0.13927803531661193,0.0024765019696796637,470,p < 0.05
BRD:BRD-K26756394-001-02-2,-0.13713403600854945,0.0012383860570118314,552,p < 0.05
BRD:BRD-K96671969-001-03-1,-0.13402488048381525,0.001583910063370063,553,p < 0.05
BRD:BRD-K86873305-236-14-7,-0.13137459836056045,0.0023505707657724396,534,p < 0.05
BRD:BRD-K51247865-001-01-2,-0.12839743621241165,0.0024408759619093377,555,p < 0.05
BRD:BRD-K47407372-001-17-1,-0.12707235996873317,0.0028316902428768983,550,p < 0.05
BRD:BRD-K60184833-001-05-6,-0.12594705232050268,0.0031708253208564243,547,p < 0.05
BRD:BRD-K33903083-001-03-5,-0.12586164101375685,0.0062908688946299125,470,p < 0.05
BRD:BRD-K86670086-001-02-5,-0.1258134202195179,0.003589865340035076,534,p < 0.05
BRD:BRD-K96137854-001-17-1,-0.1252866530888607,0.0032488861494042536,550,p < 0.05
BRD:BRD-K42260897-001-09-2,-0.12479367488289855,0.0035526386002581248,544,p < 0.05
BRD:BRD-K16444452-001-09-1,-0.12267932252921594,0.0038608313573944356,553,p < 0.05
BRD:BRD-A93695607-322-02-5,-0.12104996447948817,0.00561894916314273,522,p < 0.05
BRD:BRD-K71977764-001-01-2,-0.12095257201339726,0.005088315305304398,535,p < 0.05
BRD:BRD-K02729857-001-01-9,-0.11972053834707282,0.005604923565040633,534,p < 0.05
BRD:BRD-K54665485-001-07-9,-0.11963287632205546,0.004964130520751407,550,p < 0.05
BRD:BRD-K87278688-001-01-0,-0.11945263230021196,0.00503026990359695,550,p < 0.05
BRD:BRD-K29673530-001-05-4,-0.1194483894438048,0.004952500692982622,552,p < 0.05
BRD:BRD-K15424032-001-03-6,-0.1192390717754992,0.005316189170583724,545,p < 0.05
BRD:BRD-K51041191-001-01-4,-0.11779818889021489,0.010591112590996692,470,p < 0.05
BRD:BRD-K14993104-001-05-9,-0.11751208386364545,0.005839194243344385,549,p < 0.05
BRD:BRD-K45906612-001-01-8,-0.11637822047894708,0.007098865728756477,534,p < 0.05
BRD:BRD-A93964801-003-03-3,-0.11637121245880479,0.006149502588685218,553,p < 0.05
BRD:BRD-A44511856-001-01-4,-0.11606149937378824,0.007257457428441325,534,p < 0.05
BRD:BRD-K21191422-001-01-5,-0.11466718573517774,0.007993978438194653,534,p < 0.05
BRD:BRD-K21782625-001-03-2,-0.1140706405347401,0.009094538093167199,522,p < 0.05
BRD:BRD-K00004699-001-01-9,-0.11271408115174564,0.0008206112466200854,878,p < 0.05
BRD:BRD-K62971431-001-01-9,-0.11226559108270472,0.00935346366320026,535,p < 0.05
BRD:BRD-K42140276-402-01-4,-0.11176648522587106,0.009675089104675768,535,p < 0.05
BRD:BRD-M98279124-300-01-1,-0.11081671494631538,0.009295655866354365,550,p < 0.05
BRD:BRD-K38602774-001-03-2,-0.11074530975158745,0.009341450131670318,550,p < 0.05
BRD:BRD-K45158365-001-11-4,-0.10922110874314804,0.01116708969766844,539,p < 0.05
BRD:BRD-K67772619-001-05-1,-0.10881834032130848,0.011018553315623165,545,p < 0.05
BRD:BRD-M29182745-001-01-4,-0.10865597536013288,0.01476637485080424,503,p < 0.05
BRD:BRD-K85402309-001-06-6,-0.10860122276741124,0.011032121012200302,547,p < 0.05
BRD:BRD-K29668683-300-02-2,-0.10781567910248739,0.011252917337045473,552,p < 0.05
BRD:BRD-M02179497-001-01-1,-0.10729646619182656,0.014274430953138104,521,p < 0.05
BRD:BRD-K46435528-001-04-4,-0.10684319397169183,0.014597132132038037,522,p < 0.05
BRD:BRD-K51747290-001-12-3,-0.10634618943432136,0.015065639718168513,522,p < 0.05
BRD:BRD-K76315403-015-02-5,-0.10602077295973143,0.014149317656312438,535,p < 0.05
BRD:BRD-K08255599-365-01-1,-0.10602036069876447,0.014240625213894277,534,p < 0.05
BRD:BRD-K70601687-001-01-3,-0.10572728137801657,0.014512484352612974,534,p < 0.05
BRD:BRD-K03063480-001-05-8,-0.1055416531249583,0.012855690600970679,555,p < 0.05
BRD:BRD-A88548664-004-02-7,-0.10508058524273602,0.01350828401058938,552,p < 0.05
BRD:BRD-K67043667-001-26-4,-0.10482661249969571,0.013909638586637265,550,p < 0.05
BRD:BRD-K18305454-001-07-4,-0.10469409674374149,0.023212970681277194,470,p < 0.05
BRD:BRD-K72029282-001-22-0,-0.10370610587453617,0.015246138629807062,547,p < 0.05
BRD:BRD-A53561827-004-23-1,-0.10312731311808995,0.015541798369634863,550,p < 0.05
BRD:BRD-K42973005-001-04-0,-0.10280314876149643,0.015586602919104998,553,p < 0.05
BRD:BRD-K00003511-001-01-9,-0.10213197310399044,0.002446396715263075,878,p < 0.05
BRD:BRD-K43316319-001-01-8,-0.10208380025735023,0.018183732077493707,535,p < 0.05
BRD:BRD-K73191876-001-11-2,-0.10203660150553405,0.017806964801165975,539,p < 0.05
BRD:BRD-K91509126-001-23-6,-0.10176167388852113,0.016477244403652648,555,p < 0.05
BRD:BRD-K52416806-001-05-9,-0.10170221156129089,0.002625839190490648,873,p < 0.05
BRD:BRD-K74377520-001-01-7,-0.1013387586267866,0.028204583977854778,469,p < 0.05
BRD:BRD-K98143539-001-02-2,-0.10108857054726224,0.017616312158853162,551,p < 0.05
BRD:BRD-K62412084-001-07-1,-0.10031987679443721,0.018077958087722196,555,p < 0.05
BRD:BRD-K75009076-001-02-1,-0.09986277325916484,0.02249917014550629,522,p < 0.05
BRD:BRD-A03061970-003-07-3,-0.09948492692237298,0.019616050257594907,550,p < 0.05
BRD:BRD-K54907283-001-01-2,-0.09922642111258631,0.021833239568107878,534,p < 0.05
BRD:BRD-K60102752-001-02-2,-0.09922524532407236,0.020281182961160358,547,p < 0.05
BRD:BRD-K14276241-001-01-2,-0.09879023019020407,0.02242295528166184,534,p < 0.05
BRD:BRD-K24312986-001-01-2,-0.09807361951459789,0.021192180547676392,552,p < 0.05
BRD:BRD-K01295354-001-02-8,-0.0978715716530856,0.02134284423423041,553,p < 0.05
BRD:BRD-K87349682-347-03-8,-0.09782506309262107,0.025414361603277907,522,p < 0.05
BRD:BRD-K56211775-001-03-8,-0.09724988912988185,0.02461727061503549,534,p < 0.05
BRD:BRD-A56241705-003-01-2,-0.09702797158021094,0.024948220203153904,534,p < 0.05
BRD:BRD-K12502280-001-08-0,-0.09682990508037832,0.02552318015675897,532,p < 0.05
BRD:BRD-K33892651-001-02-4,-0.09668070271084553,0.023232540807686324,551,p < 0.05
BRD:BRD-K12906202-001-06-2,-0.09664543501122969,0.025389667507733443,535,p < 0.05
BRD:BRD-K19388745-003-01-7,-0.09550736907019076,0.02509918669125353,550,p < 0.05
BRD:BRD-K25970317-001-01-6,-0.095412686063306,0.02747490899332181,534,p < 0.05
BRD:BRD-K47177710-001-03-1,-0.09518231314964527,0.025466486278010028,551,p < 0.05
BRD:BRD-A31362467-065-01-3,-0.09515254762883738,0.02790175209415487,534,p < 0.05
BRD:BRD-K57432881-003-21-8,-0.09501330538652304,0.025196000673119997,555,p < 0.05
BRD:BRD-A09828896-004-11-0,-0.09486745291092125,0.025688820599341064,553,p < 0.05
BRD:BRD-K40302533-001-02-9,-0.09469509358494059,0.025959814204524315,553,p < 0.05
BRD:BRD-K73027814-003-01-0,-0.09462714837327776,0.028781251652618186,534,p < 0.05
BRD:BRD-K54790157-001-15-5,-0.09441292217645196,0.02682262805601699,550,p < 0.05
BRD:BRD-A49035384-003-30-5,-0.09440639610581192,0.028409671733133884,539,p < 0.05
BRD:BRD-K69247067-001-01-8,-0.09416432052675396,0.026809864777256182,553,p < 0.05
BRD:BRD-K67901620-001-02-0,-0.0941185519943301,0.02688427462674576,553,p < 0.05
BRD:BRD-A26458246-004-02-1,-0.0940843764836014,0.04147063293261141,470,p < 0.05
BRD:BRD-K19203487-001-01-4,-0.09394308270819382,0.02731111421825943,552,p < 0.05
BRD:BRD-K45435259-003-11-1,-0.09381801437722179,0.027517956214720418,552,p < 0.05
BRD:BRD-K52075715-001-06-7,-0.09380757273389015,0.02711542152815228,555,p < 0.05
BRD:BRD-A33711280-003-03-1,-0.09364482994400203,0.02766494867950403,553,p < 0.05
BRD:BRD-K11631773-001-10-8,-0.09350751018064148,0.03268298931427855,522,p < 0.05
BRD:BRD-K73524797-001-01-1,-0.09344726384957015,0.027712890589869827,555,p < 0.05
BRD:BRD-K70329400-001-02-5,-0.09339845081350323,0.04320751845506238,469,p < 0.05
BRD:BRD-A56858165-001-04-4,-0.09311363613824118,0.02900006142954239,550,p < 0.05
BRD:BRD-K92301463-001-05-5,-0.09303323730961624,0.028557112609334648,554,p < 0.05
BRD:BRD-K83405785-001-01-5,-0.09249616793596888,0.032271350376579376,536,p < 0.05
BRD:BRD-A77218119-001-03-5,-0.09238062038743644,0.029993554809213913,552,p < 0.05
BRD:BRD-K61536264-001-01-3,-0.09237960273527564,0.03281727434234499,534,p < 0.05
BRD:BRD-A23418262-001-01-5,-0.09230598033668683,0.032792985305038796,535,p < 0.05
BRD:BRD-K25723200-001-02-7,-0.09217338394183852,0.03239357831474016,539,p < 0.05
BRD:BRD-K00004549-001-01-9,-0.09214349937736284,0.006441420564713099,873,p < 0.05
BRD:BRD-K87386013-001-01-7,-0.09212723006828716,0.03313387252767356,535,p < 0.05
BRD:BRD-K13662825-001-07-5,-0.09141863989538196,0.03129232527452504,555,p < 0.05
BRD:BRD-K59522102-001-14-6,-0.09129941590070831,0.03526713599382434,532,p < 0.05
BRD:BRD-K05919151-001-01-6,-0.09129322040168615,0.037054681736166654,522,p < 0.05
BRD:BRD-K30373883-001-02-8,-0.0909986750135449,0.034674586999581834,539,p < 0.05
BRD:BRD-K11510141-001-01-8,-0.09076193796125635,0.033007605337091524,552,p < 0.05
BRD:BRD-K37708699-001-01-4,-0.09075675184735918,0.03602360335467327,534,p < 0.05
BRD:BRD-K56807945-001-01-2,-0.09071290089508353,0.03593924153888251,535,p < 0.05
BRD:BRD-K65992024-001-01-5,-0.09040463845259894,0.03403176049826674,550,p < 0.05
BRD:BRD-K82357231-001-17-5,-0.09026082375257535,0.03366796361007252,554,p < 0.05
BRD:BRD-A90201073-001-02-9,-0.09015554271254744,0.00758536946536116,876,p < 0.05
BRD:BRD-K66937583-001-01-2,-0.08998457395351268,0.03487508878501261,550,p < 0.05
BRD:BRD-K92908289-001-01-8,-0.08995663505694419,0.03770005973047913,534,p < 0.05
BRD:BRD-K65924316-001-03-1,-0.08994663645112676,0.03545467928010379,547,p < 0.05
BRD:BRD-K53195974-001-01-9,-0.08978018853929037,0.038078539765968894,534,p < 0.05
BRD:BRD-K75923785-003-02-1,-0.08975315709250917,0.03724110941230178,539,p < 0.05
BRD:BRD-K62309135-001-05-2,-0.08957009188182496,0.0385333974250714,534,p < 0.05
BRD:BRD-K32821942-001-21-3,-0.08929639360994653,0.03578750983438805,553,p < 0.05
BRD:BRD-K99451608-001-07-3,-0.08923514829622402,0.03608382394547895,552,p < 0.05
BRD:BRD-K96391852-001-02-8,-0.08899802608685833,0.03744694017450995,547,p < 0.05
BRD:BRD-A98299281-050-09-6,-0.08885864532457093,0.037747524797471545,547,p < 0.05
BRD:BRD-K00004743-001-01-9,-0.0885149542936497,0.008878327911133105,873,p < 0.05
BRD:BRD-K08893438-001-04-9,-0.08850116515604078,0.0453291476571495,512,p < 0.05
BRD:BRD-K43055376-001-04-9,-0.08837056448115412,0.009602806111566949,858,p < 0.05
BRD:BRD-K20463415-300-01-4,-0.08836250335009818,0.0410476949860287,535,p < 0.05
BRD:BRD-A53037300-001-01-0,-0.08800201593312033,0.03874322764035035,552,p < 0.05
BRD:BRD-K58794715-001-01-8,-0.0879325441102353,0.03979715951568009,547,p < 0.05
BRD:BRD-K55055802-001-10-2,-0.087863262658419,0.039410659334341756,550,p < 0.05
BRD:BRD-K00739965-001-01-9,-0.0877941210368735,0.04256553286639961,534,p < 0.05
BRD:BRD-K00004551-001-01-9,-0.08775621784054385,0.00948149665741914,873,p < 0.05
BRD:BRD-K52396582-001-06-7,-0.08774663417369676,0.03967387629353873,550,p < 0.05
BRD:BRD-K79821389-001-03-5,-0.08751538439866827,0.043229598933399435,534,p < 0.05
BRD:BRD-A67975844-001-01-8,-0.08741641361673783,0.04006321010914469,552,p < 0.05
BRD:BRD-K65059905-001-02-9,-0.08733322064470161,0.009833372039938133,873,p < 0.05
BRD:BRD-K60902958-001-01-9,-0.08732314578614993,0.05880207736289211,469,NS
BRD:BRD-A18043272-001-09-9,-0.0873036529959017,0.04014022763154309,553,p < 0.05
BRD:BRD-K73451719-001-01-2,-0.08709502994321681,0.044048425456714,535,p < 0.05
BRD:BRD-K83636919-001-04-8,-0.08707090046087296,0.04141402490582648,549,p < 0.05
BRD:BRD-K04374714-003-01-1,-0.08704385484315624,0.05961865459984326,469,NS
BRD:BRD-K56707426-001-02-0,-0.08684052039981528,0.042334256291898596,547,p < 0.05
BRD:BRD-K87737963-001-06-0,-0.08680824659440614,0.04165979960194376,551,p < 0.05
BRD:BRD-K01742705-001-01-7,-0.0866758096354794,0.06070902552313646,469,NS
BRD:BRD-K00004566-001-01-9,-0.08664188454638459,0.010433519171476748,873,p < 0.05
BRD:BRD-K25204779-001-01-1,-0.08647879353366052,0.04225581109171014,552,p < 0.05
BRD:BRD-K02079473-001-01-3,-0.08636411420142937,0.04290906785328414,550,p < 0.05
BRD:BRD-K67783091-001-26-1,-0.08634853488621601,0.04294675544172028,550,p < 0.05
BRD:BRD-K00003606-380-01-9,-0.0862216906506124,0.010678696143407915,876,p < 0.05
BRD:BRD-K29626940-001-01-5,-0.08607307793770351,0.04680678932742655,534,p < 0.05
BRD:BRD-K36269323-300-02-6,-0.0859101859609473,0.04519364347847014,544,p < 0.05
BRD:BRD-K24601397-001-01-1,-0.08585854956903408,0.04473088231655928,547,p < 0.05
BRD:BRD-K59875992-001-01-8,-0.08574123041307415,0.04347737050043883,555,p < 0.05
BRD:BRD-K58626373-003-07-8,-0.08563650006914167,0.04373524701917013,555,p < 0.05
BRD:BRD-K57041787-001-02-6,-0.08550664005823343,0.04405678785148785,555,p < 0.05
BRD:BRD-K39462424-050-09-8,-0.08519278050205424,0.04582148626645305,550,p < 0.05
BRD:BRD-K68770713-001-01-8,-0.08501095713462214,0.047912483631359956,542,p < 0.05
BRD:BRD-A08840375-001-01-3,-0.08491845087702761,0.04878316991978546,539,p < 0.05
BRD:BRD-K54057105-001-01-2,-0.08491211724714934,0.05274542952568002,521,NS
BRD:BRD-K67943528-050-01-4,-0.0848655427561143,0.046664207266316676,550,p < 0.05
BRD:BRD-A92448440-001-01-3,-0.08451038517362275,0.0671694331696103,470,NS
BRD:BRD-K43457670-001-27-8,-0.08441696371675257,0.061872179430632133,490,NS
BRD:BRD-K21025364-001-05-6,-0.08437464051854168,0.05403579107769376,522,NS
BRD:BRD-K06159959-001-03-9,-0.08429550910196798,0.012466537655534748,878,p < 0.05
BRD:BRD-K72912098-001-02-3,-0.08421839329341689,0.05448392150846316,522,NS
BRD:BRD-K79131256-001-17-9,-0.08421421707399422,0.04736674567555939,555,p < 0.05
BRD:BRD-K76713213-001-02-1,-0.08419489577814865,0.05183431947772635,534,NS
BRD:BRD-K32804101-001-01-8,-0.08419200333520886,0.051622497004749045,535,NS
BRD:BRD-K93631643-001-02-4,-0.0841785751312166,0.04909553790658027,547,p < 0.05
BRD:BRD-K89561498-001-01-7,-0.08408535084563766,0.04872599894709307,550,p < 0.05
BRD:BRD-K27938825-001-02-4,-0.08400853347001191,0.04852202255718254,552,p < 0.05
BRD:BRD-K97799481-230-01-7,-0.08398249044121757,0.050686233558357156,542,NS
BRD:BRD-A02990301-003-06-6,-0.08392811516431761,0.04915062565689753,550,p < 0.05
BRD:BRD-A64092382-003-18-3,-0.08372118661379283,0.05430297505520702,529,NS
BRD:BRD-K48173020-001-01-8,-0.08360679178804198,0.050028018627124034,550,NS
BRD:BRD-K76304753-003-21-1,-0.08358159304760593,0.05634241145881972,522,NS
BRD:BRD-K05858796-001-01-7,-0.08353168373217125,0.05393970396607587,533,NS
BRD:BRD-K03294269-001-08-0,-0.08352265986995748,0.049221898522531005,555,p < 0.05
BRD:BRD-K23922020-075-02-9,-0.08351247429070396,0.04945551553202991,554,p < 0.05
BRD:BRD-K03827870-001-02-9,-0.08347542773014516,0.013351192916528552,878,p < 0.05
BRD:BRD-K00495673-001-05-2,-0.08342773241815742,0.013510673188878353,876,p < 0.05
BRD:BRD-A67616246-001-07-9,-0.08333422589826743,0.05078250571300138,550,NS
BRD:BRD-K36740062-001-06-6,-0.08315881079552255,0.051486048985058014,549,NS
BRD:BRD-A92872453-001-01-8,-0.08286314627472101,0.0527570182856624,547,NS
BRD:BRD-A02473266-001-01-1,-0.08271990674856412,0.07319369196903516,470,NS
BRD:BRD-K47464228-001-14-9,-0.08269688294242737,0.014353050997817335,876,p < 0.05
BRD:BRD-K16295392-003-01-3,-0.082565439067111,0.052315821731725345,553,NS
BRD:BRD-K13249881-001-02-3,-0.08252569286924502,0.05714058021446775,532,NS
BRD:BRD-A43598550-001-09-4,-0.08232109368366855,0.05433066740023943,547,NS
BRD:BRD-K74186897-001-12-4,-0.08225272225915718,0.060887180734912824,520,NS
BRD:BRD-K00003296-001-01-9,-0.08192795519105878,0.015172416325185425,878,p < 0.05
BRD:BRD-A37873789-003-02-9,-0.08178032960054044,0.015652636595371094,873,p < 0.05
BRD:BRD-K50938287-036-13-8,-0.08166933083775783,0.055600155733788736,550,NS
BRD:BRD-K63874012-001-02-9,-0.08161210323379503,0.05466552919173858,555,NS
BRD:BRD-K13142315-004-01-2,-0.08151727760824169,0.07748216569057059,470,NS
BRD:BRD-K97072811-001-11-4,-0.08141142144260503,0.05593092915620881,552,NS
BRD:BRD-K93240442-001-08-4,-0.08137216982535479,0.056498772380398674,550,NS
BRD:BRD-K96194081-001-10-2,-0.08117752846215563,0.05597126597809408,555,NS
BRD:BRD-K00003361-001-01-9,-0.08111469473464894,0.016521874625940552,873,p < 0.05
BRD:BRD-A25234499-001-18-3,-0.08108448168260367,0.057153093036171,551,NS
BRD:BRD-A42167015-003-10-2,-0.08102615676077447,0.057106167593900796,552,NS
BRD:BRD-M29936662-001-02-0,-0.0809150006563195,0.05677254276472532,555,NS
BRD:BRD-K81062487-001-05-8,-0.08071322249299698,0.05853448975072531,550,NS
BRD:BRD-K24048528-001-01-7,-0.08068958514800946,0.0654567413454973,522,NS
BRD:BRD-A11132253-001-08-2,-0.08052297775342324,0.0642194136505578,529,NS
BRD:BRD-A20348246-001-15-8,-0.08049934298102684,0.05874628713918496,552,NS
BRD:BRD-K26824830-001-02-0,-0.08016085262021656,0.05958854955228895,553,NS
BRD:BRD-K31283835-048-04-4,-0.08014381635871945,0.061766973213685614,544,NS
BRD:BRD-K11215326-001-03-7,-0.07996150007628863,0.0679331256419451,522,NS
BRD:BRD-K35960502-001-20-0,-0.0799493311623269,0.06097007059136819,550,NS
BRD:BRD-K49841478-001-01-6,-0.07991368384511559,0.06499314844628688,534,NS
BRD:BRD-K20372197-001-03-1,-0.07985831953831478,0.06829020257259934,522,NS
BRD:BRD-K65359424-001-01-3,-0.07985658101121046,0.0659488766820767,531,NS
BRD:BRD-K14619660-001-01-5,-0.07983400095387243,0.0613449612732112,550,NS
BRD:BRD-K13261168-300-01-0,-0.07978668599655776,0.06149931227159089,550,NS
BRD:BRD-K01638814-011-01-4,-0.07974984627914761,0.06554686801841811,534,NS
BRD:BRD-K28907958-001-04-3,-0.07962236641268211,0.06156297350794657,552,NS
BRD:BRD-K76634210-001-12-1,-0.07961445766042084,0.06600736050505128,534,NS
BRD:BRD-K26530649-001-01-6,-0.07956386424178137,0.06618012300536268,534,NS
BRD:BRD-K33141550-003-05-7,-0.07946155202015917,0.06185420825242522,553,NS
BRD:BRD-K48722833-001-07-6,-0.07933546286704479,0.0629874647464383,550,NS
BRD:BRD-K68538666-001-12-3,-0.07926766399528293,0.06321361268072227,550,NS
BRD:BRD-A17411484-001-11-9,-0.07904672591077962,0.06323147912489767,553,NS
BRD:BRD-K72533376-001-01-2,-0.07902057603601746,0.06805881891644858,534,NS
BRD:BRD-K42673188-001-01-1,-0.07899037836126518,0.06790560238790978,535,NS
BRD:BRD-K83631119-001-04-9,-0.07898764744344573,0.019241858346610713,878,p < 0.05
BRD:BRD-K28121004-001-01-1,-0.07888595553452836,0.06329197451842586,555,NS
BRD:BRD-K77791657-003-01-7,-0.07881900551762779,0.07197345521911165,522,NS
BRD:BRD-K55512740-001-01-6,-0.07871925028731286,0.0643365029306818,553,NS
BRD:BRD-K54871792-001-02-2,-0.07870339674086896,0.08865676154280312,469,NS
BRD:BRD-K21612934-001-01-1,-0.07870022985724894,0.06918692656015782,534,NS
BRD:BRD-K64874225-001-04-7,-0.07860193677574892,0.06546993492293235,550,NS
BRD:BRD-K66213167-001-01-2,-0.07858565958660418,0.08879427327537479,470,NS
BRD:BRD-K28912512-001-23-2,-0.07844457841606592,0.06700971629011188,546,NS
BRD:BRD-A09554849-236-07-6,-0.07842652522667994,0.06607534974889148,550,NS
BRD:BRD-K04923131-001-15-4,-0.07835889825231435,0.06756183112767292,545,NS
BRD:BRD-K94934625-001-01-5,-0.07815516758038195,0.09090743036921851,469,NS
BRD:BRD-K69877120-001-01-7,-0.07810212440253725,0.09112759933990575,469,NS
BRD:BRD-K85693895-001-02-9,-0.07804323396858082,0.09102603267419364,470,NS
BRD:BRD-K03406345-001-27-8,-0.07794392708736228,0.06776476122851377,550,NS
BRD:BRD-K47659338-003-02-8,-0.07781435127676736,0.06898479512276652,547,NS
BRD:BRD-K74057757-001-01-9,-0.0777320264970578,0.06726700405042989,555,NS
BRD:BRD-K67117832-001-01-9,-0.07765029821155811,0.0729920864836375,534,NS
BRD:BRD-K04956647-003-02-5,-0.07764892986873886,0.06881478357995473,550,NS
BRD:BRD-K88443722-001-01-7,-0.07764067201984003,0.09306105248493597,469,NS
BRD:BRD-K45724504-001-01-6,-0.07761293876553761,0.06894379912484133,550,NS
BRD:BRD-K68474068-001-01-8,-0.07758498741060092,0.0687909132815516,551,NS
BRD:BRD-K81572616-001-01-9,-0.07756098632895411,0.06862457392901045,552,NS
BRD:BRD-K79437791-001-05-7,-0.07752162666803707,0.06927201054559493,550,NS
BRD:BRD-K88506063-001-01-8,-0.077499629361107,0.0688445353809357,552,NS
BRD:BRD-K47337578-034-02-5,-0.07745772422376059,0.07027101352528256,547,NS
BRD:BRD-K96259238-001-01-4,-0.07738005461911664,0.06927486449872541,552,NS
BRD:BRD-K27061362-001-01-6,-0.07724421116132583,0.07450888849561436,534,NS
BRD:BRD-K08542803-001-03-1,-0.07713401907564532,0.07067949952215283,550,NS
BRD:BRD-K90195324-003-02-5,-0.07711465006052222,0.07023788484534542,552,NS
BRD:BRD-K89015388-001-01-7,-0.07699596903250469,0.07118640417590395,550,NS
BRD:BRD-K69280563-001-01-8,-0.07698268584456015,0.0720147058687292,547,NS
BRD:BRD-A70083328-001-23-5,-0.07697276642817792,0.0723133828940869,546,NS
BRD:BRD-K00003535-001-01-9,-0.07695266420959276,0.022977882852890784,873,p < 0.05
BRD:BRD-K55188888-065-01-2,-0.07686314328884107,0.09603672079029946,470,NS
BRD:BRD-K32533226-001-01-3,-0.07679818628962327,0.09631879528136732,470,NS
BRD:BRD-A52588987-004-08-2,-0.07670334434001234,0.07175192691783149,552,NS
BRD:BRD-K82861010-001-02-5,-0.07666011541154598,0.08714008152540269,499,NS
BRD:BRD-K17828029-001-01-5,-0.07645883108319367,0.07751525014067016,534,NS
BRD:BRD-K71026158-304-01-0,-0.07641209577440948,0.07741843066568713,535,NS
BRD:BRD-K05262258-001-02-9,-0.0764034381576868,0.023574116441903423,878,p < 0.05
BRD:BRD-K99149715-001-01-6,-0.07622618689703402,0.07354167432858066,552,NS
BRD:BRD-K82823804-001-04-1,-0.0760347787668349,0.07613888346167415,545,NS
BRD:BRD-K63169195-001-01-5,-0.07597732602736672,0.07582162599559872,547,NS
BRD:BRD-K86161929-001-13-3,-0.07596448853775324,0.075068642405628,550,NS
BRD:BRD-A08545410-003-08-6,-0.07591145933872473,0.07395326360569698,555,NS
BRD:BRD-K00004742-001-01-9,-0.07583997218711824,0.025037181428865216,873,p < 0.05
BRD:BRD-K28343777-001-01-6,-0.07576550539493732,0.07664424001286889,547,NS
BRD:BRD-K36379990-001-01-1,-0.07571931606681878,0.08043540464292369,534,NS
BRD:BRD-K55822903-003-01-8,-0.07557405892536044,0.10175912082087975,470,NS
BRD:BRD-A07704283-001-01-3,-0.07548514686298227,0.07747193876118903,548,NS
BRD:BRD-K57291914-003-09-4,-0.07525346531770226,0.07893779465812915,546,NS
BRD:BRD-K86932920-001-02-9,-0.07521405253187012,0.02600695573410843,876,p < 0.05
BRD:BRD-K62384160-001-02-0,-0.07513977712495806,0.0827856016539655,534,NS
BRD:BRD-A55913614-316-09-6,-0.07513566861409886,0.0769625261932368,555,NS
BRD:BRD-A90272038-001-01-7,-0.07508892925908603,0.07877097915455612,549,NS
BRD:BRD-K00090658-001-01-9,-0.07501452271292645,0.028006792511506784,858,p < 0.05
BRD:BRD-K00003365-300-01-9,-0.07498073940624057,0.026734756265985146,873,p < 0.05
BRD:BRD-K65377893-001-07-4,-0.07496589157665894,0.08706781831075867,522,NS
BRD:BRD-K45014108-003-01-8,-0.07490358044759877,0.07923975563134433,550,NS
BRD:BRD-K28761384-300-01-0,-0.07478960923367851,0.0783366088676346,555,NS
BRD:BRD-K00004662-001-01-9,-0.07473846245524288,0.027230998241629233,873,p < 0.05
BRD:BRD-K58070273-001-03-3,-0.0746403887479914,0.10607028487408789,470,NS
BRD:BRD-K47978074-001-02-4,-0.07462118338379622,0.08348297848308023,539,NS
BRD:BRD-K80403280-001-02-1,-0.07462039308808985,0.10616416863128,470,NS
BRD:BRD-K00003194-001-01-9,-0.0745599881367885,0.027159336560878437,878,p < 0.05
BRD:BRD-K27406233-001-07-7,-0.07440497023431182,0.08126403795904925,550,NS
BRD:BRD-K87048468-003-02-7,-0.07438013909006647,0.08248661180714832,546,NS
BRD:BRD-K35034482-001-01-8,-0.07437961286491712,0.08053835403193867,553,NS
BRD:BRD-K00003327-001-01-9,-0.0742748966124363,0.027753773944364887,878,p < 0.05
BRD:BRD-K62779383-001-05-5,-0.07418963308941641,0.0903974414072307,522,NS
BRD:BRD-K51956333-001-03-8,-0.07412688427484442,0.08702619694517244,534,NS
BRD:BRD-K32952627-001-02-9,-0.07385357105368595,0.02865276197652315,878,p < 0.05
BRD:BRD-A55272860-001-14-6,-0.0738400429555851,0.08304550678399653,552,NS
BRD:BRD-A81615860-003-01-7,-0.07371547404179321,0.08356771898468315,552,NS
BRD:BRD-K09785578-001-01-2,-0.07369149529870722,0.08423322755066825,550,NS
BRD:BRD-K76381435-001-08-6,-0.07351112222633731,0.09029429374509924,532,NS
BRD:BRD-K80666802-003-01-0,-0.07350516531208816,0.11188866886888123,469,NS
BRD:BRD-K12483104-001-02-9,-0.073456091769827,0.029523705283335717,878,p < 0.05
BRD:BRD-K85849709-001-01-5,-0.07335035831366613,0.08539806423567238,551,NS
BRD:BRD-A45107007-001-03-4,-0.07331237465079656,0.08670970289022156,547,NS
BRD:BRD-K85015012-003-02-9,-0.07328871209740072,0.0873929636330061,545,NS
BRD:BRD-K75649340-001-13-1,-0.07320503632219601,0.0848848316161213,555,NS
BRD:BRD-K69650333-003-13-2,-0.07312104380570658,0.09514722064283614,522,NS
BRD:BRD-K58736316-001-09-5,-0.07262692412808942,0.08766796352551075,554,NS
BRD:BRD-K10859802-001-01-0,-0.07250397753215361,0.09480487050030655,532,NS
BRD:BRD-K95785345-300-14-8,-0.07244925105871006,0.08816003302337758,555,NS
BRD:BRD-K13769342-001-01-5,-0.07235532656298299,0.09486192054970763,534,NS
BRD:BRD-K31491153-003-05-9,-0.0723330872871359,0.08954270756005568,552,NS
BRD:BRD-K04710043-001-17-8,-0.0722767815861363,0.09491118898867913,535,NS
BRD:BRD-A06935312-001-04-3,-0.07226642071544037,0.09042572799677559,550,NS
BRD:BRD-K62040061-001-01-0,-0.07222545436061877,0.09545784694220044,534,NS
BRD:BRD-K49921286-001-02-6,-0.07219748715401615,0.0324330227525208,878,p < 0.05
BRD:BRD-K10673031-004-02-0,-0.0721557941881824,0.09033323221286516,552,NS
BRD:BRD-K29424831-003-01-3,-0.0721412929239736,0.03276748667553111,876,p < 0.05
BRD:BRD-A24857382-001-03-4,-0.07212064244973018,0.0959409592646284,534,NS
BRD:BRD-K15045219-001-01-8,-0.07211390132261082,0.09442291085860724,539,NS
BRD:BRD-K42728290-001-09-1,-0.07211365394389832,0.11846313600657449,470,NS
BRD:BRD-K00091132-001-01-9,-0.0718422433599643,0.035375979385826775,858,p < 0.05
BRD:BRD-K91740057-001-19-8,-0.07182525136023403,0.0918220229266189,552,NS
BRD:BRD-A29944538-003-08-3,-0.0717724987220093,0.09265536891410478,550,NS
BRD:BRD-K96418224-300-01-8,-0.07169890551916594,0.12099916242387954,469,NS
BRD:BRD-A34716233-004-03-5,-0.07168399955642227,0.09305947958971611,550,NS
BRD:BRD-K53263234-001-05-2,-0.071677994637401,0.09249157905509045,552,NS
BRD:BRD-A56152450-001-02-0,-0.071665632963035,0.1019346627118415,522,NS
BRD:BRD-K11452913-001-01-9,-0.07160848597503922,0.09801386489252552,535,NS
BRD:BRD-K88405679-003-03-1,-0.07159723142585896,0.0934570542410564,550,NS
BRD:BRD-A13116749-003-01-6,-0.0715780634974986,0.09847316198837083,534,NS
BRD:BRD-K76534306-001-22-7,-0.07155326642898645,0.09335986865679612,551,NS
BRD:BRD-A73556557-001-06-4,-0.07151754262561129,0.0920423423955837,556,NS
BRD:BRD-K40255344-001-17-6,-0.07138489033146592,0.0929439366890962,555,NS
BRD:BRD-K10598093-303-06-1,-0.0713733157873099,0.10986648662936865,503,NS
BRD:BRD-A49924714-001-08-9,-0.07132345053294624,0.03672613029473943,858,p < 0.05
BRD:BRD-K94293891-001-01-3,-0.0712579082991778,0.09352829130148659,555,NS
BRD:BRD-K06208435-003-08-2,-0.07122358313953774,0.09368675480577568,555,NS
BRD:BRD-K00004650-001-01-9,-0.07118477397795907,0.03494876045893115,878,p < 0.05
BRD:BRD-K45916615-066-02-5,-0.07117100754912757,0.09882226698629219,539,NS
BRD:BRD-A16347691-001-13-1,-0.07112117719219917,0.09475841034538927,553,NS
BRD:BRD-K80129304-001-08-1,-0.0710877073596139,0.09921864660101849,539,NS
BRD:BRD-K66788707-001-14-3,-0.07106886494788654,0.09682224164663049,547,NS
BRD:BRD-A56987319-001-12-9,-0.07100742997130705,0.09528891414806691,553,NS
BRD:BRD-A26503646-001-16-6,-0.07100310189939568,0.0947097420437623,555,NS
BRD:BRD-K75254015-001-01-9,-0.07093164060455266,0.1250399877263551,469,NS
BRD:BRD-K55424922-003-02-8,-0.07087186396332623,0.09622651685329632,552,NS
BRD:BRD-A42423104-001-01-4,-0.07083429295992974,0.10203047639362132,534,NS
BRD:BRD-K77060810-001-01-5,-0.07077119572887011,0.09670126623393457,552,NS
BRD:BRD-K25029121-001-05-8,-0.07075131029664726,0.10243361234474115,534,NS
BRD:BRD-K79450420-001-02-6,-0.07075060104311492,0.10243706339003754,534,NS
BRD:BRD-K13571841-001-14-4,-0.0706821437433146,0.10606272905420086,524,NS
BRD:BRD-K90982969-001-01-2,-0.0706586253861429,0.1025621869822123,535,NS
BRD:BRD-A84465106-001-09-5,-0.07062737896270643,0.0366173396009161,876,p < 0.05
BRD:BRD-K62858456-001-01-8,-0.07058710036306658,0.09818619987463444,550,NS
BRD:BRD-K18135438-001-14-2,-0.07052230021165307,0.10355271875321899,534,NS
BRD:BRD-K94379058-001-06-8,-0.07051425369018463,0.10008542163038718,545,NS
BRD:BRD-K00003308-001-01-9,-0.07046796736542428,0.03682834056770211,878,p < 0.05
BRD:BRD-K28595280-001-04-5,-0.07039207041706223,0.09912086291571419,550,NS
BRD:BRD-K71430621-303-02-3,-0.07025694893341954,0.10133322900318822,545,NS
BRD:BRD-A94323479-001-02-8,-0.07021081544365444,0.0984596517368767,555,NS
BRD:BRD-A46876182-003-02-8,-0.07013507600266852,0.1000533917377418,551,NS
BRD:BRD-A91008255-003-24-8,-0.07004499789480897,0.10080167723151248,550,NS
BRD:BRD-K53234107-001-01-6,-0.06993545675054354,0.10071509904066996,552,NS
BRD:BRD-K63932022-001-01-5,-0.06991990347264743,0.10079103352394868,552,NS
BRD:BRD-A87125127-001-03-9,-0.06990159925203114,0.03859538984818701,876,p < 0.05
BRD:BRD-K35189033-001-26-1,-0.06983681992573151,0.10088738651294327,553,NS
BRD:BRD-K36611520-001-01-6,-0.06981866445188137,0.1310869266808648,469,NS
BRD:BRD-K46344388-001-01-3,-0.06981785019257235,0.131091431952967,469,NS
BRD:BRD-K74236708-001-01-9,-0.06981590448143243,0.10286669316815805,547,NS
BRD:BRD-K00003175-001-01-9,-0.06980119258047084,0.03921283225615724,873,p < 0.05
BRD:BRD-K00003348-001-01-9,-0.06975986597294276,0.038768802656610736,878,p < 0.05
BRD:BRD-K77758223-300-02-9,-0.06974789851156606,0.03880232925542432,878,p < 0.05
BRD:BRD-A36013532-001-01-3,-0.06967013807118744,0.1314972713031447,470,NS
BRD:BRD-K02501528-001-01-1,-0.06963315581208532,0.10282545659287479,550,NS
BRD:BRD-K07682953-001-01-8,-0.06961543223711329,0.10774866294737323,535,NS
BRD:BRD-K48059230-003-03-9,-0.06961289041319033,0.03940706867209262,876,p < 0.05
BRD:BRD-A40084411-003-07-7,-0.06954868463100007,0.10677208416885069,539,NS
BRD:BRD-K40176866-001-01-6,-0.06954239790060687,0.13262238086536193,469,NS
BRD:BRD-K85402309-389-03-2,-0.06942951546664178,0.10289552363407191,553,NS
BRD:BRD-K00003524-001-01-9,-0.06934892994362464,0.0399341897887488,878,p < 0.05
BRD:BRD-K00075727-003-02-9,-0.06929379969997333,0.042436974972784015,858,p < 0.05
BRD:BRD-K00003454-001-01-9,-0.06922719869945784,0.04028505646169998,878,p < 0.05
BRD:BRD-K72735080-001-01-0,-0.06917082448289405,0.1342921954610274,470,NS
BRD:BRD-K45401373-001-20-9,-0.06914323580494593,0.11460253665091964,522,NS
BRD:BRD-K69837166-003-02-0,-0.0690334036058943,0.10940023760209462,539,NS
BRD:BRD-K85307935-236-09-5,-0.06901583146660496,0.11183237357795853,532,NS
BRD:BRD-K38197229-001-29-9,-0.0690150441520872,0.1049714086539118,553,NS
BRD:BRD-K51485109-001-02-9,-0.06900806118447071,0.040923256615688824,878,p < 0.05
BRD:BRD-K09436144-001-01-7,-0.06894444752006547,0.11152876065383777,534,NS
BRD:BRD-K26818574-305-07-6,-0.06889815858228546,0.11143334615097804,535,NS
BRD:BRD-K06147391-300-06-8,-0.06886890384911866,0.10666624276045603,550,NS
BRD:BRD-K00075632-305-02-9,-0.06881866549222827,0.04387718082768141,858,p < 0.05
BRD:BRD-A59747053-003-01-3,-0.06874016651299097,0.13673940197857465,470,NS
BRD:BRD-K16478699-001-09-2,-0.06869609260220289,0.10851861458843669,547,NS
BRD:BRD-K68488863-001-04-9,-0.06866273289087108,0.10676191103333187,553,NS
BRD:BRD-K26531771-001-02-2,-0.06866023614844517,0.11716352437982229,522,NS
BRD:BRD-K10314788-003-12-7,-0.06864715118155348,0.10812374128840406,549,NS
BRD:BRD-K19085898-001-01-8,-0.06861808043435766,0.10892131243168807,547,NS
BRD:BRD-K15976406-001-03-3,-0.0685271303087595,0.10745746462366217,553,NS
BRD:BRD-K75167327-001-01-6,-0.06851142929262968,0.1384751687186281,469,NS
BRD:BRD-A30774155-001-01-2,-0.06847665541252056,0.11398411666420849,534,NS
BRD:BRD-K13277760-001-01-2,-0.06842070318941464,0.11428061966053889,534,NS
BRD:BRD-K87777313-001-02-2,-0.06838011812617581,0.11449606729888509,534,NS
BRD:BRD-K55675242-001-03-0,-0.068323934282511,0.1131019780752811,539,NS
BRD:BRD-K13843533-001-01-7,-0.06828558310031552,0.13935962459327814,470,NS
BRD:BRD-K02464583-001-02-2,-0.06828081490315602,0.10808983359490495,555,NS
BRD:BRD-K05236810-001-19-0,-0.06825763921372394,0.11014406606909329,549,NS
BRD:BRD-K03063480-001-06-6,-0.068213851662411,0.11957000237285,522,NS
BRD:BRD-K90305467-001-01-3,-0.06816584030460442,0.1400561935252104,470,NS
BRD:BRD-K53734668-003-04-6,-0.06816559360940068,0.10965193827734064,552,NS
BRD:BRD-K01573278-001-02-1,-0.06815455106976226,0.14054673028876769,469,NS
BRD:BRD-K61192372-001-05-5,-0.06808831393509691,0.12025369140577771,522,NS
BRD:BRD-K38350380-001-01-8,-0.06804501360740434,0.11191571486832216,547,NS
BRD:BRD-K81548480-001-01-2,-0.06802793011576154,0.11200596405866824,547,NS
BRD:BRD-A90751343-001-02-9,-0.06802646340799313,0.0438879238648189,878,p < 0.05
BRD:BRD-K00003493-001-01-9,-0.06792060184098017,0.044828209494261084,873,p < 0.05
BRD:BRD-K00003145-001-01-9,-0.06786310312780772,0.04439847387640893,878,p < 0.05
BRD:BRD-K02750403-001-01-4,-0.06782729440069948,0.11746260245538191,534,NS
BRD:BRD-K63550407-001-12-7,-0.06779074700577632,0.11260480966049356,549,NS
BRD:BRD-K00075290-001-02-9,-0.06778997114968904,0.04713687630376142,858,p < 0.05
BRD:BRD-K95161686-001-02-8,-0.06775058309734458,0.11248975121760307,550,NS
BRD:BRD-K68132782-003-13-8,-0.06771897865639484,0.11167726977367863,553,NS
BRD:BRD-K01109406-001-03-7,-0.06771294865611575,0.11368023651763874,547,NS
BRD:BRD-K82767007-001-01-1,-0.06769217093168234,0.1164804786920411,539,NS
BRD:BRD-A35379661-001-04-6,-0.06767094356048153,0.11659535503360315,539,NS
BRD:BRD-K16497916-001-01-6,-0.06766529754779996,0.14342518918098116,469,NS
BRD:BRD-K17868609-001-05-0,-0.06766280519635076,0.11295722215125584,550,NS
BRD:BRD-K82467063-001-02-7,-0.06765857308708859,0.1190746915843417,532,NS
BRD:BRD-A16700644-003-04-4,-0.06765277961850512,0.11301071148192522,550,NS
BRD:BRD-A07164067-001-01-2,-0.06764241844053703,0.11241008994482714,552,NS
BRD:BRD-K43621685-001-02-5,-0.0676349643830528,0.11310580997894774,550,NS
BRD:BRD-K02992638-001-11-8,-0.06750274105723203,0.11480848003907357,547,NS
BRD:BRD-K29395450-001-06-8,-0.06749438991383593,0.11385840995698954,550,NS
BRD:BRD-K61734568-003-02-1,-0.06741923414322332,0.11426238499738005,550,NS
BRD:BRD-K21306330-001-02-9,-0.06733011672201941,0.04609913558884064,878,p < 0.05
BRD:BRD-K00004587-001-01-9,-0.06728387799717424,0.04624922256714865,878,p < 0.05
BRD:BRD-K36222532-001-01-8,-0.06728064477025554,0.12115521270935606,532,NS
BRD:BRD-K43887077-003-26-3,-0.06726678054346667,0.11879954013459584,539,NS
BRD:BRD-K12630395-001-14-9,-0.06716484412119769,0.11563812883883377,550,NS
BRD:BRD-K78055238-001-01-8,-0.06710628146812714,0.11763468819723517,545,NS
BRD:BRD-K48112880-001-04-9,-0.06700825406448896,0.04715242009857093,878,p < 0.05
BRD:BRD-K59184148-001-21-6,-0.06698862327440236,0.11760491782543964,547,NS
BRD:BRD-A06352508-001-03-7,-0.0669466941170563,0.1164946119213153,551,NS
BRD:BRD-A92826379-001-01-5,-0.06683986803903198,0.11641450439966596,553,NS
BRD:BRD-K65417056-003-10-1,-0.06678466555411602,0.11771830436064552,550,NS
BRD:BRD-A72351335-001-04-5,-0.06674450067467742,0.1234470163264435,534,NS
BRD:BRD-K76703230-004-04-1,-0.06670424455197296,0.1181620636188098,550,NS
BRD:BRD-K15108141-001-06-6,-0.06669398717004296,0.12444084365210129,532,NS
BRD:BRD-K45924332-001-16-8,-0.06667931112965632,0.12206134736270921,539,NS
BRD:BRD-K60866521-001-07-1,-0.06664914141474408,0.116798576270907,555,NS
BRD:BRD-K22588750-001-07-0,-0.06659193235927868,0.12430898229027443,534,NS
BRD:BRD-K67304264-001-08-5,-0.06656710190636099,0.11825017598240187,552,NS
BRD:BRD-K64866502-001-03-9,-0.06649510832913333,0.12033916603176854,547,NS
BRD:BRD-A60594020-034-01-1,-0.06645837515611597,0.12054464897865116,547,NS
BRD:BRD-K66541497-001-02-9,-0.06639255422885794,0.049483482668134876,876,p < 0.05
BRD:BRD-K96319534-003-03-9,-0.06638008551106231,0.11828598017071466,555,NS
BRD:BRD-K63772874-001-02-2,-0.0663607040926837,0.12526905620098466,535,NS
BRD:BRD-K61988078-001-01-2,-0.0663418090938843,0.12017822209095343,550,NS
BRD:BRD-K89208535-051-01-5,-0.06629285052914677,0.1197769906910683,552,NS
BRD:BRD-K12745498-001-03-4,-0.06624167516462233,0.050004198451909086,876,NS
BRD:BRD-K36711084-001-02-0,-0.06607512033456955,0.12133892909257105,551,NS
BRD:BRD-K18316707-001-02-7,-0.06604342732031719,0.12117891280477615,552,NS
BRD:BRD-K19605405-001-02-7,-0.06590695867063723,0.12263254553885028,550,NS
BRD:BRD-K00152668-001-01-5,-0.06586750549738857,0.12285714013574169,550,NS
BRD:BRD-K68747584-001-02-0,-0.0657627109503591,0.12243194186075274,553,NS
BRD:BRD-K63253858-001-01-5,-0.06572724406957497,0.1552717983602433,469,NS
BRD:BRD-A55312468-001-04-7,-0.06566080338748774,0.12507407845509816,547,NS
BRD:BRD-K37151368-001-01-7,-0.06564338202892958,0.15535806552198678,470,NS
BRD:BRD-K99077012-001-01-9,-0.06553017982138237,0.1304378293179381,534,NS
BRD:BRD-K48053228-051-02-9,-0.06546578689581767,0.052754906146976234,876,NS
BRD:BRD-K18619710-001-14-4,-0.0653801355505408,0.12669910127515271,547,NS
BRD:BRD-K47679368-236-01-7,-0.06517132481019894,0.13075381325531227,539,NS
BRD:BRD-K05528470-305-02-2,-0.06512935119001839,0.1264262680082274,552,NS
BRD:BRD-K79259477-001-04-9,-0.06506830651888659,0.12643788402418787,553,NS
BRD:BRD-K24844714-001-24-5,-0.06501889282942785,0.13420431665147234,532,NS
BRD:BRD-A46393198-003-16-6,-0.06499823740965033,0.12788734851137698,550,NS
BRD:BRD-K09735259-001-01-3,-0.0647527591440019,0.13507176708027466,534,NS
BRD:BRD-K97158071-001-18-1,-0.0647367597189689,0.1276945203736363,555,NS
BRD:BRD-A53952395-003-25-1,-0.06462332407409911,0.13010555581637828,550,NS
BRD:BRD-K68358632-001-01-0,-0.06460414783692017,0.1624677734403685,469,NS
BRD:BRD-K58568447-001-01-1,-0.064578636730935,0.1296718605590818,552,NS
BRD:BRD-K75608666-001-08-3,-0.0645676091772746,0.13436513025969543,539,NS
BRD:BRD-A94580299-001-10-4,-0.06453598270047937,0.16291246644189478,469,NS
BRD:BRD-K77943374-001-02-8,-0.06453221265313829,0.12890514375833315,555,NS
BRD:BRD-A37347161-003-02-6,-0.06438300788693879,0.1308401873492477,552,NS
BRD:BRD-A24284985-001-09-9,-0.0643750648011158,0.13159071419929974,550,NS
BRD:BRD-K13050303-001-17-3,-0.0643580379853709,0.14199389979834548,522,NS
BRD:BRD-K47780086-001-07-9,-0.06433407972140144,0.13397303802638494,544,NS
BRD:BRD-K53236343-003-03-7,-0.06428071151526303,0.13794676106196208,534,NS
BRD:BRD-K77915400-001-01-6,-0.06422731826833605,0.05740649815501198,876,NS
BRD:BRD-K84253429-001-06-9,-0.06421403691199538,0.057458169992813,876,NS
BRD:BRD-K13473780-001-02-1,-0.06400334078962217,0.166418853423811,469,NS
BRD:BRD-A48420483-001-02-3,-0.06377262589708185,0.14072009121386206,535,NS
BRD:BRD-K79254416-001-22-6,-0.06373114899140986,0.13586138455309005,549,NS
BRD:BRD-K65900713-003-01-0,-0.06363891587445346,0.14193075581609735,534,NS
BRD:BRD-A11662333-001-03-3,-0.06360489842189491,0.1471170876629477,521,NS
BRD:BRD-A65280694-003-13-7,-0.06359732519025607,0.13632828085460863,550,NS
BRD:BRD-K39009484-001-01-4,-0.06358272723350339,0.1422837037996211,534,NS
BRD:BRD-A74975734-004-09-9,-0.06357642275766048,0.1423233471522148,534,NS
BRD:BRD-K66175015-001-09-0,-0.06349558861507879,0.1409666596266305,539,NS
BRD:BRD-A31454688-001-01-6,-0.0634505283469702,0.14124949202143788,539,NS
BRD:BRD-K49461364-001-01-0,-0.0633961196295452,0.060421199140286354,878,NS
BRD:BRD-A28970875-300-04-9,-0.06331231774542409,0.14474822582983554,532,NS
BRD:BRD-K10575656-034-01-0,-0.06329389661833382,0.13929649628736684,547,NS
BRD:BRD-A23124853-001-01-4,-0.06327475358857661,0.14423018258489476,534,NS
BRD:BRD-K47878171-086-06-0,-0.06323612112187434,0.15673819892264923,503,NS
BRD:BRD-A65440446-001-04-1,-0.06322057691171236,0.13975611244220132,547,NS
BRD:BRD-K75024268-001-01-0,-0.0631635566638988,0.13902700589468678,550,NS
BRD:BRD-K05531427-001-01-7,-0.06315109061588078,0.17168739735896105,470,NS
BRD:BRD-K81026553-234-01-8,-0.06310636044026284,0.17199173623485017,470,NS
BRD:BRD-K36864847-303-02-5,-0.06305512895022937,0.1389868501230063,552,NS
BRD:BRD-A79431551-001-01-1,-0.06300232133543823,0.13824377411030916,555,NS
BRD:BRD-K29653726-001-13-4,-0.06292292608811231,0.1398187912653674,552,NS
BRD:BRD-K90027355-001-19-0,-0.06292215910167757,0.13874706514429733,555,NS
BRD:BRD-K87941707-001-02-9,-0.06287527798085771,0.06256784778659082,878,NS
BRD:BRD-K00004568-001-01-9,-0.06283967560391403,0.06347191153822998,873,NS
BRD:BRD-K82983861-001-04-3,-0.06276789272633122,0.140799265196023,552,NS
BRD:BRD-K03273112-001-01-8,-0.06269369360242312,0.14127038239084666,552,NS
BRD:BRD-K74664543-213-01-2,-0.06262067345675598,0.1530941797615599,522,NS
BRD:BRD-A74208568-003-01-5,-0.06259772459052457,0.14260880706201357,550,NS
BRD:BRD-K16077845-001-06-1,-0.06259496083490887,0.1415370448615821,553,NS
BRD:BRD-K22662435-001-18-3,-0.0625476486443406,0.1440289876356371,547,NS
BRD:BRD-K38875233-001-03-9,-0.06249672842241913,0.1766428980617767,469,NS
BRD:BRD-K33588785-001-01-9,-0.06245342989154486,0.15183822090521046,528,NS
BRD:BRD-K00003389-001-01-9,-0.0624259042385548,0.06447018189853021,878,NS
BRD:BRD-K73923631-003-02-9,-0.06237563620397853,0.14330354354935793,552,NS
BRD:BRD-K64338723-001-01-6,-0.06237064338791269,0.14591020608764682,545,NS
BRD:BRD-A28301258-001-04-8,-0.062259077556710174,0.15548508122558155,522,NS
BRD:BRD-K00003112-001-01-9,-0.06221332666535934,0.06538655261811768,878,NS
BRD:BRD-A19952358-001-11-3,-0.06220737188591042,0.14622731167572647,547,NS
BRD:BRD-K18059238-001-10-4,-0.06218595463426024,0.1452594751163329,550,NS
BRD:BRD-K05048137-001-03-9,-0.062148862760026485,0.1466078703091084,547,NS
BRD:BRD-K64054020-001-03-5,-0.062141596861777754,0.14554724783331738,550,NS
BRD:BRD-K86797399-001-04-4,-0.062118838929613285,0.15249020942935315,532,NS
BRD:BRD-K45163704-001-01-5,-0.06206406670703152,0.15638773045340806,523,NS
BRD:BRD-K06520168-001-03-9,-0.06196491386786558,0.06725196937432099,873,NS
BRD:BRD-K66664625-001-01-2,-0.06190862839817051,0.14706579117328336,550,NS
BRD:BRD-K16505263-003-02-9,-0.061897668018199445,0.15279748472813645,535,NS
BRD:BRD-A98990573-003-01-3,-0.06188507163969653,0.14870613821937256,546,NS
BRD:BRD-K73391359-003-10-2,-0.061866508569827255,0.14845500383863836,547,NS
BRD:BRD-K22149900-001-03-9,-0.06181217194506308,0.15336638857467963,535,NS
BRD:BRD-K27798832-001-01-5,-0.06178145967923221,0.15395790338472162,534,NS
BRD:BRD-A01412266-001-01-0,-0.06173505393688881,0.15007024519569578,545,NS
BRD:BRD-K46142322-003-02-4,-0.061715763418376465,0.14759304828680078,552,NS
BRD:BRD-K14661019-001-02-9,-0.06160057491329862,0.06808813070920561,878,NS
BRD:BRD-A89207210-001-01-6,-0.061598551073839394,0.15518281613998264,534,NS
BRD:BRD-K87990216-001-10-2,-0.06154395701984289,0.14946702129169895,550,NS
BRD:BRD-K82266792-001-03-9,-0.061536772532227155,0.06869096130217806,876,NS
BRD:BRD-K73196317-003-14-8,-0.06152206128413588,0.14850140087109925,553,NS
BRD:BRD-A07395371-003-10-0,-0.06145437595736605,0.15006142007172782,550,NS
BRD:BRD-K46766488-003-02-0,-0.0613961626518506,0.15157124116481258,547,NS
BRD:BRD-K05445342-001-05-3,-0.061381157133033847,0.16140744580680122,522,NS
BRD:BRD-K33502629-001-02-9,-0.06134490691670367,0.06956075562066623,876,NS
BRD:BRD-K00003290-003-01-9,-0.06120561322872188,0.06987756660772977,878,NS
BRD:BRD-K67173685-001-06-9,-0.0611279725096,0.1631465671720663,522,NS
BRD:BRD-A43885598-001-08-1,-0.06108636217842651,0.16383956307665418,521,NS
BRD:BRD-K08188887-001-02-4,-0.0610497866355505,0.1542762464083879,546,NS
BRD:BRD-K73642618-001-13-3,-0.060976321784985604,0.1532638973684382,550,NS
BRD:BRD-K19669037-001-01-1,-0.060969340073467854,0.15789164982405865,538,NS
BRD:BRD-K00091092-001-01-9,-0.06096873935518366,0.07427245537139525,858,NS
BRD:BRD-K00003260-001-01-9,-0.06087534675386909,0.07140331203030184,878,NS
BRD:BRD-A56592690-001-04-3,-0.06087310851874652,0.15209503885873873,555,NS
BRD:BRD-K88366685-300-06-0,-0.060837645325048526,0.15345215239882123,552,NS
BRD:BRD-K81197548-003-01-4,-0.06081884894873137,0.15395425407470756,551,NS
BRD:BRD-K06273313-001-07-9,-0.06080379308789089,0.16059100067691992,534,NS
BRD:BRD-K76205745-237-16-5,-0.06077423018299081,0.15729528004615553,543,NS
BRD:BRD-K71696703-001-07-9,-0.06075230491878787,0.18858179554610868,470,NS
BRD:BRD-K66241279-001-01-8,-0.06071889098146792,0.15313779589493884,555,NS
BRD:BRD-K08356259-003-24-7,-0.06071147342635844,0.15506028549575243,550,NS
BRD:BRD-K71823332-001-03-7,-0.06067125071248424,0.1564710355595642,547,NS
BRD:BRD-A55946879-001-04-9,-0.060637603286421635,0.07284551543150784,876,NS
BRD:BRD-A74347210-001-01-7,-0.06046924497023913,0.19065329523941288,470,NS
BRD:BRD-K93123848-001-04-1,-0.06046725626943745,0.15559976858717683,553,NS
BRD:BRD-K30284967-001-02-9,-0.060459233242663675,0.07369358619545932,876,NS
BRD:BRD-K40992116-001-09-7,-0.06035360605539671,0.16451172159581903,532,NS
BRD:BRD-A31564021-001-01-8,-0.06027537084086849,0.16992952801282155,520,NS
BRD:BRD-K42095107-001-17-1,-0.06025927661113846,0.160076633811703,545,NS
BRD:BRD-K97365803-001-02-1,-0.06020049613438561,0.16087136979069663,544,NS
BRD:BRD-K86003836-001-10-5,-0.06017273659820807,0.15838361348613714,551,NS
BRD:BRD-K15898725-001-01-7,-0.060134394590084794,0.15827034822441044,552,NS
BRD:BRD-K50817623-303-05-7,-0.06004748751382613,0.17072699496194635,522,NS
BRD:BRD-K65781196-001-03-0,-0.060032216838746794,0.1616598385981206,545,NS
BRD:BRD-K91283740-003-01-6,-0.059983226258234205,0.19472665745342332,469,NS
BRD:BRD-A73427433-240-01-3,-0.05997615592707084,0.1671721764202458,532,NS
BRD:BRD-K10029415-005-06-9,-0.05990930592765648,0.15945691184185806,553,NS
BRD:BRD-K04394237-001-06-0,-0.059909138692870206,0.16059961224183456,550,NS
BRD:BRD-K00003259-050-01-9,-0.05989474183344646,0.07609470212902487,878,NS
BRD:BRD-K97752965-001-16-4,-0.05987792086057983,0.17318324643208632,519,NS
BRD:BRD-K00003256-001-01-9,-0.05985587861072382,0.07628568270161527,878,NS
BRD:BRD-K00673382-001-18-9,-0.0598259061100582,0.16272129670764843,546,NS
BRD:BRD-A89082344-001-08-7,-0.05980216948834647,0.16760766420253145,534,NS
BRD:BRD-K86525559-001-04-5,-0.059648756195828725,0.1695058478675058,532,NS
BRD:BRD-K30466858-001-09-6,-0.05964517978947139,0.16168890562023253,552,NS
BRD:BRD-K70281171-050-08-9,-0.05960997313533741,0.16463529211407918,545,NS
BRD:BRD-K00003139-001-01-9,-0.05954811096325928,0.0778119262518065,878,NS
BRD:BRD-K48892307-001-04-1,-0.05948009033510891,0.16791721423555478,539,NS
BRD:BRD-K00074531-001-02-9,-0.05929797073198738,0.08257618671508385,858,NS
BRD:BRD-K93442924-001-03-4,-0.059236736811184305,0.17166877306125738,534,NS
BRD:BRD-K39120595-304-04-7,-0.05922134077678394,0.16546578985492705,550,NS
BRD:BRD-K06405316-001-04-9,-0.059208250864113784,0.07987037805140405,876,NS
BRD:BRD-K70650177-001-01-7,-0.05913720489881415,0.17239117979717156,534,NS
BRD:BRD-K00004294-001-01-9,-0.059111803915822506,0.08001805399984825,878,NS
BRD:BRD-K31313613-003-04-2,-0.059102259992444756,0.16631940801045944,550,NS
BRD:BRD-K46970505-003-01-9,-0.05909459645852604,0.1718953799148804,536,NS
BRD:BRD-K68867920-051-11-5,-0.05907944083200239,0.16532663020061925,553,NS
BRD:BRD-K00076501-001-02-9,-0.059023271003498204,0.08401076073145466,858,NS
BRD:BRD-A51355958-003-01-9,-0.05900176099271363,0.16820978842788242,547,NS
BRD:BRD-K11443721-003-01-6,-0.05898983777598582,0.17346493698358856,534,NS
BRD:BRD-K11129031-001-27-5,-0.058987040909826455,0.1767571279633597,526,NS
BRD:BRD-K22503835-001-11-0,-0.05892823075470925,0.16679886158954277,552,NS
BRD:BRD-K91623615-001-05-0,-0.05890060588404946,0.17905782853276778,522,NS
BRD:BRD-K57252450-001-02-5,-0.05884201213511837,0.16703546242851952,553,NS
BRD:BRD-K62914667-001-13-9,-0.058808017429802135,0.20363179151743038,469,NS
BRD:BRD-K61195623-001-01-4,-0.05877316685045952,0.16676370705084417,555,NS
BRD:BRD-K11796549-001-04-5,-0.05874600154006952,0.1669601780293147,555,NS
BRD:BRD-K84971356-001-01-4,-0.05861944982021408,0.17618567813580135,534,NS
BRD:BRD-K99919177-001-01-3,-0.058617706385639796,0.17579236506432436,535,NS
BRD:BRD-K05419687-001-01-0,-0.05856525183295588,0.20550759938362262,469,NS
BRD:BRD-K00091275-001-01-9,-0.05856426654673781,0.08645271870820799,858,NS
BRD:BRD-K64800655-001-07-4,-0.05847771777699315,0.16890984514802365,555,NS
BRD:BRD-K17295893-001-01-0,-0.05846483255016638,0.17733078194546925,534,NS
BRD:BRD-K10671814-001-14-8,-0.058424920412960046,0.17123775669413824,550,NS
BRD:BRD-K01039503-001-01-2,-0.058343643306079405,0.1730141899691531,547,NS
BRD:BRD-K13356952-001-25-1,-0.05822008875646687,0.177123033363401,539,NS
BRD:BRD-K00003137-001-01-9,-0.05817005926541873,0.08584806161333691,873,NS
BRD:BRD-A14574269-051-02-2,-0.058096018929801985,0.17564219493439098,545,NS
BRD:BRD-K28494619-001-28-2,-0.058083257375155864,0.17375949996037018,550,NS
BRD:BRD-K54094468-003-11-1,-0.05807471862155047,0.17343035869911233,551,NS
BRD:BRD-K67628093-001-01-9,-0.05806268579733592,0.18033497312659094,534,NS
BRD:BRD-K46982791-001-09-4,-0.05805693121750365,0.1739549499157984,550,NS
BRD:BRD-A57592049-001-01-6,-0.0579939648185163,0.1744230875935714,550,NS
BRD:BRD-K55250441-001-13-0,-0.05798552602277573,0.17448589891508737,550,NS
BRD:BRD-K77087341-001-02-4,-0.05796643560891842,0.20969992789678368,470,NS
BRD:BRD-K80778372-001-02-5,-0.05795218939242744,0.17592000053947582,547,NS
BRD:BRD-K07449869-001-01-5,-0.05794990740449111,0.20983011562868353,470,NS
BRD:BRD-K47049295-300-01-5,-0.05794310819370921,0.20318786743372255,484,NS
BRD:BRD-K14807180-001-02-5,-0.057853021236723354,0.1774586860796862,545,NS
BRD:BRD-K92838188-001-01-9,-0.057781408142896944,0.17601031610511653,550,NS
BRD:BRD-K44084986-300-08-4,-0.05776119155667854,0.1773509063069141,547,NS
BRD:BRD-K72420232-001-12-3,-0.057721598915102944,0.1776486026905998,547,NS
BRD:BRD-K00093439-001-01-9,-0.05771871802221059,0.09110073306314657,858,NS
BRD:BRD-A67521319-001-01-6,-0.057679366764088996,0.17796655430890246,547,NS
BRD:BRD-K87573013-001-01-0,-0.05761518460412418,0.18331026577870158,535,NS
BRD:BRD-K98684188-001-02-9,-0.05761110611722441,0.1784813585873263,547,NS
BRD:BRD-K86171477-001-01-3,-0.05755688114086712,0.18375468160166927,535,NS
BRD:BRD-K73585091-001-02-3,-0.057541936092710466,0.18428097756864906,534,NS
BRD:BRD-K97530723-001-20-9,-0.057510365987627494,0.17608129312646265,555,NS
BRD:BRD-A57382968-001-29-0,-0.05749646745673029,0.17618595439445234,555,NS
BRD:BRD-A49046702-003-08-3,-0.05737656232672746,0.17906309648292976,550,NS
BRD:BRD-K62374253-001-07-8,-0.05736985456601059,0.17911400564885438,550,NS
BRD:BRD-K00090647-001-01-9,-0.057340229330671656,0.09324528755161728,858,NS
BRD:BRD-K79930101-300-03-7,-0.05730350249998069,0.17764383691780453,555,NS
BRD:BRD-K12511835-003-02-0,-0.05726993938598877,0.21523667780371317,470,NS
BRD:BRD-K11984358-001-01-3,-0.057211938395515714,0.09022283951724491,878,NS
BRD:BRD-K11428250-001-01-0,-0.05721032434274734,0.21620703361740248,469,NS
BRD:BRD-K88308881-001-06-8,-0.05711575304982225,0.18105044592859734,550,NS
BRD:BRD-K80725821-300-02-9,-0.05711013818302612,0.18029850550936605,552,NS
BRD:BRD-K71731651-001-04-3,-0.05707664613665675,0.18579708518611426,539,NS
BRD:BRD-A00077618-236-07-6,-0.05703172572471314,0.1816941939236418,550,NS
BRD:BRD-K13606314-001-01-3,-0.056999419490653944,0.1799593866928223,555,NS
BRD:BRD-K29328421-001-01-6,-0.05699396401206501,0.21795191651150647,469,NS
BRD:BRD-K00003442-001-01-9,-0.05694532790552162,0.09266715918168474,873,NS
BRD:BRD-K94920105-001-05-9,-0.05692778653850124,0.09183527681396736,878,NS
BRD:BRD-K57304726-003-06-9,-0.056835093930904634,0.1812199754712745,555,NS
BRD:BRD-K23301018-001-11-7,-0.05681953120686091,0.19493788260475697,522,NS
BRD:BRD-K28217197-001-01-4,-0.05675816064876657,0.18181239446806036,555,NS
BRD:BRD-A53037217-001-02-0,-0.05675605169860497,0.18502383809837558,547,NS
BRD:BRD-K00090634-001-01-9,-0.05673582913270319,0.0967535357990447,858,NS
BRD:BRD-K65508953-001-13-9,-0.05671425156839564,0.09306214113955705,878,NS
BRD:BRD-K74236984-001-04-8,-0.056713370355054284,0.19069029263138737,534,NS
BRD:BRD-K38580127-003-15-4,-0.05669531978613231,0.1887583223864615,539,NS
BRD:BRD-K94239562-001-05-5,-0.05668903748675295,0.18554398040485573,547,NS
BRD:BRD-A41450521-075-10-8,-0.056687996299437216,0.18636174561310906,545,NS
BRD:BRD-K00003317-312-01-9,-0.05667340263356309,0.09329832815779643,878,NS
BRD:BRD-K29968218-001-03-2,-0.05665853648879843,0.18578107590530904,547,NS
BRD:BRD-A15035311-001-01-8,-0.05663337128988255,0.1847691154438462,550,NS
BRD:BRD-A09911125-001-01-4,-0.05661572978543702,0.19145623264238518,534,NS
BRD:BRD-K51730347-001-06-4,-0.05660427778152186,0.19112894411845485,535,NS
BRD:BRD-K20755323-001-05-9,-0.056472382443973596,0.18522079880837677,552,NS
BRD:BRD-K77428767-001-01-7,-0.056398225368856164,0.19317055191702023,534,NS
BRD:BRD-A42881122-001-01-1,-0.05635196627735872,0.1935366009193861,534,NS
BRD:BRD-K92446736-003-02-2,-0.05633909533585235,0.18706519241117406,550,NS
BRD:BRD-A10523515-001-07-9,-0.05633887895647438,0.1870668883995542,550,NS
BRD:BRD-A36074203-003-07-6,-0.05631627890252076,0.18644059213738653,552,NS
BRD:BRD-K25015158-001-01-2,-0.056315840180049724,0.18846035093566268,547,NS
BRD:BRD-K64120610-046-01-9,-0.05629003646896296,0.2232029637005081,470,NS
BRD:BRD-A90695733-001-07-4,-0.05622548326389419,0.18836098430628995,549,NS
BRD:BRD-K55305701-001-01-2,-0.05620397427789059,0.18612225810405397,555,NS
BRD:BRD-K61443650-236-13-1,-0.0561806696705276,0.18630513219294947,555,NS
BRD:BRD-K40624912-003-17-9,-0.05614375640135937,0.09678563016676821,876,NS
BRD:BRD-K11463116-304-03-5,-0.056105798843647976,0.19507323613109964,535,NS
BRD:BRD-A08302182-001-01-7,-0.056103799588500466,0.1901323029837456,547,NS
BRD:BRD-K14658796-003-01-6,-0.0560748057581142,0.19574042035531886,534,NS
BRD:BRD-K06191411-001-02-5,-0.0560554639437506,0.09731241371018118,876,NS
BRD:BRD-K18157228-001-01-7,-0.05602401875814432,0.18833842307239207,553,NS
BRD:BRD-K33586289-003-02-8,-0.05600639076017467,0.097606189202381,876,NS
BRD:BRD-K87465484-001-02-7,-0.05596896936990114,0.19658679104404633,534,NS
BRD:BRD-K17561142-003-32-5,-0.05594553814285629,0.18895906782100141,553,NS
BRD:BRD-K27677357-003-04-9,-0.05587399232231142,0.09898209334065215,873,NS
BRD:BRD-A04497688-001-04-2,-0.05586623426854303,0.1907985762129272,550,NS
BRD:BRD-K32247306-001-29-4,-0.05585759356671392,0.19290567438073933,545,NS
BRD:BRD-M54096567-001-01-9,-0.05583176527178475,0.2028258797096155,522,NS
BRD:BRD-K59753975-001-02-6,-0.05577274814627901,0.19774152015196403,535,NS
BRD:BRD-K00494077-066-01-9,-0.05575741752065157,0.1991329135594953,532,NS
BRD:BRD-K36627727-001-05-4,-0.055756432501136065,0.1904607386884142,553,NS
BRD:BRD-K73132780-001-01-2,-0.055720792237489436,0.1981601621293972,535,NS
BRD:BRD-K54330070-001-15-4,-0.05571234567484849,0.19324751663491502,547,NS
BRD:BRD-K87202646-061-04-9,-0.05569673708913839,0.19215003890770127,550,NS
BRD:BRD-K43389675-003-20-9,-0.05569284226033504,0.19218117608100554,550,NS
BRD:BRD-K00003538-001-02-9,-0.05566064539009389,0.10325423760382106,858,NS
BRD:BRD-A72716251-001-01-5,-0.05565105040011296,0.19373867441519238,547,NS
BRD:BRD-K00004641-001-01-9,-0.05564703768675035,0.09939189880849959,878,NS
BRD:BRD-K29918010-003-04-1,-0.055602179300968384,0.19290702599104825,550,NS
BRD:BRD-K16189898-003-03-3,-0.05551859419869704,0.19155598034005528,555,NS
BRD:BRD-A53566267-001-01-9,-0.055496063905780324,0.19416663962071223,549,NS
BRD:BRD-K78633253-001-10-3,-0.05547581630128768,0.1951478623791055,547,NS
BRD:BRD-K95573441-001-01-2,-0.055474261536786564,0.19312232273075866,552,NS
BRD:BRD-K34122555-057-11-5,-0.055465449093634996,0.19359883008298073,551,NS
BRD:BRD-K16898998-001-01-6,-0.05545521169471864,0.19287077337070707,553,NS
BRD:BRD-K43192255-048-03-6,-0.05537938066812542,0.19469928737338651,550,NS
BRD:BRD-A63431791-001-01-9,-0.05534612979416683,0.20119820810813036,535,NS
BRD:BRD-K24871708-002-04-6,-0.055295570238945255,0.23150039439439096,470,NS
BRD:BRD-K73107279-003-12-5,-0.05529184935454328,0.19704686648593592,546,NS
BRD:BRD-K94979336-001-20-0,-0.05525575303282513,0.23233698395904961,469,NS
BRD:BRD-K00004693-001-01-9,-0.05525012574920851,0.10183173093965371,878,NS
BRD:BRD-A62743154-003-01-5,-0.05521841342736866,0.23265319793656236,469,NS
BRD:BRD-K85307935-236-10-3,-0.05517252346988135,0.2082178193570026,522,NS
BRD:BRD-K78061844-050-01-9,-0.055144667561881806,0.19456911342036767,555,NS
BRD:BRD-A31204924-001-14-2,-0.05514035350007921,0.10290803964090844,876,NS
BRD:BRD-K64888243-001-03-7,-0.05509850097767262,0.19575358745074034,553,NS
BRD:BRD-K05434375-001-06-5,-0.05504319924122964,0.1974266479514618,550,NS
BRD:BRD-K76792630-001-01-2,-0.05504113754351927,0.23415862807209215,469,NS
BRD:BRD-K99964838-001-11-9,-0.055036766678124176,0.19625568350563116,553,NS
BRD:BRD-K45401373-001-22-5,-0.05500548309895096,0.20229913901501181,539,NS
BRD:BRD-K21415491-001-01-4,-0.05497459944387795,0.23422448343774696,470,NS
BRD:BRD-K49350383-001-13-7,-0.05494305343873612,0.20030572840514915,545,NS
BRD:BRD-K00004547-001-01-9,-0.054873429817022375,0.10518509991633865,873,NS
BRD:BRD-K91301684-003-05-5,-0.054869504727957305,0.1968084475085572,555,NS
BRD:BRD-K00004597-001-01-9,-0.05479930205192147,0.10565664347458889,873,NS
BRD:BRD-K36970462-001-01-6,-0.054786152780648426,0.19994175493518504,549,NS
BRD:BRD-K36207157-001-09-6,-0.05477130919006586,0.19842541987448117,553,NS
BRD:BRD-K84459715-001-01-6,-0.05450425599608802,0.20814805601377423,535,NS
BRD:BRD-K80480517-001-02-4,-0.05444560016642397,0.20193182275281096,551,NS
BRD:BRD-A49172652-001-27-1,-0.0544399331434761,0.2019788442358127,551,NS
BRD:BRD-K20545304-001-01-6,-0.05443988216643309,0.2036319461653652,547,NS
BRD:BRD-K00911143-001-01-9,-0.054330589823136904,0.20329986828694646,550,NS
BRD:BRD-M63173034-001-03-6,-0.05432610177118338,0.21006913241260858,534,NS
BRD:BRD-A30403214-001-03-3,-0.05428191209691748,0.2041190598535476,549,NS
BRD:BRD-K01666412-001-02-0,-0.05419596859762929,0.21073596032574937,535,NS
BRD:BRD-K58486055-001-02-7,-0.05416971908481102,0.20340719515389477,553,NS
BRD:BRD-A30582499-003-05-1,-0.0541128475464108,0.21272880639449676,532,NS
BRD:BRD-K56940914-001-04-2,-0.05410750268445666,0.20516433777323076,550,NS
BRD:BRD-K81225797-001-02-3,-0.05408053087760868,0.20456483651755913,552,NS
BRD:BRD-K54208592-001-10-9,-0.0540435348222793,0.10994801344733923,876,NS
BRD:BRD-A42270467-001-04-4,-0.05399844747796312,0.20608027359353195,550,NS
BRD:BRD-K00003226-001-01-9,-0.05399170620327831,0.1109030909307966,873,NS
BRD:BRD-A44936478-001-01-1,-0.05392111143409517,0.21873665369811648,522,NS
BRD:BRD-K87782578-001-01-4,-0.053915865898781834,0.20594855384241,552,NS
BRD:BRD-K35984734-001-02-9,-0.05391145438439427,0.11041311833261774,878,NS
BRD:BRD-K68346641-001-02-2,-0.05390490022743768,0.2056287182408951,553,NS
BRD:BRD-K44184170-001-01-7,-0.053833091760266794,0.21424232919670902,534,NS
BRD:BRD-A35588707-001-05-5,-0.05377610237943229,0.20754211536965297,551,NS
BRD:BRD-K09787262-001-01-9,-0.05375623635388641,0.24527583156749477,469,NS
BRD:BRD-K00079347-066-02-9,-0.05373413757019018,0.1157645269682363,858,NS
BRD:BRD-K48329353-001-01-3,-0.05370950888192268,0.20852133075861579,550,NS
BRD:BRD-A27732521-003-08-3,-0.053698735323801705,0.21324433406108584,539,NS
BRD:BRD-K46386702-001-02-1,-0.05365801058996739,0.20895859233509964,550,NS
BRD:BRD-K40715924-001-01-1,-0.05361069563265272,0.2093609176883504,550,NS
BRD:BRD-A42699921-001-03-6,-0.05360651388625064,0.2174809585277714,531,NS
BRD:BRD-K08619838-300-05-7,-0.05360057180191531,0.20779069351867016,554,NS
BRD:BRD-K00079286-003-02-9,-0.05359263652739418,0.11672837034119331,858,NS
BRD:BRD-K67102207-236-07-7,-0.05353042452550051,0.2112982368909233,547,NS
BRD:BRD-K00004564-001-01-9,-0.05348888188132011,0.11427197719854439,873,NS
BRD:BRD-K41304947-001-03-2,-0.05341275618396881,0.20897783899926087,555,NS
BRD:BRD-K64880136-001-02-6,-0.053402731491013496,0.24839812833882915,469,NS
BRD:BRD-K75052463-001-01-4,-0.05338586469104096,0.24854779227326906,469,NS
BRD:BRD-K00003269-001-01-9,-0.053372531951231074,0.11506285499685479,873,NS
BRD:BRD-K01868942-003-02-7,-0.05337142982710605,0.2105718232695918,552,NS
BRD:BRD-K00003095-001-01-9,-0.053320421358535756,0.11437889962595077,878,NS
BRD:BRD-A99388803-001-01-5,-0.05328667909655694,0.21678249930207064,539,NS
BRD:BRD-K65518078-002-01-1,-0.05323369967280347,0.2138439504290041,547,NS
BRD:BRD-K70592963-001-31-6,-0.053233491264667934,0.21896458955270093,535,NS
BRD:BRD-K00003184-001-01-9,-0.053193796752383796,0.11524292421712758,878,NS
BRD:BRD-K10784860-003-02-3,-0.053193667112988154,0.21418908689933655,547,NS
BRD:BRD-K00004591-001-01-9,-0.05318344268209638,0.1153138013728931,878,NS
BRD:BRD-K70505054-003-12-4,-0.05310114803090291,0.21247881816707123,553,NS
BRD:BRD-K13474508-001-01-2,-0.05309284617163732,0.21590444999196265,545,NS
BRD:BRD-K55127134-300-11-2,-0.0530592888511427,0.21409090799057418,550,NS
BRD:BRD-K59753853-001-02-3,-0.0530582523851037,0.25095977641038897,470,NS
BRD:BRD-K16546375-001-01-4,-0.053026985717801026,0.22119365330232119,534,NS
BRD:BRD-A86415025-050-01-0,-0.05300639964172675,0.2124674671033389,555,NS
BRD:BRD-K00004552-001-01-9,-0.053001947233584264,0.11761054078464636,873,NS
BRD:BRD-K62414032-001-12-0,-0.05299109721881973,0.21259969341623625,555,NS
BRD:BRD-K42624714-001-04-1,-0.05296268249586765,0.25232339819820193,469,NS
BRD:BRD-K73771095-001-02-5,-0.05289926133111922,0.2276040054947094,522,NS
BRD:BRD-K37543758-001-01-3,-0.05287378695481798,0.22253276447265344,534,NS
BRD:BRD-K17008822-303-02-1,-0.05285119076335931,0.2171580936513089,547,NS
BRD:BRD-K85014146-001-02-5,-0.052828364950123746,0.24652802122241546,483,NS
BRD:BRD-K80036624-001-04-0,-0.05279750077114553,0.21594420631016323,551,NS
BRD:BRD-K10845183-304-01-6,-0.05278244742138043,0.22420689504459768,532,NS
BRD:BRD-K73028949-001-02-8,-0.05275289863052994,0.22359352776014893,534,NS
BRD:BRD-K50199947-001-07-9,-0.05269931518006368,0.1190879375238538,876,NS
BRD:BRD-K00003148-001-01-9,-0.052666514587514514,0.11995447477103918,873,NS
BRD:BRD-K21937671-001-09-2,-0.05264112265855982,0.23350549094340214,514,NS
BRD:BRD-K61097567-001-08-5,-0.05254376627150508,0.22069721139484583,545,NS
BRD:BRD-K96615647-001-01-2,-0.0525387632132561,0.21653505958330782,555,NS
BRD:BRD-K64835161-001-02-8,-0.05253590488471382,0.21781186216290224,552,NS
BRD:BRD-K00090659-001-01-9,-0.0524964024148308,0.12441006672787454,858,NS
BRD:BRD-K24187789-001-01-7,-0.05248011285115984,0.21830159406638375,552,NS
BRD:BRD-K23204545-001-16-4,-0.052413912033068936,0.22099172134158063,547,NS
BRD:BRD-A55204514-003-01-2,-0.05240521493745144,0.2568482668519269,470,NS
BRD:BRD-K65814004-003-02-9,-0.05237967173007671,0.22129393631872993,547,NS
BRD:BRD-K21718444-001-06-8,-0.05234741273231779,0.21821547686536544,555,NS
BRD:BRD-K79404599-001-09-3,-0.05233063622280047,0.21836325059524236,555,NS
BRD:BRD-K02160913-001-02-7,-0.05228207803628573,0.25847894923244424,469,NS
BRD:BRD-K19309090-300-05-5,-0.052273837457988755,0.2196998043053383,553,NS
BRD:BRD-K32021043-001-14-3,-0.052265876631062455,0.2206097261208024,551,NS
BRD:BRD-K18135438-001-16-7,-0.05222334318761084,0.22140749471411225,550,NS
BRD:BRD-K83063356-003-02-5,-0.052220787925828016,0.22270015691874798,547,NS
BRD:BRD-K00003383-001-01-9,-0.05215647492982169,0.12251533976660181,878,NS
BRD:BRD-K60036103-003-01-6,-0.052111330796285125,0.2224012950017905,550,NS
BRD:BRD-K95362002-001-01-1,-0.05209289881572391,0.22944845822945548,534,NS
BRD:BRD-K66480997-003-10-0,-0.052074636514809994,0.22062709236887681,555,NS
BRD:BRD-K00003217-304-01-9,-0.052054031673874186,0.12432842647554382,873,NS
BRD:BRD-K00003417-001-01-9,-0.052011917724601536,0.12463368157667244,873,NS
BRD:BRD-K67537649-001-04-5,-0.05198480635453304,0.22737231953603493,541,NS
BRD:BRD-A64173453-015-02-3,-0.05196310541930774,0.23061255408801404,534,NS
BRD:BRD-K88120876-001-10-9,-0.05185384260075377,0.12513449841539281,876,NS
BRD:BRD-K18375018-376-02-3,-0.05182974909909544,0.22491361068445326,550,NS
BRD:BRD-K19871656-001-01-3,-0.05181957874876263,0.2627206498353474,469,NS
BRD:BRD-K43812936-001-01-9,-0.051771158132635976,0.12530612813208916,878,NS
BRD:BRD-K01950558-001-14-7,-0.05177055013163275,0.22502116897143376,551,NS
BRD:BRD-K99431849-001-01-7,-0.05176963549364383,0.23191668717660768,535,NS
BRD:BRD-A18795974-004-07-3,-0.0517368373964726,0.22490132305979743,552,NS
BRD:BRD-K42260897-001-07-6,-0.05171483649660144,0.2381982397152757,522,NS
BRD:BRD-K25359048-001-02-6,-0.05171053712206349,0.22387571271467815,555,NS
BRD:BRD-K02528732-001-02-4,-0.05170359743242341,0.23295257678165937,534,NS
BRD:BRD-K60567437-001-10-2,-0.05167454838193022,0.23102965628258526,539,NS
BRD:BRD-K21937671-001-10-0,-0.051656145849222526,0.2256262670636649,552,NS
BRD:BRD-K18849474-001-04-4,-0.051618489665557966,0.23907504627375878,522,NS
BRD:BRD-K00003301-001-01-9,-0.05160230320557314,0.1276332135919981,873,NS
BRD:BRD-K45551181-001-02-1,-0.0515559739021576,0.23964518543609803,522,NS
BRD:BRD-K31394475-001-01-9,-0.05151835540898494,0.2649971974361952,470,NS
BRD:BRD-K77791657-001-01-1,-0.051514764381294265,0.22563649987353146,555,NS
BRD:BRD-K53532120-003-11-1,-0.05147908577364534,0.22934906859815862,547,NS
BRD:BRD-K02898090-001-02-7,-0.051459669144215084,0.23297762850166964,539,NS
BRD:BRD-A87435144-001-01-6,-0.05144218126018365,0.22755660521007984,552,NS
BRD:BRD-K36515744-001-03-5,-0.0514366759121449,0.12820467369650196,876,NS
BRD:BRD-K17874705-300-03-2,-0.05143440033977835,0.23364352450974366,538,NS
BRD:BRD-A69917777-065-02-2,-0.051405212759531284,0.22873950442970514,550,NS
BRD:BRD-K77925998-050-14-3,-0.05137220166755664,0.22989116117766106,548,NS
BRD:BRD-K37237504-001-02-7,-0.05136609221745444,0.22698023416538152,555,NS
BRD:BRD-A75817871-001-06-7,-0.05135891477449276,0.23043945296935803,547,NS
BRD:BRD-K39467894-001-05-9,-0.051353498088198044,0.22920869213042414,550,NS
BRD:BRD-A67181951-001-01-2,-0.05129439086411841,0.22847368067813983,553,NS
BRD:BRD-K89839824-001-05-3,-0.05129212052176062,0.23104710437877068,547,NS
BRD:BRD-A18598741-001-02-9,-0.05129123633707069,0.12885100678273512,878,NS
BRD:BRD-K91244729-003-01-3,-0.05127084309629005,0.23645145712905774,535,NS
BRD:BRD-K68674163-001-01-7,-0.051266347709663054,0.2678570907088482,469,NS
BRD:BRD-K59058747-001-18-3,-0.05121960366102772,0.24272926474832773,522,NS
BRD:BRD-K51575138-001-13-2,-0.05119692323027128,0.22851613399367987,555,NS
BRD:BRD-A47364545-003-02-6,-0.05118985844161237,0.23283891712134247,545,NS
BRD:BRD-K37270826-001-31-8,-0.051166474179178356,0.2309111900079208,550,NS
BRD:BRD-K19515365-001-02-6,-0.05109986506451547,0.2384613736354116,534,NS
BRD:BRD-K72293620-001-01-7,-0.051084229983607614,0.26905022689017494,470,NS
BRD:BRD-K61665160-001-01-5,-0.05106878869539166,0.23308707612735702,547,NS
BRD:BRD-K30550578-001-01-3,-0.05100321746917858,0.23411826634934338,546,NS
BRD:BRD-A75224450-001-02-4,-0.05098559643986249,0.2395142605910961,534,NS
BRD:BRD-K03988082-001-01-7,-0.050984265020467004,0.27050237847964576,469,NS
BRD:BRD-K50050533-001-02-1,-0.05097958025094131,0.24494691195520085,522,NS
BRD:BRD-K34328244-001-01-4,-0.05097559965492334,0.23053667461275507,555,NS
BRD:BRD-A94624445-236-17-0,-0.05095662413805972,0.24380158287976716,525,NS
BRD:BRD-K00004724-001-01-9,-0.05090696312578352,0.13285302465832172,873,NS
BRD:BRD-K19482962-001-01-8,-0.05088473571198853,0.2709268729702014,470,NS
BRD:BRD-K27983781-001-01-4,-0.050819646232151496,0.13285253584344317,876,NS
BRD:BRD-A00827783-001-24-6,-0.05078658411793397,0.23439691183791792,550,NS
BRD:BRD-K72384124-001-08-0,-0.05075787465119115,0.2342349388065011,551,NS
BRD:BRD-A94709349-001-08-3,-0.05075780291672345,0.2342356007833767,551,NS
BRD:BRD-K47264279-001-08-9,-0.050720666728352966,0.23629226162404893,547,NS
BRD:BRD-K21672174-001-03-0,-0.050673792255865976,0.23458551521301252,552,NS
BRD:BRD-K60914966-001-01-4,-0.05065694425514515,0.23516764809013754,551,NS
BRD:BRD-K06455935-001-01-3,-0.05062293146699834,0.24287754193324468,534,NS
BRD:BRD-K20290250-001-02-1,-0.05059659699469757,0.24942746297847596,520,NS
BRD:BRD-A63546914-003-02-0,-0.05059206396293893,0.23748414332796122,547,NS
BRD:BRD-K34843150-001-03-0,-0.050582509756843176,0.13467305473882563,876,NS
BRD:BRD-K94080537-001-09-7,-0.050577175527069,0.23590665271016542,551,NS
BRD:BRD-K14063023-001-02-9,-0.050532534744931155,0.13461311171484483,878,NS
BRD:BRD-K49545903-003-01-4,-0.05051463835274667,0.23820375788727868,547,NS
BRD:BRD-K15241725-001-02-9,-0.05045133330329352,0.13524140919306749,878,NS
BRD:BRD-K97009491-238-05-9,-0.050435972260127776,0.1364813822332033,873,NS
BRD:BRD-K01662324-001-01-8,-0.05032394170014771,0.24567510402850723,534,NS
BRD:BRD-K49389158-001-01-3,-0.05032366807533529,0.2767669323707257,469,NS
BRD:BRD-K09485525-001-03-9,-0.05027768120728243,0.13704145782607322,876,NS
BRD:BRD-K36660044-001-24-2,-0.0502551563656559,0.23933520627476118,550,NS
BRD:BRD-K31812033-003-11-0,-0.05025396891290038,0.24150344396856452,545,NS
BRD:BRD-A62421304-004-18-9,-0.05024953050182886,0.2393878731279752,550,NS
BRD:BRD-K70511574-001-06-9,-0.050192823891486146,0.23863554702807763,553,NS
BRD:BRD-K41731458-001-15-1,-0.05015713153209205,0.23897004342140393,553,NS
BRD:BRD-K43230258-001-01-4,-0.05014826633398167,0.2468851008333837,535,NS
BRD:BRD-A25625670-001-02-7,-0.050135424313897003,0.13815765903439822,876,NS
BRD:BRD-K55044200-001-15-3,-0.050094587224161546,0.238705201986523,555,NS
BRD:BRD-K01942991-005-08-2,-0.050085571429597894,0.2422194481352103,547,NS
BRD:BRD-K62581435-001-03-8,-0.05007135281139904,0.2389233479122889,555,NS
BRD:BRD-K61337602-003-02-1,-0.05005637584376688,0.24120104777559076,550,NS
BRD:BRD-K63630713-001-25-8,-0.050025000833962184,0.24149647816030237,550,NS
BRD:BRD-A37288617-003-02-2,-0.0499925944696482,0.23966384676284214,555,NS
BRD:BRD-K18323388-001-01-1,-0.04995850837802291,0.24341770902044285,547,NS
BRD:BRD-K34388247-236-08-2,-0.049941117761771715,0.2422875770575202,550,NS
BRD:BRD-K76210423-001-01-6,-0.049935436605643715,0.24712922969550036,539,NS
BRD:BRD-K88553858-001-02-7,-0.049931308563304036,0.24238020591495224,550,NS
BRD:BRD-K00003176-001-01-9,-0.04991857738194655,0.1394198622277243,878,NS
BRD:BRD-K03095347-001-06-1,-0.04991275688109111,0.24385018134009806,547,NS
BRD:BRD-K00075715-003-02-9,-0.049872952562981805,0.14438928868608,858,NS
BRD:BRD-A53077924-001-01-2,-0.0498634785457702,0.2500274638041354,534,NS
BRD:BRD-A94276798-001-01-4,-0.04978026846898654,0.24252201197278367,553,NS
BRD:BRD-A94756469-001-04-7,-0.049735541842650374,0.24209192110777097,555,NS
BRD:BRD-K06152156-001-01-8,-0.049655619709820846,0.27810061621306403,479,NS
BRD:BRD-K20468903-001-01-6,-0.049655116207265676,0.25156882423119753,535,NS
BRD:BRD-A96485169-001-14-3,-0.0496501150138529,0.24290265595619806,555,NS
BRD:BRD-K92606079-001-02-0,-0.04956074563006701,0.28360807363789753,470,NS
BRD:BRD-K43055376-001-01-2,-0.049537726581722355,0.2474154996521918,547,NS
BRD:BRD-K44825564-065-01-4,-0.049536149487086,0.2585821209484632,522,NS
BRD:BRD-K43419711-001-01-4,-0.04951824929595652,0.28453724254043505,469,NS
BRD:BRD-A07947329-001-01-4,-0.04950439102323371,0.24429002434705932,555,NS
BRD:BRD-K00010521-300-02-9,-0.04949138610977089,0.1474890112219109,858,NS
BRD:BRD-K00004685-001-01-9,-0.049443176627345806,0.14323160537066149,878,NS
BRD:BRD-A64808605-003-02-7,-0.04944058854745084,0.24618443615855617,552,NS
BRD:BRD-K11773281-075-02-4,-0.04938956891148771,0.28527639067139215,470,NS
BRD:BRD-K08206212-002-01-0,-0.04937097091314798,0.2556376200757455,532,NS
BRD:BRD-K11094367-001-10-1,-0.04936677476619757,0.24775303343892743,550,NS
BRD:BRD-K11267252-001-04-4,-0.04936148684108912,0.255729055182202,532,NS
BRD:BRD-K12787259-001-04-3,-0.04936068986024384,0.25573673983664585,532,NS
BRD:BRD-K00077266-001-02-9,-0.04935273484630081,0.14862786090625665,858,NS
BRD:BRD-K00003276-001-01-9,-0.04933130302543894,0.1441400991307552,878,NS
BRD:BRD-K73529671-001-04-5,-0.04930582555612146,0.24790647819148381,551,NS
BRD:BRD-K42436189-001-01-2,-0.049277311490645515,0.24646298318376317,555,NS
BRD:BRD-K22520627-001-01-7,-0.049276561786736714,0.24991972649338814,547,NS
BRD:BRD-K82166906-236-02-8,-0.04924994673323313,0.25017591775168785,547,NS
BRD:BRD-K40654626-236-01-5,-0.049249555629770174,0.2613506362066387,522,NS
BRD:BRD-K89375097-300-08-8,-0.04924167781912794,0.24809220625215156,552,NS
BRD:BRD-K56033645-001-07-5,-0.0491634558486492,0.2475575546427667,555,NS
BRD:BRD-K52020312-001-26-8,-0.049115653325714874,0.24801812278698776,555,NS
BRD:BRD-K50168500-001-07-9,-0.04910409020135003,0.2502812115627033,550,NS
BRD:BRD-K96786677-236-02-4,-0.04907481283104095,0.25850355367634514,532,NS
BRD:BRD-K82164249-001-03-5,-0.0490268427634171,0.2510280776017996,550,NS
BRD:BRD-K93176058-001-03-6,-0.04900527887223732,0.2525396131597576,547,NS
BRD:BRD-K61269089-001-05-5,-0.04897185189272284,0.25637935873441636,539,NS
BRD:BRD-K24526313-001-17-7,-0.04896711123805358,0.14759091165767774,876,NS
BRD:BRD-K08493205-001-04-9,-0.04896135193835352,0.25166248879073017,550,NS
BRD:BRD-K72327355-001-14-7,-0.048960040613251876,0.2529783470618219,547,NS
BRD:BRD-A90926615-001-01-9,-0.04889800745387275,0.2514126401296017,552,NS
BRD:BRD-A38747044-001-02-3,-0.04889730364247635,0.2522840039621038,550,NS
BRD:BRD-K33622447-066-01-9,-0.048862650014705564,0.2521879047731524,551,NS
BRD:BRD-K28192623-066-08-1,-0.048840972877746545,0.2528315105928654,550,NS
BRD:BRD-A17428743-003-09-0,-0.04879964441655554,0.25323372708900094,550,NS
BRD:BRD-K82484347-001-01-2,-0.048761728306948415,0.2914519659067236,470,NS
BRD:BRD-K21123171-001-02-9,-0.04870493877397754,0.2589835192342841,539,NS
BRD:BRD-K57631554-003-06-2,-0.048697012728386904,0.2520772015659766,555,NS
BRD:BRD-K23902832-001-01-7,-0.048688340081991646,0.1494471400218269,878,NS
BRD:BRD-K49522529-001-03-7,-0.048685035472694274,0.2543514476050602,550,NS
BRD:BRD-K92581468-001-01-6,-0.04867884665718974,0.261022419445267,535,NS
BRD:BRD-K75528696-001-01-2,-0.048633663618099086,0.2927225556791773,470,NS
BRD:BRD-K80021413-001-08-8,-0.04858824884229776,0.29369085956126745,469,NS
BRD:BRD-K84544951-236-01-0,-0.048493479537950634,0.25536052039156015,552,NS
BRD:BRD-K66896751-001-02-4,-0.048491584630041294,0.2946534578040382,469,NS
BRD:BRD-K99968849-300-01-4,-0.04847099550179894,0.29485875971649145,469,NS
BRD:BRD-K04643877-001-03-2,-0.048447099241709465,0.2637507981783013,534,NS
BRD:BRD-K07395323-001-02-9,-0.0484298589525312,0.15209041041849442,876,NS
BRD:BRD-A59198242-003-02-9,-0.048397964817102956,0.2554353141911817,554,NS
BRD:BRD-K04111260-001-10-0,-0.04839283936282828,0.25852419503508356,547,NS
BRD:BRD-K40887525-001-21-9,-0.04836797806289445,0.2592069522075404,546,NS
BRD:BRD-K00003172-001-01-9,-0.04835842891847122,0.1534030070453785,873,NS
BRD:BRD-K37688416-003-13-1,-0.04834337243489009,0.2577038015350833,550,NS
BRD:BRD-K01649396-003-07-1,-0.04831183437499866,0.2571471451879072,552,NS
BRD:BRD-K11640013-001-15-8,-0.04831077127527694,0.2580252698985324,550,NS
BRD:BRD-K77115421-001-02-6,-0.04827455329344159,0.26056816369261354,545,NS
BRD:BRD-K17378184-300-05-9,-0.04822625698938432,0.2601688111987756,547,NS
BRD:BRD-K00073934-001-02-9,-0.04822196140830737,0.15816736568477552,858,NS
BRD:BRD-A62182663-001-03-0,-0.04821322426911504,0.29743717838232026,469,NS
BRD:BRD-A67516570-001-02-8,-0.04821311204935613,0.258989911738029,550,NS
BRD:BRD-K33510429-001-03-1,-0.048161562955256705,0.27297118492311745,520,NS
BRD:BRD-A40940854-001-01-1,-0.04815764680213819,0.2595388851164703,550,NS
BRD:BRD-K64514229-001-05-2,-0.04814112984295365,0.2597025187049519,550,NS
BRD:BRD-K81993098-003-15-0,-0.04811912162750168,0.1547400069973366,876,NS
BRD:BRD-A08187463-001-12-9,-0.048104010463402125,0.26805340400681377,532,NS
BRD:BRD-K69650333-003-14-0,-0.048084163397951935,0.2615773523869649,547,NS
BRD:BRD-K81376179-001-04-8,-0.04808217900619068,0.25985228681824096,551,NS
BRD:BRD-K32730239-001-01-0,-0.04806726264734768,0.2595663412534924,552,NS
BRD:BRD-K00004561-001-01-9,-0.04802995241054768,0.15503442422514796,878,NS
BRD:BRD-K03336321-001-02-9,-0.04801786084216408,0.15513849794785,878,NS
BRD:BRD-K30360804-001-02-9,-0.04801169259193969,0.15566412966506984,876,NS
BRD:BRD-K59284035-001-07-9,-0.04796743936673158,0.2631770649206291,546,NS
BRD:BRD-K55430733-003-03-9,-0.047964193426479125,0.1556010596852398,878,NS
BRD:BRD-K00004626-001-01-9,-0.04796026722933067,0.15682059537858817,873,NS
BRD:BRD-K38145871-001-01-8,-0.04792299898682879,0.30035815301679053,469,NS
BRD:BRD-K84091759-001-07-1,-0.04791522910913291,0.2740474916986286,523,NS
BRD:BRD-K01291782-001-01-1,-0.047900737603972135,0.2691804801960396,534,NS
BRD:BRD-K13039700-066-01-2,-0.04784308525178643,0.30116578054040627,469,NS
BRD:BRD-K00005342-001-01-9,-0.04782785301464651,0.15678088238248689,878,NS
BRD:BRD-K39061174-001-01-0,-0.047815573942164326,0.2755094345789401,522,NS
BRD:BRD-K41141507-001-18-9,-0.0477855709926476,0.15833814971503027,873,NS
BRD:BRD-K32322923-001-01-7,-0.04773536148656752,0.3017391344228422,470,NS
BRD:BRD-K82028950-300-02-9,-0.047700628012615084,0.26540545941636184,547,NS
BRD:BRD-K12040459-001-06-0,-0.04763494635143797,0.26475184799118867,550,NS
BRD:BRD-K58937086-001-01-4,-0.047626806544777404,0.26702656421502247,545,NS
BRD:BRD-K45861246-001-13-4,-0.047619200885265674,0.26976466181219777,539,NS
BRD:BRD-A20589515-001-03-9,-0.04761403735827753,0.15912123296190556,876,NS
BRD:BRD-K36040345-001-01-1,-0.04760969836678222,0.2628346419645221,555,NS
BRD:BRD-K82178523-001-01-6,-0.04758822208806332,0.30375111222426504,469,NS
BRD:BRD-K00004617-001-01-9,-0.0475197030156762,0.1606689613167852,873,NS
BRD:BRD-K36381762-300-02-7,-0.04749310513536677,0.2640066556063339,555,NS
BRD:BRD-K69812556-305-02-0,-0.04745227864536631,0.2661541850076393,551,NS
BRD:BRD-K72093121-001-16-3,-0.04740551619346371,0.2683770745705374,547,NS
BRD:BRD-K82181219-001-04-3,-0.04734933968422487,0.2671939370311447,551,NS
BRD:BRD-K27316855-001-13-3,-0.04732919961557446,0.2804281675400574,522,NS
BRD:BRD-K81405859-300-01-4,-0.04725276275349076,0.27526730428523394,535,NS
BRD:BRD-K77345217-001-05-0,-0.04724385191724543,0.2735622176407926,539,NS
BRD:BRD-K99946902-001-07-5,-0.04720999633767374,0.26948031496206415,549,NS
BRD:BRD-K46254452-001-01-5,-0.047207524953500966,0.2690677211202162,550,NS
BRD:BRD-K43149758-001-22-7,-0.04718445727800002,0.2706178933771954,547,NS
BRD:BRD-A34788695-003-10-2,-0.04718179094003478,0.27644114354361343,534,NS
BRD:BRD-K54264768-001-01-2,-0.047137803326503414,0.30783805037749995,470,NS
BRD:BRD-A45889380-300-07-1,-0.047092271627587605,0.2751060971611533,539,NS
BRD:BRD-K00091105-001-01-9,-0.047061854241785855,0.16842809360297464,858,NS
BRD:BRD-K00003433-001-01-9,-0.047034716250818925,0.16498727100042085,873,NS
BRD:BRD-K54233340-001-02-2,-0.04700479083872033,0.16452990119522198,876,NS
BRD:BRD-A25004090-001-08-4,-0.0469875827636421,0.27086999952017443,551,NS
BRD:BRD-K35781423-001-01-6,-0.04697460920248926,0.27056607961055346,552,NS
BRD:BRD-K37851352-001-02-9,-0.04697360675678969,0.16432770891086282,878,NS
BRD:BRD-A18074780-003-02-0,-0.046971094419846315,0.2714756483867855,550,NS
BRD:BRD-K47887731-001-01-4,-0.046963656075869636,0.2786701799988602,534,NS
BRD:BRD-A45543382-001-10-0,-0.04696222524723037,0.2728834614800805,547,NS
BRD:BRD-K00093437-001-01-9,-0.04695749532287092,0.16937501174472827,858,NS
BRD:BRD-K85882401-323-01-5,-0.04694055711153358,0.2784551618601073,535,NS
BRD:BRD-K30758549-001-01-8,-0.04693233841309768,0.284485456697655,522,NS
BRD:BRD-K00005343-001-01-9,-0.04692697798135148,0.16474737894440186,878,NS
BRD:BRD-K44777625-001-03-5,-0.04689598666927124,0.27136968240428905,552,NS
BRD:BRD-K00076315-001-02-9,-0.046834099878058894,0.17049979673030471,858,NS
BRD:BRD-K06814349-304-01-9,-0.04679835570293141,0.27456231205357606,547,NS
BRD:BRD-K93217218-300-03-9,-0.04679194996284701,0.1664516476602798,876,NS
BRD:BRD-K19958299-001-02-9,-0.046788272598053765,0.16648499812311834,876,NS
BRD:BRD-A08545410-311-01-8,-0.04675416400574688,0.2817292603714169,532,NS
BRD:BRD-K67262033-001-01-0,-0.04674933273153718,0.3118462514116782,470,NS
BRD:BRD-K72687424-001-02-6,-0.046692295805081184,0.2734591896465785,552,NS
BRD:BRD-K00003252-001-01-9,-0.04667023604328281,0.16707255831382153,878,NS
BRD:BRD-K00003159-300-01-9,-0.04666530722215284,0.16711743571247142,878,NS
BRD:BRD-K20290250-001-01-3,-0.04660692792673394,0.27521322203699666,550,NS
BRD:BRD-K26573499-300-02-1,-0.04656834027099714,0.2756113037493784,550,NS
BRD:BRD-A66966115-001-01-0,-0.04655887337599766,0.27439749184577283,553,NS
BRD:BRD-K88854110-001-01-5,-0.04654677261075634,0.2829639929099293,534,NS
BRD:BRD-K84214706-001-05-7,-0.046538458568689975,0.2737381129617369,555,NS
BRD:BRD-K24576554-001-04-8,-0.046526046312539315,0.27736766318903805,547,NS
BRD:BRD-K32977963-001-05-0,-0.046521207211902296,0.27741769140863515,547,NS
BRD:BRD-K62304154-001-04-2,-0.046492116703817934,0.2844379350511654,532,NS
BRD:BRD-K04414442-001-08-3,-0.04646437615271939,0.2788900352458881,545,NS
BRD:BRD-A26835809-300-01-3,-0.04646430789155303,0.3148088227483473,470,NS
BRD:BRD-A98378129-001-02-2,-0.04642418418307955,0.2819813166489552,539,NS
BRD:BRD-K52762805-001-01-2,-0.04642024597588455,0.27846286007000054,547,NS
BRD:BRD-K51033547-003-02-6,-0.04636093642404838,0.27557435639253014,555,NS
BRD:BRD-K73309154-003-02-8,-0.04635019665017327,0.27568571409993853,555,NS
BRD:BRD-K00003140-001-01-9,-0.04632511218675048,0.17023684196098363,878,NS
BRD:BRD-K07790550-001-01-6,-0.0463154405437895,0.2849131243917357,535,NS
BRD:BRD-K15196155-001-02-3,-0.046305207356195484,0.27965701345881083,547,NS
BRD:BRD-K58262659-001-09-7,-0.04628314832618482,0.28661050913032154,532,NS
BRD:BRD-A60786380-412-01-5,-0.046272815642524834,0.2922459218555885,520,NS
BRD:BRD-K22031190-001-23-6,-0.0462534361496011,0.2788745916457567,550,NS
BRD:BRD-K55487946-001-01-3,-0.046248516579204924,0.3170640003316384,470,NS
BRD:BRD-K92015269-300-01-2,-0.04623775322610374,0.2803588302813504,547,NS
BRD:BRD-K23672206-001-01-4,-0.04622457674749168,0.2796144545903053,549,NS
BRD:BRD-A32673558-003-03-9,-0.04619184015334086,0.2795159508504763,550,NS
BRD:BRD-K00004661-001-01-9,-0.046125596025106914,0.1733161394050245,873,NS
BRD:BRD-K07265709-003-05-6,-0.046121489557441976,0.2928977272748632,522,NS
BRD:BRD-K03503561-001-01-4,-0.04609789966475509,0.2871840068298556,535,NS
BRD:BRD-K98157055-001-10-9,-0.04608235218809138,0.2806584449500837,550,NS
BRD:BRD-K93944989-001-08-0,-0.046077416798484774,0.27939603849407496,553,NS
BRD:BRD-K02950022-001-02-9,-0.04606929729895425,0.28079488191725815,550,NS
BRD:BRD-K26439554-001-01-3,-0.04604706186160617,0.31969698654946477,469,NS
BRD:BRD-K30577245-001-04-3,-0.0460391924894438,0.28916093914773777,532,NS
BRD:BRD-K80025777-001-01-4,-0.0460103699816889,0.2814112916033866,550,NS
BRD:BRD-A13323580-001-04-8,-0.0459810925858227,0.28977058408371187,532,NS
BRD:BRD-A95602221-003-02-1,-0.045968523263389745,0.2831718722961037,547,NS
BRD:BRD-A96529864-001-01-3,-0.04595749614763779,0.28065061506622835,553,NS
BRD:BRD-K59632282-052-03-1,-0.04594756042175723,0.27988263510400735,555,NS
BRD:BRD-A31990649-304-02-3,-0.045946259813066055,0.2947373328370952,522,NS
BRD:BRD-K67298865-001-09-0,-0.045937890481807735,0.28129343571918947,552,NS
BRD:BRD-K17641316-001-04-8,-0.045915152787986975,0.28910106949969133,535,NS
BRD:BRD-K51784806-001-01-6,-0.045876291604861466,0.28996313604571977,534,NS
BRD:BRD-K97521363-001-16-1,-0.045859048670033174,0.28299838210119094,550,NS
BRD:BRD-K81074237-001-02-3,-0.0458475966707512,0.2880075910685957,539,NS
BRD:BRD-K95773607-004-03-8,-0.04584156657501592,0.2809946356767073,555,NS
BRD:BRD-K36474365-001-09-9,-0.04583979810196208,0.1752552969714354,876,NS
BRD:BRD-K24603946-001-02-1,-0.045742631076806095,0.28378414463977586,551,NS
BRD:BRD-K27539181-001-08-5,-0.04571879903731286,0.3231626780481135,469,NS
BRD:BRD-K24943235-001-01-3,-0.04569422810858543,0.2825453529338205,555,NS
BRD:BRD-K53328210-001-04-4,-0.0456789003311709,0.3235855733541602,469,NS
BRD:BRD-K61314889-001-04-4,-0.045667203187396414,0.28283041326771263,555,NS
BRD:BRD-K16803204-001-01-6,-0.0456591846587853,0.28378799630908486,553,NS
BRD:BRD-K00003466-001-01-9,-0.04565177351489622,0.17777951133872885,873,NS
BRD:BRD-K17075857-001-18-4,-0.04565042523311491,0.29325671598068315,532,NS
BRD:BRD-K34362291-001-02-9,-0.045640667013279124,0.17713954885658226,876,NS
BRD:BRD-K45479396-050-01-5,-0.04563624736857991,0.2831571756935163,555,NS
BRD:BRD-K00003537-001-01-9,-0.045590325024458554,0.17836455319590486,873,NS
BRD:BRD-A18233884-003-02-7,-0.045576003866613694,0.28819411539059037,545,NS
BRD:BRD-K03391209-001-02-0,-0.045571279066913314,0.1777996501144516,876,NS
BRD:BRD-K44276885-001-07-4,-0.04556102214011827,0.28614180611628864,550,NS
BRD:BRD-K57774929-001-01-3,-0.04554636770991206,0.29299584952017266,535,NS
BRD:BRD-K67397687-001-01-3,-0.04551430362799052,0.3253339689630604,469,NS
BRD:BRD-M17926088-001-01-3,-0.04549675375719949,0.2994915964969355,522,NS
BRD:BRD-K76687997-003-07-9,-0.045381852333573613,0.1841599139666078,858,NS
BRD:BRD-A27924917-001-03-3,-0.04538182512436558,0.2871643307668185,552,NS
BRD:BRD-K65428967-001-08-4,-0.045379782117504736,0.29027700296923364,545,NS
BRD:BRD-K00075754-001-02-9,-0.045362644820916974,0.18434585089788302,858,NS
BRD:BRD-K62814487-001-03-0,-0.045350530071605964,0.1799118379475749,876,NS
BRD:BRD-K70924353-001-01-2,-0.04523648210429095,0.2882740289391606,553,NS
BRD:BRD-K06519765-001-01-1,-0.04523000872984651,0.296364813918587,535,NS
BRD:BRD-K48619321-004-16-8,-0.04520653212953789,0.30258811861674473,522,NS
BRD:BRD-K48996094-001-01-3,-0.04515754078625099,0.2926482601580181,545,NS
BRD:BRD-A86216746-046-02-6,-0.0451549229262241,0.296715045577485,536,NS
BRD:BRD-K12979078-001-02-9,-0.04514362858692712,0.1826605306261401,873,NS
BRD:BRD-K43471985-001-05-5,-0.04511000480620933,0.290503310868796,551,NS
BRD:BRD-K07881437-001-03-8,-0.045063687934817805,0.29951134132024,532,NS
BRD:BRD-K38684403-001-05-4,-0.04504710408665944,0.2894246674046106,555,NS
BRD:BRD-K97399794-001-15-3,-0.04503282987474608,0.2904522672583611,553,NS
BRD:BRD-K49811169-004-06-6,-0.044993098399423705,0.2921968708127883,550,NS
BRD:BRD-K39339537-001-21-0,-0.04496692898179886,0.2973780576374725,539,NS
BRD:BRD-K46556543-237-10-5,-0.04496051868004335,0.3052295310439086,522,NS
BRD:BRD-K53979406-003-02-8,-0.04494350322334919,0.3008033813591991,532,NS
BRD:BRD-K00004624-001-01-9,-0.04492570017191148,0.1847839801263519,873,NS
BRD:BRD-K58497451-237-10-7,-0.04484963887183399,0.2937398830665011,550,NS
BRD:BRD-A29623586-001-01-3,-0.04480661251771182,0.29910547605098176,539,NS
BRD:BRD-K30990140-003-02-4,-0.04479703323405702,0.29298808138266785,553,NS
BRD:BRD-K29322660-001-01-9,-0.04479650936290678,0.29211860887927776,555,NS
BRD:BRD-K81616657-001-01-4,-0.044774003551495904,0.30126620428351925,535,NS
BRD:BRD-A67182178-001-01-7,-0.04477032040260736,0.30130601066171736,535,NS
BRD:BRD-K10656395-001-02-1,-0.044749946782338026,0.33353329976939167,469,NS
BRD:BRD-K00141480-001-15-4,-0.04473115806366885,0.33321893517714496,470,NS
BRD:BRD-K25835157-001-01-4,-0.04471674413102766,0.2942938005446007,552,NS
BRD:BRD-K39915878-036-24-4,-0.04470369425228692,0.3002179383275514,539,NS
BRD:BRD-K34566599-001-03-9,-0.044686651656425484,0.18713413042017768,873,NS
BRD:BRD-K00091120-001-01-9,-0.044676987915102294,0.191074478385163,858,NS
BRD:BRD-K32501161-300-06-2,-0.04466872846527461,0.2979092849546801,545,NS
BRD:BRD-A84810646-001-01-6,-0.04457079226968814,0.3039221362652027,534,NS
BRD:BRD-K00003126-001-01-9,-0.04455313007223675,0.18719221071786202,878,NS
BRD:BRD-K22822991-001-02-3,-0.04453760087884673,0.30519435097645115,532,NS
BRD:BRD-K30577245-341-01-9,-0.044526079575319406,0.2972399777526027,550,NS
BRD:BRD-K22749967-046-02-3,-0.044524348540295695,0.2972587776488746,550,NS
BRD:BRD-K07881437-001-04-6,-0.04444124132008489,0.3108548740390816,522,NS
BRD:BRD-K00003418-001-01-9,-0.044409538265288456,0.18861885670419862,878,NS
BRD:BRD-K44827188-001-06-0,-0.04440916258475986,0.29851153558545673,550,NS
BRD:BRD-K58114536-001-01-6,-0.044371761835336095,0.2967229834196526,555,NS
BRD:BRD-K61041538-001-03-0,-0.04436799989366471,0.3371625791750964,470,NS
BRD:BRD-K33521504-300-01-6,-0.04433266283931886,0.18938592930326906,878,NS
BRD:BRD-A61154809-001-15-9,-0.04432746904242631,0.2972059010929073,555,NS
BRD:BRD-K35170555-001-09-5,-0.04430642325002581,0.3123264441397532,522,NS
BRD:BRD-K90239174-001-01-8,-0.0442993861136731,0.29970872745655674,550,NS
BRD:BRD-K33251802-001-01-3,-0.04425084500654998,0.30023912024473426,550,NS
BRD:BRD-K37635256-001-02-9,-0.04424502556289641,0.1902631818459551,878,NS
BRD:BRD-K92902018-001-01-9,-0.044194808797553754,0.3075688890590148,535,NS
BRD:BRD-K95053546-001-03-5,-0.044140895682156026,0.3141394645575738,522,NS
BRD:BRD-K19796430-001-05-6,-0.04410951480790194,0.29958985374886365,555,NS
BRD:BRD-K02764365-001-13-6,-0.04409147479557577,0.29978774128679964,555,NS
BRD:BRD-K00090627-050-01-9,-0.04408769154756117,0.19700020587150044,858,NS
BRD:BRD-A97674275-001-11-8,-0.04408459572472766,0.2998632232385811,555,NS
BRD:BRD-A91733352-300-04-5,-0.04402466230999333,0.3022776385417633,551,NS
BRD:BRD-K15834839-001-02-3,-0.04399558946701251,0.3030384771089562,550,NS
BRD:BRD-K35520305-001-17-7,-0.04396367933200098,0.30560798500279307,545,NS
BRD:BRD-K33425534-001-12-5,-0.04394914987872355,0.30576800906128826,545,NS
BRD:BRD-K11046126-001-02-0,-0.04393226831560296,0.30329439657604657,551,NS
BRD:BRD-A56690687-001-02-9,-0.04391901418542202,0.19355279759297078,878,NS
BRD:BRD-K06467130-304-02-7,-0.043849846639949466,0.31136376158182566,535,NS
BRD:BRD-A92341659-001-04-0,-0.04380596231276673,0.3118487243344668,535,NS
BRD:BRD-K84173274-001-01-6,-0.043788565311633575,0.31204111478371843,535,NS
BRD:BRD-K16758059-001-01-8,-0.04377778118057012,0.31814078068186985,522,NS
BRD:BRD-K83022601-001-01-0,-0.043775982517212965,0.3076794995154323,545,NS
BRD:BRD-K20482099-001-09-4,-0.0437169527522143,0.3188143171111623,522,NS
BRD:BRD-A08255417-001-14-7,-0.043713406454667404,0.30571191700824496,551,NS
BRD:BRD-K00003138-001-01-9,-0.043671296599710016,0.19608012957110207,878,NS
BRD:BRD-K00005333-001-01-9,-0.04366447071433219,0.19615011062214405,878,NS
BRD:BRD-K50163129-001-01-4,-0.04361098939705934,0.30817409627532305,548,NS
BRD:BRD-K75466013-001-14-4,-0.04355194882896212,0.3083870792655024,549,NS
BRD:BRD-K00091116-001-01-9,-0.0435297997481916,0.20273286887354017,858,NS
BRD:BRD-K52256627-300-06-6,-0.043523954549511655,0.30825622852189993,550,NS
BRD:BRD-K70778732-003-26-7,-0.04348819512466497,0.30733249290634057,553,NS
BRD:BRD-K94659840-001-02-9,-0.04343187645388588,0.19854566644700433,878,NS
BRD:BRD-A05523972-001-01-5,-0.04342427578272986,0.3093665278559578,550,NS
BRD:BRD-K85872723-001-15-9,-0.043385106530835424,0.307604506823079,555,NS
BRD:BRD-K46654563-238-01-0,-0.043371233461627426,0.31217797901372507,545,NS
BRD:BRD-K41298358-395-03-4,-0.04336370916063898,0.32274407132421146,522,NS
BRD:BRD-A89337244-001-02-9,-0.043337592230691946,0.31166349867733983,547,NS
BRD:BRD-K02404261-001-16-7,-0.043317528622934594,0.3105584791155889,550,NS
BRD:BRD-K14704277-001-22-6,-0.043307286665710994,0.310673000720434,550,NS
BRD:BRD-K88611939-001-22-4,-0.043303821583069696,0.30982964107744715,552,NS
BRD:BRD-K22662557-300-01-7,-0.04329206798279423,0.3108432214739903,550,NS
BRD:BRD-K00091109-001-01-9,-0.043285402673201294,0.20528204760936206,858,NS
BRD:BRD-K43806473-066-02-1,-0.04326480418117084,0.31114832013537436,550,NS
BRD:BRD-A65051990-001-12-9,-0.04325844596498743,0.31033736331310674,552,NS
BRD:BRD-K19558579-001-02-9,-0.04322733388821078,0.20118494804897094,876,NS
BRD:BRD-K78666826-003-01-6,-0.04315481133070613,0.3123812074915087,550,NS
BRD:BRD-K62427771-001-01-0,-0.043153999685311806,0.3137197242276446,547,NS
BRD:BRD-K84281997-003-08-4,-0.0431166649165179,0.31998604023215454,534,NS
BRD:BRD-K71315565-001-02-9,-0.04309455360921393,0.20205768965244067,878,NS
BRD:BRD-K00079290-001-02-9,-0.04306340486371267,0.20761767807014683,858,NS
BRD:BRD-K01773083-001-01-4,-0.04302509240489945,0.32101585414030986,534,NS
BRD:BRD-K21361524-001-01-1,-0.043014198261841295,0.3117624227147327,555,NS
BRD:BRD-K02407574-001-09-7,-0.04293003493585266,0.3127110210590557,555,NS
BRD:BRD-K34624869-003-01-6,-0.04283480888752404,0.3546551812841777,469,NS
BRD:BRD-K15811707-001-02-0,-0.04282736423098444,0.3547388965259213,469,NS
BRD:BRD-K24689407-001-06-3,-0.04280782897786854,0.31540917553767567,552,NS
BRD:BRD-K38183498-001-02-0,-0.04279139164959663,0.32138840801104,539,NS
BRD:BRD-K59524082-001-01-3,-0.0427643427227182,0.3154615401601131,553,NS
BRD:BRD-K00003510-001-01-9,-0.04275230194341201,0.20566701013841257,878,NS
BRD:BRD-K30480208-001-18-5,-0.042734121805882444,0.3149264781609909,555,NS
BRD:BRD-K04552268-001-02-4,-0.042720245457348656,0.3253716807520866,532,NS
BRD:BRD-K71106091-001-06-1,-0.04271444804411617,0.31867876362524983,547,NS
BRD:BRD-K78364995-236-18-3,-0.042685959508709306,0.20767257862357075,873,NS
BRD:BRD-K06328344-015-01-7,-0.04266888951977428,0.3250421802491961,534,NS
BRD:BRD-K34801930-001-01-9,-0.04266749275024618,0.31699972324374914,552,NS
BRD:BRD-K00003382-001-01-9,-0.04262207616467344,0.20835426328650156,873,NS
BRD:BRD-K56908511-001-01-2,-0.04261147959147743,0.3546078393846444,474,NS
BRD:BRD-K07753030-003-17-6,-0.042583497646423475,0.31883651057902956,550,NS
BRD:BRD-K86283245-001-03-9,-0.04251537330081076,0.21346574360284154,858,NS
BRD:BRD-K50853363-001-02-3,-0.04249809991858725,0.3198088535075756,550,NS
BRD:BRD-A49035384-003-28-9,-0.04244419592811464,0.3331205045097267,522,NS
BRD:BRD-K46648676-001-01-8,-0.042441928048803194,0.2089803867116442,878,NS
BRD:BRD-K13664493-316-02-5,-0.0424351510778979,0.32770196234787663,534,NS
BRD:BRD-A58955223-001-03-8,-0.042418526882075175,0.3185169218413672,555,NS
BRD:BRD-K73157543-001-04-1,-0.04241832805457809,0.32071888548716276,550,NS
BRD:BRD-K13619941-213-01-8,-0.042390983654924164,0.32594139106733744,539,NS
BRD:BRD-K80859331-001-01-5,-0.042385345718738816,0.3282705282139113,534,NS
BRD:BRD-K00090654-001-01-9,-0.04236184618925941,0.21512511450672078,858,NS
BRD:BRD-K87202646-001-32-6,-0.04235583196122348,0.3201108361708007,553,NS
BRD:BRD-K02703275-001-07-5,-0.04235371508753859,0.3227866017593844,547,NS
BRD:BRD-K00091135-001-01-9,-0.04234674235883206,0.21528886155824709,858,NS
BRD:BRD-K20168442-004-06-3,-0.04234425418085529,0.3215654247690301,550,NS
BRD:BRD-K80315159-051-02-0,-0.04231955308587797,0.3240676642861569,545,NS
BRD:BRD-K00075537-001-02-9,-0.04226286385400603,0.216199855533511,858,NS
BRD:BRD-K00003265-001-01-9,-0.04225062572130283,0.21235002228998107,873,NS
BRD:BRD-K00076468-001-02-9,-0.042240008623812206,0.2164485629204963,858,NS
BRD:BRD-K08273968-001-19-0,-0.042232224333666836,0.3241777925836035,547,NS
BRD:BRD-K74371986-001-01-7,-0.04221882985035465,0.3256679329515752,544,NS
BRD:BRD-K43449605-001-01-0,-0.042214187685837956,0.32438466175421843,547,NS
BRD:BRD-K42417338-045-01-9,-0.04220070364520709,0.328119624033741,539,NS
BRD:BRD-A10739734-003-10-6,-0.04215124495168683,0.32333654335588496,551,NS
BRD:BRD-K54520417-001-01-2,-0.042115496791755774,0.3219894793851959,555,NS
BRD:BRD-K13646352-001-03-8,-0.0420616093763587,0.3261380690616155,547,NS
BRD:BRD-K53397409-001-12-3,-0.041984583861840175,0.3234972630637032,555,NS
BRD:BRD-K00004578-001-01-9,-0.04196799884871248,0.21411399750242183,878,NS
BRD:BRD-K02265150-001-26-5,-0.041962994370952834,0.32727460043785433,547,NS
BRD:BRD-K72815923-034-01-2,-0.041932350661064245,0.325417272458233,552,NS
BRD:BRD-K21833260-075-01-1,-0.04193176567744979,0.364387060309765,470,NS
BRD:BRD-K80700417-001-04-2,-0.04188608361293532,0.32551203233166764,553,NS
BRD:BRD-K91699951-001-10-2,-0.04185768908627497,0.3271621726889004,550,NS
BRD:BRD-K74227499-001-01-1,-0.04185719828414577,0.32761001990533833,549,NS
BRD:BRD-K70402238-001-02-8,-0.041852372566928676,0.32634170658594364,552,NS
BRD:BRD-A12454076-001-01-9,-0.04182597908191925,0.3406814548600522,521,NS
BRD:BRD-A85667082-001-12-7,-0.041774527278677705,0.32812502131563154,550,NS
BRD:BRD-K69346723-001-04-8,-0.04174665162070008,0.34113370816341615,522,NS
BRD:BRD-K53765467-001-02-1,-0.0416984706702391,0.3268085055338328,555,NS
BRD:BRD-K00003322-363-01-9,-0.04168319099751884,0.21724238795861542,878,NS
BRD:BRD-K65928735-001-04-3,-0.04167578615586708,0.32927062549627356,550,NS
BRD:BRD-A42746051-001-02-9,-0.0416734781091688,0.3292974345562484,550,NS
BRD:BRD-K94146583-001-01-6,-0.041669187403317334,0.3360623488924922,535,NS
BRD:BRD-K00004613-001-01-9,-0.04166880392704731,0.21871935964729788,873,NS
BRD:BRD-K99879819-001-02-1,-0.041666444632868414,0.3360941851330738,535,NS
BRD:BRD-A37704979-001-10-7,-0.041648955112999625,0.3295823679213805,550,NS
BRD:BRD-K96344439-002-02-7,-0.041643545329870864,0.3368141892097108,534,NS
BRD:BRD-K72951360-001-01-4,-0.041618171790712116,0.3312687910272476,547,NS
BRD:BRD-K07940445-310-02-9,-0.04160116572531285,0.3292563602165672,552,NS
BRD:BRD-K20714604-003-02-9,-0.041574339888207607,0.32956860085492135,552,NS
BRD:BRD-K70401845-003-09-6,-0.041572657864538204,0.32914850744525503,553,NS
BRD:BRD-K00003334-001-01-9,-0.041563853245627384,0.2185629299029127,878,NS
BRD:BRD-K69624312-001-01-1,-0.04152443301379473,0.3695815930142931,469,NS
BRD:BRD-K80738081-001-46-8,-0.04151292785259881,0.3378791903932731,535,NS
BRD:BRD-K18745919-001-01-3,-0.041502796980726495,0.3698312696185476,469,NS
BRD:BRD-K15697815-001-16-2,-0.04149236412535142,0.3305239467091168,552,NS
BRD:BRD-K20152659-001-04-6,-0.041452843270105476,0.33186672417968727,550,NS
BRD:BRD-K07691486-001-15-5,-0.04140234461402346,0.33289851495377937,549,NS
BRD:BRD-K93045741-001-01-0,-0.04139141050964952,0.3317029138237017,552,NS
BRD:BRD-K09711437-001-04-3,-0.041339555840980965,0.34126635227716645,532,NS
BRD:BRD-M30288325-001-01-4,-0.04129837622351858,0.33279179378371604,552,NS
BRD:BRD-A24514565-001-09-7,-0.04129431864656513,0.3350485895980733,547,NS
BRD:BRD-K59433843-001-01-7,-0.04127257240156076,0.3326547099033316,553,NS
BRD:BRD-K20742498-003-02-9,-0.04127048915733521,0.33355890860781595,551,NS
BRD:BRD-K00004586-001-01-9,-0.04124787680613702,0.22208716972647902,878,NS
BRD:BRD-K27051047-001-01-0,-0.041202916909490434,0.37330259311729946,469,NS
BRD:BRD-K32292990-001-03-6,-0.04116747555411001,0.33653653933724875,547,NS
BRD:BRD-K10759144-001-04-3,-0.04115439702006507,0.3480331480779736,522,NS
BRD:BRD-K90410034-003-02-9,-0.04115123290693032,0.223173156203837,878,NS
BRD:BRD-K59419204-001-02-7,-0.0411347655844993,0.3355934098431375,550,NS
BRD:BRD-K14109347-001-03-4,-0.04111432322116453,0.33539289768486297,551,NS
BRD:BRD-K70327191-001-02-2,-0.041103318448235296,0.33596330722020795,550,NS
BRD:BRD-K00003326-001-01-9,-0.04109263667011539,0.22383344573369512,878,NS
BRD:BRD-A65145453-001-06-1,-0.04102925523192195,0.33949705835300653,544,NS
BRD:BRD-K00090625-001-01-9,-0.041019942100273495,0.23002487042348269,858,NS
BRD:BRD-A07780951-065-10-0,-0.04098840260845297,0.35091181596435184,520,NS
BRD:BRD-K44022883-001-01-7,-0.04096482044024113,0.3770981867459798,467,NS
BRD:BRD-K03449891-001-08-6,-0.04095543496256075,0.33903335990123273,547,NS
BRD:BRD-K64716392-001-01-3,-0.04093308822889402,0.3370893816272067,552,NS
BRD:BRD-A37752546-001-01-9,-0.04092042449745735,0.37607996432600393,470,NS
BRD:BRD-K43977121-001-06-9,-0.04090842620225676,0.22724831494037656,873,NS
BRD:BRD-A29349577-001-23-0,-0.040894440222041306,0.3384268787451349,550,NS
BRD:BRD-K38168441-001-03-7,-0.0408939431521473,0.34559121740219917,534,NS
BRD:BRD-K81957469-001-01-0,-0.04087335726448081,0.3373562863566559,553,NS
BRD:BRD-K68346641-001-01-4,-0.0408725836940785,0.34001216247189975,547,NS
BRD:BRD-K83904070-001-02-9,-0.04086144304588948,0.22645224595256178,878,NS
BRD:BRD-K00004748-001-01-9,-0.04084849273183576,0.2279304992785425,873,NS
BRD:BRD-A00376169-001-01-6,-0.0408240460482951,0.3405864231115471,547,NS
BRD:BRD-K36680103-001-01-6,-0.04080140487397263,0.3382081815145671,553,NS
BRD:BRD-K25875056-001-02-0,-0.04080091533180778,0.33909301213987875,551,NS
BRD:BRD-K49111258-003-29-7,-0.0407785217222576,0.3406826347462326,548,NS
BRD:BRD-K38966689-300-02-9,-0.040762990730296954,0.2275740445114808,878,NS
BRD:BRD-K73293050-001-03-1,-0.04071450640660264,0.341884688726069,547,NS
BRD:BRD-K89274813-001-02-3,-0.04068894457311175,0.33998146311369054,552,NS
BRD:BRD-A05334458-001-02-8,-0.0406619766436493,0.34118218608341105,550,NS
BRD:BRD-K00004683-001-01-9,-0.04065999899142953,0.23008549331876169,873,NS
BRD:BRD-A65818372-001-05-3,-0.04065542748339033,0.34932270970456875,532,NS
BRD:BRD-A49399758-015-01-8,-0.040608042793687696,0.34403740028184426,545,NS
BRD:BRD-K99170882-001-04-3,-0.04054919908466819,0.3420836297018296,551,NS
BRD:BRD-A10652366-238-04-1,-0.040529998686831506,0.3554021301522548,522,NS
BRD:BRD-K01095011-001-15-9,-0.04051906670069176,0.3477782514518571,539,NS
BRD:BRD-A03216249-003-24-3,-0.04045184436711622,0.3445680036058383,548,NS
BRD:BRD-K78666663-001-01-6,-0.040437499101119656,0.351006241113897,534,NS
BRD:BRD-K89584803-001-01-9,-0.04043355818522539,0.38230002733444735,469,NS
BRD:BRD-A56085258-001-01-8,-0.040428870307732005,0.34264088824024036,553,NS
BRD:BRD-K30563334-001-02-9,-0.04041624184006654,0.34543570390798606,547,NS
BRD:BRD-K00091272-001-01-9,-0.04035153585864502,0.23771384869605533,858,NS
BRD:BRD-K00077460-001-02-9,-0.04029647812206837,0.23835518643274026,858,NS
BRD:BRD-K00074789-001-02-9,-0.04029250742954094,0.23840148596921323,858,NS
BRD:BRD-A35425966-001-02-3,-0.040269310450320304,0.38423788773566686,469,NS
BRD:BRD-K90747162-001-01-4,-0.04023929917864501,0.3845926189279014,469,NS
BRD:BRD-K16939217-001-02-9,-0.04021469740955535,0.2344287172371811,876,NS
BRD:BRD-K55781385-001-01-7,-0.04010266662267805,0.34567807806487905,555,NS
BRD:BRD-K67013324-001-04-9,-0.040071958531464,0.23609492422984754,876,NS
BRD:BRD-A88080608-001-04-2,-0.04003635173549785,0.34866840296075163,550,NS
BRD:BRD-A61392169-001-02-7,-0.03996372039096147,0.34954420146001647,550,NS
BRD:BRD-K19034817-001-01-4,-0.03995595503683565,0.3491982290656374,551,NS
BRD:BRD-K14711741-001-02-1,-0.03988562491796006,0.3482969558244299,555,NS
BRD:BRD-K07409305-001-01-1,-0.03987183000611338,0.35779103110201654,534,NS
BRD:BRD-K00003477-001-01-9,-0.03982855961347655,0.23976361989020029,873,NS
BRD:BRD-K83213911-001-08-9,-0.0398218798742377,0.2390342446824528,876,NS
BRD:BRD-K40438880-305-06-6,-0.03981612446958983,0.37191450430051193,505,NS
BRD:BRD-K90885812-004-24-2,-0.03980980252677019,0.3514047616299041,550,NS
BRD:BRD-K48488978-001-05-3,-0.039789608442645015,0.3534146741469668,546,NS
BRD:BRD-K00004635-001-01-9,-0.039764405730152,0.24052211628983058,873,NS
BRD:BRD-K06753942-001-14-5,-0.039751525379836394,0.3534335490374548,547,NS
BRD:BRD-K36461289-001-05-8,-0.039750938822183425,0.3534406576397242,547,NS
BRD:BRD-K57371763-001-01-7,-0.03974418725446424,0.3508838917881875,553,NS
BRD:BRD-K42221274-003-07-7,-0.03971581868271174,0.3538664494743062,547,NS
BRD:BRD-K00091102-001-01-9,-0.0396621932382355,0.24583164789639575,858,NS
BRD:BRD-K27799744-001-02-8,-0.03963427687843523,0.3661432106948077,522,NS
BRD:BRD-K55892330-001-01-8,-0.039619681430299925,0.3663198880620187,522,NS
BRD:BRD-A34603619-001-01-9,-0.03960325433632008,0.36058966106402784,535,NS
BRD:BRD-K03601870-001-01-2,-0.039584984353066226,0.354133586839279,550,NS
BRD:BRD-A63444178-001-01-5,-0.03955747927882446,0.35359089188855897,552,NS
BRD:BRD-K52756523-001-24-7,-0.03952698292002324,0.35440070919590017,551,NS
BRD:BRD-K84698278-001-03-4,-0.03938097541369882,0.3646488945967341,532,NS
BRD:BRD-K40308497-001-02-0,-0.03937390779246334,0.35583086326612534,552,NS
BRD:BRD-U25960968-000-01-9,-0.03936899265834672,0.3545812063591684,555,NS
BRD:BRD-A53151380-001-01-2,-0.03935735324744875,0.35691011878492307,550,NS
BRD:BRD-K82484965-003-03-5,-0.03935518945366912,0.35693657711993726,550,NS
BRD:BRD-K11851476-003-01-7,-0.0393462175628212,0.36371775742331375,535,NS
BRD:BRD-K49468759-001-04-2,-0.039344286584535884,0.24471907112013755,876,NS
BRD:BRD-K00078154-001-02-9,-0.03929043002590572,0.25028923809963416,858,NS
BRD:BRD-K00076061-001-02-9,-0.039244776561104595,0.25084050153239273,858,NS
BRD:BRD-A40546373-001-01-8,-0.039227259690207995,0.3651711672972623,535,NS
BRD:BRD-K71926323-001-13-8,-0.03922622299776161,0.3576394022133387,552,NS
BRD:BRD-K95015809-001-02-8,-0.039208827551117764,0.3667507473407186,532,NS
BRD:BRD-A75514485-001-02-9,-0.039137675807268596,0.24720749795064023,876,NS
BRD:BRD-K48141473-001-01-7,-0.039041464652456,0.35860196434991076,555,NS
BRD:BRD-A67060370-001-02-9,-0.03901612440167877,0.35891423029102054,555,NS
BRD:BRD-K81614372-001-02-1,-0.038993017144811376,0.3994993528020812,469,NS
BRD:BRD-A60153876-001-01-0,-0.03896858936554079,0.3997949523877338,469,NS
BRD:BRD-K28571773-001-01-6,-0.03894392894075334,0.4000935001584028,469,NS
BRD:BRD-A93236127-001-04-5,-0.0389341873106117,0.3621079155059066,550,NS
BRD:BRD-K91111634-001-01-2,-0.03892571654593375,0.3613371646671938,552,NS
BRD:BRD-A93000692-001-08-1,-0.038889270192108014,0.36091503299603855,554,NS
BRD:BRD-K51337109-003-01-3,-0.038857172908423644,0.40064059730005036,470,NS
BRD:BRD-A22380646-236-05-8,-0.03879492316754623,0.3651464475751659,547,NS
BRD:BRD-K12867552-001-04-7,-0.0387888186456538,0.3719104033004028,532,NS
BRD:BRD-A01907367-001-01-7,-0.038786832954218635,0.36392893293938616,550,NS
BRD:BRD-K00002625-402-02-9,-0.03874355512811644,0.25200323171863176,876,NS
BRD:BRD-K64990520-001-08-4,-0.038692495537396045,0.3664147710877425,547,NS
BRD:BRD-K46731503-050-01-8,-0.03869108525492576,0.36380479125751664,553,NS
BRD:BRD-K27393415-001-01-0,-0.03867354987160708,0.3675312639286987,545,NS
BRD:BRD-K08547377-394-03-5,-0.038671024876721014,0.3733654767475264,532,NS
BRD:BRD-K24869513-001-02-1,-0.03866943326985401,0.363203585511874,555,NS
BRD:BRD-K02130563-001-11-4,-0.03866082142413558,0.3668075339426961,547,NS
BRD:BRD-K08748705-001-08-2,-0.038627627356027636,0.4034312205118523,470,NS
BRD:BRD-A09487507-001-03-9,-0.03856409505004725,0.25502541178470645,873,NS
BRD:BRD-K23163214-050-15-1,-0.03856128469504659,0.36585348632123516,552,NS
BRD:BRD-K28029915-001-02-2,-0.038550618799941934,0.36685997817358595,550,NS
BRD:BRD-K48894757-001-01-8,-0.038550055597320596,0.3717250491311822,539,NS
BRD:BRD-K26521938-001-09-8,-0.038549609607856805,0.4043823311067986,470,NS
BRD:BRD-K54708045-001-02-1,-0.038540953854392906,0.3669802165979243,550,NS
BRD:BRD-A67101513-001-03-7,-0.03848238560145764,0.36727225944463343,551,NS
BRD:BRD-K62196610-001-01-6,-0.038478662460044014,0.36995215163531264,545,NS
BRD:BRD-K48429278-001-01-3,-0.03844557011226551,0.3748114728623761,535,NS
BRD:BRD-A11551002-001-04-6,-0.03834776944587436,0.37737658211625924,532,NS
BRD:BRD-K75385383-001-01-5,-0.03834643855175451,0.37604513838232645,535,NS
BRD:BRD-K14763542-001-02-3,-0.03833637876217186,0.3820610189951834,522,NS
BRD:BRD-K67121414-001-03-3,-0.038335295303724884,0.37173934839957307,545,NS
BRD:BRD-K72167406-001-03-9,-0.03832075041660009,0.36841821048241824,553,NS
BRD:BRD-K15791587-003-02-5,-0.038305749470546706,0.369913865405758,550,NS
BRD:BRD-K00005334-001-01-9,-0.038257447784294046,0.2588260052420507,873,NS
BRD:BRD-K00004616-001-01-9,-0.038256600094522815,0.2588365655462455,873,NS
BRD:BRD-A65683612-001-07-7,-0.03824905792414494,0.3777077787515049,534,NS
BRD:BRD-K00091072-001-01-9,-0.03824864569699613,0.26307971511912154,858,NS
BRD:BRD-K76725781-001-02-9,-0.038235043412094695,0.2582860446571871,876,NS
BRD:BRD-K18905250-003-02-4,-0.03821904837055157,0.37056239448884676,551,NS
BRD:BRD-K75844781-003-08-0,-0.03820430783463703,0.373376880908018,545,NS
BRD:BRD-K58277159-001-01-7,-0.03816055708018763,0.3783651110544417,535,NS
BRD:BRD-K13566078-001-02-3,-0.03815903982909088,0.3708790104894023,552,NS
BRD:BRD-K36862742-001-25-6,-0.03815118246822153,0.37184963330949033,550,NS
BRD:BRD-K29133151-001-03-2,-0.038147290198958884,0.37321186181931937,547,NS
BRD:BRD-K00004627-001-01-9,-0.03813809207585714,0.25895138977934834,878,NS
BRD:BRD-K75445017-001-01-1,-0.03812223665877271,0.3788444757266939,535,NS
BRD:BRD-K07857022-002-01-1,-0.03807502539289673,0.37063184544695,555,NS
BRD:BRD-K36775483-001-01-4,-0.03807125766319243,0.3741659094021588,547,NS
BRD:BRD-K73397362-001-06-6,-0.03805784113803232,0.37786697299259653,539,NS
BRD:BRD-K00003248-001-01-9,-0.03801878978311051,0.2604453284297887,878,NS
BRD:BRD-K97939847-001-12-0,-0.03798682216346598,0.3805414105969096,535,NS
BRD:BRD-K53913732-001-05-9,-0.03798158766199439,0.37529300975489893,547,NS
BRD:BRD-K82143716-001-19-9,-0.03794909739802631,0.3774612725408138,543,NS
BRD:BRD-K32273377-001-17-9,-0.03794430399019618,0.3753242311998829,548,NS
BRD:BRD-K00004581-001-01-9,-0.037897608155688406,0.2619688845155514,878,NS
BRD:BRD-K82823076-001-02-6,-0.03789257753815593,0.3764138821773053,547,NS
BRD:BRD-K36741660-001-01-1,-0.037883607801581745,0.3831822365063055,532,NS
BRD:BRD-K49840922-001-05-1,-0.037877914044940494,0.3774766086489993,545,NS
BRD:BRD-K39495750-001-01-2,-0.037877254896551395,0.3877916808155102,522,NS
BRD:BRD-K68332390-001-04-9,-0.03785163537442938,0.26254848264133945,878,NS
BRD:BRD-K96104201-001-01-5,-0.037848323465532116,0.37566070319258266,550,NS
BRD:BRD-K00003287-001-01-9,-0.037846671094154585,0.2626111222479571,878,NS
BRD:BRD-K64381438-001-03-8,-0.03783689425292043,0.37887434212351645,543,NS
BRD:BRD-K53508936-001-01-0,-0.037836549581018016,0.3779981426628424,545,NS
BRD:BRD-K00634421-001-01-0,-0.037802307004725796,0.38330824944288944,534,NS
BRD:BRD-A09370961-001-01-0,-0.03780016390708065,0.3842316941259443,532,NS
BRD:BRD-K00004716-001-01-9,-0.03777913432189111,0.26483212724738425,873,NS
BRD:BRD-K00091126-001-01-9,-0.03776821089970488,0.26912744145135914,858,NS
BRD:BRD-K02389548-001-02-5,-0.03774231821480743,0.37787319582936446,548,NS
BRD:BRD-K14965640-001-12-4,-0.037732680247865025,0.3762522256254977,552,NS
BRD:BRD-K00003523-236-01-9,-0.03763928828567525,0.2652370999343218,878,NS
BRD:BRD-K26122255-001-01-7,-0.037612356393164376,0.4159125167526892,470,NS
BRD:BRD-K42066335-001-01-0,-0.0375983675030288,0.3854350741565598,535,NS
BRD:BRD-K18574842-323-10-8,-0.037578849693923756,0.39154414986459185,522,NS
BRD:BRD-K57365211-314-03-9,-0.037572891036999935,0.2660816561410642,878,NS
BRD:BRD-K60690191-001-03-3,-0.03755999935285424,0.3780084963091522,553,NS
BRD:BRD-K02733959-236-07-7,-0.037534773283214855,0.37919670241394526,551,NS
BRD:BRD-A03506276-001-01-5,-0.03753190468849033,0.3796679982248556,550,NS
BRD:BRD-K74186897-001-13-2,-0.037522593887033016,0.3776192288410545,555,NS
BRD:BRD-K38398115-001-01-9,-0.03742545696121506,0.38807165649777303,534,NS
BRD:BRD-K72231366-001-02-3,-0.03738648655668109,0.37935312239285623,555,NS
BRD:BRD-K00003368-001-01-9,-0.0373735042656775,0.2686289039549226,878,NS
BRD:BRD-K97025174-001-01-4,-0.03736282615330766,0.38095192629620594,552,NS
BRD:BRD-K47832606-001-30-1,-0.03735881007395172,0.3831785516372098,547,NS
BRD:BRD-K50888640-001-01-6,-0.03730479507840061,0.2700582295976048,876,NS
BRD:BRD-K57275767-001-02-4,-0.03729942701054724,0.3950777599194871,522,NS
BRD:BRD-K77175907-001-08-0,-0.037285221482632,0.3894077968848094,535,NS
BRD:BRD-A68723818-050-32-5,-0.03724324440650488,0.3829124589124485,551,NS
BRD:BRD-K83896451-001-06-7,-0.037209913886434166,0.3962138058040254,522,NS
BRD:BRD-K37747025-001-08-2,-0.037182969823601884,0.42125885152465686,470,NS
BRD:BRD-K34870043-001-01-8,-0.03717756015329627,0.38505642796855544,548,NS
BRD:BRD-A25687296-300-04-3,-0.037141772670022354,0.3846447671041253,550,NS
BRD:BRD-K18816859-001-06-9,-0.03713282532021226,0.2717258803323504,878,NS
BRD:BRD-A11731518-001-01-7,-0.037091266464490014,0.386597012218231,547,NS
BRD:BRD-K45275534-001-01-3,-0.03707812167672438,0.383299461022497,555,NS
BRD:BRD-K38868394-001-01-3,-0.03707509814785438,0.39031492294656683,539,NS
BRD:BRD-K91308639-001-02-7,-0.03705575593282639,0.3848810225643578,552,NS
BRD:BRD-A73871920-236-03-6,-0.037048873790416735,0.38583568272033364,550,NS
BRD:BRD-K60348325-065-09-9,-0.03704613083264171,0.3906855696694973,539,NS
BRD:BRD-M80207679-001-01-5,-0.03700278457137534,0.394348385904662,532,NS
BRD:BRD-K93468883-001-02-0,-0.036996134383350955,0.38435290869041483,555,NS
BRD:BRD-A95696066-003-13-8,-0.036982376241654735,0.38452985878807827,555,NS
BRD:BRD-K12251893-065-04-7,-0.03697740096010688,0.3880575083952633,547,NS
BRD:BRD-K57416838-001-01-1,-0.03696376662397622,0.4244996479351925,469,NS
BRD:BRD-K37379014-001-01-2,-0.03692952319168307,0.3886726125573561,547,NS
BRD:BRD-K00004554-001-01-9,-0.03689991770555558,0.2761208524433628,873,NS
BRD:BRD-A49838158-001-01-1,-0.03689372977641699,0.38782954928224594,550,NS
BRD:BRD-A80567330-001-01-7,-0.036891064899956624,0.4254119231625792,469,NS
BRD:BRD-K20285085-074-04-5,-0.03688898276096187,0.4003030056264571,522,NS
BRD:BRD-K76810206-001-08-1,-0.03685055078193275,0.3862278476417664,555,NS
BRD:BRD-K46734292-001-03-6,-0.03683371778004996,0.4261323301808501,469,NS
BRD:BRD-K01492390-001-01-9,-0.036795796560801335,0.4266090942026032,469,NS
BRD:BRD-K00004695-001-01-9,-0.036751355564159906,0.2780602036681185,873,NS
BRD:BRD-K58343622-001-01-6,-0.03673191956415434,0.38905131058639636,552,NS
BRD:BRD-K00003371-001-01-9,-0.03670413744030731,0.27867852966273476,873,NS
BRD:BRD-K80359953-001-01-3,-0.036691137403395704,0.39701258253112975,535,NS
BRD:BRD-K97010173-001-04-1,-0.03666706247705197,0.38902850303592773,554,NS
BRD:BRD-K78659596-001-03-9,-0.0366627031899563,0.39298228110577316,545,NS
BRD:BRD-K60369935-001-18-3,-0.03665704076982238,0.38915822655946075,554,NS
BRD:BRD-K00091294-001-01-9,-0.03662275159891856,0.2839285301090089,858,NS
BRD:BRD-K18530250-001-02-9,-0.036603346669731134,0.2791743861821722,876,NS
BRD:BRD-K38548312-001-01-0,-0.036593652350564033,0.3908402061667032,552,NS
BRD:BRD-A97104540-004-15-0,-0.03657636618004901,0.39063348987904734,553,NS
BRD:BRD-K22316123-001-01-9,-0.03656622507658021,0.4290079133410798,470,NS
BRD:BRD-K00091103-001-01-9,-0.03656615498150593,0.284673839210945,858,NS
BRD:BRD-K94883909-001-17-7,-0.036499898470814265,0.280536290427953,876,NS
BRD:BRD-K47608922-001-05-9,-0.03649543564946323,0.28059514502995964,876,NS
BRD:BRD-K43436647-001-01-7,-0.03649317734792246,0.42993115806242715,470,NS
BRD:BRD-K96155658-001-02-9,-0.03649316853621691,0.2806250463739621,876,NS
BRD:BRD-K70262971-001-01-9,-0.036457139901667754,0.4000323101095088,535,NS
BRD:BRD-K10065684-001-07-4,-0.03644964716637681,0.3935712947270258,550,NS
BRD:BRD-K00003161-015-01-9,-0.0364328263423221,0.2808715652444673,878,NS
BRD:BRD-A20758144-001-04-5,-0.0364120684885422,0.39885193028037114,539,NS
BRD:BRD-K48247567-001-01-9,-0.03638945395077979,0.3947856514540692,549,NS
BRD:BRD-K29713308-001-01-7,-0.036372904613659135,0.3945687108363091,550,NS
BRD:BRD-K00003374-001-01-9,-0.03631380335458618,0.2838257544657723,873,NS
BRD:BRD-K02135007-001-01-8,-0.036209655071977154,0.43352545239402307,470,NS
BRD:BRD-A45906415-001-01-9,-0.03609774217134903,0.39815748891704505,550,NS
BRD:BRD-K43389675-003-16-7,-0.03609593529002611,0.4105156418364437,522,NS
BRD:BRD-K70327167-348-13-4,-0.03609570812679784,0.39775358901740937,551,NS
BRD:BRD-K79743788-001-02-9,-0.03609269279946089,0.28594090163348496,876,NS
BRD:BRD-K64994968-001-32-5,-0.0360860469805424,0.4004729457079094,545,NS
BRD:BRD-K50631926-001-02-3,-0.036084166133772654,0.39618945382370846,555,NS
BRD:BRD-A31521121-001-26-4,-0.03608070711659989,0.4226749370509244,496,NS
BRD:BRD-K20738689-001-01-2,-0.03604499425100179,0.40014271232582865,547,NS
BRD:BRD-K32372024-001-01-0,-0.036031636229558045,0.4136104119135403,517,NS
BRD:BRD-K22064724-001-01-8,-0.03601563222426145,0.4057673141578401,535,NS
BRD:BRD-K81689258-001-04-8,-0.03596455627283012,0.2876560186746813,876,NS
BRD:BRD-K38055836-001-21-1,-0.03596421884751404,0.399475949086573,551,NS
BRD:BRD-K26726854-001-02-9,-0.035956416086685844,0.28776520924564797,876,NS
BRD:BRD-A55416093-001-06-4,-0.035902374403512856,0.40768711485798825,534,NS
BRD:BRD-K45033733-001-12-2,-0.035885896348659435,0.4030927398582504,545,NS
BRD:BRD-K46742498-003-11-0,-0.0358833976176081,0.40225992180421943,547,NS
BRD:BRD-K47539947-001-03-7,-0.03584450617267255,0.4014775622036517,550,NS
BRD:BRD-K91601245-001-12-0,-0.03581624606584776,0.4066184120677661,539,NS
BRD:BRD-K77817104-001-02-9,-0.03577059135366517,0.2897138519580547,878,NS
BRD:BRD-K13409143-001-01-9,-0.03575678094607273,0.41492987186647057,522,NS
BRD:BRD-K47278471-003-26-3,-0.035753987466224525,0.40266832474862346,550,NS
BRD:BRD-K60421517-001-01-4,-0.03571615594830251,0.4101251609579359,534,NS
BRD:BRD-K77867004-001-02-7,-0.035693462987440076,0.4013268823650638,555,NS
BRD:BRD-K56107812-001-01-7,-0.03566162223226122,0.4108407705875533,534,NS
BRD:BRD-K87343924-001-16-9,-0.03561971269245639,0.29175430357922955,878,NS
BRD:BRD-K91904471-001-02-4,-0.03560803390861808,0.4093535131329131,539,NS
BRD:BRD-A05457250-001-08-4,-0.03560046753442858,0.40340842316713876,553,NS
BRD:BRD-K36788280-001-01-2,-0.03557354853742582,0.40633819889187817,547,NS
BRD:BRD-K82846253-001-15-4,-0.035560864846367835,0.41570535239897116,526,NS
BRD:BRD-K27737647-300-03-0,-0.03554788664010831,0.4066770644886358,547,NS
BRD:BRD-K01669786-001-02-2,-0.03548149223355535,0.4185333480843077,522,NS
BRD:BRD-K00091070-001-01-9,-0.035459661663369266,0.2995105402932828,858,NS
BRD:BRD-K36927236-001-32-6,-0.03545870174176384,0.4065674234916842,550,NS
BRD:BRD-A90551241-001-10-8,-0.03545060005882226,0.40624652734019445,551,NS
BRD:BRD-K00003237-001-01-9,-0.03543053815484209,0.29432625220010944,878,NS
BRD:BRD-K74284736-001-04-9,-0.03540935131581218,0.29461524278875084,878,NS
BRD:BRD-A21544762-303-01-5,-0.03540023290039355,0.41384229249806687,535,NS
BRD:BRD-K58648841-001-04-7,-0.03538919535447587,0.4070605179560964,551,NS
BRD:BRD-K01773560-001-02-4,-0.035371928381875695,0.4159746981960655,531,NS
BRD:BRD-K37111771-300-02-6,-0.035309817552708435,0.4098287778500295,547,NS
BRD:BRD-A72703248-003-04-9,-0.03530500025695051,0.4086058350737238,550,NS
BRD:BRD-K00003188-046-01-9,-0.035276411434130205,0.2978162672162122,873,NS
BRD:BRD-K34798115-001-02-9,-0.03524859728277105,0.2968141274766266,878,NS
BRD:BRD-K83551379-001-01-8,-0.03521809863861297,0.4283222174003905,508,NS
BRD:BRD-K00004615-001-01-9,-0.035206594261695756,0.29877408168625263,873,NS
BRD:BRD-K93779381-001-01-9,-0.035175637419618405,0.4081969891378165,555,NS
BRD:BRD-K50660797-001-05-1,-0.03517422861540245,0.4168314603090228,535,NS
BRD:BRD-K21771665-304-04-2,-0.03514284409011534,0.4229912863819534,522,NS
BRD:BRD-A04971881-003-01-3,-0.035136380588597686,0.41777094281490423,534,NS
BRD:BRD-A16263897-001-06-6,-0.03511694389545499,0.41759112918886054,535,NS
BRD:BRD-K58513245-304-02-7,-0.03509737041066487,0.42359200251459417,522,NS
BRD:BRD-K85554912-001-08-9,-0.03509396701517587,0.41355836638062116,545,NS
BRD:BRD-K28822270-001-01-1,-0.03507820059949124,0.41290892938626267,547,NS
BRD:BRD-A72066420-001-04-5,-0.035057817721050474,0.4131806437405514,547,NS
BRD:BRD-K00003235-001-01-9,-0.03503417583404496,0.2997641192442836,878,NS
BRD:BRD-K00004603-001-01-9,-0.035009070759512456,0.30011078486181464,878,NS
BRD:BRD-K06902185-003-01-7,-0.03500812775038475,0.4125601390519216,550,NS
BRD:BRD-K45086103-001-15-5,-0.035005963956605116,0.4125890432925655,550,NS
BRD:BRD-K33809398-001-01-8,-0.034952850164099665,0.4255044445744174,522,NS
BRD:BRD-K90737788-001-02-9,-0.034945212173684084,0.3015465542579861,876,NS
BRD:BRD-K63806092-236-02-6,-0.03494153842698111,0.41132562589683785,555,NS
BRD:BRD-K60946979-003-02-9,-0.034918792271285984,0.3019124062327343,876,NS
BRD:BRD-K62490786-001-01-1,-0.03491186303074567,0.4203174257888901,535,NS
BRD:BRD-K11124378-001-04-6,-0.034894657934190804,0.4136514797881182,551,NS
BRD:BRD-K78097265-001-02-9,-0.034885981608713215,0.3023671652147307,876,NS
BRD:BRD-K19761926-001-03-6,-0.03484248829215214,0.42255320471064706,532,NS
BRD:BRD-K39576764-071-01-6,-0.03482262739681399,0.3032465473843878,876,NS
BRD:BRD-K99063460-001-13-1,-0.034817441526774996,0.4273008648493195,522,NS
BRD:BRD-K99383816-001-03-5,-0.03480813841772046,0.4230109897122409,532,NS
BRD:BRD-K00003449-001-01-9,-0.03479178538832452,0.3045070962121575,873,NS
BRD:BRD-A29644307-050-17-0,-0.03476794717996702,0.41365473991761176,555,NS
BRD:BRD-A13561534-003-02-0,-0.03476378427235848,0.4280139343525797,522,NS
BRD:BRD-K00091106-001-01-9,-0.03475437927726347,0.3092315778957032,858,NS
BRD:BRD-A82522119-001-01-7,-0.03472919976049602,0.41417568392492715,555,NS
BRD:BRD-K73984371-001-01-1,-0.03471827209521717,0.4531988012453215,469,NS
BRD:BRD-K28690501-001-02-1,-0.03470346357894897,0.41792122303889756,547,NS
BRD:BRD-K68795758-001-02-9,-0.03469495500360372,0.30502384311911407,876,NS
BRD:BRD-K75940276-001-04-9,-0.03462053299475395,0.3060630304986951,876,NS
BRD:BRD-A74914197-001-02-9,-0.03460189298019844,0.42014133628058,545,NS
BRD:BRD-A72297358-001-01-8,-0.03458147673895565,0.42473136113181237,535,NS
BRD:BRD-K24697665-001-01-4,-0.034480157101172706,0.4326824333073039,520,NS
BRD:BRD-K00004711-001-01-9,-0.03447076548200116,0.30760821461365895,878,NS
BRD:BRD-A89196962-300-01-7,-0.03446919896027757,0.4176812940890361,555,NS
BRD:BRD-K00004570-001-01-9,-0.034463621231144215,0.3090939279065084,873,NS
BRD:BRD-A56613951-004-01-1,-0.03443548298620308,0.4266903991640636,535,NS
BRD:BRD-K63430059-001-17-2,-0.034433445499583874,0.42671777658426374,535,NS
BRD:BRD-A62428732-300-06-3,-0.0344317852382159,0.4181871771204341,555,NS
BRD:BRD-A19661776-003-27-6,-0.03441429265930462,0.42138741752543946,548,NS
BRD:BRD-A32269193-001-01-5,-0.034364575241054705,0.41993998776056773,553,NS
BRD:BRD-K84163249-001-01-9,-0.034359243167079834,0.42945621645110515,531,NS
BRD:BRD-K28567778-001-02-7,-0.03435752670301873,0.30920100793508226,878,NS
BRD:BRD-K83776863-001-08-9,-0.03432107027604809,0.42822932726348195,535,NS
BRD:BRD-K23677682-003-01-2,-0.034320807574839726,0.4196898569631219,555,NS
BRD:BRD-K67860401-001-05-6,-0.034314954448159,0.42103421576495026,552,NS
BRD:BRD-K38203080-001-01-2,-0.03427109408296831,0.31097369437315947,876,NS
BRD:BRD-K41194171-003-09-7,-0.034189053185276846,0.4596377307426354,470,NS
BRD:BRD-K22024824-001-03-7,-0.03414881311403283,0.42413286015990515,550,NS
BRD:BRD-K89125793-001-26-0,-0.03414696957741225,0.4237350599501746,551,NS
BRD:BRD-K66908976-001-01-8,-0.03413835192470328,0.3128526452538029,876,NS
BRD:BRD-K48578705-001-17-6,-0.03410567950068832,0.4324360794704229,532,NS
BRD:BRD-K31329721-001-08-2,-0.034097974688152954,0.4608350557523328,470,NS
BRD:BRD-K00603606-003-24-0,-0.03407170992901855,0.4251804123583543,550,NS
BRD:BRD-A04322457-003-17-9,-0.03405699613131704,0.4253804905083605,550,NS
BRD:BRD-K30425481-003-02-9,-0.034045769901761946,0.31361417832212246,878,NS
BRD:BRD-K41267922-001-01-4,-0.034017563134657494,0.4323272731472806,535,NS
BRD:BRD-K87535339-001-01-6,-0.034009770143200294,0.4289962623906148,543,NS
BRD:BRD-K76606751-001-01-7,-0.03396449978274771,0.42453574621220164,555,NS
BRD:BRD-K00091711-001-01-2,-0.033953404932897654,0.4289099167637787,545,NS
BRD:BRD-K00003356-001-01-9,-0.033914462547009805,0.31687111651422495,873,NS
BRD:BRD-K95785537-001-23-1,-0.033892861370173735,0.4310122629019566,542,NS
BRD:BRD-K06900071-001-01-2,-0.0338909610219598,0.42764203215983165,550,NS
BRD:BRD-K72827473-001-01-0,-0.03386105042542738,0.42678746763532255,553,NS
BRD:BRD-A07232941-001-02-7,-0.03385698945961955,0.42810561318417467,550,NS
BRD:BRD-K19189338-001-03-2,-0.03385494491762747,0.3168891676099328,876,NS
BRD:BRD-K64400208-001-08-3,-0.03384397565370476,0.42618226209661075,555,NS
BRD:BRD-K60005752-001-01-9,-0.033843718666031024,0.4274445141327054,552,NS
BRD:BRD-K84313779-003-03-9,-0.03383478799008338,0.31662416118151343,878,NS
BRD:BRD-K91333421-001-02-9,-0.033825008312004766,0.31731753272673424,876,NS
BRD:BRD-K72264770-001-03-2,-0.03378020902883687,0.4359791045777284,534,NS
BRD:BRD-K83834509-001-01-1,-0.033778580396677076,0.428335039105001,552,NS
BRD:BRD-K14705039-001-16-4,-0.033717352634373844,0.4300141791493697,550,NS
BRD:BRD-K77841042-001-14-1,-0.0337096659411824,0.43223289286894917,545,NS
BRD:BRD-K78789465-001-01-6,-0.033698106932307674,0.4349476026845705,539,NS
BRD:BRD-K86525559-001-07-8,-0.033667522693918144,0.4427330360657053,522,NS
BRD:BRD-K02241333-001-02-7,-0.03364002209421605,0.4306527610340183,551,NS
BRD:BRD-K27168049-001-02-8,-0.0336374086035303,0.4340699656676756,543,NS
BRD:BRD-K38687824-001-02-5,-0.03359812759711602,0.4316476480046463,550,NS
BRD:BRD-A49622760-001-01-9,-0.03358453666472785,0.4364979779330904,539,NS
BRD:BRD-K47105409-001-14-5,-0.033570014234287834,0.4332975568186187,547,NS
BRD:BRD-K08333979-003-02-9,-0.03355327604558326,0.3212230955703642,876,NS
BRD:BRD-K63792901-075-02-1,-0.03347489244432339,0.4312474664691357,555,NS
BRD:BRD-K48470486-236-11-6,-0.033447685692417885,0.32274914861494963,876,NS
BRD:BRD-K47929404-001-01-0,-0.03342337569612742,0.4408447409371965,534,NS
BRD:BRD-K72166146-066-05-4,-0.0334106905117994,0.43548479390261896,547,NS
BRD:BRD-K00003393-300-01-9,-0.03335758447517145,0.3248873577205101,873,NS
BRD:BRD-K75282878-300-05-3,-0.03329932365942425,0.3249013248126202,876,NS
BRD:BRD-K23363278-001-02-1,-0.03329021045043173,0.43379500709499136,555,NS
BRD:BRD-K73381542-003-23-4,-0.03326353650224517,0.4341636685957539,555,NS
BRD:BRD-K00003339-001-01-9,-0.03326008390041444,0.3249188551336439,878,NS
BRD:BRD-K40905133-001-04-9,-0.03319895439301023,0.44477931847660873,532,NS
BRD:BRD-K24820488-001-01-7,-0.03319832897865334,0.43631520699413606,552,NS
BRD:BRD-K93918653-001-08-9,-0.033164796682271784,0.43677897185735765,552,NS
BRD:BRD-K00003165-300-01-9,-0.03313606690559254,0.32811240735912983,873,NS
BRD:BRD-K37865504-001-04-1,-0.033128263001893546,0.4393776003049309,547,NS
BRD:BRD-K90647725-001-07-3,-0.03311924799448791,0.4506378141549079,521,NS
BRD:BRD-A07207424-001-13-2,-0.03309394634745906,0.4365117986557447,555,NS
BRD:BRD-K77073709-435-01-2,-0.033091917290581634,0.44496426974073844,535,NS
BRD:BRD-K54521836-001-02-1,-0.03307384036431075,0.43887318640557454,550,NS
BRD:BRD-K30977212-001-02-8,-0.03305219033409867,0.4375062506917405,554,NS
BRD:BRD-A96977263-001-03-7,-0.033014524031679544,0.4516360284748602,522,NS
BRD:BRD-K88956297-003-01-9,-0.03301446296666689,0.44432800379343124,539,NS
BRD:BRD-K00004701-001-01-9,-0.032979016988999306,0.3290264318676858,878,NS
BRD:BRD-K00010129-001-01-9,-0.03297707225530908,0.3296080254300011,876,NS
BRD:BRD-K47031502-001-01-6,-0.03295499567406099,0.44514937255717824,539,NS
BRD:BRD-K98548675-001-05-9,-0.032942747178001566,0.4386114283953529,555,NS
BRD:BRD-K00003346-003-01-9,-0.03291146731811734,0.3300186042941302,878,NS
BRD:BRD-K00003470-001-01-9,-0.03287761170513122,0.3319013419855073,873,NS
BRD:BRD-A07815743-001-01-1,-0.03284390121199499,0.4420638580758658,550,NS
BRD:BRD-K43786866-300-02-3,-0.03282507427812339,0.44441701543979656,545,NS
BRD:BRD-K21547160-001-01-4,-0.03281018713668134,0.4501323723608891,532,NS
BRD:BRD-K25943794-001-02-3,-0.03280221026654792,0.44389639076954934,547,NS
BRD:BRD-K01663662-003-20-2,-0.032793194600063094,0.4431861304412771,549,NS
BRD:BRD-A15909516-001-06-6,-0.0327839642957195,0.4416508409363396,553,NS
BRD:BRD-K73610817-001-10-9,-0.032771456884795866,0.33208123483759067,878,NS
BRD:BRD-K03164761-001-02-1,-0.03276019884794445,0.44281249858872945,551,NS
BRD:BRD-K00003117-001-01-9,-0.03275931212769504,0.33226054222462853,878,NS
BRD:BRD-K01507359-001-22-9,-0.03272345873649568,0.45563671738937944,522,NS
BRD:BRD-A66143912-001-01-1,-0.03267493096151674,0.4797665737059919,470,NS
BRD:BRD-K00004669-001-01-9,-0.03265130357257355,0.333857946248686,878,NS
BRD:BRD-K93942811-001-01-3,-0.032637251278696454,0.48027352813433716,470,NS
BRD:BRD-K38627885-001-01-9,-0.03263584493480934,0.33463969800848253,876,NS
BRD:BRD-K00521308-019-01-9,-0.03262600717838586,0.4450995694371369,550,NS
BRD:BRD-K61452026-001-04-6,-0.032617254815525076,0.44315097225823297,555,NS
BRD:BRD-K46392623-001-02-5,-0.032604128425233275,0.44333460208837483,555,NS
BRD:BRD-A50684349-003-02-9,-0.032581144520688124,0.44572606667071374,550,NS
BRD:BRD-K51387999-067-01-6,-0.03256535936853013,0.4812415916431901,470,NS
BRD:BRD-K68408772-001-05-4,-0.03256242071382821,0.45271127923439586,534,NS
BRD:BRD-K89162000-001-06-4,-0.03256171476458401,0.44516803997701715,552,NS
BRD:BRD-K68392338-003-02-0,-0.0325578180742702,0.4448086994234156,553,NS
BRD:BRD-K45238818-001-02-6,-0.032549264625668185,0.4461715668054865,550,NS
BRD:BRD-K43639297-001-01-9,-0.032548156837233604,0.45290938129313296,534,NS
BRD:BRD-K85406984-001-01-0,-0.03254370335817157,0.4542492173683867,531,NS
BRD:BRD-A99939097-001-24-2,-0.03252290291515516,0.445711044995218,552,NS
BRD:BRD-K59456551-001-22-6,-0.03250267094591708,0.4586846588632799,522,NS
BRD:BRD-K00023644-001-01-9,-0.03248641854916089,0.33630605066084895,878,NS
BRD:BRD-A78377521-001-05-5,-0.032473031555600364,0.44931979757513824,545,NS
BRD:BRD-K00010385-001-01-9,-0.03245253733628546,0.3368105211095629,878,NS
BRD:BRD-K78627070-001-01-5,-0.032449777519388136,0.4828001808397966,470,NS
BRD:BRD-K04264130-001-01-4,-0.03241258498525465,0.4480844364098004,550,NS
BRD:BRD-K45044657-001-01-4,-0.03239467406899968,0.33822560564065113,876,NS
BRD:BRD-K80076813-001-08-8,-0.03238290076420098,0.45520807509283434,534,NS
BRD:BRD-K07106112-003-03-8,-0.032380272331478784,0.4485373390686824,550,NS
BRD:BRD-K03886848-001-01-8,-0.03229570153874693,0.3391520348295274,878,NS
BRD:BRD-K98004573-051-02-8,-0.032162604388145256,0.44953644972295975,555,NS
BRD:BRD-K59390331-045-01-5,-0.032147652938240685,0.4497473198901231,555,NS
BRD:BRD-K51541829-050-01-0,-0.0321265797100498,0.4512773821574082,552,NS
BRD:BRD-K00003213-001-01-9,-0.03211968234386081,0.3417923363118309,878,NS
BRD:BRD-K04032780-001-01-8,-0.03209763667051695,0.4880314208652262,469,NS
BRD:BRD-K67680372-003-02-6,-0.03208152453697067,0.45273692286770095,550,NS
BRD:BRD-K18678457-003-02-8,-0.03207785163502228,0.45155322871086223,553,NS
BRD:BRD-K40581315-034-02-9,-0.032038933653466384,0.3435598069665013,876,NS
BRD:BRD-K52087522-300-02-9,-0.03202711610252886,0.3437379225872175,876,NS
BRD:BRD-K68003372-001-01-6,-0.03198756570466931,0.4890602100155327,470,NS
BRD:BRD-K71250460-001-02-9,-0.031955407489060506,0.34481998587354207,876,NS
BRD:BRD-K11073688-001-01-6,-0.031952923562503954,0.46248710928030284,531,NS
BRD:BRD-K42348709-003-13-1,-0.0319245868900675,0.45951787053841503,539,NS
BRD:BRD-K55420858-001-01-0,-0.03188052814162282,0.34540064490624467,878,NS
BRD:BRD-K99498722-001-02-6,-0.03187273634570769,0.4569222741773319,547,NS
BRD:BRD-K59895502-001-01-9,-0.031817704504882915,0.4631192034676843,534,NS
BRD:BRD-K62050508-001-01-0,-0.03180186450932757,0.4633420134438738,534,NS
BRD:BRD-K00084839-001-01-9,-0.031785574168171495,0.3524077750182183,858,NS
BRD:BRD-K02908048-003-06-4,-0.031775648068576155,0.4574708400328798,549,NS
BRD:BRD-K22641081-304-01-8,-0.031748542440643665,0.49231447002877216,470,NS
BRD:BRD-K79612754-001-19-1,-0.031741935941084334,0.4692732921458342,522,NS
BRD:BRD-A64977602-001-15-9,-0.031735894543903825,0.4576230576877226,550,NS
BRD:BRD-K64120610-001-01-4,-0.031730484404607226,0.4639268812821635,535,NS
BRD:BRD-K45528773-001-07-2,-0.03171873508422186,0.4695983279216216,522,NS
BRD:BRD-K26548821-003-10-5,-0.03170855861582112,0.4580107584605248,550,NS
BRD:BRD-K82928892-001-02-5,-0.03169165335675692,0.4699778902272148,522,NS
BRD:BRD-K05658747-001-02-9,-0.03168518453617,0.45957639985117704,547,NS
BRD:BRD-K33690734-001-01-5,-0.03167781770102861,0.4576273073985119,552,NS
BRD:BRD-K50325075-001-02-1,-0.031664670057315845,0.45822356174652534,551,NS
BRD:BRD-K08303368-001-10-0,-0.03165220677748197,0.4744007071989485,513,NS
BRD:BRD-K95901403-001-04-5,-0.03164301509751324,0.45771307827210084,553,NS
BRD:BRD-K48068743-001-01-6,-0.031642040617080446,0.46350259796688015,539,NS
BRD:BRD-K06593056-001-04-8,-0.031610031836883004,0.46064232883416745,547,NS
BRD:BRD-K41434598-003-01-9,-0.031587861008997485,0.46426887624642366,539,NS
BRD:BRD-K91543828-001-02-0,-0.03154859954140878,0.4664937938626467,535,NS
BRD:BRD-K96295391-300-01-7,-0.031538876966300096,0.4951785314343014,470,NS
BRD:BRD-A17462676-003-11-6,-0.0315372152807009,0.459218910451319,553,NS
BRD:BRD-A33603104-003-02-9,-0.03145466108218955,0.3524364675606615,876,NS
BRD:BRD-K24570280-001-07-9,-0.03144636023447663,0.35256361461357705,876,NS
BRD:BRD-K08999871-213-01-5,-0.03143942267680982,0.46637188153482456,539,NS
BRD:BRD-A48237631-001-04-8,-0.03142439050426099,0.4641037313872524,545,NS
BRD:BRD-A80321291-001-03-2,-0.03139532430966574,0.4971445867445793,470,NS
BRD:BRD-K86687746-001-01-3,-0.03138677573090743,0.46711902380520254,539,NS
BRD:BRD-K65230684-001-06-9,-0.03130472481846447,0.3541872701520071,878,NS
BRD:BRD-M01344114-348-01-0,-0.03129678431407552,0.35485968620574637,876,NS
BRD:BRD-K31342827-001-13-8,-0.0312876266046632,0.35500056749118153,876,NS
BRD:BRD-K26701552-001-01-8,-0.031281137769366,0.4632816794996243,552,NS
BRD:BRD-K34022604-001-06-6,-0.03126551340372273,0.4630986523316383,553,NS
BRD:BRD-K70177501-003-01-4,-0.031231115593063304,0.4660376373690956,547,NS
BRD:BRD-K49783248-303-08-4,-0.03120772149810262,0.4647391669121613,551,NS
BRD:BRD-K53517854-051-01-4,-0.031199417939473277,0.4652653114593388,550,NS
BRD:BRD-K11590034-002-03-4,-0.031179294070481083,0.47719058649121165,522,NS
BRD:BRD-K67017579-001-28-1,-0.031176409598949836,0.465594646095573,550,NS
BRD:BRD-K62607865-001-09-7,-0.031148322678097924,0.47342096768281977,532,NS
BRD:BRD-K46331928-001-06-6,-0.03113286124969944,0.47364069542471615,532,NS
BRD:BRD-K53114651-001-12-7,-0.031063878593407968,0.3584536289837134,876,NS
BRD:BRD-K29066607-001-02-9,-0.03096077111371119,0.3595025765388736,878,NS
BRD:BRD-K85920262-001-02-1,-0.030929822170254587,0.4687267162630822,551,NS
BRD:BRD-K00003169-001-01-9,-0.03092281209918146,0.36009222794216583,878,NS
BRD:BRD-K34657753-001-01-9,-0.030893220304944582,0.3611014931403862,876,NS
BRD:BRD-K15916496-001-27-9,-0.030885811982017296,0.46855095951750136,553,NS
BRD:BRD-K86972824-001-02-2,-0.030867749358035382,0.47205977380113906,545,NS
BRD:BRD-K28570407-001-02-0,-0.030860582636354803,0.4709403769567534,548,NS
BRD:BRD-K00079520-001-02-9,-0.03085023859634917,0.36676401718915924,858,NS
BRD:BRD-A61850409-001-10-7,-0.03084115836818433,0.47000290614269385,551,NS
BRD:BRD-K00004614-001-01-9,-0.030805262717817493,0.363296496463884,873,NS
BRD:BRD-K09946180-300-01-6,-0.030776908071287246,0.5061168990453053,469,NS
BRD:BRD-K85139301-001-01-3,-0.030768067541646463,0.5062391303852791,469,NS
BRD:BRD-K00010938-001-01-9,-0.030764248961652176,0.3639359914070785,873,NS
BRD:BRD-K06357403-001-01-4,-0.030756976444311086,0.4781705739985891,534,NS
BRD:BRD-K06858286-001-01-3,-0.030742713199051894,0.4718265571926597,550,NS
BRD:BRD-A55484088-050-02-5,-0.03072885371343071,0.4712183321192411,552,NS
BRD:BRD-A31095847-001-02-3,-0.030720077237911737,0.4733693081370861,547,NS
BRD:BRD-K01584643-001-04-9,-0.030710458844977202,0.3639506875978941,876,NS
BRD:BRD-K33445938-001-01-8,-0.03069044584369769,0.36508851350669724,873,NS
BRD:BRD-K73237276-001-01-0,-0.030688475100357264,0.4713985444208015,553,NS
BRD:BRD-K00003225-003-01-9,-0.03068236363815755,0.3638413971166232,878,NS
BRD:BRD-A08545410-311-03-4,-0.030668031551984196,0.48444764190269995,522,NS
BRD:BRD-K99504665-001-01-2,-0.030629835091825063,0.4714430157019324,555,NS
BRD:BRD-K54519451-001-02-9,-0.030598347128162607,0.480031552132525,535,NS
BRD:BRD-A91831168-003-02-5,-0.03058964147983216,0.4752507043162443,547,NS
BRD:BRD-K97009491-238-03-8,-0.030540722122873346,0.4862639521348376,522,NS
BRD:BRD-K51776215-001-03-9,-0.03053328483734132,0.36672613252151076,876,NS
BRD:BRD-K92441787-001-04-1,-0.030525736499296994,0.47295180170031503,555,NS
BRD:BRD-K16136380-001-01-7,-0.030491451939572648,0.48696786882173015,522,NS
BRD:BRD-K92984783-003-05-7,-0.030487164516657336,0.4743132506832286,553,NS
BRD:BRD-K56851771-001-06-8,-0.030483474650477432,0.4743667669703117,553,NS
BRD:BRD-K00003221-001-01-9,-0.030462109160108573,0.36729699731651266,878,NS
BRD:BRD-K20285085-001-07-1,-0.030425221957172965,0.4837568170692146,532,NS
BRD:BRD-K00004622-001-01-9,-0.030421153847841564,0.36794179413419253,878,NS
BRD:BRD-K68507560-003-24-6,-0.030366222342473114,0.47888699706156823,546,NS
BRD:BRD-K89272869-003-01-8,-0.030364271261564695,0.4833988017451009,535,NS
BRD:BRD-A88369366-001-01-7,-0.030323755035016994,0.47708706900986,552,NS
BRD:BRD-K17443395-065-02-2,-0.030282376943672498,0.47728840205347467,553,NS
BRD:BRD-K69932463-001-10-6,-0.030265641696271935,0.47994170931834135,547,NS
BRD:BRD-K00003231-001-01-9,-0.03026068516563822,0.37184484961677805,873,NS
BRD:BRD-K18898553-001-01-1,-0.030259262335806003,0.4849135297354027,535,NS
BRD:BRD-A92933783-050-01-6,-0.03024120375037807,0.4811038911161973,545,NS
BRD:BRD-K00003118-011-01-9,-0.03020407296325398,0.37137123312497017,878,NS
BRD:BRD-K44043890-001-01-4,-0.030201110417051993,0.514110229633011,469,NS
BRD:BRD-K54262262-001-09-0,-0.03019032895737239,0.48224653236029025,544,NS
BRD:BRD-A81233518-004-16-1,-0.03018963357641983,0.4786391197294452,553,NS
BRD:BRD-A44133049-003-07-8,-0.03016563361644027,0.4813947375767089,547,NS
BRD:BRD-K00003468-001-01-9,-0.03015477805209259,0.37352164480955213,873,NS
BRD:BRD-K10974103-001-21-1,-0.030151781117833898,0.4803911283593312,550,NS
BRD:BRD-M92675308-003-07-1,-0.0301209819151078,0.4820442571787492,547,NS
BRD:BRD-K32107296-001-16-9,-0.030103165226398786,0.4823035576851959,547,NS
BRD:BRD-K11848003-001-17-9,-0.03006067873631171,0.379161907096598,858,NS
BRD:BRD-K18194590-065-08-0,-0.030015571235279214,0.4811797817877425,553,NS
BRD:BRD-K72167406-001-02-1,-0.030004824512726114,0.49394963982272144,522,NS
BRD:BRD-K48875051-001-01-0,-0.029989766750642084,0.37532227933375795,876,NS
BRD:BRD-K07798980-001-01-9,-0.029963458932546434,0.48313819162742583,550,NS
BRD:BRD-K55029398-001-01-6,-0.029961509204830254,0.48963064481568036,534,NS
BRD:BRD-K62738477-001-01-7,-0.02992466086118303,0.5175228203003097,470,NS
BRD:BRD-K25649279-001-02-0,-0.02990806414308843,0.48595076751176114,545,NS
BRD:BRD-K08223200-001-01-1,-0.029873148977304403,0.486460271848051,545,NS
BRD:BRD-K00004968-001-01-9,-0.029867601138057705,0.3767257817880007,878,NS
BRD:BRD-K31920458-001-23-6,-0.02984327528233795,0.4933917455362282,529,NS
BRD:BRD-K88143662-001-01-5,-0.029841499214000353,0.49096496841337206,535,NS
BRD:BRD-K00004750-001-01-9,-0.02983750761027019,0.3785727932535897,873,NS
BRD:BRD-K00091288-001-01-9,-0.029799809936817634,0.38331406075335306,858,NS
BRD:BRD-K26305185-001-02-1,-0.029773659611623562,0.49728483860315786,522,NS
BRD:BRD-K24255045-001-05-3,-0.02977205343129628,0.4871362248186537,547,NS
BRD:BRD-K39484304-001-16-5,-0.02976842116019043,0.48479979638064846,553,NS
BRD:BRD-K77484724-001-02-0,-0.02976699547705401,0.49327050015326024,532,NS
BRD:BRD-K00003282-001-01-9,-0.02975945074635693,0.37845691309726137,878,NS
BRD:BRD-K00004697-001-01-9,-0.029730391977177004,0.3789228802696124,878,NS
BRD:BRD-K68164687-001-01-6,-0.0297301033190914,0.48536235354517726,553,NS
BRD:BRD-K73982490-001-02-9,-0.02972155340611898,0.48867578668497363,545,NS
BRD:BRD-K62736196-015-11-0,-0.02966516396825937,0.49885430509991774,522,NS
BRD:BRD-K78844995-001-02-6,-0.029647868321640587,0.4897546231664635,545,NS
BRD:BRD-K40366680-001-03-3,-0.029629348005423127,0.48763571163782227,551,NS
BRD:BRD-K15893360-001-01-8,-0.029620680597939583,0.521788022030468,470,NS
BRD:BRD-K53561341-001-07-5,-0.029590683127335853,0.4882041182277929,551,NS
BRD:BRD-K32768103-051-02-6,-0.029575556753839695,0.4880304646271534,552,NS
BRD:BRD-K78373679-001-03-7,-0.029566104478775175,0.5230007910061714,469,NS
BRD:BRD-K51041191-001-02-9,-0.029558131451641805,0.38169236727431594,878,NS
BRD:BRD-K57597776-001-01-2,-0.02955033160370004,0.4895911944426768,549,NS
BRD:BRD-K58685305-001-20-4,-0.029543691469458372,0.4908829491022619,546,NS
BRD:BRD-K39503511-001-03-9,-0.0294798310495427,0.4890453385701546,553,NS
BRD:BRD-K71667152-003-09-8,-0.029406625976965774,0.5252459075617883,469,NS
BRD:BRD-A53951045-004-01-6,-0.0293942369830759,0.49268226223855843,547,NS
BRD:BRD-K22685337-001-13-4,-0.02935355759252698,0.49209293807509963,550,NS
BRD:BRD-K59866480-001-07-3,-0.02935211060104288,0.4981050691977021,535,NS
BRD:BRD-K17849083-001-32-9,-0.02934124830950401,0.4994768512991406,532,NS
BRD:BRD-K27316855-001-19-0,-0.02930965277806514,0.4919519394038419,552,NS
BRD:BRD-K00074484-001-02-9,-0.029307235079597992,0.39122962841315384,858,NS
BRD:BRD-K35687421-001-02-5,-0.029264896344563113,0.49222024321865565,553,NS
BRD:BRD-K89072800-001-01-8,-0.029233153587628555,0.4950570573895885,547,NS
BRD:BRD-K77951111-001-05-9,-0.029229106046857717,0.3870165565743484,878,NS
BRD:BRD-K98769987-001-23-7,-0.02920119946142251,0.4987128883826328,539,NS
BRD:BRD-K33583600-001-16-1,-0.029190041600135132,0.49569367508499057,547,NS
BRD:BRD-K15656090-001-07-3,-0.029177533264754644,0.38839775918695885,876,NS
BRD:BRD-K02260986-001-03-9,-0.029172504002718955,0.3892954523571076,873,NS
BRD:BRD-K71133585-236-14-4,-0.029166675094509837,0.5281916452773975,470,NS
BRD:BRD-K00003391-236-01-9,-0.029157212630735316,0.3881859062447261,878,NS
BRD:BRD-K17849083-001-31-1,-0.029152754962253075,0.4970366990463248,545,NS
BRD:BRD-A15687940-001-05-6,-0.02914593262815399,0.5011295831534236,535,NS
BRD:BRD-K20431737-001-08-1,-0.029108760389591065,0.4957119343951709,550,NS
BRD:BRD-K69469734-003-02-5,-0.029070693276747443,0.5006346248453117,539,NS
BRD:BRD-K03165895-001-01-9,-0.029063806244426296,0.50233702707743,535,NS
BRD:BRD-K00003437-001-01-9,-0.029035881661930784,0.39152100817074487,873,NS
BRD:BRD-K42500029-001-03-5,-0.029025627093182252,0.49615922042850963,552,NS
BRD:BRD-K42991124-001-03-0,-0.029010815437985144,0.5083753074852614,522,NS
BRD:BRD-K55808645-001-01-4,-0.029006617532471496,0.5035798824793943,534,NS
BRD:BRD-K25290930-001-03-9,-0.028999196534384493,0.39211991334175217,873,NS
BRD:BRD-K43578482-001-01-4,-0.028985630525726117,0.501889299556669,539,NS
BRD:BRD-K88570498-001-01-9,-0.028978907194213647,0.5312914509757205,469,NS
BRD:BRD-K25244359-066-03-4,-0.028974959568288577,0.5088997552477055,522,NS
BRD:BRD-K00076647-001-02-9,-0.0289741148749276,0.3966385263321751,858,NS
BRD:BRD-K00004744-001-01-9,-0.028924545726658788,0.39334034112310484,873,NS
BRD:BRD-K66465025-001-05-1,-0.02889634796689035,0.4988636090534763,550,NS
BRD:BRD-A22106989-001-05-0,-0.028892363591252013,0.5001012360294342,547,NS
BRD:BRD-K32892871-003-02-9,-0.02888914574905109,0.3931061079627481,876,NS
BRD:BRD-K59146805-001-03-7,-0.028883633825627714,0.49787907183516067,553,NS
BRD:BRD-K90563805-001-02-6,-0.028822677539531157,0.5058910124336099,535,NS
BRD:BRD-K56932272-001-02-9,-0.02881070720098539,0.39439267965792096,876,NS
BRD:BRD-K11742128-003-23-4,-0.028786860001640872,0.5004922778373379,550,NS
BRD:BRD-K02113016-001-15-4,-0.02877378519228426,0.5014702786258809,548,NS
BRD:BRD-K28120222-001-08-4,-0.028745357579475987,0.5022855003330662,547,NS
BRD:BRD-K08251020-001-01-0,-0.028733201064587145,0.5056223789667704,539,NS
BRD:BRD-K53438416-001-01-9,-0.028729743845653664,0.534829363907436,469,NS
BRD:BRD-K86892782-001-17-0,-0.028729675941571844,0.5056746136249266,539,NS
BRD:BRD-K69694239-001-02-2,-0.028726297915711727,0.49944687998832293,555,NS
BRD:BRD-K59647213-001-10-5,-0.02870890742216362,0.5156536674198627,515,NS
BRD:BRD-K49657628-001-14-8,-0.028706344923290425,0.5036514471599922,545,NS
BRD:BRD-K24566386-001-01-9,-0.028699391460167617,0.5041482998131381,544,NS
BRD:BRD-K10362825-001-03-4,-0.028692246581575206,0.5130447524218095,522,NS
BRD:BRD-K74717603-001-02-2,-0.028686988939436796,0.5000343135688494,555,NS
BRD:BRD-K10667240-001-01-7,-0.02868327672767758,0.5083502855292504,534,NS
BRD:BRD-K00091267-001-01-9,-0.02868231647048295,0.4014132975251431,858,NS
BRD:BRD-A58193911-003-18-7,-0.0286797542079194,0.5092012445932321,532,NS
BRD:BRD-K62277907-001-01-6,-0.02867810144523582,0.5040715024441752,545,NS
BRD:BRD-K41160163-001-06-8,-0.028664228705853237,0.5011511421551387,553,NS
BRD:BRD-K75250001-001-01-3,-0.02865252047662853,0.5013260700969139,553,NS
BRD:BRD-K93331255-001-02-0,-0.028643782808991467,0.5356160301537765,470,NS
BRD:BRD-K29895144-001-01-0,-0.028641503936334866,0.5018795589553693,552,NS
BRD:BRD-K00005249-001-01-9,-0.028638513554703728,0.39803775473902736,873,NS
BRD:BRD-K41143549-003-02-4,-0.02863207661993774,0.5027995191190682,550,NS
BRD:BRD-K00003152-001-01-9,-0.02862121707618018,0.3983228870240326,873,NS
BRD:BRD-K63675182-003-23-6,-0.02861599241950912,0.5030395955413097,550,NS
BRD:BRD-K93754473-048-20-2,-0.02857418101214656,0.5021094860691528,554,NS
BRD:BRD-K00003216-001-01-9,-0.028548432302894423,0.3981736349406436,878,NS
BRD:BRD-A54228901-001-01-7,-0.028526644309432504,0.5377219455027179,469,NS
BRD:BRD-K94853001-300-04-9,-0.02851630380210065,0.3992442101471384,876,NS
BRD:BRD-K00003240-300-01-9,-0.02848387892974975,0.399241693968675,878,NS
BRD:BRD-K27529556-001-04-9,-0.028479238057475962,0.4006680486032626,873,NS
BRD:BRD-K87021635-003-02-2,-0.0284776724281329,0.5384205820928982,469,NS
BRD:BRD-K56912469-003-02-0,-0.02845624340755531,0.511317026016098,535,NS
BRD:BRD-A17846016-001-13-9,-0.028430411039675862,0.5058139886520225,550,NS
BRD:BRD-K27853494-003-04-7,-0.028430219505261395,0.5128950874340094,532,NS
BRD:BRD-A71774530-001-05-9,-0.028385113663264065,0.506104434674486,551,NS
BRD:BRD-K37087535-001-01-1,-0.028293882469811345,0.5410465850227827,469,NS
BRD:BRD-K21152241-001-07-3,-0.028284154153103012,0.5138756750035435,535,NS
BRD:BRD-K57136142-001-02-4,-0.028269064150174498,0.5082325931378585,550,NS
BRD:BRD-K55013654-003-02-3,-0.028245767303813774,0.5085823140859709,550,NS
BRD:BRD-A11725667-001-01-8,-0.028234391899330524,0.5414651978869922,470,NS
BRD:BRD-K04993719-001-01-7,-0.028210120916560406,0.5098924092106972,548,NS
BRD:BRD-K39371216-001-01-3,-0.028200760393197397,0.5092582921238726,550,NS
BRD:BRD-A29854054-236-12-6,-0.0282000789213322,0.510431179239599,547,NS
BRD:BRD-K66911501-003-01-2,-0.028175516132434998,0.5096376517993653,550,NS
BRD:BRD-K17500877-001-02-1,-0.028166457126252056,0.5117128101475563,545,NS
BRD:BRD-K83176916-001-01-4,-0.028164066271401937,0.542905243086074,469,NS
BRD:BRD-K47000838-001-01-6,-0.028161636960401134,0.5168863945065759,532,NS
BRD:BRD-K00090645-001-01-9,-0.02814213129999172,0.41034286884741855,858,NS
BRD:BRD-K00090628-001-01-9,-0.028118269147769406,0.41074002242201846,858,NS
BRD:BRD-K74671368-001-01-8,-0.028101642370944816,0.5165965282879763,535,NS
BRD:BRD-K18399440-001-11-9,-0.028095725400978433,0.4057000419821222,878,NS
BRD:BRD-K09778810-001-10-6,-0.028071873655334683,0.5092740209606467,555,NS
BRD:BRD-K49522529-001-02-9,-0.028063292443721372,0.5223286754524337,522,NS
BRD:BRD-K61323504-001-04-0,-0.02802694472284327,0.513806812416311,545,NS
BRD:BRD-K86816506-001-01-8,-0.0280256284714679,0.5201001664163958,529,NS
BRD:BRD-K22936972-003-23-6,-0.027981659515306876,0.513713266687763,547,NS
BRD:BRD-K58726989-001-02-7,-0.02795644188012577,0.408032635828566,878,NS
BRD:BRD-K47869605-001-32-0,-0.027941274515889493,0.517427801709113,539,NS
BRD:BRD-K58819470-001-05-9,-0.027882828920467995,0.5136627217593172,551,NS
BRD:BRD-A14941520-051-01-0,-0.027881034261588153,0.5133062928866655,552,NS
BRD:BRD-A88562598-001-01-7,-0.027871260239109068,0.5204337460821091,534,NS
BRD:BRD-K77597856-003-02-5,-0.027845944738350562,0.5157580929734608,547,NS
BRD:BRD-A46813902-001-01-6,-0.027842935865273793,0.5138822880659397,552,NS
BRD:BRD-K18637542-001-01-7,-0.027829551330387666,0.4101646112823178,878,NS
BRD:BRD-K51207550-001-23-0,-0.027762664279280865,0.5158626808751213,550,NS
BRD:BRD-K44942188-001-09-1,-0.02775251596757264,0.517938770982807,545,NS
BRD:BRD-K09549677-300-03-4,-0.027748616825081573,0.5234479609431946,531,NS
BRD:BRD-K43900408-001-02-9,-0.027745156751546023,0.41292485946763724,873,NS
BRD:BRD-K50398167-236-22-7,-0.02770966890637695,0.518585444633586,545,NS
BRD:BRD-K76614248-001-01-2,-0.027688272827768222,0.523176982976176,534,NS
BRD:BRD-K84868168-001-01-0,-0.027641225676790407,0.5238834796088261,534,NS
BRD:BRD-A59174698-003-18-5,-0.027597999297790086,0.5172125904748854,553,NS
BRD:BRD-K48988407-001-01-2,-0.02757260278846895,0.5206569199001689,545,NS
BRD:BRD-A31800922-003-25-1,-0.02755210600992895,0.5260035707829407,532,NS
BRD:BRD-K59197931-001-04-5,-0.027551095421926266,0.5179251942822106,553,NS
BRD:BRD-K62676709-065-05-5,-0.027530743480150013,0.5174755162508878,555,NS
BRD:BRD-K00003458-001-01-9,-0.02751169555622185,0.41553405588897874,878,NS
BRD:BRD-A23067620-300-01-3,-0.027506034578453475,0.5208979714275705,547,NS
BRD:BRD-A41387824-001-06-0,-0.027505135591669692,0.41617844437480744,876,NS
BRD:BRD-K75352575-001-01-3,-0.027491274825136205,0.5192147089357105,552,NS
BRD:BRD-K51911221-001-01-2,-0.02748455543302698,0.5181786976373927,555,NS
BRD:BRD-K17539220-001-02-9,-0.02746827268731019,0.4168036857523545,876,NS
BRD:BRD-K47114202-001-14-6,-0.02743951090775454,0.5340001642674828,516,NS
BRD:BRD-K31054881-300-04-7,-0.02742128507460365,0.5202793893247585,552,NS
BRD:BRD-K00003514-342-01-9,-0.027410707911774704,0.4172486482505968,878,NS
BRD:BRD-K00003457-001-01-9,-0.027401445603242373,0.41873914072299884,873,NS
BRD:BRD-K97045029-001-04-3,-0.02739288128478581,0.5195758318384288,555,NS
BRD:BRD-K97440753-066-18-1,-0.02737722788887633,0.5198145866504723,555,NS
BRD:BRD-K68633027-001-01-9,-0.027343758178943956,0.5547229056511186,469,NS
BRD:BRD-A41385909-001-01-3,-0.027322299258909798,0.5333758015818387,522,NS
BRD:BRD-K93788137-001-04-1,-0.027320493627257688,0.5550598830481978,469,NS
BRD:BRD-K00003512-001-01-9,-0.02731183008644434,0.41893144664719806,878,NS
BRD:BRD-K00004694-001-01-9,-0.027311315928844452,0.41894020748291755,878,NS
BRD:BRD-K00003292-001-01-9,-0.027298745662005786,0.4191544282830033,878,NS
BRD:BRD-K12994359-001-18-4,-0.02725132543891927,0.5305325657314879,532,NS
BRD:BRD-K72414522-001-06-7,-0.027240153237304096,0.5226620690629051,553,NS
BRD:BRD-A07563059-035-01-3,-0.02723803702785734,0.5245885998755407,548,NS
BRD:BRD-K03289534-001-01-4,-0.027234245237128023,0.5246463457651936,548,NS
BRD:BRD-K66035042-001-10-1,-0.02722496152504186,0.5240288135792835,550,NS
BRD:BRD-A12633378-001-07-0,-0.027221619282591026,0.5564931484134461,469,NS
BRD:BRD-A29844814-300-01-5,-0.02721040952135575,0.5253894951624375,547,NS
BRD:BRD-K13511380-001-01-4,-0.02720175779597442,0.5255212404955381,547,NS
BRD:BRD-K57853941-304-02-5,-0.027181033980504147,0.5228118311036505,555,NS
BRD:BRD-A59825838-326-01-4,-0.02716405074890894,0.5264758051516009,546,NS
BRD:BRD-K68336408-001-10-9,-0.02716218445801023,0.5246082893406696,551,NS
BRD:BRD-K00004599-001-01-9,-0.02713710515034416,0.4219148105248833,878,NS
BRD:BRD-K30421593-050-04-9,-0.027129839477329953,0.5247248801279545,552,NS
BRD:BRD-K63923597-001-10-0,-0.027128731368179445,0.5266339314356043,547,NS
BRD:BRD-K63979671-001-11-9,-0.02712586460143624,0.42210716351803335,878,NS
BRD:BRD-K85804405-003-01-3,-0.027095476114325563,0.4226274408869533,878,NS
BRD:BRD-K19352500-070-12-4,-0.027094917518885864,0.5260136794789254,550,NS
BRD:BRD-K50388907-001-30-4,-0.027090972892848397,0.5329551116388453,532,NS
BRD:BRD-K11792081-001-01-4,-0.027076864966357955,0.5320108196380332,535,NS
BRD:BRD-K69211575-001-02-9,-0.02707188489491171,0.4235617963211306,876,NS
BRD:BRD-K67966701-001-11-6,-0.02706651664995347,0.5253168620795925,553,NS
BRD:BRD-K96798615-001-02-9,-0.02706465512432304,0.4236856498476693,876,NS
BRD:BRD-K74501079-001-18-1,-0.027063256495258658,0.5283917309170206,545,NS
BRD:BRD-K02123250-001-06-7,-0.027058921321202658,0.5280780303639347,546,NS
BRD:BRD-K29950728-048-17-4,-0.02701222635435795,0.5284115784716454,547,NS
BRD:BRD-K76594255-001-01-6,-0.02700999003301772,0.5334095533131823,534,NS
BRD:BRD-K37720887-001-07-8,-0.026986295071148244,0.5276745197313095,550,NS
BRD:BRD-K00003129-001-01-9,-0.026965553807705357,0.4248560490126823,878,NS
BRD:BRD-K89210380-001-13-7,-0.026958598740226176,0.5326544762483598,538,NS
BRD:BRD-K18602506-001-09-9,-0.02694651531751858,0.4257125032409572,876,NS
BRD:BRD-K16484091-001-01-1,-0.026911556909219425,0.5269429984884161,555,NS
BRD:BRD-M08274809-001-01-7,-0.026901271539750225,0.5404862218438166,520,NS
BRD:BRD-K69907333-001-10-6,-0.026882579746301583,0.5399866045367914,522,NS
BRD:BRD-K00003119-066-01-9,-0.026860417443314275,0.42666450143547735,878,NS
BRD:BRD-K30185465-001-03-0,-0.026857296403183992,0.5617897798597286,469,NS
BRD:BRD-K11244467-001-08-5,-0.026856945510037474,0.5277822286312169,555,NS
BRD:BRD-K16508793-001-05-9,-0.026829868501684426,0.5289461083925995,553,NS
BRD:BRD-A00092689-236-04-9,-0.026821145740125448,0.42786955978120556,876,NS
BRD:BRD-K34098590-001-02-1,-0.026805532775682036,0.5625443006572822,469,NS
BRD:BRD-K34068325-066-03-7,-0.02679294904245965,0.5363220994432415,535,NS
BRD:BRD-K00090646-001-01-9,-0.026791563881855024,0.43317779490541286,858,NS
BRD:BRD-K00003464-001-01-9,-0.026789575911989744,0.4292078334185228,873,NS
BRD:BRD-A08772153-001-02-4,-0.026789344258441074,0.5363769508042264,535,NS
BRD:BRD-K61192372-001-08-9,-0.026785027587091576,0.5300093181517281,552,NS
BRD:BRD-K44408410-001-17-6,-0.026759234626154083,0.5292854754694732,555,NS
BRD:BRD-K81473043-001-14-6,-0.02675754821950086,0.5418737830716351,522,NS
BRD:BRD-K50699835-001-01-2,-0.026713334764621906,0.563471901325686,470,NS
BRD:BRD-K30331124-001-04-9,-0.0266963120012022,0.430816750538792,873,NS
BRD:BRD-K00074843-001-02-9,-0.026686084049738563,0.43499158203812144,858,NS
BRD:BRD-K47029922-003-10-9,-0.02666637729822453,0.5337064744537033,547,NS
BRD:BRD-K00005344-001-01-9,-0.026641723167637386,0.4304405848481054,878,NS
BRD:BRD-K59983611-001-21-9,-0.026572941271540737,0.5726792167918254,453,NS
BRD:BRD-K00073937-001-02-9,-0.02656403750047413,0.43709569460362624,858,NS
BRD:BRD-K87028197-001-01-3,-0.026554124827387074,0.535430771022129,547,NS
BRD:BRD-A50157456-065-20-6,-0.0265342325855886,0.5361114203874668,546,NS
BRD:BRD-A92262698-001-02-5,-0.026487639509059763,0.540977724730924,535,NS
BRD:BRD-K74990253-001-02-8,-0.02644630709716547,0.5341143244047253,555,NS
BRD:BRD-A17407635-001-04-0,-0.026441945676256243,0.5371567337004058,547,NS
BRD:BRD-K97061094-001-21-4,-0.02644172128999447,0.5521095527408302,508,NS
BRD:BRD-K00003569-003-01-9,-0.026410228140680503,0.4344587094150953,878,NS
BRD:BRD-K59424860-001-01-4,-0.02637971154825756,0.5369979593141531,550,NS
BRD:BRD-K00084842-001-01-9,-0.02637861185900139,0.44030364722858056,858,NS
BRD:BRD-K31111078-001-04-2,-0.026359096920348945,0.5391802080850443,545,NS
BRD:BRD-K72748448-001-01-0,-0.02634303348815893,0.5693073720026584,469,NS
BRD:BRD-K26501486-001-02-9,-0.026321631071947373,0.4365268294786562,876,NS
BRD:BRD-M92352362-002-02-3,-0.026310910633210022,0.5486418439328224,522,NS
BRD:BRD-K86727142-001-12-4,-0.026265151029576918,0.5395105437441723,548,NS
BRD:BRD-K34888156-213-01-4,-0.02626216575562043,0.539928589519334,547,NS
BRD:BRD-A66920069-001-01-3,-0.026260572184266442,0.5369908926242862,555,NS
BRD:BRD-A35623999-001-05-7,-0.026242527022628775,0.5391179356814837,550,NS
BRD:BRD-A72401848-001-02-2,-0.0262208854916847,0.5450618380841014,535,NS
BRD:BRD-A73679382-236-01-8,-0.02619651401712429,0.5454357350042224,535,NS
BRD:BRD-K21586122-001-01-9,-0.026185443398711403,0.5459830596179557,534,NS
BRD:BRD-K93441486-067-12-8,-0.026158509235152613,0.538574892006033,555,NS
BRD:BRD-K00004610-001-01-9,-0.026149281559472146,0.4403237586632176,873,NS
BRD:BRD-K70792160-003-04-6,-0.026139697082221035,0.5388671082373073,555,NS
BRD:BRD-A71407503-001-01-8,-0.026121098640080744,0.5421085564220292,547,NS
BRD:BRD-K52989797-003-26-4,-0.026110285544615332,0.5393241274645656,555,NS
BRD:BRD-K35936936-001-01-6,-0.026102947019303043,0.5724222662272712,470,NS
BRD:BRD-K00003351-003-01-9,-0.02607669942450428,0.44028572120595716,878,NS
BRD:BRD-A91444184-300-01-9,-0.026032417979408844,0.5479565265195406,535,NS
BRD:BRD-K91644281-311-02-9,-0.026026204219071026,0.4424791915276712,873,NS
BRD:BRD-K29458283-001-29-9,-0.026021383839075558,0.5436521259692163,547,NS
BRD:BRD-K80343549-001-02-6,-0.025970497522465497,0.5500370447318498,532,NS
BRD:BRD-A55962179-001-22-1,-0.02594891295123161,0.5425674098750595,553,NS
BRD:BRD-K54187111-001-08-4,-0.02594104679144594,0.5542778455539117,522,NS
BRD:BRD-K88061624-001-21-4,-0.025936543347480513,0.5551101004908946,520,NS
BRD:BRD-K37270826-001-27-6,-0.025933638060613634,0.550980074368718,531,NS
BRD:BRD-K06335600-003-20-7,-0.025926973763098837,0.5440101477039236,550,NS
BRD:BRD-K92995792-003-03-9,-0.025926528572097995,0.44344528810870304,876,NS
BRD:BRD-K92093830-003-30-8,-0.025914329406154443,0.5434722054735704,552,NS
BRD:BRD-K10878147-001-02-2,-0.02590555393284608,0.543608752504565,552,NS
BRD:BRD-K45216060-001-10-0,-0.025895670879753474,0.5444966528352052,550,NS
BRD:BRD-A11815689-001-01-1,-0.025877855644301152,0.544773631029118,550,NS
BRD:BRD-K41713976-300-02-6,-0.025866019380744686,0.5460614815973026,547,NS
BRD:BRD-K00073864-001-02-9,-0.025800353636715966,0.45039390892626235,858,NS
BRD:BRD-K71487808-001-02-8,-0.02576825805328816,0.4457140408668482,878,NS
BRD:BRD-K00003506-001-01-9,-0.025756201944049387,0.4459269888479035,878,NS
BRD:BRD-K83649660-003-04-9,-0.025711313475265927,0.4472399791504901,876,NS
BRD:BRD-K90065682-300-02-6,-0.025706517126797713,0.5463456796508861,553,NS
BRD:BRD-K00077480-001-02-9,-0.0256955007560512,0.45223743222523477,858,NS
BRD:BRD-A90547603-001-02-5,-0.02569344432190491,0.5469143640072398,552,NS
BRD:BRD-A49906757-004-09-8,-0.025683384504208297,0.5467069306671718,553,NS
BRD:BRD-A46066006-004-22-6,-0.025625773668973808,0.5487002807906874,550,NS
BRD:BRD-K00004636-001-01-9,-0.02562394836869498,0.44956570484570607,873,NS
BRD:BRD-K66850609-001-07-4,-0.025608955707909036,0.5471438329847342,555,NS
BRD:BRD-K00104124-001-01-9,-0.02560072834830466,0.4541713314942281,857,NS
BRD:BRD-A07600638-060-05-2,-0.025600698410254346,0.5557331743456995,532,NS
BRD:BRD-K13044802-213-20-7,-0.02555174710850892,0.5480397126557464,555,NS
BRD:BRD-K00312224-001-09-5,-0.02552157772071426,0.5521536030117362,545,NS
BRD:BRD-K94485812-001-02-9,-0.02549761514173973,0.5610718929222166,522,NS
BRD:BRD-K94176593-001-09-4,-0.02549516830465335,0.5518338053409554,547,NS
BRD:BRD-K00004658-001-01-9,-0.02547893930995744,0.45213598737748717,873,NS
BRD:BRD-A07870296-001-07-4,-0.025473319032080152,0.5521748210001276,547,NS
BRD:BRD-A91366704-001-01-9,-0.025469179285955105,0.5507831249251002,551,NS
BRD:BRD-K41256143-001-12-7,-0.025465641928732737,0.5552288889171512,539,NS
BRD:BRD-K11411329-001-01-3,-0.025465056776902605,0.5493986489385848,555,NS
BRD:BRD-K00003733-001-01-9,-0.025459089769603233,0.4511931517407028,878,NS
BRD:BRD-K28346421-001-06-8,-0.025458000301090723,0.5819518830952463,470,NS
BRD:BRD-K75911534-001-01-6,-0.025447299597326584,0.553311527222202,545,NS
BRD:BRD-K54529596-001-26-3,-0.025429868639701283,0.5621134003791857,522,NS
BRD:BRD-K39733634-001-02-6,-0.025421475864938342,0.5515298272638408,551,NS
BRD:BRD-K00003185-001-01-9,-0.025406592505697333,0.45212727780766143,878,NS
BRD:BRD-K26813177-001-03-2,-0.02537594870048006,0.5584679197671644,534,NS
BRD:BRD-A06426627-001-03-5,-0.025374923985794155,0.553711813121531,547,NS
BRD:BRD-K59204667-001-03-1,-0.025370892168838966,0.5519601060213646,552,NS
BRD:BRD-K41504985-003-02-9,-0.025370461031759668,0.45328747120619983,876,NS
BRD:BRD-K51199656-003-01-4,-0.025362272643708158,0.5546384703657377,545,NS
BRD:BRD-K25630527-001-03-8,-0.025353096389119555,0.5511561609103531,555,NS
BRD:BRD-A10903566-003-07-7,-0.02532024085079937,0.5600722084907368,532,NS
BRD:BRD-K24443618-001-10-2,-0.025313372022122912,0.5532238122244707,551,NS
BRD:BRD-K00091281-001-01-9,-0.025310875539697145,0.45903623823421474,858,NS
BRD:BRD-K00004639-001-01-9,-0.02528687445094051,0.4555530619064607,873,NS
BRD:BRD-A89594340-003-11-5,-0.025283420991930577,0.5551430196055781,547,NS
BRD:BRD-K35589454-003-01-1,-0.025266052080677014,0.5561419719375513,545,NS
BRD:BRD-K76139886-003-01-3,-0.025244365034774695,0.5855263738125805,469,NS
BRD:BRD-K00003422-003-01-9,-0.025238808637316687,0.4564104772798376,873,NS
BRD:BRD-K92588747-051-02-7,-0.025194590892108435,0.5572598756609655,545,NS
BRD:BRD-K03243820-001-25-3,-0.02516056552169138,0.5599786358398317,539,NS
BRD:BRD-K76811153-003-01-3,-0.02514033438090793,0.5602943085087942,539,NS
BRD:BRD-K66584608-001-03-9,-0.02513552507312141,0.4569679256567816,878,NS
BRD:BRD-K00003513-363-01-9,-0.02508644961669063,0.4578473987194037,878,NS
BRD:BRD-K32318651-001-23-7,-0.02508548449675649,0.5575232283480067,549,NS
BRD:BRD-K87158025-001-01-6,-0.025028638712254192,0.5580570109441557,550,NS
BRD:BRD-K07487750-001-03-3,-0.025012875600089416,0.5568710782806762,554,NS
BRD:BRD-K26011976-001-01-0,-0.02500524927234982,0.5712788517199096,515,NS
BRD:BRD-A32172948-001-07-6,-0.025000040325838635,0.5595868035252,547,NS
BRD:BRD-A12230535-001-06-7,-0.02497275720225613,0.5654708305813779,532,NS
BRD:BRD-A30693873-003-12-8,-0.024961299254678878,0.5587583491255061,551,NS
BRD:BRD-K12539416-001-01-4,-0.024939204308669725,0.5659934365968751,532,NS
BRD:BRD-K81044214-001-06-4,-0.024901561865677463,0.5906303995196447,469,NS
BRD:BRD-K00003396-001-01-9,-0.024884704812237663,0.46147277745515386,878,NS
BRD:BRD-A26387268-050-04-4,-0.02488031104065192,0.560035257422766,551,NS
BRD:BRD-K57569181-001-27-5,-0.024838289189118994,0.5592727168464209,555,NS
BRD:BRD-K56343971-001-10-6,-0.024818775090182512,0.5595815146762728,555,NS
BRD:BRD-K07460388-019-02-9,-0.024811251665190215,0.4633081978545088,876,NS
BRD:BRD-K24227647-364-01-5,-0.024774941733927164,0.5638465907858394,545,NS
BRD:BRD-K33813875-003-01-8,-0.024729810815843738,0.5667183390854914,539,NS
BRD:BRD-K76180386-001-01-6,-0.02472650131582158,0.5621081952288859,552,NS
BRD:BRD-A59709458-001-01-8,-0.024710993785403947,0.5630656418349038,550,NS
BRD:BRD-K21906513-001-04-0,-0.024706255005848513,0.5732956559742296,522,NS
BRD:BRD-K05850076-001-01-5,-0.024705047901619367,0.5638733509215215,548,NS
BRD:BRD-A15931911-001-03-8,-0.024693183055374376,0.5626353371601318,552,NS
BRD:BRD-A22707317-001-10-8,-0.024682650220838494,0.5624468882461988,553,NS
BRD:BRD-K00076909-001-02-9,-0.024662493747465417,0.47062568774254493,858,NS
BRD:BRD-K50836978-001-02-5,-0.024653015645027965,0.5632711585320844,552,NS
BRD:BRD-K50378376-001-01-8,-0.024649839416431993,0.5943912620895412,469,NS
BRD:BRD-K38860038-001-01-2,-0.024579313023727487,0.5669298633343113,545,NS
BRD:BRD-A69275535-001-01-5,-0.024557549565546646,0.5644297617011599,553,NS
BRD:BRD-K55847762-304-01-7,-0.024527397303544616,0.5642021623178903,555,NS
BRD:BRD-K18910433-001-36-6,-0.024519129549408568,0.5762043960045568,522,NS
BRD:BRD-K59317601-001-05-5,-0.02451637675126754,0.5643772843724569,555,NS
BRD:BRD-K30237152-300-02-5,-0.02449176565474461,0.5683122886847982,545,NS
BRD:BRD-A50675490-001-01-0,-0.024487689662576542,0.5719636750202006,535,NS
BRD:BRD-K34608650-001-02-4,-0.024459296774461375,0.56882540007996,545,NS
BRD:BRD-K64052750-001-17-5,-0.024438836932091118,0.5691488438796518,545,NS
BRD:BRD-K82795137-001-26-2,-0.02443614999912731,0.5738563907434756,532,NS
BRD:BRD-K00003378-001-01-9,-0.02443575784872352,0.4708688364756881,873,NS
BRD:BRD-K61443506-239-01-6,-0.024400415271256505,0.5662215499106457,555,NS
BRD:BRD-K53731810-001-05-9,-0.02437753266387827,0.4706570474549206,878,NS
BRD:BRD-K20568871-001-01-1,-0.024376269774970812,0.5980991107940866,470,NS
BRD:BRD-K25650355-065-02-0,-0.024366799778377045,0.5724280526595811,539,NS
BRD:BRD-K68202742-001-16-5,-0.024352336480255376,0.5788029214033995,522,NS
BRD:BRD-K21372554-003-01-7,-0.024337946187649374,0.5707450762958183,545,NS
BRD:BRD-K00003318-300-01-9,-0.024322677366841846,0.4716564111711226,878,NS
BRD:BRD-K99622919-001-23-0,-0.024298750501400575,0.576012941515256,532,NS
BRD:BRD-K24527118-001-02-9,-0.02428539207606369,0.472336347449663,878,NS
BRD:BRD-K13486660-001-01-0,-0.02426837922773304,0.5683249723765316,555,NS
BRD:BRD-K62186992-334-02-8,-0.024266333772441043,0.5740130580798088,539,NS
BRD:BRD-K18779551-003-07-8,-0.02425242563249235,0.5689295114832673,554,NS
BRD:BRD-K39160765-003-02-9,-0.024222120644125343,0.5708161936853064,550,NS
BRD:BRD-K41170226-001-13-8,-0.024196936105425722,0.5701642675249111,553,NS
BRD:BRD-K00091090-001-01-9,-0.024177518301781543,0.4793986886162908,858,NS
BRD:BRD-K62200014-003-10-5,-0.024176413938275392,0.5736587938700508,544,NS
BRD:BRD-A33168282-003-18-0,-0.024174045059096334,0.5733427444286903,545,NS
BRD:BRD-K57754230-001-02-7,-0.02415417261273428,0.5701473604060711,555,NS
BRD:BRD-K13394247-003-01-4,-0.024131129945294885,0.577932608553918,534,NS
BRD:BRD-K69236721-001-02-7,-0.024118242613242705,0.5714193301101419,553,NS
BRD:BRD-K63550407-001-13-5,-0.02410885403332765,0.5826060413802517,522,NS
BRD:BRD-A59337442-051-05-3,-0.02410429885466518,0.5719913741500342,552,NS
BRD:BRD-A44971162-001-02-7,-0.02409929234228812,0.57843458575199,534,NS
BRD:BRD-K00091280-001-01-9,-0.024086610341284915,0.48105303376813024,858,NS
BRD:BRD-K93228461-001-02-9,-0.024068187084469235,0.4763080032043525,878,NS
BRD:BRD-A67482312-001-02-6,-0.024010573738936475,0.574185673451259,550,NS
BRD:BRD-K00071589-001-01-9,-0.02400333978938174,0.4825711120952448,858,NS
BRD:BRD-K19741031-001-01-4,-0.023999591368815094,0.4775660806585818,878,NS
BRD:BRD-K63001556-001-09-6,-0.02398705430028541,0.5812766154432341,531,NS
BRD:BRD-K31731454-237-02-5,-0.02397952829685156,0.5764328749098894,545,NS
BRD:BRD-K00003490-001-01-9,-0.023978311983454823,0.47921631050914487,873,NS
BRD:BRD-K00004590-001-01-9,-0.02396280250606442,0.4782415524531203,878,NS
BRD:BRD-K26556907-001-01-8,-0.0239503906699842,0.6048982181532271,469,NS
BRD:BRD-K47554101-001-01-2,-0.023936903625246853,0.5771110636175033,545,NS
BRD:BRD-K94623186-001-01-5,-0.023898278074206948,0.6056843539799062,469,NS
BRD:BRD-K83029223-001-01-3,-0.02388895926697859,0.5817559899074087,534,NS
BRD:BRD-K01436366-001-22-2,-0.023875711459071258,0.6060249202908593,469,NS
BRD:BRD-K51263939-001-08-6,-0.02387454323665683,0.5763572916432277,550,NS
BRD:BRD-K44009692-001-02-3,-0.023870830878193805,0.5778129355618722,546,NS
BRD:BRD-K40758068-001-08-2,-0.023869221001456793,0.5802983252338113,539,NS
BRD:BRD-K61397605-001-03-4,-0.023828827213187666,0.576740364306255,551,NS
BRD:BRD-K67536197-003-11-4,-0.023794466403162056,0.5772901904721335,551,NS
BRD:BRD-K00003154-001-01-9,-0.02376894736133389,0.4818094773786171,878,NS
BRD:BRD-K12106308-003-01-9,-0.023742156033622897,0.4828043994317384,876,NS
BRD:BRD-K01980392-003-11-6,-0.023739743691435767,0.5767836061266288,555,NS
BRD:BRD-K36395411-003-02-2,-0.02371489480286197,0.5771826623645061,555,NS
BRD:BRD-K48826825-001-01-8,-0.023697806549454675,0.5819698350627497,542,NS
BRD:BRD-K56086081-001-01-7,-0.023687979863330245,0.6084777557603177,470,NS
BRD:BRD-A03359064-001-02-3,-0.02368483142846291,0.5804332936937066,547,NS
BRD:BRD-K00079560-001-02-9,-0.023667844768606415,0.48871365474450695,858,NS
BRD:BRD-K00078209-001-02-9,-0.023650290127958797,0.48903621479277376,858,NS
BRD:BRD-K00091286-001-01-9,-0.023636896165127003,0.489282400898482,858,NS
BRD:BRD-K67079690-001-01-2,-0.023608401760195987,0.6100655307201972,469,NS
BRD:BRD-K00535541-001-05-5,-0.023584655664027305,0.5872819750462789,532,NS
BRD:BRD-K38473998-001-02-0,-0.023580467446638446,0.5848886441154981,539,NS
BRD:BRD-K00090635-001-01-9,-0.023580185556541337,0.49032550115805207,858,NS
BRD:BRD-K18634484-001-02-9,-0.023567302693089542,0.4860348579441081,876,NS
BRD:BRD-A14316475-001-02-3,-0.023558340838993008,0.5814200847481853,550,NS
BRD:BRD-K63750851-001-20-7,-0.02353176676753247,0.5808139220880028,553,NS
BRD:BRD-K82908348-001-01-9,-0.02351580854521888,0.5873191122573762,535,NS
BRD:BRD-K27217864-001-22-3,-0.023468122014283825,0.5835575329421627,548,NS
BRD:BRD-K85883481-001-25-7,-0.023465517783096114,0.5867206728041556,539,NS
BRD:BRD-K17751100-001-02-9,-0.02346315829404191,0.4879644831918543,876,NS
BRD:BRD-K00004677-001-01-9,-0.02344787461809772,0.4889958386400802,873,NS
BRD:BRD-K96159438-001-06-3,-0.023403094477028645,0.5856359211977709,545,NS
BRD:BRD-K26349472-001-01-3,-0.02339173663939638,0.5938742081407979,522,NS
BRD:BRD-K15231341-001-01-5,-0.023340028550318144,0.5845849546444717,551,NS
BRD:BRD-K05638300-001-01-2,-0.023324327604366844,0.5949385084922136,522,NS
BRD:BRD-K79633074-001-01-8,-0.023319769396698466,0.5835454682588039,555,NS
BRD:BRD-A17453586-003-02-3,-0.023266140721923387,0.5844115706155155,555,NS
BRD:BRD-K14560436-001-01-4,-0.02325743000775238,0.5855740439486451,552,NS
BRD:BRD-K40496271-396-01-1,-0.023217181829038286,0.5966319847468455,522,NS
BRD:BRD-K20605374-001-05-4,-0.023189558412787768,0.5856494067974203,555,NS
BRD:BRD-K61871885-001-01-3,-0.023107752624357353,0.4953226031053879,873,NS
BRD:BRD-A60498477-001-01-2,-0.02306843173602214,0.5947972842034127,534,NS
BRD:BRD-K91263825-003-21-4,-0.023065083048082885,0.58867972535683,552,NS
BRD:BRD-K00090626-001-01-9,-0.023047751785816587,0.500176712596812,858,NS
BRD:BRD-K35882976-001-04-7,-0.023024695905122083,0.5951502383560202,535,NS
BRD:BRD-K73838513-003-05-5,-0.02301109664431833,0.5912508932311683,547,NS
BRD:BRD-K01029106-001-01-4,-0.022980175141074845,0.5907304821516024,550,NS
BRD:BRD-A30886737-001-02-9,-0.02297014956322921,0.5908925291477569,550,NS
BRD:BRD-K71756122-001-02-5,-0.02291884982342099,0.4976249013775012,878,NS
BRD:BRD-K43992824-300-01-0,-0.02291884044821486,0.6205434406830608,469,NS
BRD:BRD-K20958582-001-01-4,-0.02291790729720245,0.5927544034930904,547,NS
BRD:BRD-A44500574-001-01-8,-0.02291328020200426,0.5914739158648732,551,NS
BRD:BRD-K00004582-001-01-9,-0.022897308392942885,0.49802921678383083,878,NS
BRD:BRD-K00004684-001-01-9,-0.02288658200163486,0.498230607619199,878,NS
BRD:BRD-K13810148-311-03-2,-0.022870804731958405,0.590814567797315,555,NS
BRD:BRD-A05186015-003-19-8,-0.02284739032946465,0.5928783817342754,550,NS
BRD:BRD-K97375133-001-04-9,-0.022822560515662484,0.499433526762159,878,NS
BRD:BRD-K86410485-046-01-0,-0.02281128792757891,0.5989115075233359,534,NS
BRD:BRD-K48578705-001-16-8,-0.022803765627679683,0.5976605155399526,538,NS
BRD:BRD-K50417881-003-17-4,-0.022759976649139833,0.5953064283567916,547,NS
BRD:BRD-K06240250-001-01-6,-0.022725063854456017,0.5948602626126935,550,NS
BRD:BRD-K17075857-001-17-6,-0.022721841141042868,0.593905164843414,553,NS
BRD:BRD-K10995081-001-27-9,-0.02268161450439705,0.6006489447293232,535,NS
BRD:BRD-M00184283-001-01-1,-0.02267680570088018,0.5021778908937548,878,NS
BRD:BRD-K75855670-001-14-2,-0.022658346879583974,0.5959424523946385,550,NS
BRD:BRD-K63123526-001-01-2,-0.022652709918352637,0.5970426136995611,547,NS
BRD:BRD-K12120659-305-02-2,-0.022651788308830946,0.5977319546241329,545,NS
BRD:BRD-K12639498-001-01-3,-0.02261815426767196,0.6247661203662996,470,NS
BRD:BRD-A57133233-003-11-0,-0.02261370383443002,0.5976745228624766,547,NS
BRD:BRD-K29220403-001-10-8,-0.022598949754581706,0.6030022646566606,532,NS
BRD:BRD-K70507123-001-09-7,-0.022586451435826275,0.5961066048062699,553,NS
BRD:BRD-K94072573-001-09-9,-0.02257127676748046,0.602422226085709,535,NS
BRD:BRD-K68904758-001-03-5,-0.022553581675000423,0.5986491112836312,547,NS
BRD:BRD-K76204040-001-03-8,-0.02254714038752995,0.6028104446368308,535,NS
BRD:BRD-K00010388-001-01-9,-0.022537894501048122,0.5048007922535689,878,NS
BRD:BRD-K00005239-001-01-9,-0.02251855153754885,0.5051665942170517,878,NS
BRD:BRD-K65285700-001-02-3,-0.022508296237548187,0.6003912443315326,544,NS
BRD:BRD-A57886255-001-01-1,-0.022489715217691178,0.5986817416339529,550,NS
BRD:BRD-K00004723-001-01-9,-0.022464777744429433,0.5061842623827069,878,NS
BRD:BRD-K04266228-001-03-8,-0.02244489707580812,0.6274215672754936,470,NS
BRD:BRD-K06182768-001-02-3,-0.02243294057105548,0.6049882237732116,534,NS
BRD:BRD-A35868371-005-01-6,-0.022386032747608576,0.6020375598212149,545,NS
BRD:BRD-K00004689-001-01-9,-0.022380402709330425,0.5077832258540618,878,NS
BRD:BRD-A59303141-001-10-4,-0.022374041760042936,0.6066154414516031,532,NS
BRD:BRD-K48367671-001-05-9,-0.02233354880413704,0.6028895176909681,545,NS
BRD:BRD-K00003183-001-01-9,-0.02232434298812304,0.5100596234939788,873,NS
BRD:BRD-A24228527-213-01-9,-0.02230261918221217,0.6017276169234388,550,NS
BRD:BRD-A79803969-003-16-1,-0.02229754925947829,0.6028074564975592,547,NS
BRD:BRD-K85554912-001-06-3,-0.02229133186939983,0.6120423346449835,520,NS
BRD:BRD-A01643550-001-04-9,-0.022287250545991653,0.6080123295357037,532,NS
BRD:BRD-K79711234-001-18-3,-0.022282423773602258,0.6020568093660416,550,NS
BRD:BRD-A00520476-001-07-4,-0.022278528944798915,0.6021203057910097,550,NS
BRD:BRD-K76812510-236-14-8,-0.02225778808347616,0.6041202746143818,545,NS
BRD:BRD-K00005240-001-01-9,-0.02224838831316584,0.5102902866291986,878,NS
BRD:BRD-K88172511-003-20-3,-0.022242492740557347,0.6121367084873822,522,NS
BRD:BRD-K49668410-001-18-8,-0.02223158565187021,0.6018942524897941,553,NS
BRD:BRD-K09631521-001-12-3,-0.022226775964398097,0.5107013374272206,878,NS
BRD:BRD-K54416256-001-19-9,-0.022219745880452196,0.6030789967576916,550,NS
BRD:BRD-K20878815-001-06-9,-0.022218371009331706,0.515728459090036,858,NS
BRD:BRD-K30649484-003-13-7,-0.022149206203236134,0.604230329046748,550,NS
BRD:BRD-K61339991-003-01-8,-0.022137564938939557,0.6321437669427489,470,NS
BRD:BRD-K15337272-001-01-3,-0.022136709600024146,0.6027887899437483,555,NS
BRD:BRD-A33894669-065-01-9,-0.02213536931126951,0.60978685224401,534,NS
BRD:BRD-K37561857-001-15-5,-0.02212934289408001,0.608207978694447,539,NS
BRD:BRD-A22642447-001-01-9,-0.022127374220409883,0.6055785035274124,547,NS
BRD:BRD-K00003227-001-01-9,-0.022102952630686915,0.5130596913512322,878,NS
BRD:BRD-K48443249-001-01-0,-0.022102064034129315,0.604341692694659,552,NS
BRD:BRD-K04804440-001-09-5,-0.022083498998794585,0.6053036712341682,550,NS
BRD:BRD-K83597974-003-22-2,-0.022074695754554768,0.6114393816207943,532,NS
BRD:BRD-A49225603-045-10-0,-0.022067342671906652,0.6055677189630051,550,NS
BRD:BRD-K00003222-001-01-9,-0.02196209117788976,0.51574942483953,878,NS
BRD:BRD-K00076418-001-02-9,-0.021916959349294305,0.521441661356686,858,NS
BRD:BRD-K13994703-003-15-8,-0.021913207357368604,0.6090739523853421,547,NS
BRD:BRD-K25279140-001-01-5,-0.021907964675269346,0.6137992366792074,533,NS
BRD:BRD-K54472332-001-03-4,-0.0218828859246489,0.6069542465818178,555,NS
BRD:BRD-K00090636-001-01-9,-0.021873110744732926,0.5222755041852081,858,NS
BRD:BRD-K09537769-001-04-0,-0.0218619679337026,0.6072980993550952,555,NS
BRD:BRD-K96354014-001-29-4,-0.021854844994381895,0.5178021653079113,878,NS
BRD:BRD-K33133047-001-01-8,-0.021817229699045995,0.6149357317790016,534,NS
BRD:BRD-K00003206-001-01-9,-0.02181237443820713,0.519812737185875,873,NS
BRD:BRD-M67659203-001-02-7,-0.021806017751964862,0.5187381367045204,878,NS
BRD:BRD-K79892937-001-02-5,-0.021800893811467475,0.6096035771424768,551,NS
BRD:BRD-K91614056-001-02-2,-0.02176733919201371,0.6197590145658046,522,NS
BRD:BRD-K41410256-304-02-2,-0.021765258993086924,0.6141229549923598,539,NS
BRD:BRD-A72988804-001-11-1,-0.021745702862355238,0.6157642733554557,535,NS
BRD:BRD-A09467419-003-22-4,-0.021739326214859824,0.6168638658201676,532,NS
BRD:BRD-A86414188-003-01-5,-0.02173848649648967,0.6119322095053229,547,NS
BRD:BRD-A71725768-001-01-3,-0.021703257941992585,0.6099098156043724,555,NS
BRD:BRD-K91403886-003-02-9,-0.021699790470537567,0.5212539928458646,876,NS
BRD:BRD-K00003682-001-01-9,-0.021695042028620073,0.5213451852729585,876,NS
BRD:BRD-K59013864-001-01-1,-0.021688446881288993,0.6101537986341333,555,NS
BRD:BRD-M89827113-001-01-5,-0.021672609564271802,0.615632180714026,539,NS
BRD:BRD-K74305673-001-06-2,-0.021668974576421963,0.6137238295471348,545,NS
BRD:BRD-K84937637-001-09-9,-0.02165605944582602,0.6215500846091785,522,NS
BRD:BRD-K97163964-001-03-3,-0.021653625301240667,0.6123466698691581,550,NS
BRD:BRD-K00004588-001-01-9,-0.021627181277122917,0.5233642114228481,873,NS
BRD:BRD-K78318619-001-02-7,-0.021613128074962216,0.6113951955966652,555,NS
BRD:BRD-A35667010-001-01-8,-0.021596182690454057,0.6181944403805252,535,NS
BRD:BRD-K56405753-001-02-4,-0.02159403514362868,0.6117100605467642,555,NS
BRD:BRD-K70744942-001-01-2,-0.021584968118191692,0.6406721225523512,470,NS
BRD:BRD-K67068943-001-01-0,-0.021558663705861462,0.6145554796888884,548,NS
BRD:BRD-K23791635-001-01-3,-0.02152304709502559,0.6197137819603142,534,NS
BRD:BRD-A70182876-001-11-9,-0.021512291925849004,0.5243869350373755,878,NS
BRD:BRD-K72462751-001-02-7,-0.021506993839019915,0.613146380440923,555,NS
BRD:BRD-K11636097-001-03-1,-0.021494258553733592,0.6159374183730812,547,NS
BRD:BRD-K88882192-001-03-3,-0.021466545575447343,0.5257430591145079,876,NS
BRD:BRD-K96055017-003-02-7,-0.021449364072016853,0.6140981794691257,555,NS
BRD:BRD-A55393291-001-09-9,-0.0214337940083953,0.6149970747256378,553,NS
BRD:BRD-K66437909-001-01-0,-0.021407009894348482,0.6212750617484069,535,NS
BRD:BRD-K24282351-001-01-4,-0.021399199932067518,0.6439048730552286,469,NS
BRD:BRD-K77474816-003-15-9,-0.021369630946988374,0.5276140789495052,876,NS
BRD:BRD-K73499906-300-02-9,-0.021367391416170736,0.5283671007117356,873,NS
BRD:BRD-K30933884-001-01-0,-0.021366493873078686,0.6164287148249085,552,NS
BRD:BRD-K53665955-001-03-0,-0.021363965440607015,0.6171127013107665,550,NS
BRD:BRD-A72711497-236-03-8,-0.021323594735753074,0.6168167692222202,553,NS
BRD:BRD-A43005764-003-01-5,-0.021316378128064382,0.6451885051731204,469,NS
BRD:BRD-A42383464-001-06-3,-0.02129115905767275,0.6452259719371521,470,NS
BRD:BRD-K51747290-001-13-1,-0.021278591588201914,0.6243501673336582,532,NS
BRD:BRD-K23952234-236-01-8,-0.021273932835336105,0.619560460070963,547,NS
BRD:BRD-A17883755-001-06-1,-0.021266827563754503,0.6177550697889038,553,NS
BRD:BRD-K05185389-001-02-6,-0.0212566501616657,0.5297995404478472,876,NS
BRD:BRD-A64064900-001-02-3,-0.021250591032853376,0.6225271643335185,539,NS
BRD:BRD-K97746869-001-27-0,-0.021242851557372502,0.6175142080580811,555,NS
BRD:BRD-K68553471-003-12-3,-0.021240124309952643,0.6191553039867929,550,NS
BRD:BRD-K13296708-001-05-8,-0.021233533676987684,0.6202257891308569,547,NS
BRD:BRD-K59325863-001-03-6,-0.021224017307670484,0.6285250251013705,522,NS
BRD:BRD-K13533483-001-16-2,-0.02120482867685404,0.6249003029802537,534,NS
BRD:BRD-A84907376-300-03-8,-0.0211584074529819,0.6189134268642947,555,NS
BRD:BRD-K33379087-001-07-5,-0.02113368283093054,0.6225122300706059,545,NS
BRD:BRD-K56542719-065-01-4,-0.021102373530090385,0.6207944509652732,552,NS
BRD:BRD-K00003267-003-01-9,-0.021098714190241803,0.5323936673635437,878,NS
BRD:BRD-K15588452-003-02-7,-0.02107406331508601,0.622855111932467,547,NS
BRD:BRD-K82236108-001-04-9,-0.021070636930338657,0.6216375595329119,551,NS
BRD:BRD-K87909389-003-03-4,-0.021018899515693752,0.6221770062558318,552,NS
BRD:BRD-K37933329-001-03-9,-0.021013515654461593,0.534518177105616,876,NS
BRD:BRD-K44432556-001-05-5,-0.021012892051316952,0.6499011401205113,469,NS
BRD:BRD-K90171280-001-01-4,-0.020988191125701595,0.6284418449052471,534,NS
BRD:BRD-K79425933-001-09-3,-0.0209780144994119,0.6244410701920137,547,NS
BRD:BRD-K11153516-001-05-5,-0.020972790037866954,0.6293405212496563,532,NS
BRD:BRD-K72703948-001-10-1,-0.020958731416570453,0.624759682051181,547,NS
BRD:BRD-K27062708-001-23-1,-0.020955945267718837,0.6248057230101992,547,NS
BRD:BRD-K49049886-001-08-7,-0.020930210050694707,0.6252310651017392,547,NS
BRD:BRD-K87632963-001-03-0,-0.02092378881835853,0.6512874314945062,469,NS
BRD:BRD-K33127281-001-05-6,-0.0208997823724468,0.6257341230300802,547,NS
BRD:BRD-K23479488-001-02-9,-0.02089943379635382,0.5362736104282327,878,NS
BRD:BRD-K42009284-001-01-1,-0.0208980814887452,0.6516876166084047,469,NS
BRD:BRD-K39560679-001-01-1,-0.02089748150980893,0.6296054518453572,535,NS
BRD:BRD-K54838207-001-02-0,-0.02089644120394971,0.6232629003469997,555,NS
BRD:BRD-K70159787-001-01-1,-0.020886839344199607,0.6243669956030462,552,NS
BRD:BRD-K00073449-019-02-9,-0.02088359136866057,0.5412727970262099,858,NS
BRD:BRD-K22193694-001-13-6,-0.02087761672540465,0.6251512413071076,550,NS
BRD:BRD-K60298136-001-03-3,-0.020838175268153042,0.6526205626532551,469,NS
BRD:BRD-K08681769-323-03-7,-0.020831290076052833,0.6348941010636655,522,NS
BRD:BRD-K00091099-001-01-9,-0.020826975752719096,0.5423700615403078,858,NS
BRD:BRD-A21474126-001-01-6,-0.02082076230210911,0.6308638656770515,535,NS
BRD:BRD-K54606188-001-13-1,-0.020820350257017527,0.6245287212923392,555,NS
BRD:BRD-K27732927-001-03-6,-0.020810955742680104,0.6530446434904056,469,NS
BRD:BRD-K21237892-376-01-3,-0.020799603787217433,0.6312111137415581,535,NS
BRD:BRD-K00003302-001-01-9,-0.020764720060733544,0.5400659048399136,873,NS
BRD:BRD-K92041145-001-09-5,-0.020758774510146658,0.6264938947079428,552,NS
BRD:BRD-K00004546-001-01-9,-0.020752881150813068,0.539135993847872,878,NS
BRD:BRD-A55424491-001-19-9,-0.020711271352802305,0.6291698934456968,546,NS
BRD:BRD-K30572193-001-02-0,-0.020671748287778204,0.6270039949501657,555,NS
BRD:BRD-K37516142-001-10-5,-0.020636714351272088,0.6291495660366399,550,NS
BRD:BRD-K31238592-001-02-9,-0.020585549446407843,0.5424135399344892,878,NS
BRD:BRD-K32830106-001-02-6,-0.020583196518455808,0.6300392960324183,550,NS
BRD:BRD-K92169341-001-11-2,-0.0205599882800005,0.6566160634341082,470,NS
BRD:BRD-K00003390-003-01-9,-0.020543256599012363,0.5443971372807346,873,NS
BRD:BRD-A24191444-046-03-9,-0.02053845307907219,0.6396608343526651,522,NS
BRD:BRD-K00091067-376-01-9,-0.020447670124440077,0.5497497975917102,858,NS
BRD:BRD-K15071410-001-01-1,-0.02042767000942932,0.634185894398957,545,NS
BRD:BRD-K00078613-001-02-9,-0.020404847440436025,0.5505860449381176,858,NS
BRD:BRD-A39935389-001-05-9,-0.02039928325768635,0.6321713364156591,553,NS
BRD:BRD-K89704198-001-12-3,-0.020398552782593723,0.6331130887795385,550,NS
BRD:BRD-A99888680-001-04-6,-0.020394396103383713,0.6328722093861361,551,NS
BRD:BRD-K11640013-236-10-1,-0.020393949716465357,0.6341223212447729,547,NS
BRD:BRD-K00003143-001-01-9,-0.020384974793733933,0.5463552428071278,878,NS
BRD:BRD-K22662435-001-19-1,-0.020370113122664204,0.6392249589724179,532,NS
BRD:BRD-A23072235-050-18-5,-0.020345489443378117,0.6434504130854904,520,NS
BRD:BRD-K68532323-003-02-8,-0.020341948413967793,0.6331290991686216,553,NS
BRD:BRD-K95921201-001-14-6,-0.020314416335548487,0.6335892331358747,553,NS
BRD:BRD-K00004654-001-01-9,-0.020299287770276578,0.5480434771560384,878,NS
BRD:BRD-K04701033-001-04-7,-0.020276831739653094,0.6398163375908632,535,NS
BRD:BRD-A34006693-001-15-4,-0.020252630215609923,0.6377158394629593,543,NS
BRD:BRD-K08586861-001-01-1,-0.020244487137254713,0.6416085830697938,531,NS
BRD:BRD-K00004706-001-01-9,-0.020235978074918892,0.5504350879311761,873,NS
BRD:BRD-A41250306-001-11-7,-0.02018045627894211,0.6352172148297045,555,NS
BRD:BRD-K00090622-001-01-9,-0.020160773340436,0.5553642563458755,858,NS
BRD:BRD-U51753822-000-01-1,-0.020158604908072277,0.6368096224830819,551,NS
BRD:BRD-A01493904-003-12-1,-0.020142921781709316,0.6367650362875208,552,NS
BRD:BRD-K53156626-001-01-3,-0.020134991325008896,0.6421595600508868,535,NS
BRD:BRD-A89672324-001-03-0,-0.02011447133546432,0.6393939570126016,545,NS
BRD:BRD-K81876028-300-02-0,-0.02011386964765323,0.6378646412245329,550,NS
BRD:BRD-A46717658-236-02-5,-0.02009841223861404,0.6415190293648336,539,NS
BRD:BRD-A32796301-001-01-6,-0.02005962704597192,0.6647940711894383,469,NS
BRD:BRD-K26526496-001-03-9,-0.020053400126958675,0.5540382224366633,873,NS
BRD:BRD-A36267905-003-18-4,-0.020052277161565473,0.6444637450355942,532,NS
BRD:BRD-A29731977-001-04-5,-0.019997805418219796,0.6391955405148356,552,NS
BRD:BRD-K19295594-015-14-3,-0.019995131194728972,0.6485441925450576,522,NS
BRD:BRD-A62057054-001-03-1,-0.019990528196451883,0.6393175262882527,552,NS
BRD:BRD-K78161388-001-01-2,-0.019975758337142907,0.6661108018011778,469,NS
BRD:BRD-K26026438-001-01-0,-0.019957960967019905,0.6453996337132117,534,NS
BRD:BRD-K87774949-001-03-9,-0.019947901567515622,0.6391207169153253,555,NS
BRD:BRD-K61567297-001-01-9,-0.019936740626037563,0.6393083088032179,555,NS
BRD:BRD-K88544581-001-06-1,-0.019934985761025287,0.6393378064767388,555,NS
BRD:BRD-K89413285-074-01-5,-0.01991871560489771,0.6460493432370781,534,NS
BRD:BRD-K54863166-001-01-9,-0.01989911306640169,0.6460641680583462,535,NS
BRD:BRD-K23647661-001-02-2,-0.019890609930509045,0.6425159717705361,547,NS
BRD:BRD-K63177377-001-01-8,-0.019869408115647174,0.6471757981256704,533,NS
BRD:BRD-A63780829-001-11-4,-0.019869290748114693,0.6410479749421524,553,NS
BRD:BRD-K63533170-001-02-9,-0.019857315831847976,0.6421594523277148,550,NS
BRD:BRD-K38477637-001-01-0,-0.019854173533455786,0.647118426951185,534,NS
BRD:BRD-K83023055-001-02-7,-0.01978712271350762,0.6427310745806071,552,NS
BRD:BRD-K76805682-001-15-9,-0.019784509659046073,0.6430775411030214,551,NS
BRD:BRD-K62696033-001-01-4,-0.019776848988658804,0.6429036886545855,552,NS
BRD:BRD-K09821361-066-25-8,-0.0197732590852312,0.6481514842803405,535,NS
BRD:BRD-K76703230-004-03-3,-0.01975313548059381,0.6448164802592017,547,NS
BRD:BRD-K66538826-001-07-2,-0.019733221446659118,0.6457576010741926,545,NS
BRD:BRD-A86248581-001-01-4,-0.01971244452913694,0.650084631485457,532,NS
BRD:BRD-K97884852-001-05-4,-0.01970692350403022,0.6431761503208353,555,NS
BRD:BRD-K49481516-004-18-3,-0.019691162032204917,0.6461577785748877,546,NS
BRD:BRD-A17009129-001-01-3,-0.019690808803176037,0.6498276655918166,534,NS
BRD:BRD-K23566484-001-15-1,-0.019688887613609464,0.6446837733965657,551,NS
BRD:BRD-K46384212-001-02-9,-0.019678702794278996,0.6463664277261658,546,NS
BRD:BRD-K42816473-001-01-0,-0.019675362837360873,0.6500840610734027,534,NS
BRD:BRD-K08703257-001-12-1,-0.019669057446815408,0.6517287721158662,529,NS
BRD:BRD-K13169950-001-14-4,-0.019660459371424285,0.6463692472185183,547,NS
BRD:BRD-K36739687-001-03-0,-0.019641758068334254,0.6454760517799307,551,NS
BRD:BRD-K73234506-235-02-1,-0.019640528030193158,0.6464012270277278,548,NS
BRD:BRD-K03384561-001-02-7,-0.019615187307906953,0.6462237577408235,550,NS
BRD:BRD-K63018010-001-01-7,-0.01960383423635785,0.6509657909114281,535,NS
BRD:BRD-K00256256-001-06-1,-0.01960269286640321,0.562309884216377,876,NS
BRD:BRD-K81694556-003-01-9,-0.01959066585597775,0.6521037337500325,532,NS
BRD:BRD-A54236247-003-04-3,-0.019568160856429578,0.6470143588659031,550,NS
BRD:BRD-K52080565-001-09-2,-0.019518521196312533,0.6463541925308479,555,NS
BRD:BRD-K55034111-066-17-1,-0.01951709532323022,0.6478733145152855,550,NS
BRD:BRD-K77677632-003-02-6,-0.019512759232133223,0.6494493260064457,545,NS
BRD:BRD-K56115039-003-02-1,-0.019449945589602252,0.6490035286800548,550,NS
BRD:BRD-K11927976-050-02-9,-0.019435459212410883,0.6525548022534647,539,NS
BRD:BRD-K76037122-001-02-5,-0.019431058724100822,0.6478317375841484,555,NS
BRD:BRD-K51318897-001-15-3,-0.01942489384015896,0.6548563391939873,532,NS
BRD:BRD-K74117820-066-10-8,-0.019402520643529993,0.6506990287535628,547,NS
BRD:BRD-K17415526-001-03-5,-0.019396728386706898,0.6507963938513355,547,NS
BRD:BRD-K69195780-004-08-4,-0.019396031618455843,0.6484238557169267,555,NS
BRD:BRD-K20745393-003-01-0,-0.019384044077461388,0.651009631843606,547,NS
BRD:BRD-A19195498-050-14-1,-0.01938145246649565,0.6489670857112637,554,NS
BRD:BRD-K27871792-001-01-8,-0.019379886860342928,0.6486968505875834,555,NS
BRD:BRD-K46493214-001-06-7,-0.019373471159157264,0.6499937537872342,551,NS
BRD:BRD-K31168993-001-03-9,-0.01937217296981481,0.5664726274300407,878,NS
BRD:BRD-K55696337-003-24-4,-0.019368974721060247,0.6548752412871238,535,NS
BRD:BRD-K81728688-001-04-4,-0.019368793578484124,0.6512660481768641,547,NS
BRD:BRD-A54927599-001-16-9,-0.01936309103740297,0.6519604862848547,545,NS
BRD:BRD-A31811760-001-06-7,-0.01935115612935365,0.6521609023616488,545,NS
BRD:BRD-K76592088-001-02-1,-0.019341630803075365,0.6493439176566754,555,NS
BRD:BRD-K96029467-003-01-9,-0.019328196126268182,0.6510547800895173,550,NS
BRD:BRD-K26323068-001-01-8,-0.01932320963699825,0.6556381467314157,535,NS
BRD:BRD-K68502831-001-01-2,-0.019304336227492586,0.6599110228061261,522,NS
BRD:BRD-K00003469-015-01-9,-0.019296733639210414,0.5679851658252707,878,NS
BRD:BRD-K41312087-001-02-7,-0.019284703871297545,0.6517881837220044,550,NS
BRD:BRD-K73947551-001-04-4,-0.01927650419709065,0.5683910884796526,878,NS
BRD:BRD-A85295731-001-06-4,-0.019255659119084823,0.6567648709034832,535,NS
BRD:BRD-K57284066-001-01-6,-0.019251220157643033,0.6508741813527122,555,NS
BRD:BRD-K00003303-001-01-9,-0.019243793135994267,0.5690477593146439,878,NS
BRD:BRD-K16551357-001-03-2,-0.0192331161898357,0.6616997973461205,520,NS
BRD:BRD-K00004731-001-01-9,-0.019233016787936805,0.5703690764003277,873,NS
BRD:BRD-K00004623-001-01-9,-0.01922773225383107,0.5704750103812464,873,NS
BRD:BRD-K92413528-001-06-9,-0.019216868508450086,0.6574122398318851,535,NS
BRD:BRD-K00079404-001-02-9,-0.01920243055018913,0.574318788000189,858,NS
BRD:BRD-K00004664-001-01-9,-0.019191750528435372,0.5711965501630301,873,NS
BRD:BRD-K00004721-001-01-9,-0.01919077658699609,0.5712160865882702,873,NS
BRD:BRD-K00004722-001-01-9,-0.019189099243406216,0.571249733398064,873,NS
BRD:BRD-K00079205-001-02-9,-0.019169601092354615,0.5749734826648135,858,NS
BRD:BRD-M75061779-001-01-2,-0.019166988628314306,0.5705910212595452,878,NS
BRD:BRD-K96253961-046-03-1,-0.01916063499350803,0.6535868768179152,551,NS
BRD:BRD-K00073067-001-02-9,-0.019159265892665967,0.57517966313245,858,NS
BRD:BRD-K00075424-001-02-9,-0.019145947923949535,0.5754453993226408,858,NS
BRD:BRD-K68432770-236-23-1,-0.019134115205762636,0.6587941499337839,535,NS
BRD:BRD-K11911061-003-11-9,-0.019128408194568347,0.6535427813028557,553,NS
BRD:BRD-K71698503-003-01-6,-0.019125220849761794,0.6530092568205536,555,NS
BRD:BRD-A59413292-001-08-2,-0.01912501589036057,0.6544838567070843,550,NS
BRD:BRD-K00005326-001-01-9,-0.01912420717008907,0.5714515074965111,878,NS
BRD:BRD-K00091089-001-01-9,-0.01912115484381409,0.5759402549756669,858,NS
BRD:BRD-K68567222-001-01-2,-0.019112958685450324,0.655277985631192,548,NS
BRD:BRD-K49460120-001-02-5,-0.019110707803992738,0.6544309179907927,551,NS
BRD:BRD-K90630139-003-05-9,-0.019106320009134665,0.6580622787258917,539,NS
BRD:BRD-K53097745-001-01-5,-0.019086052262687846,0.6536735527810561,555,NS
BRD:BRD-K46690591-001-01-2,-0.01906486659589736,0.6569758782050704,545,NS
BRD:BRD-A13188892-066-21-5,-0.019048633969939496,0.6557748434271516,550,NS
BRD:BRD-A57806482-001-01-4,-0.019036966253856463,0.680596038519048,470,NS
BRD:BRD-A12417644-001-07-6,-0.019014452066839896,0.6647045913846379,522,NS
BRD:BRD-A88138582-001-04-8,-0.01900953239243202,0.6596853673496078,539,NS
BRD:BRD-K00003482-001-01-9,-0.018980243042120166,0.5743516516055813,878,NS
BRD:BRD-K02152879-414-02-1,-0.01895688900911174,0.66205559896558,534,NS
BRD:BRD-K71500795-003-02-9,-0.018931112977711963,0.5764360040159882,873,NS
BRD:BRD-K61915943-001-02-9,-0.018930680114850062,0.5764447244130816,873,NS
BRD:BRD-K97883416-001-01-4,-0.018894892006086968,0.6657828448110645,525,NS
BRD:BRD-K00003410-001-01-9,-0.018893237477295436,0.5771992737405088,873,NS
BRD:BRD-K42948882-305-01-1,-0.01886668827720341,0.662083724077673,539,NS
BRD:BRD-K59839632-001-02-9,-0.018849168313293314,0.5769981739338911,878,NS
BRD:BRD-K00004585-001-01-9,-0.018797362502711405,0.5780457615817151,878,NS
BRD:BRD-A14757586-001-04-9,-0.018791637565352442,0.5785960873789916,876,NS
BRD:BRD-K37949327-001-06-3,-0.01879111978964419,0.6690078948470993,520,NS
BRD:BRD-K27351809-001-09-5,-0.01878260100476551,0.6588293034490669,555,NS
BRD:BRD-K82118441-001-03-7,-0.01876649383865546,0.6652427015358795,534,NS
BRD:BRD-K00004653-001-01-9,-0.01876179698045702,0.578765464022272,878,NS
BRD:BRD-K55468218-001-26-1,-0.018752609341262383,0.6604975935558982,551,NS
BRD:BRD-K07220430-001-19-2,-0.018748083013948355,0.6608646083993933,550,NS
BRD:BRD-K00003337-019-01-9,-0.01874178029320617,0.5791707056234066,878,NS
BRD:BRD-K96874295-015-01-0,-0.0187272448008827,0.6656053772613871,535,NS
BRD:BRD-K74227494-001-03-9,-0.018721462203224352,0.5795821851356987,878,NS
BRD:BRD-K87827419-001-16-8,-0.018686983636532227,0.6651058843887832,539,NS
BRD:BRD-K90574421-001-03-5,-0.018668150462009463,0.6630903552361951,547,NS
BRD:BRD-K11641193-001-03-9,-0.018660198550921908,0.5812561122667533,876,NS
BRD:BRD-K71289571-001-11-4,-0.018643261750875564,0.6617777439029768,553,NS
BRD:BRD-K54799382-003-08-4,-0.018628771998665066,0.5814610708655851,878,NS
BRD:BRD-K00004553-001-01-9,-0.018610226865924246,0.5818373328696944,878,NS
BRD:BRD-K20338176-001-17-7,-0.018588899918226626,0.6635667074838837,550,NS
BRD:BRD-K23082237-003-01-5,-0.018572688203988323,0.6647079940131619,547,NS
BRD:BRD-K59045783-001-01-1,-0.018555971310878633,0.6649914277166091,547,NS
BRD:BRD-K77908580-001-09-6,-0.018531714257898374,0.6636770005727048,553,NS
BRD:BRD-K73700643-001-11-2,-0.018530251416000575,0.6631291814537402,555,NS
BRD:BRD-K00077023-001-02-9,-0.018529730641042946,0.5878037599083639,858,NS
BRD:BRD-K53597484-001-02-7,-0.018523667261816878,0.6887525281956699,470,NS
BRD:BRD-K00003397-001-01-9,-0.018519947366761744,0.584747145566831,873,NS
BRD:BRD-K00091264-001-01-9,-0.018466769516469108,0.5890733267303926,858,NS
BRD:BRD-K76239644-001-01-8,-0.018445830858245568,0.6654265321450986,552,NS
BRD:BRD-K00405906-001-01-9,-0.018442016803183463,0.6646352682923194,555,NS
BRD:BRD-A08715367-001-01-7,-0.018436606828498896,0.6670166297886819,547,NS
BRD:BRD-A24587114-066-22-5,-0.018425643637511386,0.6660563516874617,551,NS
BRD:BRD-K00073895-001-02-9,-0.01840705714032681,0.5902785505560373,858,NS
BRD:BRD-K32330832-001-01-0,-0.0183981989094735,0.5861472169754222,878,NS
BRD:BRD-K14171291-001-01-4,-0.01838909215350847,0.6715779961148852,534,NS
BRD:BRD-K23005288-001-01-8,-0.018372601784988292,0.6911599468562343,470,NS
BRD:BRD-K35941380-050-28-9,-0.01837039893993468,0.586713400296849,878,NS
BRD:BRD-K05395900-322-05-4,-0.01836222580230765,0.6685664177638462,546,NS
BRD:BRD-K37203094-001-02-5,-0.018317920160452063,0.6762782745301692,522,NS
BRD:BRD-K34776109-001-16-6,-0.018313870235353857,0.667392319666403,553,NS
BRD:BRD-K94144010-001-13-9,-0.018312583452567387,0.668267480837616,550,NS
BRD:BRD-K81729199-001-02-8,-0.01829679050262629,0.6679678496932496,552,NS
BRD:BRD-K78720403-001-01-6,-0.018294364762036986,0.668009243002157,552,NS
BRD:BRD-K07359318-001-03-9,-0.018283161058534458,0.6768578683587965,522,NS
BRD:BRD-K53205568-001-02-6,-0.018272418814516186,0.6686676660139128,551,NS
BRD:BRD-A70998768-004-01-1,-0.018224674816351105,0.6689158990713596,553,NS
BRD:BRD-A89585551-003-16-6,-0.018223651528224437,0.6697831908026447,550,NS
BRD:BRD-K26168087-001-09-7,-0.01821510799479547,0.670781106607944,547,NS
BRD:BRD-K14235254-001-01-2,-0.0181945124386587,0.6702801146678702,550,NS
BRD:BRD-A51964809-003-12-6,-0.0181566055575873,0.6695162148643399,555,NS
BRD:BRD-K88510285-001-11-1,-0.018144325572057408,0.6705714939927397,552,NS
BRD:BRD-K69776681-001-03-8,-0.01813079610565847,0.6705209451775112,553,NS
BRD:BRD-K73303757-001-21-6,-0.018128590740982147,0.6722537555666066,547,NS
BRD:BRD-K68453341-001-01-1,-0.018122251499746736,0.6951564460634713,470,NS
BRD:BRD-K00091091-003-01-9,-0.018084823092681408,0.5968019387562764,858,NS
BRD:BRD-A51829654-003-07-7,-0.018049754634801195,0.6727508734872062,550,NS
BRD:BRD-K48812570-001-02-3,-0.018048629838327127,0.6758849802771041,539,NS
BRD:BRD-K30930903-001-01-3,-0.01799441797459569,0.6972004025743695,470,NS
BRD:BRD-A47884604-051-01-2,-0.017977845424168432,0.6748226549472314,547,NS
BRD:BRD-K00078423-001-02-9,-0.01796055371554276,0.599326401315255,858,NS
BRD:BRD-K52075040-001-09-7,-0.01793268048488961,0.6755930631451351,547,NS
BRD:BRD-K98453471-001-01-7,-0.017926202009984106,0.6748624894514709,550,NS
BRD:BRD-K00004728-001-01-9,-0.01792468878783465,0.5968770416531304,873,NS
BRD:BRD-K88646909-004-16-2,-0.01791884511113335,0.6749883056739464,550,NS
BRD:BRD-K57275767-001-03-2,-0.017890081735342542,0.6763200088194079,547,NS
BRD:BRD-K64452997-001-02-9,-0.017875424737393338,0.5968362830119653,878,NS
BRD:BRD-A27274504-001-01-6,-0.017861391352593327,0.6801915511485339,535,NS
BRD:BRD-K69632891-001-02-9,-0.017822544834618995,0.598340961698307,876,NS
BRD:BRD-K15179879-001-03-2,-0.017809333968686468,0.681922725614645,532,NS
BRD:BRD-A84481105-003-31-3,-0.01780601692286165,0.6760852396762246,553,NS
BRD:BRD-K66097663-001-01-8,-0.01779355908384815,0.6757449870456431,555,NS
BRD:BRD-K20484910-001-16-9,-0.017778416457100012,0.5992472832960781,876,NS
BRD:BRD-K90999434-004-02-9,-0.017771400901936196,0.5993914280196551,876,NS
BRD:BRD-K32256160-001-01-9,-0.017766367552123734,0.6820823010959213,534,NS
BRD:BRD-K72259270-003-25-6,-0.017765472751751065,0.6818148873212349,535,NS
BRD:BRD-K68185022-001-14-8,-0.01774675137919314,0.6779339964588241,550,NS
BRD:BRD-K41662846-003-01-5,-0.01773681532161003,0.682582347039063,534,NS
BRD:BRD-K87512222-019-01-7,-0.017725549456553674,0.6774665985202789,553,NS
BRD:BRD-A73368467-003-17-6,-0.017716821503858893,0.6776164935918294,553,NS
BRD:BRD-K17518951-001-03-0,-0.01771617181775834,0.6874848110805671,518,NS
BRD:BRD-A65013509-003-24-4,-0.017681909692263447,0.6790451550854107,550,NS
BRD:BRD-K83146339-001-04-0,-0.017664543107507136,0.6015889111716334,876,NS
BRD:BRD-K00091130-325-01-9,-0.017628858400535324,0.6060881317131162,858,NS
BRD:BRD-K00662280-001-09-4,-0.017620045255855712,0.6809351454273034,547,NS
BRD:BRD-K47949423-001-03-1,-0.01760400870310543,0.6882203852817174,522,NS
BRD:BRD-A01307728-001-01-4,-0.017572181179675628,0.704268995805778,469,NS
BRD:BRD-K88429204-001-35-1,-0.017562861283739017,0.6805371970133105,552,NS
BRD:BRD-K08109516-001-07-8,-0.017545667063679545,0.6808327475395478,552,NS
BRD:BRD-A86354194-002-01-7,-0.01753052189407091,0.6824678138219196,547,NS
BRD:BRD-K99108507-001-10-9,-0.017499535414725393,0.6087336284413815,858,NS
BRD:BRD-K04112579-001-07-0,-0.017396865925026348,0.6839380300665551,550,NS
BRD:BRD-K86344238-003-04-6,-0.017389062044532146,0.6832546488404256,553,NS
BRD:BRD-K17874929-236-02-0,-0.017387542363815983,0.6068910623678601,878,NS
BRD:BRD-K00004727-001-01-9,-0.01729536029448526,0.6098240562789516,873,NS
BRD:BRD-K99475619-001-01-2,-0.017266205795148967,0.6891875469648052,539,NS
BRD:BRD-K16107558-001-02-9,-0.017259800794602206,0.6095361183814849,878,NS
BRD:BRD-A65615053-003-02-2,-0.017243255283528037,0.6873947080405819,547,NS
BRD:BRD-K40718343-001-02-6,-0.01723853037776628,0.6853104080354877,555,NS
BRD:BRD-K41494493-001-13-8,-0.017213431419943248,0.7097348877173126,470,NS
BRD:BRD-A91386192-001-07-9,-0.01719587398005786,0.6118821140757498,873,NS
BRD:BRD-K00003414-001-01-9,-0.017195801836247547,0.6118836076163546,873,NS
BRD:BRD-K54095730-001-03-1,-0.017173850912805422,0.6877754215454591,550,NS
BRD:BRD-K00003171-001-01-9,-0.017102557216898243,0.6127990565373949,878,NS
BRD:BRD-K00090650-001-01-9,-0.017083011668449947,0.6172889059678803,858,NS
BRD:BRD-K11558771-001-13-9,-0.017056017445822545,0.6895378024072893,551,NS
BRD:BRD-A04352665-001-05-3,-0.017051086392484538,0.6947708890738556,532,NS
BRD:BRD-K81779590-003-02-9,-0.017043269526759327,0.614031323325395,878,NS
BRD:BRD-K99616396-001-05-1,-0.017023984352102763,0.6944130136187495,535,NS
BRD:BRD-K38019854-323-01-4,-0.017012781329832746,0.7129680774900345,470,NS
BRD:BRD-K19316653-001-02-0,-0.0170065036054239,0.7133627877423709,469,NS
BRD:BRD-K80194255-001-01-9,-0.016999373835332274,0.7131843042226416,470,NS
BRD:BRD-K50865540-001-02-3,-0.016983219465006784,0.6152805457922681,878,NS
BRD:BRD-K92428232-001-10-6,-0.016981118954757415,0.6902967896222847,553,NS
BRD:BRD-K48830578-001-01-9,-0.016969626138416752,0.6921000529236109,547,NS
BRD:BRD-K00087010-001-02-9,-0.016958324323676832,0.6198601357101735,858,NS
BRD:BRD-K07612980-001-05-3,-0.016926290582464264,0.6996292931174364,522,NS
BRD:BRD-A04252265-003-01-4,-0.016918065744293484,0.6935237437552704,545,NS
BRD:BRD-K34154330-003-06-4,-0.016909308482179225,0.6915392156651423,553,NS
BRD:BRD-K81795818-019-01-4,-0.01690863570842328,0.695299215437211,539,NS
BRD:BRD-K83114366-001-02-8,-0.0169022784138694,0.7150427885815315,469,NS
BRD:BRD-K90027121-003-01-7,-0.016901918318465207,0.6919329339141549,552,NS
BRD:BRD-K10071630-001-01-0,-0.016883647802626005,0.6917180946938822,554,NS
BRD:BRD-K73440166-001-01-3,-0.01686474413015202,0.691780861081905,555,NS
BRD:BRD-K05464208-001-05-7,-0.01684798748950883,0.6931312834329957,551,NS
BRD:BRD-K45152786-001-08-4,-0.01684656289011042,0.6963622056056644,539,NS
BRD:BRD-K44849676-001-10-5,-0.016841818325287118,0.6932379543998873,551,NS
BRD:BRD-K36859431-300-02-3,-0.016809169413580065,0.6935377299462387,552,NS
BRD:BRD-A41714661-001-02-0,-0.016798497943162266,0.6950488342795166,547,NS
BRD:BRD-K96424892-001-02-9,-0.016780112571371388,0.6945699903197449,550,NS
BRD:BRD-K78496197-001-03-9,-0.016767129808693583,0.694794449095498,550,NS
BRD:BRD-K51485625-001-08-4,-0.01676197923503328,0.693563744634178,555,NS
BRD:BRD-K60237333-001-27-1,-0.016757627169802843,0.6936392867045529,555,NS
BRD:BRD-K89490285-001-08-1,-0.016756995240117797,0.6989701600030036,535,NS
BRD:BRD-K47441935-001-02-9,-0.016750146715251917,0.620539473075629,876,NS
BRD:BRD-K11672787-001-01-5,-0.016723055622659785,0.6950289497872988,552,NS
BRD:BRD-K60150510-001-15-6,-0.016696803510078302,0.6968033587797469,547,NS
BRD:BRD-K54093161-001-01-8,-0.01667812445837216,0.7186605716263533,469,NS
BRD:BRD-K00003409-001-01-9,-0.0166598274334486,0.6230236017042714,873,NS
BRD:BRD-K00003730-001-01-9,-0.016657261276249617,0.6220808237195552,878,NS
BRD:BRD-K12742203-003-01-7,-0.016655755326444772,0.7009686391091847,534,NS
BRD:BRD-K00091113-001-01-9,-0.016647983355084908,0.6262799342216717,858,NS
BRD:BRD-A05674712-001-06-0,-0.016642143360963025,0.7044330814931694,522,NS
BRD:BRD-K00003344-001-01-9,-0.01662756424246293,0.6227019912598004,878,NS
BRD:BRD-A86468475-300-02-9,-0.016613048843348275,0.6234030083459833,876,NS
BRD:BRD-K65498798-001-01-7,-0.016602929905758405,0.701604791591871,535,NS
BRD:BRD-K01826330-001-01-9,-0.01658605931345121,0.6235705917275765,878,NS
BRD:BRD-K00091066-075-01-9,-0.016556923406357567,0.6281690317456027,858,NS
BRD:BRD-A09735281-001-02-5,-0.01652463993292391,0.6982085796958842,553,NS
BRD:BRD-K53448858-001-07-0,-0.016523786643498618,0.7069769649125223,520,NS
BRD:BRD-K14765469-003-12-2,-0.016513409238355543,0.6981432928354767,554,NS
BRD:BRD-K82522873-001-01-1,-0.016504319425190376,0.7022337215435386,539,NS
BRD:BRD-K76845197-001-05-4,-0.01649369840140719,0.6995279729211091,550,NS
BRD:BRD-K00003228-001-01-9,-0.016478369890633095,0.6258267138813925,878,NS
BRD:BRD-A18579359-001-05-9,-0.016464365487217362,0.6265149626912857,876,NS
BRD:BRD-A57900429-003-05-8,-0.016461912584377666,0.6998185136493286,551,NS
BRD:BRD-A33697453-008-02-4,-0.01646027413651748,0.7008904249666966,547,NS
BRD:BRD-K00003598-001-01-9,-0.016443549010419927,0.6265569708809031,878,NS
BRD:BRD-K67482377-001-01-8,-0.016396673567999547,0.7051375306468146,535,NS
BRD:BRD-K21077415-001-01-5,-0.016395733189559916,0.7051536519569862,535,NS
BRD:BRD-K53581288-001-02-9,-0.016391421939041605,0.7000065977207985,555,NS
BRD:BRD-K00003191-001-01-9,-0.016385183258046325,0.6277818263144602,878,NS
BRD:BRD-K15933101-003-06-1,-0.01636364849397769,0.7030833120040906,545,NS
BRD:BRD-K08398903-001-01-1,-0.016329345855856145,0.7240189821804108,470,NS
BRD:BRD-K00004316-003-01-9,-0.016308737981064247,0.6297793829102374,876,NS
BRD:BRD-A68304895-003-02-2,-0.0162948038452947,0.7022046257372047,553,NS
BRD:BRD-A07893380-213-01-7,-0.016292021339220107,0.7103684270444717,522,NS
BRD:BRD-K39974922-001-04-3,-0.016279937681955736,0.7060928729092987,539,NS
BRD:BRD-K82967685-300-01-2,-0.016279130745743747,0.7079417418662487,532,NS
BRD:BRD-K00004726-001-01-9,-0.016255623700193986,0.6314823284003123,873,NS
BRD:BRD-K96233303-001-01-9,-0.0162272509106164,0.70338070389238,553,NS
BRD:BRD-K98372770-001-08-2,-0.016222058409704358,0.7050153745385032,547,NS
BRD:BRD-K20079257-001-09-6,-0.016210693855178034,0.7052123809177239,547,NS
BRD:BRD-K56429665-001-09-6,-0.01618751773005183,0.7087264177815382,535,NS
BRD:BRD-K10226125-245-01-5,-0.016183019234842385,0.7263925938139063,470,NS
BRD:BRD-K07074923-001-01-5,-0.01617989852491555,0.7264432444863049,470,NS
BRD:BRD-K93034159-001-25-8,-0.01617722484029266,0.704252100668588,553,NS
BRD:BRD-K00003098-001-01-9,-0.016173350326892096,0.6322359082983031,878,NS
BRD:BRD-K53896891-001-01-2,-0.016114212524015556,0.6338698879011548,876,NS
BRD:BRD-K00003435-003-01-9,-0.016105997437596144,0.6346258767704772,873,NS
BRD:BRD-K71164191-001-01-0,-0.016100494336125978,0.7071237279062444,547,NS
BRD:BRD-K74765201-001-16-7,-0.016090216908334974,0.7052595648246863,555,NS
BRD:BRD-K41458421-034-01-6,-0.016066679100559367,0.7108028261923091,535,NS
BRD:BRD-K95123482-001-01-6,-0.016056262991798086,0.7287299787845692,469,NS
BRD:BRD-K59590127-001-04-5,-0.016029741402875736,0.7291604794811428,469,NS
BRD:BRD-A35912562-001-02-8,-0.016015139343811505,0.7078405706828698,550,NS
BRD:BRD-K99792991-001-34-9,-0.016013169773731198,0.7073663305643608,552,NS
BRD:BRD-K00003408-001-01-9,-0.01600735881293997,0.6367018168077685,873,NS
BRD:BRD-K51486818-003-02-8,-0.016002172609546603,0.7088306173487444,547,NS
BRD:BRD-K62326629-001-19-0,-0.01596750449644767,0.7114789830477485,539,NS
BRD:BRD-K15170068-001-03-2,-0.015952607693431438,0.7135393723797729,532,NS
BRD:BRD-K00003411-001-01-9,-0.015946613724652902,0.6379816721383187,873,NS
BRD:BRD-K67977190-066-02-3,-0.015923210559429357,0.7122437477491085,539,NS
BRD:BRD-K27889527-001-10-9,-0.015921099641688693,0.6414268796857087,858,NS
BRD:BRD-K26823213-001-02-9,-0.015904657399740063,0.7105249468279076,547,NS
BRD:BRD-K57764956-001-02-8,-0.015902329809889582,0.7090473416299548,553,NS
BRD:BRD-K72215350-001-06-5,-0.015871888413905348,0.7095790701698002,553,NS
BRD:BRD-K08310154-001-03-8,-0.015861985330486373,0.7112668247845031,547,NS
BRD:BRD-K00003431-001-01-9,-0.015836328884951113,0.6393497351943038,878,NS
BRD:BRD-K15519488-050-01-3,-0.015833593624811272,0.7104995907186022,552,NS
BRD:BRD-K37991163-003-13-4,-0.01582182495618502,0.7139953241434117,539,NS
BRD:BRD-K08111240-001-02-8,-0.01580794870670636,0.7122066732755494,547,NS
BRD:BRD-K26024145-001-01-9,-0.015803373137462953,0.7153346966532549,535,NS
BRD:BRD-K62782754-337-02-5,-0.01579454356937097,0.714466904985982,539,NS
BRD:BRD-K24556098-001-19-1,-0.015789960537810944,0.7117640568721681,550,NS
BRD:BRD-A73709786-001-01-3,-0.015733160449039364,0.7155283592622791,539,NS
BRD:BRD-K00091085-001-01-9,-0.015708088136341117,0.6458944055776134,858,NS
BRD:BRD-K83020231-001-01-2,-0.015705781779735094,0.7341521248790005,470,NS
BRD:BRD-K95142244-001-01-5,-0.01570385758478958,0.7125166451579222,553,NS
BRD:BRD-K33234937-001-02-9,-0.01569135127536277,0.6428003565668832,876,NS
BRD:BRD-K00003289-001-01-9,-0.015669455241366856,0.6438348348152796,873,NS
BRD:BRD-K44974079-001-01-3,-0.015660955953165388,0.7155180741034676,544,NS
BRD:BRD-K00004704-001-01-9,-0.015646892264690158,0.6443123088968801,873,NS
BRD:BRD-K75308783-001-07-0,-0.015626552947945935,0.715114975112117,548,NS
BRD:BRD-K29343434-001-02-9,-0.015613290864033779,0.6440759359741148,878,NS
BRD:BRD-K62289640-003-05-9,-0.015572087337753025,0.6449506250803939,878,NS
BRD:BRD-K00091287-001-01-9,-0.015568239965554146,0.6488344266237307,858,NS
BRD:BRD-K70487031-001-02-8,-0.015561752420518896,0.715748105633635,550,NS
BRD:BRD-K75080769-001-01-6,-0.015535047813052125,0.7149782707569952,555,NS
BRD:BRD-K83359602-001-02-3,-0.015531803476252303,0.7160237542577478,551,NS
BRD:BRD-K24723746-036-02-5,-0.015453129972781279,0.7176471551879261,550,NS
BRD:BRD-K35079116-001-03-3,-0.015444573526686106,0.7170578855022921,553,NS
BRD:BRD-K61295575-001-03-6,-0.015444286194617336,0.7165715718623424,555,NS
BRD:BRD-K34533029-001-08-5,-0.015438050786801102,0.7186518795419414,547,NS
BRD:BRD-K16180792-001-01-7,-0.015432942397118678,0.7217272796098003,535,NS
BRD:BRD-K54006094-051-01-7,-0.015432172629731565,0.7182604021294032,549,NS
BRD:BRD-K00003401-001-01-9,-0.015431813530182048,0.6488711030239402,873,NS
BRD:BRD-K14681867-001-01-6,-0.01542714339674096,0.7218275095001837,535,NS
BRD:BRD-K04853698-376-01-4,-0.015392324393558364,0.6491469008589968,876,NS
BRD:BRD-A13689093-001-01-8,-0.015376356468766762,0.7397928537477468,469,NS
BRD:BRD-K85649978-001-02-1,-0.015359605991552644,0.7400660929337716,469,NS
BRD:BRD-K35079116-001-02-5,-0.015356783442030642,0.7265610006891701,521,NS
BRD:BRD-K42205652-001-02-7,-0.015348821537949657,0.7182487624360534,555,NS
BRD:BRD-A03932035-004-04-3,-0.015340845196592463,0.724068197268725,532,NS
BRD:BRD-A66419424-001-02-4,-0.0153331692592351,0.7209753461726061,545,NS
BRD:BRD-K33245965-001-03-4,-0.015273577803831897,0.7247317593189553,534,NS
BRD:BRD-K61560897-003-01-4,-0.015272945536521278,0.741480247713911,469,NS
BRD:BRD-K09907507-300-02-9,-0.01526349166679683,0.6518891377028498,876,NS
BRD:BRD-K00004672-001-01-9,-0.015262582192192304,0.6515365728937577,878,NS
BRD:BRD-A51831848-001-01-7,-0.01524789435099754,0.7286747865460611,520,NS
BRD:BRD-K89920762-001-01-4,-0.015212972207115216,0.7255325660586207,535,NS
BRD:BRD-K03243820-001-23-8,-0.01520731800583489,0.7288666227464339,522,NS
BRD:BRD-K83699324-001-01-1,-0.015204238730526566,0.7246971612021584,539,NS
BRD:BRD-K45086103-001-16-3,-0.015174088082374146,0.7271950053699398,531,NS
BRD:BRD-K99545815-001-06-3,-0.015168140636285975,0.7214267953222468,555,NS
BRD:BRD-K77552740-004-01-0,-0.01516155862486138,0.7239701582332403,545,NS
BRD:BRD-K00003304-001-01-9,-0.015159130137180173,0.6537440240596246,878,NS
BRD:BRD-K33422401-001-06-4,-0.015144946479252202,0.6540469101841441,878,NS
BRD:BRD-K00003264-001-01-9,-0.015114327507700196,0.6547009594926234,878,NS
BRD:BRD-K94083718-001-03-9,-0.015114326325960006,0.6550700375766343,876,NS
BRD:BRD-K27955832-001-02-9,-0.015110651583887316,0.7231624958801037,552,NS
BRD:BRD-K04176066-001-08-3,-0.015100848300234762,0.723093460422564,553,NS
BRD:BRD-K00004691-001-01-9,-0.015089647942905527,0.6552283302787826,878,NS
BRD:BRD-K18424115-003-01-3,-0.015088829024163093,0.7247551993405108,547,NS
BRD:BRD-A73566563-001-01-6,-0.015084061996015929,0.7277657482320288,535,NS
BRD:BRD-K09126848-003-01-9,-0.015057448189729107,0.7253045013910362,547,NS
BRD:BRD-M77041484-001-01-8,-0.015047645597850878,0.7262029319729466,544,NS
BRD:BRD-K23728141-001-01-2,-0.015039965295789517,0.7236842128727383,555,NS
BRD:BRD-K78113049-001-16-2,-0.015004329184037766,0.7267177060968686,545,NS
BRD:BRD-K46580984-001-03-6,-0.014989482361160171,0.7296499055284422,534,NS
BRD:BRD-K00003114-001-01-9,-0.01498878440546525,0.6573854378601669,878,NS
BRD:BRD-K56981171-001-01-0,-0.014981601766356517,0.7297864905176203,534,NS
BRD:BRD-K12932420-001-02-3,-0.014959005025906158,0.7336186161845754,520,NS
BRD:BRD-K58811567-001-01-9,-0.014958891870579541,0.7463502378569458,470,NS
BRD:BRD-K89732114-300-14-7,-0.014934637681138164,0.7274555763484759,547,NS
BRD:BRD-K32218650-001-01-6,-0.014926572513409803,0.7275969161602394,547,NS
BRD:BRD-K05444225-001-01-7,-0.01492291858728396,0.72959000137999,539,NS
BRD:BRD-K81935556-001-02-9,-0.0149145347397171,0.6593403251861745,876,NS
BRD:BRD-K95523387-001-09-6,-0.014905391122845352,0.726771796170195,552,NS
BRD:BRD-K00091118-001-01-9,-0.014867213249908385,0.6636537607354126,858,NS
BRD:BRD-K15318383-201-01-5,-0.014843472608608185,0.7329098393788323,531,NS
BRD:BRD-K00004717-001-01-9,-0.014806326694732051,0.6622031963529753,873,NS
BRD:BRD-K00004567-001-01-9,-0.014771535342206588,0.6629479626490457,873,NS
BRD:BRD-K00003257-001-01-9,-0.014762289117927974,0.6622397281018545,878,NS
BRD:BRD-A30051119-002-01-8,-0.014672844660469569,0.7318116563125027,548,NS
BRD:BRD-K77821588-364-01-2,-0.014654855971903236,0.7342625020444977,539,NS
BRD:BRD-K04691817-001-01-8,-0.014614154997957918,0.732372848681578,550,NS
BRD:BRD-K41185545-001-02-3,-0.014606960278760597,0.7350983941784961,539,NS
BRD:BRD-K53124401-001-03-8,-0.014589054990114167,0.7328149533019788,550,NS
BRD:BRD-A29700858-304-01-8,-0.014584837444807756,0.7407656475370289,517,NS
BRD:BRD-K92073408-001-15-7,-0.014542495023896918,0.7374104005824267,534,NS
BRD:BRD-K91188791-001-18-3,-0.014532041108026932,0.7333522621232896,552,NS
BRD:BRD-K65840970-001-02-9,-0.01451256809053365,0.667608259644343,878,NS
BRD:BRD-K49294207-300-03-8,-0.014486457956506528,0.7357920275169828,545,NS
BRD:BRD-K90027355-001-13-3,-0.014485054240017756,0.7412725596125368,522,NS
BRD:BRD-K00004619-001-01-9,-0.01448131882925313,0.669173430075173,873,NS
BRD:BRD-K00091136-303-01-9,-0.014479434277766982,0.6719084538752844,858,NS
BRD:BRD-A41451487-001-11-2,-0.014473312136615374,0.7374325199362938,539,NS
BRD:BRD-K00003364-001-01-9,-0.014461808324723926,0.6687015899825912,878,NS
BRD:BRD-K11399644-003-11-3,-0.01445627179557464,0.7396215739082862,531,NS
BRD:BRD-K20313525-001-04-6,-0.014455876025104395,0.7340012759617603,555,NS
BRD:BRD-K53605365-001-01-4,-0.01445531286750722,0.7548649099579757,469,NS
BRD:BRD-K02995728-003-01-9,-0.014436454710590699,0.739019164810126,535,NS
BRD:BRD-K79555887-001-01-0,-0.014434369376651733,0.7350770236411154,552,NS
BRD:BRD-K00003496-001-01-9,-0.01441676815497183,0.6705612243355109,873,NS
BRD:BRD-K72898849-001-01-8,-0.01441204141496916,0.6697742162768373,878,NS
BRD:BRD-K00003342-001-01-9,-0.014379397661227528,0.6713651772907924,873,NS
BRD:BRD-K94830329-001-03-0,-0.014372809319353095,0.7359337800001694,553,NS
BRD:BRD-K39983086-001-06-1,-0.014342044866072018,0.7483052975945502,503,NS
BRD:BRD-K83335125-001-07-0,-0.014339050929597929,0.7397797865856988,539,NS
BRD:BRD-K28542495-003-13-5,-0.014334452943056235,0.7398602153909307,539,NS
BRD:BRD-K97656802-001-02-9,-0.014303935235635754,0.6729897476575675,873,NS
BRD:BRD-K00003286-001-01-9,-0.014286533771879033,0.6724822660918367,878,NS
BRD:BRD-K36732695-001-01-9,-0.014276163209025526,0.7376439489035128,553,NS
BRD:BRD-K71454870-046-01-8,-0.014259267606388081,0.6734231625501638,876,NS
BRD:BRD-K62737565-003-02-6,-0.014254676724701418,0.7387129821430093,550,NS
BRD:BRD-K54316499-046-04-5,-0.014254524610339795,0.7412587886651911,539,NS
BRD:BRD-K70088346-001-01-6,-0.014251444654839414,0.7394606780100764,547,NS
BRD:BRD-K00004702-001-01-9,-0.014246589045239386,0.6733450369793961,878,NS
BRD:BRD-K09951645-001-06-8,-0.014229375709761254,0.7433298809857727,532,NS
BRD:BRD-K40870905-001-01-7,-0.01422329878010186,0.7385799426121281,553,NS
BRD:BRD-K00003162-001-01-9,-0.014205066386655255,0.674242344878261,878,NS
BRD:BRD-K91100918-001-03-8,-0.014173992016012603,0.6752644509885495,876,NS
BRD:BRD-K25075681-001-02-0,-0.014152939636512426,0.7595843056773934,470,NS
BRD:BRD-K91422571-001-01-8,-0.014145765771126514,0.7406373743662584,550,NS
BRD:BRD-K90991629-100-02-9,-0.0141396818154961,0.6765310913047837,873,NS
BRD:BRD-A75769826-003-02-1,-0.014138863025803125,0.7419034820314415,545,NS
BRD:BRD-K29546239-001-02-3,-0.014127232828353601,0.7423375981764387,544,NS
BRD:BRD-K62391742-001-03-0,-0.014110990797129937,0.7437724588087983,539,NS
BRD:BRD-K61250553-003-32-2,-0.014078439658264608,0.7406938271625145,555,NS
BRD:BRD-K79753741-001-01-7,-0.014055974316986602,0.7429073222036946,547,NS
BRD:BRD-A00559310-003-01-1,-0.014049711367029122,0.6779514199297131,876,NS
BRD:BRD-K18518344-001-15-9,-0.01402906598465653,0.7433821896938608,547,NS
BRD:BRD-A40413915-003-01-2,-0.014007715727985879,0.7430789634649089,550,NS
BRD:BRD-K01942833-001-01-8,-0.014007306506593514,0.7619832932584456,470,NS
BRD:BRD-K87919739-001-08-9,-0.014005975717789028,0.6788979678359627,876,NS
BRD:BRD-K58299615-001-03-5,-0.013968014396424117,0.7494989263994152,525,NS
BRD:BRD-K00090624-001-01-9,-0.01396588504470862,0.6829013648535186,858,NS
BRD:BRD-A58048407-001-18-8,-0.013945912252537707,0.7430484301079874,555,NS
BRD:BRD-K69191882-065-01-6,-0.013942318034037938,0.6802765815494016,876,NS
BRD:BRD-K17705806-003-04-4,-0.013922290850579437,0.7439167813084897,553,NS
BRD:BRD-K32531356-001-03-9,-0.013915558957217161,0.6808564130927027,876,NS
BRD:BRD-K00003255-001-01-9,-0.013899709961038465,0.6808552639769042,878,NS
BRD:BRD-K00003234-001-01-9,-0.013899373099162676,0.6808625728466998,878,NS
BRD:BRD-A29520968-001-02-7,-0.013889758542075758,0.7458421849230551,547,NS
BRD:BRD-K00003197-001-02-9,-0.013867555362979676,0.6824139191763333,873,NS
BRD:BRD-K07208025-001-29-7,-0.013841319986332036,0.746025308641338,550,NS
BRD:BRD-K82122102-323-01-1,-0.013821547544330334,0.7488496678171888,539,NS
BRD:BRD-M97302542-001-03-6,-0.013810963889722364,0.7529119391574984,522,NS
BRD:BRD-K99749624-001-07-0,-0.013808314268677025,0.7461636989839965,552,NS
BRD:BRD-K45125084-001-01-4,-0.013799975236701087,0.7501338074093808,535,NS
BRD:BRD-K00090621-001-02-9,-0.013764861611058716,0.6872229348007907,858,NS
BRD:BRD-K12068470-001-02-5,-0.013753678864960086,0.7539036971532665,522,NS
BRD:BRD-K88554883-001-03-2,-0.013747971089843287,0.6844920777788396,876,NS
BRD:BRD-K17610631-001-03-3,-0.013737361705595722,0.7512300506569756,535,NS
BRD:BRD-K31139048-001-03-2,-0.013735573579260687,0.7664655841804418,470,NS
BRD:BRD-K01054709-001-01-3,-0.013726327031329328,0.766618246002783,470,NS
BRD:BRD-K53417444-003-03-1,-0.013698984957225642,0.7525791455607592,532,NS
BRD:BRD-K70610771-001-02-9,-0.013695094720995785,0.7492840318305231,547,NS
BRD:BRD-A75552914-001-15-0,-0.013692015293317684,0.749338519363076,547,NS
BRD:BRD-K82104468-001-05-0,-0.013673276424230893,0.747899850347515,555,NS
BRD:BRD-A92630576-050-24-1,-0.013671240780816657,0.7479361113663207,555,NS
BRD:BRD-K00084848-001-01-9,-0.013631643926836703,0.6900924691711253,858,NS
BRD:BRD-K20141153-003-13-7,-0.0136049615791367,0.7502168374523674,550,NS
BRD:BRD-K85764479-003-01-0,-0.01359615297373316,0.769008797200993,469,NS
BRD:BRD-A15530910-001-02-1,-0.013581333023763024,0.7499767656644478,553,NS
BRD:BRD-A07780951-001-08-9,-0.013573802948709971,0.7507699499489856,550,NS
BRD:BRD-K36463073-001-03-9,-0.013508849744765619,0.7552350927657229,535,NS
BRD:BRD-K39624409-003-02-6,-0.013505636599085935,0.7526386261384225,547,NS
BRD:BRD-K79608170-001-02-1,-0.013505188576639834,0.7705108834589954,469,NS
BRD:BRD-A31575449-066-07-8,-0.013494701005648776,0.7704453567768768,470,NS
BRD:BRD-K81330143-001-04-8,-0.013482102289540705,0.758610903022295,522,NS
BRD:BRD-A52551912-001-02-9,-0.013472133027778832,0.6904920201439809,876,NS
BRD:BRD-K00573984-003-01-5,-0.01347169425285993,0.7536790081013656,545,NS
BRD:BRD-A83937277-001-10-5,-0.013340343576848442,0.7588535707969069,532,NS
BRD:BRD-K06883221-001-01-9,-0.013327780140861691,0.7586331941274129,534,NS
BRD:BRD-A08545410-003-07-8,-0.01330003883823439,0.7617716025461946,522,NS
BRD:BRD-K77793136-003-03-0,-0.013247111313538673,0.7572236557299993,547,NS
BRD:BRD-K08231299-001-08-1,-0.01324603289552838,0.7589770632077045,539,NS
BRD:BRD-K00084846-001-01-9,-0.013223213553846848,0.698917743291343,858,NS
BRD:BRD-K43164539-001-11-5,-0.013207409808578156,0.7596582183729615,539,NS
BRD:BRD-K00003386-001-01-9,-0.013196329351788584,0.6970064444071057,873,NS
BRD:BRD-K56155962-001-12-1,-0.013187710507631952,0.7608746618701901,535,NS
BRD:BRD-K00003521-001-01-9,-0.013161736394741495,0.6977615964909742,873,NS
BRD:BRD-K56596464-004-10-7,-0.013147299958091765,0.7579265634512871,552,NS
BRD:BRD-K62213621-001-01-6,-0.0131269403143861,0.7593578424744704,547,NS
BRD:BRD-K49880111-236-09-2,-0.013097768317190532,0.7592360101399294,550,NS
BRD:BRD-K54247840-004-01-3,-0.013092919943689989,0.7616784475829668,539,NS
BRD:BRD-K01902415-001-11-7,-0.013045447536812891,0.7612324772322286,545,NS
BRD:BRD-K41599323-001-02-3,-0.01303622625464675,0.7596970790222816,553,NS
BRD:BRD-K94723713-001-10-6,-0.013035144041696032,0.7609893390474817,547,NS
BRD:BRD-A63310107-001-04-8,-0.013010618000232652,0.7622768411987823,543,NS
BRD:BRD-K52670952-003-01-4,-0.012989535255677925,0.7605314576416954,553,NS
BRD:BRD-K44442813-001-12-9,-0.012978209490169595,0.7603129464556455,555,NS
BRD:BRD-A26384407-001-25-1,-0.012977998906368124,0.7603167167658097,555,NS
BRD:BRD-K24556407-001-02-3,-0.012972575290350447,0.7610453087460507,552,NS
BRD:BRD-K22525962-001-05-0,-0.012954104830253855,0.7649850370451201,535,NS
BRD:BRD-K36949735-001-01-1,-0.012943837912638038,0.7795694099025452,470,NS
BRD:BRD-K69215269-001-01-1,-0.012927413435511247,0.7800714503092171,469,NS
BRD:BRD-K77695569-001-30-0,-0.012892642272171139,0.7618454158508675,555,NS
BRD:BRD-A06916187-001-02-9,-0.012882470836116964,0.7630745182263905,550,NS
BRD:BRD-K13390322-001-06-3,-0.012871373625489397,0.7655923319848564,539,NS
BRD:BRD-K13238168-001-02-0,-0.012850736095678049,0.7625962764630039,555,NS
BRD:BRD-K95600043-001-01-5,-0.012814902152045705,0.7638630221770663,552,NS
BRD:BRD-K02816415-001-01-9,-0.012802773449099187,0.7640798991319753,552,NS
BRD:BRD-K15256258-001-01-3,-0.012788264743692919,0.7821517503642497,470,NS
BRD:BRD-K09372874-001-01-0,-0.012782616381319632,0.768642392095953,532,NS
BRD:BRD-A20239487-001-24-9,-0.012767831534337134,0.7682673250361186,535,NS
BRD:BRD-K00004583-001-01-9,-0.012754592338223791,0.7058696111028494,878,NS
BRD:BRD-K00003100-001-01-9,-0.01274436237494324,0.706094563211617,878,NS
BRD:BRD-K18613660-001-05-5,-0.012740562688618801,0.7660237588053367,548,NS
BRD:BRD-K00003478-001-01-9,-0.012726276355666965,0.707292877171307,873,NS
BRD:BRD-K47079459-004-04-6,-0.012724927754136462,0.7681827627643966,539,NS
BRD:BRD-K85178109-001-02-3,-0.01271981234263251,0.7657710181364394,551,NS
BRD:BRD-K55462201-001-07-3,-0.012710665610014035,0.7661417873360259,550,NS
BRD:BRD-K83914624-415-01-3,-0.01270631471255146,0.7069314383762006,878,NS
BRD:BRD-K00003168-003-01-9,-0.012670873297303945,0.7077113062221256,878,NS
BRD:BRD-K33720171-001-01-0,-0.012670135081181283,0.7691526373628681,539,NS
BRD:BRD-K37687387-237-01-7,-0.012663193170005376,0.7676108118375213,547,NS
BRD:BRD-A97479839-003-13-3,-0.012644574554036152,0.7662934414596925,555,NS
BRD:BRD-K12609995-001-02-9,-0.012636899955333509,0.711657738312949,858,NS
BRD:BRD-K22379844-001-04-9,-0.012621017739687131,0.7088088670882705,878,NS
BRD:BRD-K41779183-001-01-2,-0.012609833833972486,0.7673270465638856,553,NS
BRD:BRD-A94055480-001-02-9,-0.012608434286071312,0.709403341946203,876,NS
BRD:BRD-K98493452-001-14-9,-0.012527068792814317,0.7684030953621221,555,NS
BRD:BRD-A94033181-001-01-4,-0.012523005890945146,0.7701108520690502,547,NS
BRD:BRD-A09004963-001-01-3,-0.012518771585141864,0.7868534995551296,469,NS
BRD:BRD-K57011718-001-01-5,-0.0125030938509016,0.7117224088536248,876,NS
BRD:BRD-K28578425-001-07-0,-0.012500056822772629,0.7705203437732108,547,NS
BRD:BRD-K51791723-003-01-7,-0.01247872304449279,0.7698811252517092,552,NS
BRD:BRD-K32842773-434-01-8,-0.012454842243680264,0.7737917656945121,535,NS
BRD:BRD-K09416995-001-39-9,-0.012422592531485453,0.7712929974707816,550,NS
BRD:BRD-A47940219-001-01-4,-0.012411173033592852,0.7886419722725326,469,NS
BRD:BRD-K16037980-001-01-1,-0.012404265712372662,0.7710136341734586,553,NS
BRD:BRD-K56405978-001-01-5,-0.012402452531256946,0.788566080945684,470,NS
BRD:BRD-K33818169-003-04-6,-0.012373913865352996,0.7746068540714078,538,NS
BRD:BRD-K26420709-001-01-7,-0.012359060437815601,0.7895085730503004,469,NS
BRD:BRD-K36889451-001-01-1,-0.012328428048024434,0.7752092028388496,539,NS
BRD:BRD-K28143534-003-25-9,-0.012323475646777353,0.7726649797173005,552,NS
BRD:BRD-K87956243-001-01-9,-0.012307529455830506,0.7903657572340743,469,NS
BRD:BRD-K70586315-001-02-4,-0.01225994736571631,0.7742058190434915,550,NS
BRD:BRD-K82091397-001-03-0,-0.012247177154635218,0.7750368033586472,547,NS
BRD:BRD-K51662849-001-08-8,-0.012243018650216899,0.7806114025553254,520,NS
BRD:BRD-K84964099-001-03-9,-0.01223391431829288,0.7176604509234956,876,NS
BRD:BRD-K87492696-001-16-5,-0.012220899119818081,0.7747056859631669,551,NS
BRD:BRD-K27293958-001-01-5,-0.012216222243806295,0.778214330660553,534,NS
BRD:BRD-K00077971-001-02-9,-0.012195678121566815,0.721298547573515,858,NS
BRD:BRD-K83036479-001-09-2,-0.012192503090127147,0.7758142024260807,548,NS
BRD:BRD-K88052444-001-08-8,-0.012146276065826212,0.7762434511653189,550,NS
BRD:BRD-K59060513-001-02-5,-0.01214501417962445,0.7193181073207369,878,NS
BRD:BRD-K59436580-001-01-7,-0.012141138879315125,0.7753439013304939,555,NS
BRD:BRD-K22127577-001-03-7,-0.01213375285544546,0.7821108212119546,522,NS
BRD:BRD-K46435977-003-11-1,-0.012093425729850019,0.7777865470247822,547,NS
BRD:BRD-K70053378-001-01-1,-0.012087649084233145,0.7808914503594419,532,NS
BRD:BRD-A79052425-003-01-5,-0.012064036637144008,0.7807057507192251,535,NS
BRD:BRD-K37814297-050-09-6,-0.01203931252665298,0.7781622460616467,550,NS
BRD:BRD-K35240538-001-26-2,-0.012026628772122183,0.7821703811771844,531,NS
BRD:BRD-K57222227-001-30-1,-0.012018107024852388,0.7779527732991108,553,NS
BRD:BRD-K00003195-001-01-9,-0.011966831976904322,0.7232658192367839,878,NS
BRD:BRD-A26690767-066-01-9,-0.011961005143361333,0.7793718315223516,551,NS
BRD:BRD-A50028488-001-01-6,-0.011955140948625225,0.7796731306667465,550,NS
BRD:BRD-A32505112-001-04-4,-0.011902254614319634,0.780427746884423,551,NS
BRD:BRD-K75478907-001-02-3,-0.011887983911896691,0.7814650698911916,547,NS
BRD:BRD-K50850824-237-04-8,-0.01188073696551606,0.7865434564937449,522,NS
BRD:BRD-A01787639-003-16-9,-0.011856823036582571,0.7820234469249695,547,NS
BRD:BRD-K54142781-003-11-8,-0.011853167353698233,0.7811161072751048,552,NS
BRD:BRD-K09090949-001-01-9,-0.01184433083216835,0.7851930446135492,532,NS
BRD:BRD-K48684885-001-04-2,-0.01183658679755505,0.7823861235676498,547,NS
BRD:BRD-K42191735-001-05-3,-0.011786796536036854,0.7817324314643839,555,NS
BRD:BRD-K52459643-001-17-7,-0.011772444627164808,0.7829553902933523,550,NS
BRD:BRD-A51713165-003-02-6,-0.01176027575819019,0.7827883957869693,552,NS
BRD:BRD-K04035716-011-02-9,-0.01175914776569402,0.7278764505386712,878,NS
BRD:BRD-K00004648-001-01-9,-0.011720160435964511,0.7287430801757533,878,NS
BRD:BRD-K31471398-003-06-9,-0.011718101426540844,0.7290866108623251,876,NS
BRD:BRD-K30126819-304-02-7,-0.011710405385486566,0.7836866048863859,552,NS
BRD:BRD-K93806173-003-01-8,-0.011678566980779612,0.7856049582592011,545,NS
BRD:BRD-K56691760-001-01-2,-0.01167723770086092,0.784667377667323,550,NS
BRD:BRD-K09602097-001-13-6,-0.011675291194883893,0.7881853403592814,532,NS
BRD:BRD-K00003204-003-01-9,-0.011670577943343015,0.730588160100799,873,NS
BRD:BRD-K60798049-001-03-8,-0.011670096435808984,0.787692732774306,535,NS
BRD:BRD-A80017228-001-25-7,-0.011662197185205914,0.7841731204184961,554,NS
BRD:BRD-K59037100-001-14-7,-0.01164177449142257,0.7843513400646058,555,NS
BRD:BRD-K43428468-003-04-0,-0.011637743012782711,0.801529860843807,469,NS
BRD:BRD-K50891186-001-04-4,-0.011626388547039524,0.7855821609806466,550,NS
BRD:BRD-K00003387-001-01-9,-0.011616686517036076,0.7317842378549321,873,NS
BRD:BRD-K53281329-300-01-5,-0.011615456535467156,0.731367654155731,876,NS
BRD:BRD-K00003517-001-01-9,-0.011585770277096993,0.731733018289092,878,NS
BRD:BRD-A13598753-001-01-2,-0.011583054004548121,0.7859816168437834,552,NS
BRD:BRD-K40621224-001-06-7,-0.011568545870605365,0.7864330596965076,551,NS
BRD:BRD-K97714174-001-01-3,-0.011551434040590728,0.785984004603148,555,NS
BRD:BRD-K26603252-003-04-9,-0.011547306767699755,0.7891049087478161,539,NS
BRD:BRD-K41876534-001-13-7,-0.011537095990399968,0.787189260448739,550,NS
BRD:BRD-K00003189-001-01-9,-0.011536535254514526,0.7328294299539214,878,NS
BRD:BRD-K50406511-001-26-0,-0.011522237939779814,0.7874567655799393,550,NS
BRD:BRD-K91733562-001-05-0,-0.011498024561720855,0.8036580760174276,470,NS
BRD:BRD-K61951118-001-07-9,-0.011474819490173874,0.7875572416570004,554,NS
BRD:BRD-K75748943-300-02-9,-0.011464488214804518,0.7347268794984435,876,NS
BRD:BRD-A52660433-066-02-1,-0.011437950299158716,0.792391943661483,532,NS
BRD:BRD-K34675210-003-01-4,-0.01141498493038665,0.805251919039062,469,NS
BRD:BRD-K36021395-300-02-4,-0.011413092172109503,0.7899867636589064,547,NS
BRD:BRD-K00003502-001-01-9,-0.011375586196176886,0.7364173830564716,878,NS
BRD:BRD-K08996725-332-01-7,-0.011370628122286805,0.7901877810921765,550,NS
BRD:BRD-K78122587-300-02-7,-0.01136145546718408,0.7899794801398354,552,NS
BRD:BRD-K15601958-001-03-9,-0.011290395536979775,0.7912626473744436,552,NS
BRD:BRD-K37069697-001-01-3,-0.01127707963919513,0.7928049661307398,545,NS
BRD:BRD-A74980173-001-11-9,-0.011271405836176186,0.7914204906232978,553,NS
BRD:BRD-K56301217-001-07-4,-0.011259564891749396,0.7912651509801951,555,NS
BRD:BRD-K96691275-001-01-2,-0.011221139537948906,0.7958639899310792,534,NS
BRD:BRD-K62607075-001-04-9,-0.011206679950998222,0.740475120480698,876,NS
BRD:BRD-K14529030-001-01-9,-0.011205757494941198,0.7939004536589428,546,NS
BRD:BRD-K80353138-001-12-1,-0.011187707581615889,0.7933019935412966,551,NS
BRD:BRD-K76452401-001-03-6,-0.011111095170118289,0.7946857550453884,551,NS
BRD:BRD-K58529924-001-01-5,-0.011099129993213601,0.797849652567377,535,NS
BRD:BRD-K06221026-001-06-8,-0.011065695796646367,0.7951418589869333,553,NS
BRD:BRD-K43471985-001-03-0,-0.01106533230524009,0.8008750091208376,522,NS
BRD:BRD-K00003113-001-01-9,-0.011065165123113771,0.7440617666942348,873,NS
BRD:BRD-K50071428-001-03-3,-0.01104290097337776,0.7966471313506417,547,NS
BRD:BRD-K75373031-001-01-7,-0.011041356230305105,0.8115047173768224,469,NS
BRD:BRD-K63151507-001-02-4,-0.011040455384587086,0.798157735796001,539,NS
BRD:BRD-K79966802-034-01-2,-0.011031273131180899,0.796310008678072,550,NS
BRD:BRD-K13514097-001-05-3,-0.011028099566970768,0.7963673219284197,550,NS
BRD:BRD-K00003232-001-01-9,-0.011002502803954038,0.7447563134655052,878,NS
BRD:BRD-K74065929-001-07-2,-0.011002091097148623,0.7959318946385082,555,NS
BRD:BRD-K00003134-001-01-9,-0.010999595154078804,0.7448214223601561,878,NS
BRD:BRD-A60197193-001-14-6,-0.01099612300055327,0.7974898094710723,547,NS
BRD:BRD-K78809024-001-05-7,-0.010975066175959614,0.7964221501370397,555,NS
BRD:BRD-K89402695-001-02-3,-0.010970516460524838,0.7975885145035684,549,NS
BRD:BRD-K23586533-001-03-6,-0.010968528581287227,0.8007295802705086,532,NS
BRD:BRD-A61633223-001-02-8,-0.01091332350491818,0.8013453068996143,534,NS
BRD:BRD-K15010214-364-02-7,-0.01088257900908331,0.8024416050730865,531,NS
BRD:BRD-K00003096-001-01-9,-0.010876161870960644,0.7475870476198406,878,NS
BRD:BRD-K77139516-001-02-2,-0.010869198547826687,0.8143898967004073,469,NS
BRD:BRD-K00077340-001-02-9,-0.010862038392626047,0.7507030910052045,858,NS
BRD:BRD-K76205745-237-22-9,-0.010847705907242653,0.7482250889318575,878,NS
BRD:BRD-K00003251-001-01-9,-0.010836394440045097,0.7484787631697256,878,NS
BRD:BRD-K00003124-389-01-9,-0.010803931592962454,0.7492069352275655,878,NS
BRD:BRD-K11630072-001-13-2,-0.0108011800040167,0.8055323736171914,522,NS
BRD:BRD-K76973696-001-12-6,-0.010790827822013183,0.8011908547052006,547,NS
BRD:BRD-K69351586-001-01-0,-0.010786271534704463,0.8155867714988083,470,NS
BRD:BRD-K87461578-001-02-9,-0.01073987464784526,0.750644446868447,878,NS
BRD:BRD-K00003210-001-01-9,-0.010733651567929362,0.7507841461083449,878,NS
BRD:BRD-K59574735-001-11-8,-0.010728144000149866,0.8012583387787552,553,NS
BRD:BRD-K93880783-001-26-6,-0.010703024526540499,0.801713997803232,553,NS
BRD:BRD-K31170746-001-01-6,-0.010676237614321286,0.8174347789537122,470,NS
BRD:BRD-K19409553-001-01-6,-0.010659478246195698,0.817716339734742,470,NS
BRD:BRD-K31385749-003-01-3,-0.010642602136126153,0.8042190390996807,545,NS
BRD:BRD-K18673820-001-15-5,-0.01061049403618283,0.8033930497304506,553,NS
BRD:BRD-K60907894-003-23-5,-0.010606231906401493,0.8039957117317013,550,NS
BRD:BRD-K45071273-003-25-6,-0.010585101450741386,0.8063139541075903,539,NS
BRD:BRD-K30213273-001-01-6,-0.010557592017388434,0.8047019371174746,551,NS
BRD:BRD-K13112821-001-17-4,-0.010547626355149806,0.8055810302708417,547,NS
BRD:BRD-K52751261-001-06-1,-0.010546655451002241,0.8050745182767103,550,NS
BRD:BRD-A28329383-001-02-1,-0.010544253648645217,0.805641956350111,547,NS
BRD:BRD-K29415052-050-04-8,-0.010537192258097123,0.8043766003663849,555,NS
BRD:BRD-K55044200-001-14-6,-0.010533737399456452,0.8102547683754269,522,NS
BRD:BRD-K67100011-003-06-3,-0.010521435770170496,0.8051835676226238,552,NS
BRD:BRD-K00003398-001-01-9,-0.010517972357810502,0.7563074660097056,873,NS
BRD:BRD-K64857848-001-06-4,-0.010516013718712832,0.7559452523930935,876,NS
BRD:BRD-K19438463-001-05-5,-0.010508693590933812,0.8062844006784552,547,NS
BRD:BRD-K10843433-001-22-7,-0.010467944912365183,0.8096456882719365,532,NS
BRD:BRD-K00003283-001-01-9,-0.010467300201614491,0.756770943261823,878,NS
BRD:BRD-K28007504-051-01-2,-0.010409638667288218,0.8080746585719466,547,NS
BRD:BRD-K20548681-001-01-3,-0.01037756973658072,0.8072813932074615,555,NS
BRD:BRD-K95899059-003-02-8,-0.010371659059258305,0.8087613451329408,547,NS
BRD:BRD-K00091075-001-01-9,-0.010341592693598974,0.7622795829855509,858,NS
BRD:BRD-K58148589-001-03-6,-0.010323856818159277,0.8091122063960532,550,NS
BRD:BRD-K26921335-003-01-2,-0.01031659883612981,0.7601647598386257,878,NS
BRD:BRD-K70301465-001-02-6,-0.010292107177574021,0.8102001506207295,547,NS
BRD:BRD-K25486274-300-01-0,-0.010246684975776126,0.8101727605818182,552,NS
BRD:BRD-K49246350-001-01-1,-0.01024629017642673,0.8248498886099331,469,NS
BRD:BRD-K36016295-001-04-5,-0.010245035925923046,0.81105180074649,547,NS
BRD:BRD-K00003532-001-01-9,-0.010223181719101714,0.7622708479018405,878,NS
BRD:BRD-K97045029-001-02-7,-0.01015908225157414,0.8114293589260745,554,NS
BRD:BRD-A51820102-008-28-9,-0.010107440324025224,0.8132067546446982,549,NS
BRD:BRD-K09757388-065-04-0,-0.010097812494646865,0.8132139003035685,550,NS
BRD:BRD-K43975632-001-01-1,-0.010072080007397642,0.8162049217621206,535,NS
BRD:BRD-K81326768-001-04-0,-0.010071702716372616,0.8136880076726328,550,NS
BRD:BRD-K76894955-001-02-1,-0.010045257471320795,0.766546341332381,876,NS
BRD:BRD-K00003381-001-01-9,-0.010033977570345085,0.7671901186861598,873,NS
BRD:BRD-K68633617-003-02-9,-0.010026479426378269,0.8145093435841203,550,NS
BRD:BRD-K93645900-001-11-3,-0.010020349414682323,0.813791602488736,555,NS
BRD:BRD-K86204871-001-16-2,-0.009963535735385783,0.8186549204278666,532,NS
BRD:BRD-K00077013-001-02-9,-0.009958563353667427,0.770833675110105,858,NS
BRD:BRD-K00818915-003-01-8,-0.009934317724678836,0.829921163523147,470,NS
BRD:BRD-K71926323-001-14-6,-0.009929364504962436,0.8194339287307262,531,NS
BRD:BRD-K66093087-001-03-1,-0.00992383183900728,0.8155528236577526,555,NS
BRD:BRD-A10070317-003-28-3,-0.009923527296952594,0.8193705493971774,532,NS
BRD:BRD-K04635846-003-02-9,-0.009922279966171814,0.7693229984341216,876,NS
BRD:BRD-K73290745-003-02-6,-0.009889220331745966,0.8178262312781432,545,NS
BRD:BRD-K20482099-001-11-0,-0.009878415932489639,0.8163818805012636,555,NS
BRD:BRD-K87024524-065-17-7,-0.009876903917503559,0.8202046887619601,532,NS
BRD:BRD-A53134341-001-03-2,-0.0098751474254496,0.820069354153154,533,NS
BRD:BRD-A42571354-300-12-0,-0.009869658472199307,0.8171952906348844,551,NS
BRD:BRD-K82027074-001-07-5,-0.009855602687330085,0.816798408404169,555,NS
BRD:BRD-K69231085-003-05-7,-0.009854975086696884,0.8181175808426255,547,NS
BRD:BRD-K35601925-001-01-9,-0.009849989346646626,0.8182079920749188,547,NS
BRD:BRD-K70914287-300-02-8,-0.009807948142053038,0.8179931744288783,553,NS
BRD:BRD-K06557128-001-07-0,-0.009805123322721728,0.8185324846427933,550,NS
BRD:BRD-K33396764-001-08-7,-0.009790986536694787,0.8187895834947804,550,NS
BRD:BRD-K00003412-300-01-9,-0.009765563725628165,0.7726129775738417,878,NS
BRD:BRD-K43647122-001-01-3,-0.009758005503044467,0.8224978675050815,531,NS
BRD:BRD-K32311154-001-01-0,-0.00972848026584099,0.8191203719406582,555,NS
BRD:BRD-K00003298-001-01-9,-0.00971567270886653,0.7737429887613906,878,NS
BRD:BRD-K48062199-001-01-8,-0.009708995355232258,0.8338972846105298,469,NS
BRD:BRD-A41774846-001-01-4,-0.009689592457169008,0.8198309970350761,555,NS
BRD:BRD-K09291936-001-13-3,-0.009679922074717311,0.8342126446976397,470,NS
BRD:BRD-K13414800-001-01-3,-0.009674848481523914,0.823331829319355,535,NS
BRD:BRD-K69122748-001-10-1,-0.00965767175617854,0.8216973016866783,547,NS
BRD:BRD-K85030058-003-16-9,-0.009656503118812993,0.7757097060346563,873,NS
BRD:BRD-K00003187-236-01-9,-0.009629702012250621,0.7756913122669278,878,NS
BRD:BRD-K00108790-001-01-9,-0.009611085432522964,0.7787440348667766,857,NS
BRD:BRD-A71262238-001-08-4,-0.009598502752935022,0.8227715444981635,547,NS
BRD:BRD-K98174813-001-18-0,-0.009598264637388734,0.8222964499805554,550,NS
BRD:BRD-K00003483-003-01-9,-0.009585675933034095,0.7773113147291688,873,NS
BRD:BRD-K50122911-001-01-2,-0.009569212636805472,0.8252295632480254,535,NS
BRD:BRD-A06352418-001-25-9,-0.009553648486656907,0.8259935845945652,532,NS
BRD:BRD-A64743628-001-01-5,-0.009526109232625608,0.822820052057573,555,NS
BRD:BRD-K00073880-001-02-9,-0.009523269060898634,0.7805888180914792,858,NS
BRD:BRD-A26032986-050-02-1,-0.009522886791114767,0.8233525647231383,552,NS
BRD:BRD-K86309810-001-01-5,-0.009510083438314625,0.8372523566203636,469,NS
BRD:BRD-K07166362-330-02-8,-0.00950623472408128,0.828460691916527,522,NS
BRD:BRD-K28863208-001-02-0,-0.009502307297847668,0.8245187274601836,547,NS
BRD:BRD-K54297077-001-02-9,-0.009497953559672187,0.7786798136906815,878,NS
BRD:BRD-K58550667-001-08-7,-0.009489123616202714,0.8244419390529408,549,NS
BRD:BRD-K00085357-001-01-9,-0.00948388300213293,0.7815977217037078,857,NS
BRD:BRD-K96299080-001-02-7,-0.009478991631142044,0.824942337187814,547,NS
BRD:BRD-K14561059-001-06-9,-0.009475277436559843,0.7791945160788534,878,NS
BRD:BRD-A50764878-003-02-8,-0.009467787872476813,0.8246726881150398,550,NS
BRD:BRD-K53532120-003-09-5,-0.009466380641603154,0.8251714806255878,547,NS
BRD:BRD-K90647725-001-06-5,-0.009449443789373596,0.8254792489615339,547,NS
BRD:BRD-K66404838-310-01-1,-0.009445596025862498,0.8242930656827057,555,NS
BRD:BRD-K00003443-001-01-9,-0.009444274064812411,0.7805116433534052,873,NS
BRD:BRD-K81916719-001-13-9,-0.009417045969775458,0.828442735824739,532,NS
BRD:BRD-K00005238-001-01-9,-0.009412188105173844,0.7812383595487786,873,NS
BRD:BRD-K34441861-003-07-0,-0.00939444877738023,0.8304471248747256,522,NS
BRD:BRD-A60402836-001-01-0,-0.009351128089667007,0.782257008647742,876,NS
BRD:BRD-A13084692-001-17-3,-0.009331268835151563,0.827783283595357,546,NS
BRD:BRD-K82239282-001-02-9,-0.009307928002582205,0.7829959869666743,878,NS
BRD:BRD-K42898655-001-01-8,-0.009286605255750516,0.8272036588848222,555,NS
BRD:BRD-K68805147-001-01-8,-0.009284780196137751,0.8272370834949541,555,NS
BRD:BRD-K02017404-300-06-2,-0.009258480807443167,0.8283337980388303,551,NS
BRD:BRD-K38332599-001-01-3,-0.009231726575086875,0.8286686376700682,552,NS
BRD:BRD-K60476892-001-17-9,-0.009221438501206077,0.7852024263975431,876,NS
BRD:BRD-K00003531-001-01-9,-0.009208695585803645,0.7852525791505444,878,NS
BRD:BRD-K30020243-051-02-5,-0.009206755560456569,0.8298921782806791,547,NS
BRD:BRD-A33692381-001-01-9,-0.00920580240427049,0.8299095206780107,547,NS
BRD:BRD-K60287130-001-05-7,-0.009185033668840124,0.8290643400747642,555,NS
BRD:BRD-K62996583-001-10-3,-0.009178200138302485,0.8299523475284272,550,NS
BRD:BRD-K06644925-001-03-0,-0.009140547267053635,0.8303350337703419,552,NS
BRD:BRD-K77185060-001-08-9,-0.009118714387792022,0.7896861233719756,858,NS
BRD:BRD-K82960980-003-02-7,-0.009096634142018183,0.8357445250293815,522,NS
BRD:BRD-K00004752-001-01-9,-0.009018900513154992,0.7895736162026844,878,NS
BRD:BRD-K72093555-001-01-0,-0.008986726775567198,0.8331479840018977,552,NS
BRD:BRD-K03353589-236-01-4,-0.008976823063877896,0.8336283159355471,550,NS
BRD:BRD-K00075673-001-02-9,-0.008972330723084293,0.7929850185103022,858,NS
BRD:BRD-K28183345-003-11-4,-0.008961323477075496,0.8331658280089296,555,NS
BRD:BRD-K09397065-003-06-1,-0.008954557985257927,0.836746918038243,532,NS
BRD:BRD-K17979676-001-01-2,-0.008942364178325104,0.8369661133154633,532,NS
BRD:BRD-K53734668-003-02-0,-0.008939096556859445,0.8370248540641029,532,NS
BRD:BRD-K71603915-003-01-8,-0.008937494518419953,0.8339000226965477,553,NS
BRD:BRD-K38913877-300-01-9,-0.008937355820043723,0.8340512954774884,552,NS
BRD:BRD-K02275692-300-02-6,-0.008911653012894155,0.8370650278734811,535,NS
BRD:BRD-A82035391-001-02-7,-0.008906982163470724,0.8344588839200622,553,NS
BRD:BRD-K61236135-001-08-2,-0.008903081340680914,0.8366179072324287,539,NS
BRD:BRD-K49215523-001-04-2,-0.008896250808015515,0.8358440450206776,545,NS
BRD:BRD-K00091080-001-01-9,-0.008890998021122733,0.7948195320212849,858,NS
BRD:BRD-K14920963-304-02-7,-0.008885528734756929,0.8354443476874152,549,NS
BRD:BRD-K26739552-003-15-4,-0.008855094775766651,0.8385352312411934,532,NS
BRD:BRD-K00004595-001-01-9,-0.00883940232316055,0.7942429365763821,873,NS
BRD:BRD-K00003305-001-01-9,-0.008827775722575593,0.7939314644966579,878,NS
BRD:BRD-K10836013-001-01-3,-0.00881924960568183,0.8357729616138633,555,NS
BRD:BRD-K84895041-001-02-4,-0.008778475477858958,0.8368135114893288,553,NS
BRD:BRD-K00003177-001-01-9,-0.008770438285401774,0.7952400790128593,878,NS
BRD:BRD-K00004746-001-01-9,-0.008768268526187806,0.7958620381411965,873,NS
BRD:BRD-K00084847-001-01-9,-0.00876798254688749,0.7975963786496303,858,NS
BRD:BRD-K62965247-001-04-9,-0.008752077016633263,0.83773514834093,550,NS
BRD:BRD-K00003341-001-01-9,-0.008744406960925396,0.7964053566471455,873,NS
BRD:BRD-K61642990-001-01-0,-0.00873135058272303,0.8385521225198828,547,NS
BRD:BRD-K80607346-001-01-1,-0.008718875432769994,0.8405419547724645,535,NS
BRD:BRD-K10705233-001-02-2,-0.008695790525011623,0.8392006802749233,547,NS
BRD:BRD-K99308908-001-02-9,-0.008694626633776773,0.7969712138922577,878,NS
BRD:BRD-A24397426-001-10-4,-0.008688712726859492,0.8460254916790322,502,NS
BRD:BRD-K52721684-001-04-8,-0.008685566822275281,0.7971781586940536,878,NS
BRD:BRD-K56740996-001-01-3,-0.008662546823046563,0.8417053557516604,534,NS
BRD:BRD-K31092604-003-03-5,-0.008662430058498859,0.8398092200816436,547,NS
BRD:BRD-K62353271-001-04-7,-0.008657890631562526,0.84686859924588,500,NS
BRD:BRD-K00003486-003-01-9,-0.008637940732849812,0.7988307480736395,873,NS
BRD:BRD-K74190368-001-04-3,-0.008607144339740132,0.8411066274016283,545,NS
BRD:BRD-A02971356-001-09-9,-0.008600092553686852,0.7991312661855443,878,NS
BRD:BRD-K00003504-001-01-9,-0.008590217181854501,0.7993570019114251,878,NS
BRD:BRD-K44309363-003-02-1,-0.008566968524483128,0.8427040840922041,539,NS
BRD:BRD-K10906636-001-02-9,-0.008547368794254016,0.8483500573295845,503,NS
BRD:BRD-K00004698-001-01-9,-0.00854431531888511,0.800406466934292,878,NS
BRD:BRD-K33483813-001-10-0,-0.008539472910494672,0.84205294590933,547,NS
BRD:BRD-K80267133-001-17-7,-0.008529767194722267,0.844390268697779,532,NS
BRD:BRD-K84266862-001-03-2,-0.008516728379868423,0.8420404528575963,550,NS
BRD:BRD-K51899933-001-02-6,-0.008495478213209099,0.8447191643315727,534,NS
BRD:BRD-A91448670-001-08-9,-0.008488375466085905,0.8019078458715957,876,NS
BRD:BRD-K00003279-001-01-9,-0.008440579590714417,0.8027795238092549,878,NS
BRD:BRD-K80267133-325-22-9,-0.008436909569225555,0.8028635125616906,878,NS
BRD:BRD-K49110935-300-01-9,-0.008435610118684114,0.8554251794371278,469,NS
BRD:BRD-K26801045-001-02-9,-0.008431042146194924,0.843609114634435,550,NS
BRD:BRD-K78294846-001-12-4,-0.008422308019313582,0.8441921654126121,547,NS
BRD:BRD-M41245765-001-04-2,-0.008400608436143714,0.8481537402198402,522,NS
BRD:BRD-K36551084-001-04-9,-0.008397441018237318,0.8039865938148105,876,NS
BRD:BRD-K00003455-001-01-9,-0.008386573661752158,0.8045647581395181,873,NS
BRD:BRD-K26862302-001-05-2,-0.008385472602301677,0.845005665835871,546,NS
BRD:BRD-K72106461-001-02-1,-0.008354797289684338,0.848971845380921,522,NS
BRD:BRD-K83963101-001-06-9,-0.00834701948689895,0.8476830310782318,532,NS
BRD:BRD-A20119038-003-07-8,-0.008322491824916626,0.8455972382005902,550,NS
BRD:BRD-K74195153-050-12-1,-0.008322115013966068,0.8463019354911605,545,NS
BRD:BRD-A44448661-001-04-8,-0.008299669172847884,0.8453226726902143,555,NS
BRD:BRD-K00089583-001-01-9,-0.008290739502441259,0.808393174463994,858,NS
BRD:BRD-K00003516-057-01-9,-0.008286066367161591,0.8063175280079554,878,NS
BRD:BRD-K82002057-001-01-2,-0.008278624559424864,0.8461241637235334,552,NS
BRD:BRD-K15819326-001-01-6,-0.00827159502929589,0.8582061932860807,469,NS
BRD:BRD-A65449987-001-10-4,-0.008260152220540449,0.846601282109526,551,NS
BRD:BRD-K93767137-001-01-1,-0.008257139962017084,0.8463806902949905,553,NS
BRD:BRD-A99888680-001-03-8,-0.008199177156034626,0.8579519046525728,479,NS
BRD:BRD-K59058747-001-20-9,-0.008183640428648524,0.8488283715478758,545,NS
BRD:BRD-K09426783-300-01-0,-0.008166662721611484,0.850935314941434,532,NS
BRD:BRD-K91716465-001-01-2,-0.008149271646529902,0.8601333037738916,470,NS
BRD:BRD-K27771035-001-02-5,-0.00814317989620569,0.8492931326105596,547,NS
BRD:BRD-A09094913-065-01-0,-0.008133809007332557,0.849055333762628,550,NS
BRD:BRD-K00004630-001-01-9,-0.008129489193686869,0.8104400633250086,873,NS
BRD:BRD-K43644456-001-04-0,-0.00812084828575829,0.8531522675628236,522,NS
BRD:BRD-K00003480-001-01-9,-0.008118911958480461,0.8101494455623846,878,NS
BRD:BRD-K58501140-002-01-0,-0.008098262839386087,0.8493008544719182,553,NS
BRD:BRD-K48535733-003-01-2,-0.008081461661513741,0.8498799659179249,551,NS
BRD:BRD-K43167535-001-01-3,-0.008071519884793942,0.861601008659146,469,NS
BRD:BRD-K55790047-001-02-9,-0.008070994562052184,0.8114604193631634,876,NS
BRD:BRD-K00005339-001-01-9,-0.00806652107200902,0.8113514164522136,878,NS
BRD:BRD-A75919782-399-02-6,-0.00805930215183074,0.8508272090822201,547,NS
BRD:BRD-K48059512-003-01-0,-0.008041857581393945,0.8621045283417321,469,NS
BRD:BRD-K96720755-001-02-6,-0.00804099895463253,0.850353873591242,553,NS
BRD:BRD-K93255255-001-02-1,-0.008015717086731213,0.8509528327287564,552,NS
BRD:BRD-K89997465-003-43-0,-0.007964990570290185,0.851885144866171,552,NS
BRD:BRD-K95053546-001-01-9,-0.00793907951012592,0.8519636247072486,555,NS
BRD:BRD-K00003367-001-01-9,-0.007936758331540504,0.8143303870227906,878,NS
BRD:BRD-A33447119-001-10-8,-0.007935695850575181,0.8522909741287734,553,NS
BRD:BRD-K72904818-001-01-1,-0.00791816171658443,0.8534098561433059,547,NS
BRD:BRD-K77396579-300-01-0,-0.007896557173226631,0.8542040951074685,544,NS
BRD:BRD-A47449001-004-13-7,-0.007887416284164589,0.8529159717709512,555,NS
BRD:BRD-K92428153-001-04-4,-0.0078872308774814,0.8531828096978666,553,NS
BRD:BRD-K78485176-001-07-8,-0.007866989655421725,0.8532925702374847,555,NS
BRD:BRD-K17497770-001-03-6,-0.007864108299899732,0.853739891334746,552,NS
BRD:BRD-K47371940-001-01-6,-0.007833798776837746,0.8541662655258581,553,NS
BRD:BRD-K04833372-001-06-2,-0.007825778886241393,0.8551011666830195,547,NS
BRD:BRD-K71055333-224-05-8,-0.007814967825589172,0.8563544218107302,539,NS
BRD:BRD-K00091271-001-01-9,-0.0078118435859859964,0.8192640976363871,858,NS
BRD:BRD-K61250484-001-02-3,-0.007809014153210476,0.8548839070157954,551,NS
BRD:BRD-K08837089-236-01-6,-0.007806832882800988,0.8544018526032414,555,NS
BRD:BRD-K17295893-238-03-9,-0.0077908262210341,0.8176837617847678,878,NS
BRD:BRD-K00090648-001-01-9,-0.007779508089901304,0.8199993888638117,858,NS
BRD:BRD-K81341251-001-02-9,-0.00777639434909239,0.818015573976127,878,NS
BRD:BRD-K50590187-001-19-9,-0.0077659186469224255,0.8564588906453594,545,NS
BRD:BRD-K62240499-001-05-9,-0.007732967003687851,0.8583708756490006,535,NS
BRD:BRD-K53319039-001-01-8,-0.007728707762370428,0.8589751219543852,531,NS
BRD:BRD-A61194565-003-27-0,-0.007716679162788664,0.8570993785709199,547,NS
BRD:BRD-K00003101-001-02-9,-0.007711202711340956,0.8195148404559496,878,NS
BRD:BRD-K00004647-001-01-9,-0.0076872837083476805,0.8205708574383069,873,NS
BRD:BRD-K35007173-001-07-5,-0.0076649148952859045,0.8576614335975992,550,NS
BRD:BRD-K53318339-001-24-9,-0.007661137771448688,0.8600645083142795,532,NS
BRD:BRD-A65671304-001-07-5,-0.007650544787416108,0.8583111058634281,547,NS
BRD:BRD-K89152108-236-07-6,-0.007649181247841601,0.8630513960465378,511,NS
BRD:BRD-K12609457-001-03-1,-0.0076359531767377555,0.860519811440527,532,NS
BRD:BRD-K59333713-003-02-0,-0.007610892177254381,0.8586540736005295,550,NS
BRD:BRD-A50311610-300-10-4,-0.007609284560957422,0.8600956458727818,539,NS
BRD:BRD-K00003576-001-01-9,-0.007596758321434648,0.8221484040216849,878,NS
BRD:BRD-A78093359-001-06-3,-0.00759078922651962,0.8594062456625668,547,NS
BRD:BRD-K68405354-001-06-4,-0.007580104323215249,0.8585852575626189,555,NS
BRD:BRD-K00004745-001-01-9,-0.007577769404286194,0.8230844910343577,873,NS
BRD:BRD-K80262108-001-07-0,-0.007570807724528332,0.8591368430886506,552,NS
BRD:BRD-K69343602-003-02-9,-0.007526655316224364,0.8239606979349433,876,NS
BRD:BRD-K18574842-236-17-7,-0.007512899334226111,0.862745119210127,532,NS
BRD:BRD-K38775274-001-22-1,-0.007497852344765631,0.8712121430513806,470,NS
BRD:BRD-K04972057-001-01-1,-0.007448730058880285,0.8720486275166838,470,NS
BRD:BRD-K17472821-001-01-2,-0.007439987325587362,0.8259551615466034,876,NS
BRD:BRD-K05674516-001-02-5,-0.007413626311011096,0.8622806150157079,550,NS
BRD:BRD-K00091274-001-01-9,-0.007404249148265079,0.8285439630868561,858,NS
BRD:BRD-K54936858-001-01-6,-0.00740076412929484,0.864773920825765,532,NS
BRD:BRD-K07441213-001-18-9,-0.0074004863596909675,0.8623980419936182,551,NS
BRD:BRD-K99819791-001-02-9,-0.007386469171945812,0.8271873192695267,876,NS
BRD:BRD-K00003333-001-01-9,-0.007371966446820773,0.8277157600701889,874,NS
BRD:BRD-K71125014-001-27-1,-0.007355437113978895,0.8632274154128123,551,NS
BRD:BRD-K58413118-001-01-8,-0.007345304107803912,0.8281353588868934,876,NS
BRD:BRD-K17061841-001-03-5,-0.007296237358829884,0.8638285065827886,555,NS
BRD:BRD-K86226872-001-01-6,-0.007267728883123924,0.8751320508422351,470,NS
BRD:BRD-K51770398-001-01-9,-0.007261020145531749,0.8656996929941059,545,NS
BRD:BRD-K38938675-001-01-4,-0.0072571653926214105,0.8657703159745008,545,NS
BRD:BRD-K07220430-001-18-4,-0.0072562463767723955,0.8651759735759028,550,NS
BRD:BRD-K00071592-001-01-9,-0.007253457824866603,0.8319832252648542,858,NS
BRD:BRD-A74391928-051-02-1,-0.0072360097883993274,0.8689996622982064,522,NS
BRD:BRD-A24191444-046-02-1,-0.007226243645197726,0.8660930376705476,547,NS
BRD:BRD-K00073831-019-02-9,-0.007224618058088363,0.8326413733919992,858,NS
BRD:BRD-K00003453-003-01-9,-0.007186948347845421,0.8320694441538508,873,NS
BRD:BRD-A45869167-001-10-0,-0.007179621381847384,0.8663451514097534,552,NS
BRD:BRD-A47342814-003-01-8,-0.007178661867005095,0.8672088119027057,545,NS
BRD:BRD-A93477898-001-04-2,-0.007156516604200719,0.8673731328135391,547,NS
BRD:BRD-A49765801-001-04-1,-0.007144413869994011,0.8678365087357917,545,NS
BRD:BRD-K90382497-001-10-7,-0.0071388541302194845,0.8679384154226346,545,NS
BRD:BRD-K00004732-001-01-9,-0.007130949265507695,0.8328878310900687,878,NS
BRD:BRD-A69815203-001-07-6,-0.00712541612654851,0.8728443701020416,507,NS
BRD:BRD-A78195072-001-06-2,-0.007114503538158836,0.867188432888818,555,NS
BRD:BRD-A33479817-003-03-7,-0.00704656910762788,0.8708267631016743,535,NS
BRD:BRD-K05653025-001-02-9,-0.007022338652272581,0.8355818870473061,876,NS
BRD:BRD-K93231391-300-05-6,-0.007021355303307359,0.8689115055441641,555,NS
BRD:BRD-K33882852-003-02-8,-0.0070009725838112245,0.8704663971335402,545,NS
BRD:BRD-K62008436-001-22-1,-0.006983482096574078,0.8705513064220729,547,NS
BRD:BRD-K00003155-003-01-9,-0.006983474682201625,0.8362945209941199,878,NS
BRD:BRD-K81613478-001-01-8,-0.0069792295535900314,0.8706294405494595,547,NS
BRD:BRD-K36198571-001-02-0,-0.006943908536446967,0.8734057190192256,529,NS
BRD:BRD-K97152684-001-03-9,-0.006933367845818448,0.8376358806383439,876,NS
BRD:BRD-K19002914-001-01-3,-0.006932022143200297,0.880982457417041,469,NS
BRD:BRD-A01563671-001-02-7,-0.006922406780958402,0.8716735946847771,547,NS
BRD:BRD-K00004602-001-01-9,-0.006900032414213975,0.8386796667435326,873,NS
BRD:BRD-K00004747-001-01-9,-0.006894639664392766,0.8388040200758475,873,NS
BRD:BRD-K08287586-001-14-3,-0.006894041017768628,0.8717303865589084,551,NS
BRD:BRD-K00003236-001-01-9,-0.006869792663908944,0.8389226936908701,878,NS
BRD:BRD-K27010807-050-02-9,-0.006853108466641526,0.8394897094584781,876,NS
BRD:BRD-K30764557-001-01-5,-0.006851205486794736,0.8743779654711746,535,NS
BRD:BRD-K37385792-003-02-1,-0.006829373209138353,0.8746584218264762,536,NS
BRD:BRD-K77220725-003-01-5,-0.00682651740130305,0.8827807455609398,469,NS
BRD:BRD-K00003261-001-01-9,-0.006821692333960715,0.8400352494458012,878,NS
BRD:BRD-K87932577-001-02-4,-0.006787351881361674,0.8741562051008936,547,NS
BRD:BRD-K53723268-001-01-3,-0.006779857897895574,0.8834524046561479,470,NS
BRD:BRD-K09132007-001-07-5,-0.0067782423910445495,0.8760526792285462,532,NS
BRD:BRD-K83157152-001-02-9,-0.006775241658317824,0.8415582849687752,873,NS
BRD:BRD-A71033472-003-23-9,-0.006761742106961685,0.8743989759579208,549,NS
BRD:BRD-K74759733-065-01-4,-0.006748077317915306,0.8762535899732286,535,NS
BRD:BRD-K00078770-001-02-9,-0.006743746294633801,0.8436321912987529,858,NS
BRD:BRD-K81447180-003-21-4,-0.006734408444554005,0.876847830705341,532,NS
BRD:BRD-K83003151-057-02-4,-0.0066897350677281526,0.878810088213123,522,NS
BRD:BRD-K05151076-001-02-6,-0.006680028093255905,0.8757919299454328,550,NS
BRD:BRD-K29542628-001-03-9,-0.006679767884570907,0.8763605852331928,545,NS
BRD:BRD-K51528698-003-01-4,-0.006667504190527375,0.8854922003941038,469,NS
BRD:BRD-K62762455-001-01-3,-0.006646557705651068,0.8769703964607225,545,NS
BRD:BRD-K19111024-001-20-9,-0.006621157466439337,0.8789027848662392,532,NS
BRD:BRD-A12237696-001-04-2,-0.006610717017366134,0.8790922693892836,532,NS
BRD:BRD-K43236057-001-07-1,-0.006599884476606175,0.8804255147300376,522,NS
BRD:BRD-K57033106-003-19-7,-0.00658378029594174,0.8787939333753927,539,NS
BRD:BRD-K47376733-001-08-1,-0.006579670029459324,0.8773110947910202,553,NS
BRD:BRD-K42828737-044-09-0,-0.0065352787299971,0.8787931601248298,547,NS
BRD:BRD-K00003421-001-01-9,-0.006512205325901367,0.8476327762384694,873,NS
BRD:BRD-A68589262-001-04-3,-0.006507990151112826,0.880178646185093,539,NS
BRD:BRD-A00546892-001-02-6,-0.006505914820454704,0.8790041856161016,550,NS
BRD:BRD-K79612754-001-21-7,-0.0064988968918532845,0.8785873171199889,555,NS
BRD:BRD-K95260951-050-03-1,-0.006486963809769824,0.8788085321692592,555,NS
BRD:BRD-K13642819-001-02-9,-0.006484303707261195,0.8482776658329795,873,NS
BRD:BRD-K78637815-001-02-2,-0.006483221738295864,0.8797512849732939,547,NS
BRD:BRD-K16472653-001-01-6,-0.006479410290143858,0.8887012559710133,469,NS
BRD:BRD-K68982262-001-02-9,-0.0064734473286667095,0.8482709973379511,876,NS
BRD:BRD-K59929863-001-01-9,-0.006462536088798977,0.8792614017978703,555,NS
BRD:BRD-A44008656-036-25-8,-0.006461557047972209,0.8798228720511462,550,NS
BRD:BRD-K39171998-001-01-1,-0.006447135284032624,0.8799804453715163,551,NS
BRD:BRD-K92241597-001-06-0,-0.0064329139673918,0.8798106241283226,555,NS
BRD:BRD-K33963447-001-03-9,-0.0064204383991779065,0.8497541645265966,873,NS
BRD:BRD-K00003377-001-01-9,-0.006400614989224098,0.849788111809404,878,NS
BRD:BRD-K00003485-001-01-9,-0.0063947552027049884,0.8503480816394953,873,NS
BRD:BRD-K70759443-001-01-4,-0.006384799137528243,0.890199347243998,470,NS
BRD:BRD-K55991142-001-01-6,-0.006367850968824886,0.883174796213632,535,NS
BRD:BRD-K82562631-236-04-6,-0.006356468796741326,0.881762936551063,550,NS
BRD:BRD-K00074079-001-02-9,-0.006355511357800252,0.8525280362860863,858,NS
BRD:BRD-K28115081-001-02-7,-0.006343914295715092,0.8823161410268842,547,NS
BRD:BRD-K00004609-001-01-9,-0.006340755560682576,0.8515970851585254,873,NS
BRD:BRD-K17498618-344-02-6,-0.006330604062315596,0.8819207134503912,553,NS
BRD:BRD-K51937257-001-01-4,-0.006324685837637809,0.8828843852315638,545,NS
BRD:BRD-K95309561-001-24-7,-0.006314419070957109,0.8825394275569612,550,NS
BRD:BRD-K00003349-001-01-9,-0.0062712422993486,0.8527892885807091,878,NS
BRD:BRD-K09353376-001-03-9,-0.006263429868724068,0.8864789976044467,522,NS
BRD:BRD-K20995441-001-02-5,-0.006248745316520439,0.8840690521295166,547,NS
BRD:BRD-K23248433-001-01-8,-0.006210600178520482,0.8840386969381446,554,NS
BRD:BRD-K00076940-046-02-9,-0.006176602211719434,0.8566338653334626,858,NS
BRD:BRD-K09900591-001-26-7,-0.006160755531263556,0.8883276444961884,522,NS
BRD:BRD-K08953028-001-09-6,-0.006146171046957019,0.8859589944868176,547,NS
BRD:BRD-K12826175-001-02-4,-0.0061248295760096575,0.856350892184545,876,NS
BRD:BRD-K15691453-236-01-6,-0.006112465150532167,0.887933257624897,534,NS
BRD:BRD-K34321528-003-01-2,-0.006105468718303801,0.8863995638804452,550,NS
BRD:BRD-K51700582-001-01-2,-0.006089603094819593,0.8952460083331,470,NS
BRD:BRD-K16195444-003-26-0,-0.006083950699981806,0.8864896153013846,553,NS
BRD:BRD-K00003149-001-01-9,-0.006082065892837728,0.8575856398691406,873,NS
BRD:BRD-K76244476-362-02-5,-0.006076235609420749,0.8955858505128529,469,NS
BRD:BRD-K36270037-001-01-7,-0.00607142502950423,0.887028742160183,550,NS
BRD:BRD-A43930669-003-02-8,-0.006059051813806015,0.8871552097422444,551,NS
BRD:BRD-K80043866-236-01-1,-0.00605407370854219,0.8868396783820581,555,NS
BRD:BRD-K45385835-001-02-4,-0.006042947879824245,0.8873512731855187,552,NS
BRD:BRD-A68631409-001-05-4,-0.006035165011132129,0.8880050218442561,547,NS
BRD:BRD-K24771047-001-01-6,-0.005986334086522238,0.8889052942215964,547,NS
BRD:BRD-K05355328-001-02-9,-0.005965655389290481,0.8598866449732683,878,NS
BRD:BRD-K00077076-019-02-9,-0.005961766847603272,0.8615692867420126,858,NS
BRD:BRD-A55664972-236-02-6,-0.005948593669280349,0.8892994368936757,550,NS
BRD:BRD-K48371964-001-06-5,-0.005946186765494484,0.8978082578304515,469,NS
BRD:BRD-K18961567-001-01-1,-0.005945641649347328,0.8896556304228718,547,NS
BRD:BRD-K18850819-001-04-6,-0.005925196422040823,0.8892329388762714,555,NS
BRD:BRD-K44030614-001-01-6,-0.005914118371703386,0.8914456352682554,535,NS
BRD:BRD-K00610438-003-02-5,-0.005909861760624903,0.89001563451801,550,NS
BRD:BRD-K00079239-001-02-9,-0.005834134730860048,0.8645039542767877,858,NS
BRD:BRD-K54770957-001-04-3,-0.005832929093683209,0.8925278910199492,539,NS
BRD:BRD-K79511609-001-20-0,-0.005830006261646678,0.8996875684406381,470,NS
BRD:BRD-K00004707-001-01-9,-0.005816396311344693,0.863744301781739,873,NS
BRD:BRD-K60585088-001-01-5,-0.005790535379714195,0.891929607744139,553,NS
BRD:BRD-K00004651-001-01-9,-0.0057855548324340965,0.8644598015923721,873,NS
BRD:BRD-K94313941-001-03-9,-0.0057664636432645505,0.8645190668655012,878,NS
BRD:BRD-K89464729-001-03-1,-0.005761000934071751,0.9009742775183066,469,NS
BRD:BRD-K00003462-001-01-9,-0.005707044330856419,0.8662816873560172,873,NS
BRD:BRD-K78781788-003-01-9,-0.005705701476073847,0.8942754767614263,545,NS
BRD:BRD-A39794701-003-01-6,-0.0056767891839764745,0.9028317115600103,465,NS
BRD:BRD-A48274390-001-01-8,-0.005649236249588602,0.9027823037219237,470,NS
BRD:BRD-K13302470-001-02-7,-0.005622447110123394,0.8948589395629897,555,NS
BRD:BRD-K54170555-001-01-8,-0.005583725050222353,0.9040065377113694,469,NS
BRD:BRD-A83644949-236-01-6,-0.005580652898762298,0.8971497547706729,539,NS
BRD:BRD-K61032563-001-02-9,-0.005577136803867877,0.8964549747173468,547,NS
BRD:BRD-K81807412-001-10-6,-0.005573909185167814,0.8972733524655078,539,NS
BRD:BRD-K79145628-001-05-5,-0.005542531865313179,0.8966251145221431,552,NS
BRD:BRD-K00076493-001-02-9,-0.005540721451464044,0.8712574707152172,858,NS
BRD:BRD-K85119730-001-28-9,-0.0055033300917528205,0.898567063284289,539,NS
BRD:BRD-K00004557-001-01-9,-0.005498620862850071,0.8711217022215948,873,NS
BRD:BRD-A58947127-001-01-6,-0.005498409203431447,0.899128082204795,534,NS
BRD:BRD-A77118605-237-09-5,-0.005491282949889518,0.8709263162896049,878,NS
BRD:BRD-K13421763-001-06-2,-0.005490951284887793,0.897767371476093,550,NS
BRD:BRD-K48061146-066-01-7,-0.005482026087442975,0.8989576174702155,539,NS
BRD:BRD-K26997899-001-02-2,-0.005436361224221909,0.898319617398625,555,NS
BRD:BRD-K53220666-001-02-6,-0.0053889801510727895,0.899564688940531,551,NS
BRD:BRD-K00091273-001-01-9,-0.005363066208286628,0.8753511668802799,858,NS
BRD:BRD-K83492904-001-01-9,-0.005350265274050603,0.9080019323182453,469,NS
BRD:BRD-K23106423-001-01-0,-0.005343426641646463,0.9082170989178567,468,NS
BRD:BRD-K86118762-001-01-8,-0.005333407104299938,0.9019567168657112,536,NS
BRD:BRD-A60765580-001-03-4,-0.005302232519282084,0.8753330588037488,878,NS
BRD:BRD-K82381502-003-23-1,-0.005300955839874885,0.9008389960136867,555,NS
BRD:BRD-K99241550-001-03-5,-0.0052993327555196906,0.9023078226454486,539,NS
BRD:BRD-K98384930-003-01-5,-0.0052984485989997126,0.9016021659315806,547,NS
BRD:BRD-K00003503-001-01-9,-0.005297569641738264,0.8754417992718013,878,NS
BRD:BRD-A70407468-001-02-0,-0.005282024984716506,0.9019056304052395,547,NS
BRD:BRD-K47409078-001-02-6,-0.005267443470047472,0.9094198948968044,469,NS
BRD:BRD-K00078514-003-02-9,-0.00526638269502282,0.8775804448025063,858,NS
BRD:BRD-K78978711-003-01-3,-0.005253252093518846,0.9096628893890862,469,NS
BRD:BRD-K00003402-001-01-9,-0.005245594484115123,0.8770039511868838,873,NS
BRD:BRD-K18280217-001-01-0,-0.005224588535840921,0.9100578740533456,470,NS
BRD:BRD-K94689771-001-09-0,-0.005206066195003055,0.9034862009432418,545,NS
BRD:BRD-K87349602-001-03-8,-0.005190258954900671,0.9028993850983917,555,NS
BRD:BRD-K07202345-001-19-4,-0.005188164725844362,0.9031133397819607,553,NS
BRD:BRD-K11663430-001-02-3,-0.005186233379931334,0.9032368027648726,552,NS
BRD:BRD-A02006392-001-16-4,-0.005157267492669928,0.9035135784092644,555,NS
BRD:BRD-K91290917-300-01-8,-0.005153543708183559,0.904018054172245,550,NS
BRD:BRD-A82396632-008-29-0,-0.005153437541766778,0.9056034527182683,532,NS
BRD:BRD-K46384285-001-02-9,-0.005138635313859069,0.8792866675357253,876,NS
BRD:BRD-K34685430-050-12-5,-0.0051363821516777295,0.9059144093753977,532,NS
BRD:BRD-K27515606-003-01-3,-0.005118088022556543,0.9059839848832496,535,NS
BRD:BRD-K56839624-001-06-9,-0.00508934902692068,0.8806396894001721,873,NS
BRD:BRD-K31698212-001-02-9,-0.0050851342264768215,0.9049423969969842,554,NS
BRD:BRD-K22482860-001-21-4,-0.005083768498012082,0.9055699952198467,547,NS
BRD:BRD-K12852738-001-01-2,-0.005065270100197322,0.9069497953383887,535,NS
BRD:BRD-K21680192-300-14-4,-0.005058253240107814,0.9060417397945912,547,NS
BRD:BRD-K36234266-001-09-8,-0.005021973109700696,0.9088697570562558,522,NS
BRD:BRD-K00003242-001-01-9,-0.005006077741746065,0.8822441042671918,878,NS
BRD:BRD-K65275554-001-04-7,-0.005000312365972185,0.9064363528360774,555,NS
BRD:BRD-K35367061-001-01-1,-0.0049842408246492,0.908431735185501,535,NS
BRD:BRD-A17655518-001-24-4,-0.00497060453915984,0.9071574408211021,553,NS
BRD:BRD-K00004620-001-01-9,-0.0049703297758499024,0.8834108865319823,873,NS
BRD:BRD-K08248804-001-01-8,-0.00496343730825139,0.9090683723175356,532,NS
BRD:BRD-A81513827-001-03-6,-0.004934062428255806,0.9085900878651597,544,NS
BRD:BRD-K62378877-001-05-9,-0.004927518006397521,0.8840788934344719,878,NS
BRD:BRD-A70858459-001-01-7,-0.004892407759731809,0.90861158789356,553,NS
BRD:BRD-K41783120-001-02-8,-0.004875858195029729,0.9100800159770639,539,NS
BRD:BRD-K08478539-001-13-8,-0.004823323178356523,0.9170283167445729,469,NS
BRD:BRD-K21318844-001-01-4,-0.004821578336980053,0.9170582238025193,469,NS
BRD:BRD-K75956464-237-01-5,-0.00481737811973427,0.9100885533670067,552,NS
BRD:BRD-A33084557-001-06-6,-0.004815418371777543,0.91053307809072,547,NS
BRD:BRD-K36984403-001-02-7,-0.004815139009877082,0.909886221801645,555,NS
BRD:BRD-K47642186-001-01-3,-0.004813474437057816,0.9107327505874246,545,NS
BRD:BRD-K20672254-046-05-4,-0.004812328974449993,0.8867702920904675,878,NS
BRD:BRD-K61691541-001-01-1,-0.0047689654270833045,0.9111498218912417,550,NS
BRD:BRD-K04301924-236-03-2,-0.004768720977714901,0.887916930717276,876,NS
BRD:BRD-K64890080-001-13-8,-0.004761731792222889,0.9116883940493117,545,NS
BRD:BRD-K00004730-001-01-9,-0.004758587692568964,0.8883445065828337,873,NS
BRD:BRD-K51265828-001-01-0,-0.004743525766072607,0.9183961852487302,469,NS
BRD:BRD-K80267133-001-19-3,-0.004732679516313599,0.9140984746260294,522,NS
BRD:BRD-K59853741-001-01-9,-0.00471290768968932,0.9188345426509292,470,NS
BRD:BRD-K29313239-005-10-9,-0.004697315836098423,0.8895844049803383,876,NS
BRD:BRD-K99023089-001-03-7,-0.004637088517699844,0.9134400218856683,552,NS
BRD:BRD-K31144453-001-03-9,-0.0046270174741769995,0.8912265099309367,876,NS
BRD:BRD-A11990600-001-03-4,-0.004622488902639466,0.9152903262935288,532,NS
BRD:BRD-K07442505-001-03-6,-0.004619689443525298,0.9136073618287812,554,NS
BRD:BRD-K40331046-305-01-5,-0.00461454339928161,0.9138592304789223,552,NS
BRD:BRD-K60230970-001-17-5,-0.00460333292703235,0.9166782548327779,519,NS
BRD:BRD-K64990126-004-01-1,-0.0045982376943600745,0.9139293492362457,555,NS
BRD:BRD-K34073885-001-09-3,-0.004580645599243785,0.9169276294656808,521,NS
BRD:BRD-K15567136-003-27-2,-0.0045711055662199,0.9145896761111776,553,NS
BRD:BRD-A53539450-004-01-7,-0.0045665641924600145,0.9146742074082842,553,NS
BRD:BRD-K79989959-001-01-4,-0.004561947085906258,0.9146060405685951,555,NS
BRD:BRD-K77286328-001-03-7,-0.004534754788799615,0.8932611288369657,878,NS
BRD:BRD-A41692738-001-07-6,-0.004532477623925334,0.9157697809131088,547,NS
BRD:BRD-K00078317-001-02-9,-0.004490919743384211,0.8954942650312331,858,NS
BRD:BRD-K42938903-332-01-1,-0.0044833360470531115,0.9178312311135859,532,NS
BRD:BRD-A69651145-003-07-2,-0.004430947106791761,0.9190943348183627,528,NS
BRD:BRD-K87727457-001-02-9,-0.00440334086806338,0.8964544548571814,876,NS
BRD:BRD-K96631475-001-02-4,-0.004372602217807873,0.9206116996827914,522,NS
BRD:BRD-K65544384-001-15-8,-0.004370755245171359,0.9185419074851869,550,NS
BRD:BRD-K50140147-001-10-1,-0.004360542911898013,0.9189537663988898,547,NS
BRD:BRD-A97739905-001-26-5,-0.004347886539760112,0.9204554687242928,530,NS
BRD:BRD-K09456915-001-01-2,-0.0043365731888829915,0.9252960243740393,470,NS
BRD:BRD-K86677390-001-02-9,-0.004333624577895584,0.8982590562855998,873,NS
BRD:BRD-K50293352-300-02-1,-0.00432088609735296,0.9193216959410585,552,NS
BRD:BRD-A25800195-001-02-2,-0.004319087434039781,0.9217307729024452,520,NS
BRD:BRD-A07986123-001-02-8,-0.004316698388817374,0.92109883637652,529,NS
BRD:BRD-K17977438-048-02-4,-0.004311743649706247,0.9195648617226067,551,NS
BRD:BRD-K00003271-001-01-9,-0.004304429913621789,0.8986525230838123,878,NS
BRD:BRD-K00090629-001-01-9,-0.004290295278839934,0.9001379042482897,858,NS
BRD:BRD-K00003164-001-01-9,-0.004287693197266783,0.8990444775891259,878,NS
BRD:BRD-K50000283-001-04-4,-0.004280747516339547,0.9198514720855532,555,NS
BRD:BRD-K00003214-001-01-9,-0.004234043511154237,0.9003010563193362,878,NS
BRD:BRD-K34568562-001-04-3,-0.0041890059754811585,0.9218470966957778,551,NS
BRD:BRD-K96740444-001-02-1,-0.004183030986644671,0.9218165174593814,553,NS
BRD:BRD-K42859542-001-03-3,-0.00417579742562635,0.9221635653984338,550,NS
BRD:BRD-K50135270-300-02-3,-0.004165292533165069,0.9225710941212651,547,NS
BRD:BRD-A79768653-001-12-0,-0.004141709612567681,0.9231492056443932,545,NS
BRD:BRD-A55455283-001-01-3,-0.004141015482944186,0.9248035703520558,522,NS
BRD:BRD-K40853697-001-20-5,-0.004140855567481206,0.9025951791771641,876,NS
BRD:BRD-K25596805-001-01-8,-0.004130905590759604,0.9232083352026419,547,NS
BRD:BRD-K56334280-001-05-1,-0.00411754507019811,0.9228974232689274,555,NS
BRD:BRD-A50016482-001-01-7,-0.004103097853616167,0.9293071810568287,470,NS
BRD:BRD-K17617556-001-01-3,-0.004098399747812262,0.9294632782796098,469,NS
BRD:BRD-K15327298-001-05-5,-0.0040673317447760746,0.9255025228490054,531,NS
BRD:BRD-K00091094-001-01-9,-0.0040581712534799004,0.9055148807317707,858,NS
BRD:BRD-K72280606-001-01-2,-0.004030383627384447,0.9258992905092881,535,NS
BRD:BRD-K36207157-001-07-0,-0.004012778019558829,0.927125655340218,522,NS
BRD:BRD-A05906449-004-01-1,-0.003997097126175441,0.9256884687226649,547,NS
BRD:BRD-K90168339-001-08-6,-0.003994318630158605,0.9254685028147281,551,NS
BRD:BRD-K00076949-001-02-9,-0.003981721173430075,0.9072867479443089,858,NS
BRD:BRD-K73394555-237-01-1,-0.003962485197713621,0.9257924501258789,555,NS
BRD:BRD-K64755930-003-03-2,-0.003956659045872873,0.9259012459451353,555,NS
BRD:BRD-K02988401-001-01-2,-0.003934978000334531,0.9277162936246941,534,NS
BRD:BRD-K69726595-001-01-2,-0.003916367196181386,0.9267861814965571,553,NS
BRD:BRD-K62374002-001-01-5,-0.0038995926594059004,0.9282973768317484,535,NS
BRD:BRD-K87468701-001-01-0,-0.0038966686710485685,0.9328551741126218,470,NS
BRD:BRD-K75506300-001-01-6,-0.003886143052875476,0.9274813622970208,551,NS
BRD:BRD-A29700858-304-02-6,-0.0038678628762518325,0.927559568940904,555,NS
BRD:BRD-K00003329-001-01-9,-0.0038670344846691877,0.909163010653137,873,NS
BRD:BRD-K57155378-001-01-1,-0.0038615856974708518,0.9289943671007124,535,NS
BRD:BRD-A34358106-003-01-6,-0.003841805987551193,0.9285676841493867,547,NS
BRD:BRD-K12968785-001-13-3,-0.0038144130018798097,0.9295972554399736,539,NS
BRD:BRD-A36318220-001-08-8,-0.0037970688206862588,0.9290747492848936,552,NS
BRD:BRD-K29834313-001-01-4,-0.0037941481782472444,0.9294514848747174,547,NS
BRD:BRD-K97810537-001-12-8,-0.0037897966934223168,0.9311647959460289,522,NS
BRD:BRD-K19540840-001-09-4,-0.003787419864089214,0.9290621627445079,555,NS
BRD:BRD-A35989968-001-04-2,-0.0037776444331371305,0.9296932574009964,548,NS
BRD:BRD-K77038618-356-01-3,-0.0037720930159660586,0.9306357412893385,535,NS
BRD:BRD-K82903013-001-01-4,-0.0037554353731511143,0.9301694669303685,547,NS
BRD:BRD-K60240222-001-01-4,-0.003736598973333773,0.9300115757596371,555,NS
BRD:BRD-A87983072-001-01-1,-0.0037109423953016825,0.9308053602529472,550,NS
BRD:BRD-K43837174-003-01-3,-0.003704229038572756,0.9318806226382439,535,NS
BRD:BRD-K11196887-001-22-0,-0.0036424079772813837,0.9338356099605388,522,NS
BRD:BRD-K49962337-001-01-1,-0.0036167767902957368,0.9322504307159656,555,NS
BRD:BRD-K24790130-001-07-1,-0.0036161345164738208,0.9325074942093555,551,NS
BRD:BRD-A61221616-001-04-3,-0.003611933362861861,0.9323409406081699,555,NS
BRD:BRD-K00003243-236-01-9,-0.0036104369873235388,0.9151669759146811,873,NS
BRD:BRD-K69253806-001-02-0,-0.003589879475599861,0.9332405604497024,547,NS
BRD:BRD-K00004643-001-01-9,-0.003554687857900934,0.9164720662716886,873,NS
BRD:BRD-K01767299-050-02-1,-0.0035281912044761686,0.9339059804789428,555,NS
BRD:BRD-K00003430-001-01-9,-0.00352255577034243,0.9169878559021664,878,NS
BRD:BRD-K68075732-001-11-8,-0.003517414194343541,0.9171085852636703,878,NS
BRD:BRD-K00002423-001-02-9,-0.00351323001525479,0.9172068353939681,878,NS
BRD:BRD-K56792340-001-14-9,-0.003505028483957273,0.917493485269268,876,NS
BRD:BRD-K76064317-001-07-3,-0.0034822219612569275,0.9349421537591747,552,NS
BRD:BRD-K89055274-048-22-7,-0.003460521304387475,0.9361143956445191,539,NS
BRD:BRD-K83607951-001-02-2,-0.0034545399804142853,0.9354582012335447,552,NS
BRD:BRD-A16350940-001-01-9,-0.0034518641534201917,0.9356253015862812,550,NS
BRD:BRD-A64242993-001-05-6,-0.0034330681549177566,0.9359167619007699,551,NS
BRD:BRD-K59522102-001-15-3,-0.0034227169544817325,0.937817975530572,522,NS
BRD:BRD-K53814070-310-01-3,-0.0034117702316256264,0.9370711296625738,538,NS
BRD:BRD-K55344148-003-02-6,-0.003401173687449603,0.9364531317788746,552,NS
BRD:BRD-K73323637-003-10-9,-0.003393979128337489,0.9364147711204119,555,NS
BRD:BRD-K44164034-003-01-1,-0.003388695168545236,0.937729271830377,534,NS
BRD:BRD-K89272762-001-12-7,-0.0033745352240014985,0.9367782836645229,555,NS
BRD:BRD-A15397381-001-02-5,-0.003374219409518592,0.9397067349204171,505,NS
BRD:BRD-K51677086-001-12-0,-0.003373062031489829,0.9381324646615166,532,NS
BRD:BRD-K98357249-001-02-9,-0.003372046627227507,0.9372829043145343,547,NS
BRD:BRD-K54640016-001-04-7,-0.0033679089547703988,0.9371877337352065,550,NS
BRD:BRD-K51350053-048-16-5,-0.0033635848663249126,0.9369830113203547,555,NS
BRD:BRD-K27182532-001-02-3,-0.003326030755062258,0.9376851536674462,555,NS
BRD:BRD-K17511755-001-02-9,-0.003318518254055031,0.921869407083058,876,NS
BRD:BRD-A29426959-050-13-2,-0.0033175646861642516,0.9381247721903969,550,NS
BRD:BRD-K50490982-001-09-9,-0.0033119993684017123,0.9219334631869247,878,NS
BRD:BRD-K20976221-001-12-0,-0.003295597203596141,0.9224073487348549,876,NS
BRD:BRD-K77432251-001-01-2,-0.003291089444095286,0.9394626359786241,535,NS
BRD:BRD-K52598503-003-01-1,-0.0032624710648064543,0.9437634377122045,470,NS
BRD:BRD-K00005340-001-01-9,-0.0032529776218489462,0.923320331619178,878,NS
BRD:BRD-K00003320-001-01-9,-0.003244573804526624,0.9235178200467506,878,NS
BRD:BRD-K45662124-050-01-5,-0.0032357952555082505,0.939536974076353,552,NS
BRD:BRD-K33860217-003-04-0,-0.0032355990333528956,0.9238156326270139,876,NS
BRD:BRD-K15409150-001-05-8,-0.0032296054793389496,0.9407587610606041,532,NS
BRD:BRD-K93460210-001-23-7,-0.0032069904230942483,0.9400197969063664,553,NS
BRD:BRD-K02715688-001-02-1,-0.003150303426998557,0.9412385479241518,550,NS
BRD:BRD-K14880289-001-02-2,-0.0031456353731804426,0.9414861461517541,547,NS
BRD:BRD-K00004611-001-01-9,-0.003133007286596986,0.926350665592943,873,NS
BRD:BRD-K00003432-001-01-9,-0.0031194983581150928,0.9266673313587366,873,NS
BRD:BRD-K97118047-001-03-8,-0.003119431052533122,0.9417073837827268,552,NS
BRD:BRD-K04623885-001-07-5,-0.0031063378068235063,0.9423218953569396,545,NS
BRD:BRD-K00003328-001-01-9,-0.003099953682378557,0.926917098068772,878,NS
BRD:BRD-K00003525-003-01-9,-0.0030850253824093684,0.9272680628111092,878,NS
BRD:BRD-A16997652-001-02-3,-0.003048941007538591,0.9431778495454554,549,NS
BRD:BRD-K00004696-001-01-9,-0.003035754900682082,0.9284265130791158,878,NS
BRD:BRD-A86619021-001-04-8,-0.0030313668955780164,0.9434532467766457,550,NS
BRD:BRD-K85606544-001-09-1,-0.0030177679706628164,0.944638092125337,532,NS
BRD:BRD-K24556098-001-16-7,-0.0029987740245400107,0.9455071388639175,522,NS
BRD:BRD-K54847683-001-04-0,-0.002990590449573972,0.9456556186192747,522,NS
BRD:BRD-K74603273-003-01-1,-0.0029682338708242654,0.9448820261654288,545,NS
BRD:BRD-K20417253-001-01-9,-0.0029646420808734386,0.9446455093984056,551,NS
BRD:BRD-A04649065-001-01-7,-0.0029498221628773643,0.9491450297706306,470,NS
BRD:BRD-K90777969-300-01-2,-0.002936644364597943,0.9451175625541614,552,NS
BRD:BRD-A14344385-001-03-2,-0.002907814270760925,0.9457543626942609,550,NS
BRD:BRD-K19061412-001-02-4,-0.002902433906317064,0.9460029000861669,547,NS
BRD:BRD-A18763547-300-05-5,-0.002899591854398317,0.9459075179890962,550,NS
BRD:BRD-A00055058-001-01-0,-0.0028916637018624194,0.9467981838742863,535,NS
BRD:BRD-K98557884-001-01-6,-0.002887902188103899,0.9468672873223573,535,NS
BRD:BRD-A97701745-001-16-0,-0.002861553083613702,0.9463732328363219,555,NS
BRD:BRD-K28936863-051-33-0,-0.0028609349523693183,0.9467737983701644,547,NS
BRD:BRD-K50031829-001-01-6,-0.0028446479204992346,0.9472221482505364,544,NS
BRD:BRD-K98963219-001-01-2,-0.0028275744858565544,0.9473935494915812,547,NS
BRD:BRD-K54256913-001-08-7,-0.0027989754436453435,0.9477818149119401,550,NS
BRD:BRD-K59256312-066-15-7,-0.002780313249703148,0.9488919803963947,534,NS
BRD:BRD-K91495480-001-02-2,-0.002775494503411808,0.9479836926685439,555,NS
BRD:BRD-A51571244-001-01-9,-0.0027543472046923983,0.9491313746485127,539,NS
BRD:BRD-K61688984-001-02-9,-0.0027520928530949834,0.9486084456812419,551,NS
BRD:BRD-K00003438-001-01-9,-0.002736288473662784,0.9356548796823964,873,NS
BRD:BRD-K26818574-305-04-3,-0.0027170434959545063,0.9492158901032404,552,NS
BRD:BRD-K15891719-001-05-1,-0.0027022248904613726,0.95088878101388,522,NS
BRD:BRD-K00003102-001-01-9,-0.0026656678061965193,0.9371326931171378,878,NS
BRD:BRD-K59391348-001-01-7,-0.0026349403878434146,0.9515153827660019,535,NS
BRD:BRD-K65820248-001-01-8,-0.0026345753544890086,0.9510695831144427,545,NS
BRD:BRD-K11821338-300-02-9,-0.00258359868525283,0.9391339019547276,876,NS
BRD:BRD-K72536715-001-01-5,-0.00256517658977685,0.9394980566067238,878,NS
BRD:BRD-K31519811-001-02-2,-0.002560470794634581,0.9523567579276806,547,NS
BRD:BRD-K45245728-335-01-4,-0.002537465233093944,0.952871018967865,545,NS
BRD:BRD-K36154108-001-01-7,-0.0025286881313497577,0.9404250918576832,876,NS
BRD:BRD-K32847255-001-01-1,-0.0025284107409056593,0.9564023550995522,470,NS
BRD:BRD-K50387473-001-11-0,-0.0024635487909101255,0.9419570082306412,876,NS
BRD:BRD-A56675431-001-12-3,-0.002457673038137767,0.9541417308305169,550,NS
BRD:BRD-A56359832-001-16-9,-0.002435142173446273,0.9427235699885601,873,NS
BRD:BRD-A49447682-001-02-4,-0.002417714979673862,0.9548865177394359,550,NS
BRD:BRD-K47816470-001-01-8,-0.0024134068010093763,0.9583835435658133,470,NS
BRD:BRD-K00005327-001-01-9,-0.002397171161620043,0.9434537504277052,878,NS
BRD:BRD-K23541596-300-07-2,-0.0023754851748286404,0.9557951748945605,547,NS
BRD:BRD-K37952347-001-01-4,-0.002339019588075174,0.956553010703432,545,NS
BRD:BRD-K77685957-300-09-1,-0.0023212168724648804,0.957122236210309,539,NS
BRD:BRD-A38218502-001-01-2,-0.0022969416969921635,0.9570207166669509,553,NS
BRD:BRD-K18172896-001-02-5,-0.002285723559116198,0.9573470101179623,550,NS
BRD:BRD-A67976398-001-02-9,-0.002272727292874514,0.9463846889897596,878,NS
BRD:BRD-K49075727-001-08-5,-0.002258143906821727,0.9580538604841191,545,NS
BRD:BRD-K15360631-325-01-4,-0.0022453784744311148,0.9587154108487455,534,NS
BRD:BRD-K58810291-001-16-2,-0.0022382574160594694,0.9588075638295438,535,NS
BRD:BRD-K26581543-001-01-6,-0.0022346447400413945,0.9584899741147804,545,NS
BRD:BRD-A59961917-001-01-0,-0.002200695501894396,0.9595362632548508,534,NS
BRD:BRD-A57798112-001-03-7,-0.0021936901970224395,0.9590628733710708,550,NS
BRD:BRD-A81603255-001-01-0,-0.002175351905424945,0.9625254624780808,469,NS
BRD:BRD-K00003428-001-01-9,-0.00217147458268954,0.9489162557536602,873,NS
BRD:BRD-K36467523-001-02-8,-0.002169188070429301,0.9597048287321268,545,NS
BRD:BRD-K20480395-001-02-9,-0.002166899475159446,0.9488777485066824,878,NS
BRD:BRD-K97010173-001-06-9,-0.002161320341387396,0.9491548095514504,873,NS
BRD:BRD-K51143828-003-03-1,-0.00214894603559582,0.9606731285550443,529,NS
BRD:BRD-K92467929-001-01-1,-0.0021185432374170913,0.9602840778973036,555,NS
BRD:BRD-K13167095-001-02-9,-0.0021182624590151272,0.9602893372591527,555,NS
BRD:BRD-K35498911-001-02-9,-0.0021030281426511104,0.9505243567399233,873,NS
BRD:BRD-K45252063-001-13-6,-0.0020949099470416255,0.9610835195621523,545,NS
BRD:BRD-K00004538-001-01-9,-0.002073176881692837,0.9511418865463549,876,NS
BRD:BRD-K37714784-305-02-1,-0.0020707245165778594,0.9612500833847717,553,NS
BRD:BRD-K15426076-001-01-2,-0.0020290335340051404,0.9627603967335635,532,NS
BRD:BRD-K50785021-001-02-1,-0.0020073549902394406,0.9623669176491924,555,NS
BRD:BRD-K00259736-001-16-4,-0.001988797042107067,0.9629853093371996,547,NS
BRD:BRD-K27141178-003-07-3,-0.001957102530497026,0.9636416944007281,545,NS
BRD:BRD-K59325863-001-02-8,-0.0019469720816209753,0.9635642324409851,553,NS
BRD:BRD-K81981783-236-02-9,-0.001920958057554295,0.9646429489393533,535,NS
BRD:BRD-K00104123-001-01-9,-0.0019168254726984922,0.9553160150357115,857,NS
BRD:BRD-K91315211-300-05-7,-0.0019134812530919275,0.9642230759683758,552,NS
BRD:BRD-K50677762-001-01-5,-0.0018791107610013648,0.9650254038156335,547,NS
BRD:BRD-K67637637-003-12-6,-0.0018722920282855692,0.9651522355467353,547,NS
BRD:BRD-K51579475-003-02-4,-0.0018432530885119651,0.965472698492701,554,NS
BRD:BRD-K01825677-050-02-9,-0.001820509788082928,0.9570903054871494,876,NS
BRD:BRD-K88172511-003-21-1,-0.0017958406474070986,0.9664824265643954,550,NS
BRD:BRD-K00003253-001-01-9,-0.0017898446587167676,0.9577641842690439,878,NS
BRD:BRD-K21283037-001-21-5,-0.0017846016591663047,0.966783396118508,547,NS
BRD:BRD-A79643124-001-01-9,-0.0017720609019434045,0.9694691446426278,469,NS
BRD:BRD-K02965577-001-03-4,-0.0017493912076042926,0.9673488698282783,550,NS
BRD:BRD-K43905307-001-01-2,-0.0017407608755949538,0.9684120609742823,520,NS
BRD:BRD-K67789209-001-01-0,-0.0017329598431863643,0.9675669354888734,553,NS
BRD:BRD-K40797222-001-01-8,-0.0017301924435514336,0.9676187001345781,553,NS
BRD:BRD-K37355418-236-01-6,-0.001724015053807937,0.9681469527065955,539,NS
BRD:BRD-K51805276-001-10-9,-0.0017143875985399662,0.9595432227176424,878,NS
BRD:BRD-K07736136-001-04-6,-0.0017101562510216284,0.968907253599944,522,NS
BRD:BRD-K89462779-001-02-9,-0.0016611870658511604,0.9608424108657992,876,NS
BRD:BRD-K55567017-001-12-3,-0.001645734134825262,0.969366802500027,547,NS
BRD:BRD-K13050303-001-18-1,-0.0016360559335512294,0.9695468620929348,547,NS
BRD:BRD-K98251413-001-04-0,-0.0016308311532060328,0.969421989290042,555,NS
BRD:BRD-K21025364-001-04-9,-0.0016063148936672144,0.9705147222034808,532,NS
BRD:BRD-K34713073-001-01-3,-0.0015878487597650183,0.9702814397161853,553,NS
BRD:BRD-K24507548-001-01-8,-0.0015871701117006678,0.9702402479465674,555,NS
BRD:BRD-K42090719-001-06-5,-0.0015841966899464066,0.9711963218512517,522,NS
BRD:BRD-K13094524-001-07-5,-0.0015383011767348053,0.9720304426937116,522,NS
BRD:BRD-A40777960-001-04-2,-0.0015374115436594983,0.9713034989470398,550,NS
BRD:BRD-K00003456-001-01-9,-0.0015306211156419828,0.9639799059593452,873,NS
BRD:BRD-K20655524-003-12-0,-0.001529406242097437,0.9719258503044202,532,NS
BRD:BRD-K82731415-001-07-0,-0.001517808958445764,0.9717988426227644,545,NS
BRD:BRD-K97963946-001-01-3,-0.001506095348133631,0.9717597654586762,555,NS
BRD:BRD-K69001009-001-02-8,-0.0014957953347843787,0.9721565312816814,547,NS
BRD:BRD-K72004355-001-01-9,-0.0014764030321259625,0.972316289948379,555,NS
BRD:BRD-K46647427-001-02-0,-0.0014349575480093108,0.9752750306025652,469,NS
BRD:BRD-K83837640-001-04-8,-0.0014308994096204994,0.9737333915355652,532,NS
BRD:BRD-K17205817-001-06-1,-0.001429793817399978,0.9731899156841209,555,NS
BRD:BRD-K32853922-003-01-8,-0.0014170438432108807,0.9755835951975412,469,NS
BRD:BRD-K36386086-001-01-1,-0.0013839304246751633,0.9742854287463858,545,NS
BRD:BRD-A19232309-001-08-6,-0.0013635704355936778,0.967853641407279,876,NS
BRD:BRD-K00074616-003-02-9,-0.0013560864907645445,0.9683609210839522,858,NS
BRD:BRD-A65797496-048-09-3,-0.0013478767186270496,0.9747254163258584,555,NS
BRD:BRD-K09295674-001-09-8,-0.0013477189556449322,0.9748429465902227,550,NS
BRD:BRD-K46843573-001-01-9,-0.0013387070736833526,0.975355691034162,535,NS
BRD:BRD-K60265345-001-02-9,-0.0013334500057395058,0.9685274135311882,878,NS
BRD:BRD-K19318328-001-01-3,-0.001278335758761362,0.9772302162506757,501,NS
BRD:BRD-K00003284-236-01-9,-0.001243241941317615,0.970655544702629,878,NS
BRD:BRD-K00003212-001-01-9,-0.0012365933516638792,0.9708124024317718,878,NS
BRD:BRD-K00003518-004-01-9,-0.0012359497224014393,0.9709109717746608,873,NS
BRD:BRD-K21548250-003-19-1,-0.001232724227426585,0.9770519755643041,547,NS
BRD:BRD-K71059170-001-11-6,-0.0012270052903101112,0.9771584085064472,547,NS
BRD:BRD-A05515753-001-03-2,-0.0012166651790584432,0.9772885535751806,550,NS
BRD:BRD-K85146014-314-05-4,-0.001213847229180126,0.9779705150963145,520,NS
BRD:BRD-K73991644-001-07-9,-0.0011757096407865896,0.9723281863281298,873,NS
BRD:BRD-K48888725-001-01-9,-0.0011585393422886782,0.9785916187080623,539,NS
BRD:BRD-K00003249-001-01-9,-0.0011464562055316283,0.9729390836766388,878,NS
BRD:BRD-K79315489-001-07-8,-0.0011290380616806172,0.9794697740888832,522,NS
BRD:BRD-K05878375-236-05-7,-0.0011119116109784936,0.9797811314132643,522,NS
BRD:BRD-K00003415-001-01-9,-0.0010970187796831199,0.9741796065859668,873,NS
BRD:BRD-K60600693-314-03-2,-0.001093034205294245,0.9742290812373681,876,NS
BRD:BRD-A03623303-045-09-5,-0.001090155369409185,0.979649567387875,550,NS
BRD:BRD-A92537424-001-04-7,-0.001071029214290778,0.9799154613126296,555,NS
BRD:BRD-K00004598-001-01-9,-0.0010662653495213668,0.9748312556890032,878,NS
BRD:BRD-K01826017-001-02-9,-0.0010611592326672974,0.9749517437958012,878,NS
BRD:BRD-K44665581-001-01-8,-0.0010507664827873143,0.980366805662186,551,NS
BRD:BRD-K00071596-019-01-9,-0.0010415468472991058,0.9756968895505017,858,NS
BRD:BRD-K00090651-001-01-9,-0.0010221113522963792,0.9761502548425486,858,NS
BRD:BRD-K05977355-001-19-0,-0.00100037648106799,0.9813593265376279,548,NS
BRD:BRD-K67578145-001-12-1,-0.0009939219429604942,0.9814965569480175,547,NS
BRD:BRD-K00003388-001-01-9,-0.0009751318121522352,0.9770476053663847,873,NS
BRD:BRD-K33459542-001-07-4,-0.0009728791871601355,0.9818882335938429,547,NS
BRD:BRD-K37753391-046-03-2,-0.0009327782030915327,0.9827626811263356,539,NS
BRD:BRD-K81144366-003-19-7,-0.0009118936591920387,0.9829301397538336,553,NS
BRD:BRD-K00003406-001-01-9,-0.0008839344268573094,0.9791340196598547,878,NS
BRD:BRD-K13223831-003-02-9,-0.000881907052819722,0.9792056533548011,876,NS
BRD:BRD-K16761703-001-03-8,-0.0008808136325228212,0.9835118469059816,553,NS
BRD:BRD-K18922609-004-23-1,-0.0008752906576469739,0.9837047406427043,547,NS
BRD:BRD-K92980438-001-03-3,-0.0008627765916515472,0.9843107066854642,522,NS
BRD:BRD-K25243230-001-01-2,-0.0008475160687165871,0.984396562066845,535,NS
BRD:BRD-K00004556-001-01-9,-0.0008340434100956741,0.980311491287413,878,NS
BRD:BRD-K00004739-001-01-9,-0.0008008323664259156,0.9811493745753992,873,NS
BRD:BRD-A46335897-003-27-8,-0.0007982245655059784,0.9853039519393001,535,NS
BRD:BRD-K79856806-001-01-0,-0.0007961129587042577,0.9862810974341718,469,NS
BRD:BRD-K56032964-001-02-1,-0.0007914053366250725,0.9851852987167554,553,NS
BRD:BRD-K25837718-001-03-8,-0.0007902406202990377,0.9853963913395205,539,NS
BRD:BRD-K00005263-001-02-9,-0.0007739905656535533,0.9819387109509071,858,NS
BRD:BRD-K26041695-001-02-5,-0.0007695913697819066,0.9867380842400402,469,NS
BRD:BRD-K00004560-001-01-9,-0.0007659441224690071,0.9819187626472998,878,NS
BRD:BRD-K74141488-003-11-2,-0.0007498187224442321,0.985938224853506,555,NS
BRD:BRD-K18347943-001-02-9,-0.0007485691415072436,0.9823288568915004,878,NS
BRD:BRD-A21607826-003-05-1,-0.0007363498135993097,0.9862911202850063,547,NS
BRD:BRD-A71765060-001-01-4,-0.0007092020732209998,0.9869427827972502,535,NS
BRD:BRD-K00004666-001-01-9,-0.0006730476424016011,0.9841568403097187,873,NS
BRD:BRD-K00003363-001-01-9,-0.0006599715767816112,0.9844646042588686,873,NS
BRD:BRD-K00073947-001-02-9,-0.0006592014544057773,0.984616987188472,858,NS
BRD:BRD-K71480163-001-01-4,-0.0006533901497035477,0.9877686489488973,553,NS
BRD:BRD-K36137799-001-06-9,-0.0006473283740235246,0.9847621823552164,873,NS
BRD:BRD-K54847683-001-03-2,-0.0006458423000257278,0.9881539590426043,531,NS
BRD:BRD-K00003158-001-01-9,-0.0006046553102209093,0.9857665768786509,873,NS
BRD:BRD-K00079018-003-02-9,-0.0005572933457111282,0.9869948679818055,858,NS
BRD:BRD-K68810443-001-01-9,-0.000556659469308408,0.9895982646399623,551,NS
BRD:BRD-K00005329-074-01-9,-0.000547781733964415,0.9870682667953858,878,NS
BRD:BRD-K03194791-001-04-8,-0.0005320811109519258,0.9900938292498688,547,NS
BRD:BRD-K82255054-001-15-9,-0.000528898230310682,0.9901169838257963,551,NS
BRD:BRD-K61314889-001-05-1,-0.0005256289767692374,0.990213947641136,547,NS
BRD:BRD-K81136890-003-01-6,-0.0005233148691577914,0.9902928800990679,543,NS
BRD:BRD-A26845397-051-01-9,-0.0005210348095201472,0.9902550420294857,552,NS
BRD:BRD-K25570267-001-01-4,-0.0005107038575890891,0.9905971593303956,535,NS
BRD:BRD-A43082555-001-02-9,-0.0005096816247927491,0.99048473421086,550,NS
BRD:BRD-K00003347-003-01-9,-0.0004945930167345267,0.9883238228042386,878,NS
BRD:BRD-K33457401-001-02-9,-0.0004944627544087096,0.9883402375101807,876,NS
BRD:BRD-K00003461-001-01-9,-0.0004841751469912099,0.9886024309266443,873,NS
BRD:BRD-K12539581-001-23-7,-0.0004667238986642669,0.9912469855884485,555,NS
BRD:BRD-K00091101-001-01-9,-0.000464162557340291,0.989168043876718,858,NS
BRD:BRD-K67831364-003-03-3,-0.00045914288181124534,0.9913891556369695,555,NS
BRD:BRD-K08832567-001-11-5,-0.00045794519369942013,0.9915922724307537,532,NS
BRD:BRD-K00005337-001-01-9,-0.0004502868152820297,0.9893697231308078,878,NS
BRD:BRD-K00003476-075-01-9,-0.0004410674376288491,0.9895873598042475,878,NS
BRD:BRD-K59527975-236-01-8,-0.00043871625306838143,0.9917722262788559,555,NS
BRD:BRD-K22025381-003-01-9,-0.0004270016890289032,0.9920136863860484,552,NS
BRD:BRD-K16755045-003-01-7,-0.00038979978623137013,0.9932753843835265,470,NS
BRD:BRD-A29014990-001-02-3,-0.0003887506586776197,0.993300659348995,469,NS
BRD:BRD-A29260609-003-26-0,-0.0003573093835857191,0.9933232081918062,551,NS
BRD:BRD-K00091279-001-01-9,-0.00035323014744691736,0.9917567180323084,858,NS
BRD:BRD-K32127727-001-04-2,-0.0003352451534363496,0.994216513709369,470,NS
BRD:BRD-A04203391-001-08-3,-0.00029481732206195236,0.994470882464029,555,NS
BRD:BRD-A64004759-003-01-9,-0.00028091946161174495,0.9951588874281638,469,NS
BRD:BRD-K97452254-001-01-3,-0.0002759516648265074,0.9952394027293716,470,NS
BRD:BRD-K00004656-001-01-9,-0.00022306866150073699,0.9947487835905747,873,NS
BRD:BRD-K31841515-001-07-8,-0.00017951004176925098,0.9966701436815615,543,NS
BRD:BRD-K21070437-001-01-4,-0.00017227474614614,0.9970279807992802,470,NS
BRD:BRD-K24201553-003-11-5,-0.0001441175291292205,0.9973044959821157,552,NS
BRD:BRD-A00218260-001-03-4,-0.0001306557171994394,0.99756742162106,547,NS
BRD:BRD-K37289225-001-36-4,-0.00010353133029712953,0.998086641287634,539,NS
BRD:BRD-K49807096-003-15-5,-4.833267110655131e-05,0.9991017841164918,545,NS
BRD:BRD-K31339597-051-03-9,-3.166818030690823e-05,0.9992532167000591,876,NS
BRD:BRD-K27885593-001-06-8,-2.7114245009333258e-05,0.999500773706281,535,NS
BRD:BRD-K39084158-001-08-9,-2.5397612477271683e-05,0.999400400829116,878,NS
BRD:BRD-K07788774-001-02-9,-1.1246309804595367e-06,0.9999734795069082,876,NS
BRD:BRD-A18611368-001-01-5,1.6480895954877687e-05,0.9996923102558223,550,NS
BRD:BRD-A18696154-003-22-6,2.601506688778786e-05,0.9995250767568771,526,NS
BRD:BRD-A97730597-003-11-5,2.8008127929397222e-05,0.9994785374240223,547,NS
BRD:BRD-A32597168-001-03-6,2.905890655485907e-05,0.9994599682918849,545,NS
BRD:BRD-K06890060-001-09-1,5.0949368192937595e-05,0.9991219793589071,469,NS
BRD:BRD-K49738308-065-04-9,6.432964857324645e-05,0.9988301128741939,522,NS
BRD:BRD-A36057565-001-01-0,7.968960343488137e-05,0.9985190464336413,545,NS
BRD:BRD-K86307448-001-19-1,8.719303842681993e-05,0.9984143239568499,522,NS
BRD:BRD-K70330032-001-01-1,9.411620883297468e-05,0.9982671377232627,535,NS
BRD:BRD-K00021095-001-01-9,0.00012071463061323032,0.9971582656414963,873,NS
BRD:BRD-K09443272-001-03-3,0.00015573552936450432,0.997089851098328,551,NS
BRD:BRD-K62012036-001-14-4,0.00015831421055435664,0.9971209321629972,522,NS
BRD:BRD-K22631935-001-02-7,0.0001937042979201021,0.9954321856930349,876,NS
BRD:BRD-K00003403-001-01-9,0.00020056578788770396,0.9952649727663836,878,NS
BRD:BRD-K96123349-236-02-8,0.00021535703430620708,0.9959610962497195,555,NS
BRD:BRD-K02867583-300-08-9,0.00021827276661208256,0.9959361583626283,547,NS
BRD:BRD-K70446295-001-01-7,0.00022636705154459254,0.9960948072080791,470,NS
BRD:BRD-K52681925-050-01-6,0.00022928590581231299,0.995782383042701,534,NS
BRD:BRD-K00074735-014-02-9,0.0002308606231922128,0.9946123834953297,858,NS
BRD:BRD-K60241851-001-11-9,0.00023705373165674304,0.995635398478475,535,NS
BRD:BRD-K14767410-001-02-3,0.0002380079589975641,0.9955484297338155,552,NS
BRD:BRD-A18627414-001-04-9,0.00023845105786772665,0.9955279847343623,555,NS
BRD:BRD-A94993966-001-05-1,0.0002432385539802698,0.9955341586326584,532,NS
BRD:BRD-K00003111-001-01-9,0.0002510064213940481,0.9940741723191145,878,NS
BRD:BRD-K00004737-001-01-9,0.0002601726103299988,0.9938577786366405,878,NS
BRD:BRD-K00003395-001-01-9,0.0002701244617801211,0.9936410734303235,873,NS
BRD:BRD-A16439188-001-01-1,0.00028076870655581297,0.9947534472007191,551,NS
BRD:BRD-A64406146-001-01-2,0.0003012883393511492,0.9944060554109146,544,NS
BRD:BRD-K04851519-001-06-8,0.0003082457439522384,0.9942295175322016,553,NS
BRD:BRD-K24864897-001-01-0,0.0003142431285763768,0.9942142194419369,535,NS
BRD:BRD-K02943813-001-01-9,0.00033401467225796554,0.9938675442774835,532,NS
BRD:BRD-A06627858-236-03-0,0.0003745973903000652,0.9930001673152266,551,NS
BRD:BRD-K49027941-001-01-1,0.00039815149771976543,0.9926008442173061,545,NS
BRD:BRD-K88767641-001-01-7,0.0004150602369311855,0.9902124992597204,876,NS
BRD:BRD-K21164796-001-02-8,0.00042725048958774193,0.9920163073530238,551,NS
BRD:BRD-K84036904-001-08-8,0.00046423348969737053,0.9914527157487563,535,NS
BRD:BRD-K28308851-303-01-8,0.00047437511011777945,0.9911034994316354,555,NS
BRD:BRD-K28210218-236-08-1,0.0005335554828280424,0.9900390548157362,550,NS
BRD:BRD-K10670311-001-15-5,0.0005354914299454236,0.990168614936675,532,NS
BRD:BRD-K34332569-001-01-3,0.0005768794516976371,0.9892598317425649,547,NS
BRD:BRD-K36756879-003-08-7,0.0005823461369710024,0.9891381686183988,549,NS
BRD:BRD-K41438959-001-01-7,0.0006575830173991356,0.987667826258752,555,NS
BRD:BRD-K28307902-001-21-7,0.0006668427317221668,0.987585048143197,547,NS
BRD:BRD-K15119094-001-01-1,0.000669786443047796,0.9884578353847251,469,NS
BRD:BRD-K21452876-003-01-8,0.000696083070269881,0.9872204460928307,532,NS
BRD:BRD-K22514639-001-05-7,0.0007124933977597051,0.9868821911992228,535,NS
BRD:BRD-K74319597-001-02-9,0.0007239782245746253,0.982909273728459,878,NS
BRD:BRD-K00003463-001-01-9,0.000724510111746924,0.9828967195545714,878,NS
BRD:BRD-K90789829-001-07-8,0.0007679664756217075,0.9856632349533789,550,NS
BRD:BRD-K28132190-001-02-0,0.0007957639904289637,0.9862871103896578,469,NS
BRD:BRD-K41278234-001-03-0,0.0008256532162642464,0.9846287219234194,547,NS
BRD:BRD-K56634222-001-03-0,0.0008609047351505277,0.985164705856238,469,NS
BRD:BRD-K93188295-300-02-2,0.0008689858934623294,0.9837480014793293,552,NS
BRD:BRD-K00003413-001-01-9,0.0009470137620811122,0.9777092661223692,873,NS
BRD:BRD-K93258693-001-17-3,0.0009487213620261114,0.9822408683626654,553,NS
BRD:BRD-K06426971-001-02-7,0.0009725041785327431,0.9818288464136034,551,NS
BRD:BRD-A89164055-001-03-3,0.0009976214900068762,0.981342634482738,552,NS
BRD:BRD-K50422030-001-05-3,0.0010329255202433834,0.9808059220527497,545,NS
BRD:BRD-K08288352-001-03-6,0.0010408308868213275,0.9807662821621352,539,NS
BRD:BRD-K46914825-300-01-0,0.0010435164687718232,0.9805912968909622,546,NS
BRD:BRD-K17702546-001-03-2,0.0010473736339253312,0.9803589736029991,555,NS
BRD:BRD-A10188456-001-04-9,0.0010659973261906365,0.9803748762172944,535,NS
BRD:BRD-K14127446-005-22-7,0.0010952763480209851,0.9795539925415017,550,NS
BRD:BRD-K53972329-001-07-0,0.0011031683058264675,0.9794631873405554,547,NS
BRD:BRD-K18324993-001-01-6,0.0011251253490116694,0.9789394640038083,553,NS
BRD:BRD-K02460719-001-02-9,0.0011259962789705311,0.973421839164371,878,NS
BRD:BRD-K00004638-001-01-9,0.0011287266331216656,0.9733574154224753,878,NS
BRD:BRD-K84996356-001-01-1,0.0011448220157726265,0.9788450384265517,539,NS
BRD:BRD-K00003115-001-01-9,0.001149966660868801,0.9728562548687308,878,NS
BRD:BRD-K98795921-001-01-7,0.0011631438258428207,0.9783469368078122,547,NS
BRD:BRD-K15957397-001-05-9,0.0011868427100928934,0.9720181890200403,876,NS
BRD:BRD-K82746043-001-15-1,0.0012135402193994432,0.9772849096305466,553,NS
BRD:BRD-K00091104-001-01-9,0.0012220518698024358,0.9714867029462562,858,NS
BRD:BRD-K09143580-001-01-0,0.0012604734103622642,0.9782806798890915,469,NS
BRD:BRD-K86872788-065-01-5,0.0013149048729986846,0.9689649007120192,878,NS
BRD:BRD-K87718015-001-04-9,0.0013156575855690208,0.9689826148212894,876,NS
BRD:BRD-K90374350-001-09-2,0.001317782942849326,0.9756498490605622,539,NS
BRD:BRD-A10039652-001-01-2,0.0013509949826282354,0.9754822331545571,520,NS
BRD:BRD-K20850787-001-01-6,0.0013547926447178664,0.9766309037991153,470,NS
BRD:BRD-K10596918-001-02-9,0.0013692471443521878,0.9677198849893456,876,NS
BRD:BRD-K38380126-001-01-4,0.0013770358562985566,0.9742490035563416,552,NS
BRD:BRD-K50495309-001-02-0,0.0014427448881441072,0.9730206808374247,552,NS
BRD:BRD-K03128577-005-08-9,0.001448774620827541,0.9658461303115501,876,NS
BRD:BRD-K13756951-001-01-4,0.0014646103392434845,0.9725373246961638,555,NS
BRD:BRD-K21908111-001-01-8,0.001498896014382016,0.9720221115136679,550,NS
BRD:BRD-K43383936-001-05-2,0.0015233129412630206,0.9718535064856276,539,NS
BRD:BRD-A41304429-001-14-8,0.0015905010281572834,0.970258859309026,552,NS
BRD:BRD-A94523291-304-02-7,0.0015988632870010987,0.9701569969045787,550,NS
BRD:BRD-K00003530-003-01-9,0.001604027442639719,0.9622536930942072,873,NS
BRD:BRD-A30703952-201-01-2,0.001610214886901026,0.9702485278046292,539,NS
BRD:BRD-A53472930-001-01-7,0.0016157764600804856,0.9721308183382099,470,NS
BRD:BRD-K83794243-001-01-8,0.0016160380599796627,0.9703363269787294,532,NS
BRD:BRD-K60635008-001-01-5,0.0016215392525332193,0.9720613778651308,469,NS
BRD:BRD-K36163066-304-02-4,0.0016282592997878208,0.9719156005525308,470,NS
BRD:BRD-K91758890-001-10-0,0.0016368739310633333,0.969447864893056,550,NS
BRD:BRD-A16665823-001-02-0,0.0016738510253428527,0.968672604509883,553,NS
BRD:BRD-K00003144-001-01-9,0.0016926688723377615,0.960055319151729,878,NS
BRD:BRD-K00004563-001-01-9,0.0016951090031651654,0.9601120783527901,873,NS
BRD:BRD-K96436774-001-01-8,0.0016989026860795033,0.9682906995531988,550,NS
BRD:BRD-A16035238-001-01-7,0.0017029251743335483,0.9706283224565702,470,NS
BRD:BRD-K42504537-001-01-6,0.001710078192467255,0.9685222598958654,535,NS
BRD:BRD-K83452553-001-07-9,0.0017316282380558164,0.9591833851070283,876,NS
BRD:BRD-K89917372-001-01-2,0.001742358485828856,0.967450389335265,551,NS
BRD:BRD-K57169635-001-04-5,0.0017454589358077395,0.9672738864248953,555,NS
BRD:BRD-K13330768-001-02-9,0.00176501014176152,0.9583972379376811,876,NS
BRD:BRD-K61845293-300-03-9,0.0017714768217000462,0.9581972206816609,878,NS
BRD:BRD-K64034691-001-01-9,0.0017941356159738868,0.9670068647744662,534,NS
BRD:BRD-K00003407-001-01-9,0.0018178977683250147,0.9572253848169766,873,NS
BRD:BRD-K81458380-001-04-9,0.0018284334552474935,0.9664397995952243,532,NS
BRD:BRD-K00078070-001-02-9,0.0018333865307972941,0.9572342193824944,858,NS
BRD:BRD-K12184916-001-15-4,0.001839327331718686,0.9655774202222636,553,NS
BRD:BRD-K47150025-001-05-3,0.0018405629721024654,0.9656168995408259,551,NS
BRD:BRD-K16605796-001-01-9,0.0018539370629787832,0.9562532529855675,878,NS
BRD:BRD-A52922642-001-03-7,0.0018647195620418483,0.9650392165226251,555,NS
BRD:BRD-K67186445-001-02-1,0.0018649821632587362,0.9657048221540029,534,NS
BRD:BRD-K71058253-001-01-9,0.001881335038997628,0.9647917592240489,553,NS
BRD:BRD-K58938839-001-06-9,0.0019073921650234833,0.9551217734192776,873,NS
BRD:BRD-K09619578-001-01-3,0.0019293199122338515,0.9639271363567954,552,NS
BRD:BRD-K00005341-001-01-9,0.001939216306270704,0.9542431017602201,878,NS
BRD:BRD-K34411045-001-01-9,0.0019857458091818206,0.9657896937564844,469,NS
BRD:BRD-K98763141-001-30-8,0.0020309593481784463,0.96213187747343,549,NS
BRD:BRD-K44353683-001-08-3,0.002033536181172931,0.9624321094794623,539,NS
BRD:BRD-K14496212-066-04-8,0.0020357585413347495,0.9623910835408214,539,NS
BRD:BRD-K87595680-001-05-9,0.00205332105734257,0.9516923162280203,873,NS
BRD:BRD-K61693562-300-01-7,0.0020542697511546997,0.9616625756736342,550,NS
BRD:BRD-K61918008-001-07-1,0.002065274271393695,0.9643823816929065,470,NS
BRD:BRD-K00078614-001-02-9,0.0020799684366041276,0.9514890824412437,858,NS
BRD:BRD-K29254801-001-14-7,0.00211442321822852,0.9605408730219335,550,NS
BRD:BRD-K00003419-001-01-9,0.002115200042011995,0.9500958512164627,878,NS
BRD:BRD-A23127772-001-02-3,0.002124274365158659,0.9606476393703886,542,NS
BRD:BRD-K38905597-003-02-9,0.0021278018150294436,0.9498562240078207,876,NS
BRD:BRD-K21728777-001-02-3,0.002147156087028256,0.9598939788040791,551,NS
BRD:BRD-K00077386-001-02-9,0.0021763289748776655,0.9492446357222059,858,NS
BRD:BRD-K19761926-001-02-8,0.0021782551640169164,0.9594620865275857,547,NS
BRD:BRD-K31843556-001-04-1,0.002186320331745277,0.9593121211656337,547,NS
BRD:BRD-K00003160-003-01-9,0.0022180670211345986,0.9476722951356579,878,NS
BRD:BRD-K14762862-001-01-9,0.0022195532675235554,0.9583921360977962,555,NS
BRD:BRD-K97101532-001-02-8,0.002227134284376577,0.958250151151953,555,NS
BRD:BRD-A83802939-304-04-2,0.002236966072615116,0.9582560170765532,550,NS
BRD:BRD-A10111329-001-04-6,0.0022425198099828426,0.9581524735891239,550,NS
BRD:BRD-A64553394-001-04-4,0.0022806892046332477,0.9575185962359152,548,NS
BRD:BRD-A26711594-003-10-6,0.0022823774349629475,0.9572155417596409,555,NS
BRD:BRD-K12735121-001-01-4,0.0022842268006646503,0.9580807995697073,532,NS
BRD:BRD-K96188950-001-16-9,0.00229847055265296,0.9573054802227641,545,NS
BRD:BRD-K92657060-001-05-7,0.0023013299770955017,0.9568606096469628,555,NS
BRD:BRD-K00005328-001-01-9,0.002309055186742528,0.9455290071133399,878,NS
BRD:BRD-A13293292-001-02-6,0.002360305091330814,0.9593419377528768,469,NS
BRD:BRD-K00003123-001-01-9,0.002386763902615395,0.943698836518122,878,NS
BRD:BRD-K00003201-001-01-9,0.002420946518221803,0.9428938719665211,878,NS
BRD:BRD-K38287497-001-01-2,0.0024269922455040422,0.954672299178797,551,NS
BRD:BRD-K00005332-019-01-9,0.002442176194952199,0.9425584095767401,873,NS
BRD:BRD-K00091111-001-01-9,0.0024430493212542837,0.943034288606649,858,NS
BRD:BRD-K19333160-001-01-3,0.0024435629075414446,0.9543631529937632,551,NS
BRD:BRD-A19609491-001-01-8,0.0024505715518735533,0.9577884490198338,469,NS
BRD:BRD-K98624455-074-02-8,0.002458696670061513,0.9545853549143053,539,NS
BRD:BRD-K46741531-001-02-4,0.0024723405072755874,0.9539947717251921,547,NS
BRD:BRD-K37798499-001-27-2,0.00248154689617306,0.9536967598342088,550,NS
BRD:BRD-K80608265-001-01-6,0.002494374492166489,0.9551001196557114,512,NS
BRD:BRD-K52313696-001-12-3,0.0025136775860215305,0.9538744791085936,532,NS
BRD:BRD-K00003109-001-01-9,0.0025212072502001424,0.9405331763047104,878,NS
BRD:BRD-A75140635-003-10-9,0.002523158877406467,0.9527925562692934,553,NS
BRD:BRD-K81473089-003-26-1,0.0025375073132954816,0.9534377009908565,532,NS
BRD:BRD-K96206066-001-07-9,0.0025724052216080156,0.9526647070025719,535,NS
BRD:BRD-K71686520-001-02-9,0.002589607940557779,0.9389229413428614,878,NS
BRD:BRD-A99367815-001-04-9,0.002612561838968811,0.9385584861057142,873,NS
BRD:BRD-K92426617-001-06-3,0.0026445792668496225,0.9513382401705717,535,NS
BRD:BRD-K93632104-001-17-2,0.002658905859643713,0.9503915288690822,550,NS
BRD:BRD-K00004555-001-01-9,0.0026614836271077677,0.9372311694719265,878,NS
BRD:BRD-A21280314-001-06-8,0.0026634652005121926,0.9509911628578033,535,NS
BRD:BRD-A22081593-001-11-1,0.002677616545896175,0.950869907278521,532,NS
BRD:BRD-K65856711-001-04-4,0.0026789050129579005,0.950247330607131,545,NS
BRD:BRD-A52460047-001-01-3,0.002688044949209449,0.9498485777163231,550,NS
BRD:BRD-K00003515-003-01-9,0.002693928744618,0.9364675856637251,878,NS
BRD:BRD-K72078047-001-01-7,0.0026983160591443887,0.9534758679397466,470,NS
BRD:BRD-K73425385-065-04-8,0.002704554498466729,0.9503762706257002,532,NS
BRD:BRD-K48449073-034-03-9,0.002716447951230288,0.9360106956056825,876,NS
BRD:BRD-K54955827-001-02-2,0.00272615709648753,0.9498391058240024,535,NS
BRD:BRD-K00004579-001-01-9,0.0027267474547483356,0.9358787576220446,873,NS
BRD:BRD-K82677201-001-01-6,0.002758884559130532,0.9483880863904399,553,NS
BRD:BRD-K41104902-001-01-3,0.002760402664306256,0.9482661362848998,555,NS
BRD:BRD-K00091297-001-01-9,0.002802558482482629,0.9346689718344362,858,NS
BRD:BRD-A15739803-001-01-0,0.002812828642673433,0.9482465596574134,535,NS
BRD:BRD-K51967704-001-03-6,0.0028146268853180283,0.9474902384213292,550,NS
BRD:BRD-A27376179-001-01-3,0.00288753554818345,0.9466751584876936,539,NS
BRD:BRD-K89104321-003-14-8,0.0029097616851625954,0.9457180893644332,550,NS
BRD:BRD-A74387232-001-02-5,0.0029149978395783924,0.9470272312912279,522,NS
BRD:BRD-K92129045-001-01-6,0.0029152631899839083,0.9497400361011535,470,NS
BRD:BRD-A60217728-001-11-2,0.00293240939338943,0.9452962522344202,550,NS
BRD:BRD-K79294107-300-02-9,0.002948862266300854,0.9304699050246219,878,NS
BRD:BRD-K00004235-334-01-9,0.0029539683831549235,0.9303498153383866,878,NS
BRD:BRD-K67966701-001-12-4,0.0029688333467624613,0.945534410062684,532,NS
BRD:BRD-K00003505-001-01-9,0.0029744637688608406,0.9298678046389163,878,NS
BRD:BRD-K70898774-001-03-5,0.0029839494019202606,0.9445906670732733,545,NS
BRD:BRD-K89329876-001-08-9,0.0030302913999201157,0.9286364138292417,876,NS
BRD:BRD-K87122641-001-10-7,0.0030348607674742963,0.9477369359167672,469,NS
BRD:BRD-K81130846-001-17-4,0.003038651667969451,0.9433175854425179,550,NS
BRD:BRD-K23913458-001-20-7,0.0030391565531846985,0.9433081832325476,550,NS
BRD:BRD-K89714990-001-01-5,0.003048499673608172,0.9430823722628592,551,NS
BRD:BRD-M93148412-001-02-6,0.0030506370911673394,0.9282817026399259,873,NS
BRD:BRD-A64011898-001-01-0,0.003051836933939961,0.9436458643810005,539,NS
BRD:BRD-K00005241-001-01-9,0.0030668525706891566,0.9276953251737027,878,NS
BRD:BRD-A50922295-001-01-3,0.0030849123023758765,0.9421944291334301,555,NS
BRD:BRD-K33059059-001-01-0,0.003105003390808409,0.9465307997332374,469,NS
BRD:BRD-A03880619-001-01-0,0.003116505608378729,0.9434802003793692,520,NS
BRD:BRD-K00005264-001-02-9,0.003129934389323805,0.9262122937743396,878,NS
BRD:BRD-K92872987-001-02-9,0.0031322209614454187,0.9426504015168831,530,NS
BRD:BRD-K85046107-003-01-2,0.0031346122787960706,0.9413710217616119,553,NS
BRD:BRD-K45973863-001-01-4,0.003139783895579387,0.945932777333887,469,NS
BRD:BRD-K82135108-001-04-3,0.003148875030760712,0.9411047375433431,553,NS
BRD:BRD-A25569250-001-03-3,0.0031721037872707893,0.9409946835975322,547,NS
BRD:BRD-K12829205-003-02-8,0.0032006636626197202,0.9418447384570089,522,NS
BRD:BRD-K23779958-001-05-8,0.0032176213798173897,0.9415371699190388,522,NS
BRD:BRD-K38158531-001-02-1,0.0032254875589979143,0.9404450785001456,539,NS
BRD:BRD-K49759007-001-11-9,0.003236580311498504,0.9394674337570517,553,NS
BRD:BRD-K17480742-001-01-1,0.003241406116534831,0.9403748158599873,535,NS
BRD:BRD-A73891132-001-02-9,0.0032485984174636853,0.9234232416674804,878,NS
BRD:BRD-K86435560-001-01-0,0.003252617037588099,0.9391680835927756,553,NS
BRD:BRD-A29148886-003-02-9,0.003252640759973157,0.9233282477312719,878,NS
BRD:BRD-K34730807-001-17-6,0.0032537387057928915,0.9409958245357637,520,NS
BRD:BRD-K61717546-001-05-0,0.003262473420519639,0.9402134110089699,531,NS
BRD:BRD-K00077939-001-02-9,0.003275089891776685,0.9236848615633255,858,NS
BRD:BRD-K24610819-003-01-8,0.003276948334229423,0.939778774702043,534,NS
BRD:BRD-K97472745-001-01-8,0.003318309349008255,0.937829525391032,555,NS
BRD:BRD-K00004659-001-01-9,0.0033355265109897333,0.9213806979955171,878,NS
BRD:BRD-K87036601-001-01-6,0.00334214467276571,0.937724098623913,549,NS
BRD:BRD-K36116267-001-15-3,0.0033649517699382327,0.9372427722905323,550,NS
BRD:BRD-K80528473-001-03-0,0.0033692029266352793,0.9207705586176703,874,NS
BRD:BRD-K49504902-001-01-6,0.0033880263832467756,0.9374499769423569,539,NS
BRD:BRD-K47639036-003-06-6,0.0033899290894111415,0.9371825264753043,543,NS
BRD:BRD-K26160755-003-02-6,0.003399889471843501,0.9364770751834076,552,NS
BRD:BRD-K88560311-011-06-3,0.003405627052860135,0.9366596415838813,547,NS
BRD:BRD-A04843135-001-09-9,0.003418547783043146,0.9203529226560974,858,NS
BRD:BRD-K08252256-236-33-8,0.003431161935110936,0.9370690039049412,532,NS
BRD:BRD-K00003182-001-01-9,0.0034368155581678502,0.9190013697441246,878,NS
BRD:BRD-A11813248-003-02-4,0.0034633154537226482,0.935294605926126,552,NS
BRD:BRD-K29151923-001-01-5,0.003485844101912696,0.9399842630774349,469,NS
BRD:BRD-K00091122-001-01-9,0.0034893742985565037,0.9187084237980562,858,NS
BRD:BRD-A20781140-001-01-7,0.0034995275568828403,0.9353958534221455,539,NS
BRD:BRD-K16542329-001-13-5,0.0035028893071367972,0.9344975039501179,553,NS
BRD:BRD-K09859624-004-11-9,0.00350351420957413,0.917434980393195,878,NS
BRD:BRD-K88186167-001-04-8,0.0035072732135298683,0.9342969524917981,555,NS
BRD:BRD-A47953250-001-01-7,0.0035082299828497697,0.9356585232268781,532,NS
BRD:BRD-K01824921-001-18-5,0.003531935050289619,0.9352857800124056,531,NS
BRD:BRD-K00071599-001-02-9,0.00355797798619565,0.9171158669050314,858,NS
BRD:BRD-K09338665-001-07-1,0.0035801453141377036,0.9349640894444202,522,NS
BRD:BRD-K47492008-001-02-7,0.0035803341791514967,0.9341537482249065,535,NS
BRD:BRD-A02180903-001-04-5,0.003590419081776078,0.9330472950990013,550,NS
BRD:BRD-K63736853-001-04-8,0.003597464670220909,0.9335919662222318,539,NS
BRD:BRD-A28467416-002-01-0,0.0036032121533980267,0.9334861147695795,539,NS
BRD:BRD-K86797399-001-05-1,0.0036137232815241322,0.9343554893259145,522,NS
BRD:BRD-A65248799-001-01-7,0.003613848799609436,0.9323662893672479,554,NS
BRD:BRD-K92492521-001-02-9,0.003626626564355284,0.9323737189997376,550,NS
BRD:BRD-K43883465-003-02-9,0.003641180237734493,0.9143006463347916,876,NS
BRD:BRD-K30882994-001-01-6,0.0036485144409407096,0.937122069151657,470,NS
BRD:BRD-K77638923-001-02-0,0.003654396269874611,0.9329839800282897,532,NS
BRD:BRD-K00091129-001-01-9,0.0036554784361995532,0.9148530770555379,858,NS
BRD:BRD-K73799155-001-01-5,0.003656489588531507,0.9370522032577361,469,NS
BRD:BRD-K14870255-001-02-3,0.003667527486450687,0.9313020972113268,555,NS
BRD:BRD-K20013301-001-02-6,0.0036918288835815836,0.931160867412308,550,NS
BRD:BRD-K57927309-001-01-7,0.003709644119033902,0.9308295074740242,550,NS
BRD:BRD-K00077698-001-02-9,0.003716919678466238,0.9134275016394907,858,NS
BRD:BRD-A95300432-001-01-3,0.0037269945165081227,0.9357724407787119,470,NS
BRD:BRD-K00003230-001-01-9,0.0037550791124990918,0.9115300146095425,878,NS
BRD:BRD-K89712525-001-02-1,0.0037605111762190743,0.9318267019010772,520,NS
BRD:BRD-K68232650-001-02-2,0.00376132185766029,0.9296769975292068,553,NS
BRD:BRD-K00004678-001-01-9,0.0037782693932113236,0.910985911148972,878,NS
BRD:BRD-K00003479-003-01-9,0.003797708732001523,0.9110401450317144,868,NS
BRD:BRD-K00519864-341-03-3,0.0038000894371940366,0.9309783108351791,522,NS
BRD:BRD-K94436377-001-10-2,0.0038259566997587403,0.9283423019701855,555,NS
BRD:BRD-A28545468-003-16-6,0.00383003035457621,0.9284607034324576,552,NS
BRD:BRD-A53576514-048-14-3,0.003907703376329719,0.9271464618616267,550,NS
BRD:BRD-K00091289-300-01-9,0.0039127945108006585,0.9088846416693025,858,NS
BRD:BRD-K58930050-050-15-8,0.003917642397036944,0.9268287717303956,552,NS
BRD:BRD-A22971209-001-01-0,0.003924183774145317,0.9075633516262547,878,NS
BRD:BRD-K45216060-001-11-8,0.003962577058297868,0.9277590802536184,526,NS
BRD:BRD-K34851558-001-02-3,0.003982873103090879,0.9259521530920063,547,NS
BRD:BRD-K41567364-001-04-6,0.004009194877767983,0.9254642074939623,547,NS
BRD:BRD-K83982397-001-06-9,0.004015652545937279,0.9065002703781201,858,NS
BRD:BRD-K66845263-001-03-0,0.004029756708424693,0.925910783647441,535,NS
BRD:BRD-K00003133-001-01-9,0.004045702263443202,0.9047143249837909,878,NS
BRD:BRD-K00004734-001-01-9,0.0040514520997924925,0.9048511140943346,873,NS
BRD:BRD-K36965586-003-08-8,0.004051777938781805,0.9243995306941512,551,NS
BRD:BRD-A68969091-001-12-7,0.00410423942022455,0.9242634029936463,539,NS
BRD:BRD-K00003369-001-01-9,0.004109040896378186,0.9035051891573991,873,NS
BRD:BRD-K00004565-001-01-9,0.004112134971263333,0.9031573112576574,878,NS
BRD:BRD-K00003157-001-01-9,0.004133091325851909,0.9026662244437874,878,NS
BRD:BRD-A41698174-003-12-0,0.004133355066523937,0.924011753597177,535,NS
BRD:BRD-K00003529-458-01-9,0.004134545150789526,0.9026321571922238,878,NS
BRD:BRD-K99048103-001-18-4,0.004141087351061311,0.922738290642832,551,NS
BRD:BRD-A00100033-001-08-9,0.004161908057708385,0.922069335082003,555,NS
BRD:BRD-K36574127-001-01-3,0.004191423435171094,0.9229475081009356,535,NS
BRD:BRD-K70490179-300-01-2,0.00419821620515429,0.9215336087713835,553,NS
BRD:BRD-K61177364-003-02-9,0.004212391411949527,0.921412208163689,551,NS
BRD:BRD-K01231377-001-01-8,0.004228966487331796,0.9271445017886181,470,NS
BRD:BRD-A80871782-004-06-9,0.004229014095777724,0.9208168810540097,555,NS
BRD:BRD-K22421059-001-02-3,0.004235323489034606,0.927035289659416,470,NS
BRD:BRD-K91535048-001-01-2,0.004259102481998094,0.8998281038662351,876,NS
BRD:BRD-A93699261-236-03-4,0.00428022062411908,0.9222836095637544,522,NS
BRD:BRD-K95957366-001-02-6,0.004288788620044045,0.9199916473592226,551,NS
BRD:BRD-A82772293-001-03-2,0.00431007241128866,0.9209961594894884,532,NS
BRD:BRD-K87700323-003-05-1,0.004314568733360201,0.9195854936156808,550,NS
BRD:BRD-K03155172-001-02-2,0.004324667398859816,0.9192513333753828,552,NS
BRD:BRD-K43363084-001-01-3,0.004336296684626184,0.9190349392500892,552,NS
BRD:BRD-M58433298-001-02-4,0.004341289799998661,0.8979055665518528,876,NS
BRD:BRD-K68188368-001-09-4,0.004350049855455047,0.918852714702891,551,NS
BRD:BRD-K86864073-001-01-1,0.004363524745757235,0.9198692359951867,534,NS
BRD:BRD-K33151569-003-09-7,0.0043967495947871684,0.918133748485492,549,NS
BRD:BRD-K13183738-317-10-2,0.004407467612965813,0.9178601019027565,550,NS
BRD:BRD-K00003448-001-01-9,0.00444880217106697,0.8955702868071994,873,NS
BRD:BRD-A20550616-001-02-9,0.004480844760915381,0.9186531860191257,522,NS
BRD:BRD-K00091086-001-01-9,0.004492325634518328,0.8954617367966895,858,NS
BRD:BRD-K00004667-001-01-9,0.0045082667067209104,0.8941825803847095,873,NS
BRD:BRD-K30421675-001-04-9,0.004509907978405626,0.894144283073839,873,NS
BRD:BRD-K40227168-001-12-9,0.004517598410322786,0.9166620347427162,539,NS
BRD:BRD-A48015106-004-08-9,0.004517794682197456,0.9154294097357963,555,NS
BRD:BRD-K77897005-001-02-9,0.004531971245931252,0.8933262565259257,878,NS
BRD:BRD-K00003229-001-01-9,0.004535889481433853,0.8932345801762517,878,NS
BRD:BRD-K33219225-001-01-9,0.0045534001678307805,0.9173406612279974,522,NS
BRD:BRD-K41406082-001-16-2,0.004585475714570356,0.9145550786180626,550,NS
BRD:BRD-K71350836-001-02-4,0.00459259978335493,0.9146567196172912,547,NS
BRD:BRD-K00003484-074-01-9,0.004608385703018191,0.8915386184914942,878,NS
BRD:BRD-A54275602-001-01-0,0.004648832009868168,0.9137739991593636,545,NS
BRD:BRD-K35952844-236-01-6,0.0046685656351083855,0.9138877144549028,539,NS
BRD:BRD-K00004606-001-01-9,0.0046693097273014465,0.8904260017956714,873,NS
BRD:BRD-K49371609-003-03-8,0.0046747911744775845,0.9131353538088239,547,NS
BRD:BRD-K61228301-001-01-2,0.004693379968433981,0.9123934321066172,552,NS
BRD:BRD-K05907307-001-07-1,0.004705063736074547,0.9122558480066764,551,NS
BRD:BRD-K31792052-004-02-7,0.004741897247454569,0.918424103453283,469,NS
BRD:BRD-K12614344-003-01-8,0.004759998331045144,0.9110745672020216,553,NS
BRD:BRD-K79277568-003-04-7,0.004773091190630432,0.9133678424852654,522,NS
BRD:BRD-K20093108-001-02-3,0.004801180488401216,0.91178087764642,535,NS
BRD:BRD-K44471774-001-01-8,0.004806901123908965,0.911676192972782,535,NS
BRD:BRD-K20168484-001-07-9,0.004813669491746135,0.8870606694627319,873,NS
BRD:BRD-K00004601-001-01-9,0.0048277537024466605,0.886409816090185,878,NS
BRD:BRD-K00004660-001-01-9,0.004860624329694732,0.88564170766562,878,NS
BRD:BRD-K25690923-001-02-4,0.004904795094149102,0.9088796767822015,547,NS
BRD:BRD-A08079565-001-01-8,0.004918006404995252,0.9093060564285435,539,NS
BRD:BRD-K18910433-001-43-2,0.004926131128775945,0.9084850343077232,547,NS
BRD:BRD-K41866823-001-01-3,0.004948506382388485,0.9087460446392809,539,NS
BRD:BRD-A63752151-001-01-2,0.0049631794223124765,0.9071280185011128,555,NS
BRD:BRD-K68620903-001-11-4,0.0049883741163381755,0.9070801107929108,550,NS
BRD:BRD-K28042756-001-01-9,0.005003286350515524,0.9083415241847038,532,NS
BRD:BRD-K62363391-001-24-9,0.005016214929636131,0.9065638759588709,550,NS
BRD:BRD-U45393375-000-01-6,0.005026027463385391,0.9113678763253125,493,NS
BRD:BRD-K32405725-001-02-8,0.005050912390361932,0.9063491418297258,545,NS
BRD:BRD-K36485341-001-02-9,0.005050969019088092,0.881195935805456,878,NS
BRD:BRD-K52818472-001-02-2,0.00510695001546211,0.9048817061817856,550,NS
BRD:BRD-K48195801-001-01-6,0.0051117408982695855,0.9058371316935954,538,NS
BRD:BRD-K76890464-001-02-3,0.005148289839838966,0.9043772265234985,547,NS
BRD:BRD-K00004687-001-01-9,0.005161492837237864,0.8789606292541221,873,NS
BRD:BRD-K35798650-001-01-4,0.005164088201228448,0.9051429542497732,535,NS
BRD:BRD-K43187018-001-03-3,0.005164468554212451,0.9062957140323213,522,NS
BRD:BRD-K47598052-001-15-8,0.005230400543913119,0.9033044403989595,542,NS
BRD:BRD-K56957086-001-06-3,0.0052459934676904775,0.90186192226842,555,NS
BRD:BRD-A30984645-001-01-5,0.005246924217791164,0.9026433236762601,546,NS
BRD:BRD-A51747092-003-03-0,0.005257982821280552,0.9020826030785724,550,NS
BRD:BRD-K63784565-001-06-2,0.0052651180896195115,0.904478166711957,522,NS
BRD:BRD-K62562723-003-02-7,0.005309800359536743,0.9006744024854709,555,NS
BRD:BRD-K38272302-001-02-7,0.005314202705808586,0.87519554377965,876,NS
BRD:BRD-K64636206-001-02-7,0.005337036245161576,0.9016162771541576,539,NS
BRD:BRD-K20897876-001-10-0,0.00534258706238583,0.9007866763328222,547,NS
BRD:BRD-K49071277-001-04-7,0.0053489523180993235,0.9003067960061065,551,NS
BRD:BRD-K00003151-001-01-9,0.005362105285310529,0.8739370076157884,878,NS
BRD:BRD-K00091077-001-01-9,0.005389740142777173,0.8747363062098719,858,NS
BRD:BRD-K01493881-001-29-4,0.0053925769319725075,0.9000463121168606,545,NS
BRD:BRD-K15858023-001-01-0,0.005400051414659228,0.9071497018623003,469,NS
BRD:BRD-K34058848-304-03-1,0.005415290629059931,0.8991684954793278,550,NS
BRD:BRD-K38305202-001-17-4,0.005464946952361139,0.8981565227499632,551,NS
BRD:BRD-K86358349-001-02-0,0.005472797270319573,0.8995954630197485,534,NS
BRD:BRD-K90756851-001-01-1,0.005487949790276444,0.8710039776164763,878,NS
BRD:BRD-K65904673-001-01-4,0.005493501152231675,0.8974418656420564,553,NS
BRD:BRD-K42497885-001-01-1,0.005518733346667493,0.8982846994325289,539,NS
BRD:BRD-K92781136-001-08-9,0.005532194068237258,0.9048882262511677,469,NS
BRD:BRD-K21910317-001-12-3,0.005533073137131332,0.8969874741945898,550,NS
BRD:BRD-A43082555-001-01-1,0.005550306187587121,0.8977059639525603,539,NS
BRD:BRD-K44400149-003-02-9,0.005553195714798939,0.869631825358858,876,NS
BRD:BRD-K92988025-001-01-9,0.0055639451260082835,0.8990848702548284,522,NS
BRD:BRD-K00075103-001-02-9,0.005566027491878153,0.8706746229631284,858,NS
BRD:BRD-A28856712-003-26-0,0.0055690642403325745,0.8963211679567262,550,NS
BRD:BRD-K00003497-001-01-9,0.005572405944851973,0.8694077026066096,873,NS
BRD:BRD-A24122750-001-03-7,0.005589254330286181,0.8955701803427948,554,NS
BRD:BRD-K34277641-001-01-2,0.005608808838303494,0.8970176453250152,535,NS
BRD:BRD-K23614267-001-01-2,0.005617888773103467,0.8681268769629631,876,NS
BRD:BRD-K41213548-001-02-0,0.005635828737262619,0.8961385946469927,539,NS
BRD:BRD-A74765037-001-01-1,0.005641551331950309,0.8949794302927544,550,NS
BRD:BRD-K00003105-003-01-9,0.005700793307058047,0.8660473298747032,878,NS
BRD:BRD-A50049929-001-01-9,0.005706766045174616,0.8940622730284067,547,NS
BRD:BRD-K77012840-300-01-6,0.005712333706564439,0.8934766582403703,552,NS
BRD:BRD-K00003336-001-01-9,0.005715827984461695,0.8656974024193949,878,NS
BRD:BRD-K54838207-001-03-8,0.005726466769525015,0.8951645748036098,532,NS
BRD:BRD-K00003274-001-01-9,0.005746056096285437,0.8653763054248129,873,NS
BRD:BRD-K33814251-001-02-2,0.005755516744453604,0.8933578955912498,545,NS
BRD:BRD-A99833829-003-27-1,0.005788866887446021,0.895028481854183,522,NS
BRD:BRD-K60997853-001-02-3,0.005792025517979158,0.8919019671732791,553,NS
BRD:BRD-K00911807-003-01-2,0.005795180690304311,0.8921367423845298,550,NS
BRD:BRD-K51885093-001-11-2,0.005810287861037153,0.8913676491725585,555,NS
BRD:BRD-A67363467-001-01-3,0.00581771073157625,0.891523601560392,552,NS
BRD:BRD-K00004652-001-01-9,0.005842470320186061,0.8627508909986831,878,NS
BRD:BRD-K00003732-001-01-9,0.005843782308544397,0.8627203756510369,878,NS
BRD:BRD-A48720949-001-04-0,0.005876755715796506,0.8906278744182222,550,NS
BRD:BRD-K00003262-001-01-9,0.005891793990630577,0.8616038199013463,878,NS
BRD:BRD-K78692225-001-24-5,0.005906713860656635,0.89137855503032,537,NS
BRD:BRD-A24543851-001-05-7,0.005913107451294355,0.889955614512856,550,NS
BRD:BRD-K57187269-001-02-4,0.00591431432968429,0.8983530491418609,469,NS
BRD:BRD-K00004634-001-01-9,0.005936153380800303,0.860572446831441,878,NS
BRD:BRD-K48449981-001-02-7,0.005942348114466248,0.8978738688446413,469,NS
BRD:BRD-K18787491-001-08-6,0.005961552025684185,0.88936224395401,547,NS
BRD:BRD-K33226500-001-01-0,0.00598693174872463,0.8891987928081916,544,NS
BRD:BRD-K92377961-001-03-7,0.006008968734688021,0.8588799769006995,878,NS
BRD:BRD-A75369945-001-01-2,0.0060122284623094135,0.8886316315833702,545,NS
BRD:BRD-K62627508-001-01-5,0.006025692622594327,0.8874679271700814,554,NS
BRD:BRD-A14577621-001-01-5,0.006030112934833983,0.8894333732339332,534,NS
BRD:BRD-K00003335-001-01-9,0.006042087575949832,0.8581103990132161,878,NS
BRD:BRD-K00104122-001-01-9,0.0060451849266340155,0.8597334679266325,857,NS
BRD:BRD-K98353094-001-01-6,0.006047969179121928,0.8960688272562307,469,NS
BRD:BRD-K39693230-001-01-2,0.0060643417564626425,0.887672661311844,545,NS
BRD:BRD-K77251551-304-02-9,0.006069376131449216,0.886555579191104,555,NS
BRD:BRD-K26833429-001-02-8,0.006089054995498902,0.8870116452693013,547,NS
BRD:BRD-K58160573-001-05-4,0.0061523339046274834,0.8860538339931995,545,NS
BRD:BRD-K04426574-001-03-9,0.006152695432525487,0.8557044820308451,876,NS
BRD:BRD-K13211965-003-02-8,0.0061630220389947785,0.8851282646510946,552,NS
BRD:BRD-K45746021-003-01-9,0.006169976812178648,0.8857293070932369,545,NS
BRD:BRD-K44227013-001-06-4,0.006184663570638399,0.8849362014936915,550,NS
BRD:BRD-K00091266-001-01-9,0.006188590283417108,0.856358625804547,858,NS
BRD:BRD-K65480835-001-02-9,0.006205483315280048,0.8543155787129024,878,NS
BRD:BRD-K23335153-300-02-5,0.006211645544969981,0.8847525441918102,547,NS
BRD:BRD-A76533773-001-01-9,0.006215431296734849,0.8859517992245215,535,NS
BRD:BRD-A29111201-001-04-8,0.006215894327524448,0.884359226916169,550,NS
BRD:BRD-K89306950-001-12-5,0.006223804252529286,0.8836893429293752,555,NS
BRD:BRD-K22000702-300-02-9,0.006231901585863567,0.8538676493208296,876,NS
BRD:BRD-A59378440-001-01-3,0.006237318954573863,0.885766580111958,533,NS
BRD:BRD-K61717546-001-04-3,0.006285111891004683,0.883399151315918,547,NS
BRD:BRD-K00005243-001-01-9,0.006290798017716789,0.8523354990445015,878,NS
BRD:BRD-K22861715-001-17-4,0.006323612036166527,0.8844141611816994,531,NS
BRD:BRD-K00004649-001-01-9,0.006327817364908791,0.8514766005349036,878,NS
BRD:BRD-K19171642-001-02-3,0.006328486474466117,0.8821729722298228,551,NS
BRD:BRD-K95237249-001-26-5,0.006418238384088389,0.8802983474942417,553,NS
BRD:BRD-K47557313-001-02-7,0.006427408305416668,0.8803449196572151,551,NS
BRD:BRD-K66615216-003-14-8,0.0065032663174246315,0.8797125403571725,544,NS
BRD:BRD-K02292852-001-02-1,0.0065173154018748425,0.8791237607415613,547,NS
BRD:BRD-K58968598-001-03-6,0.006520328081666371,0.8799532028060897,539,NS
BRD:BRD-K78092779-001-01-6,0.006522915001797188,0.8879588618164356,469,NS
BRD:BRD-A21276153-001-01-1,0.00652935387174423,0.8816939346681019,522,NS
BRD:BRD-K21160401-065-01-0,0.006532309521686971,0.8779679653258692,555,NS
BRD:BRD-K07150325-001-01-7,0.006533035081780717,0.8877861798708796,469,NS
BRD:BRD-K84683831-001-01-0,0.006547839367807503,0.8794505410459085,539,NS
BRD:BRD-K00003359-001-01-9,0.00657206665251205,0.8462495466173889,873,NS
BRD:BRD-K77911775-003-01-8,0.0065851476775579685,0.8868970513272989,469,NS
BRD:BRD-K58010567-003-02-2,0.006597379916342074,0.8767620048283351,555,NS
BRD:BRD-A25143711-001-02-2,0.006607108242882244,0.877136999763648,550,NS
BRD:BRD-K00003180-001-01-9,0.006612040140212904,0.8448881819440934,878,NS
BRD:BRD-K00003423-001-01-9,0.006649783572176238,0.84445442968488,873,NS
BRD:BRD-K05673000-236-12-1,0.006667478089334028,0.8760234002633279,550,NS
BRD:BRD-K19507340-001-22-1,0.006684419962337838,0.8789056347246504,522,NS
BRD:BRD-K12329651-001-18-8,0.006718535796789438,0.8745173647205909,555,NS
BRD:BRD-K30114692-001-15-9,0.0067206470286661464,0.8762942689332527,539,NS
BRD:BRD-K73541271-001-03-6,0.006753823618367602,0.8750010247195441,545,NS
BRD:BRD-K50859149-001-19-5,0.006769969788029352,0.8741333705660761,550,NS
BRD:BRD-K41707108-001-05-6,0.006792741796789288,0.8742866881679775,545,NS
BRD:BRD-A47494775-003-11-3,0.0067932174578913904,0.8740483568661985,547,NS
BRD:BRD-K73504359-001-01-3,0.006804500024293108,0.8752273258851931,535,NS
BRD:BRD-K08037784-001-12-6,0.006808846455503405,0.8754975928247154,532,NS
BRD:BRD-K97840621-001-02-9,0.006816213896086035,0.8401619854420478,878,NS
BRD:BRD-K90727284-001-05-0,0.0068333804440505,0.8826637491947177,469,NS
BRD:BRD-K05906022-001-05-1,0.0068411906091995975,0.8732819159343691,546,NS
BRD:BRD-K30374899-001-09-3,0.006841535144554932,0.8731600459971169,547,NS
BRD:BRD-K48213016-001-01-8,0.006850118311262403,0.873233738491693,545,NS
BRD:BRD-A11070335-236-02-1,0.006857000294828746,0.872068216231601,554,NS
BRD:BRD-K00074641-001-02-9,0.006858839382343009,0.8409987674015116,858,NS
BRD:BRD-K96471533-001-09-0,0.0068940710706678725,0.8735985620044473,535,NS
BRD:BRD-K32744045-001-31-2,0.0069292138910405235,0.8708488954108645,553,NS
BRD:BRD-K00003208-001-01-9,0.0069320823019473855,0.8379407000733615,873,NS
BRD:BRD-K31468676-237-01-8,0.006933387193599603,0.8733580905310986,531,NS
BRD:BRD-K10958118-003-01-5,0.006937280376426968,0.8807662103808097,470,NS
BRD:BRD-K00005245-001-01-9,0.006945817070402864,0.8371649129184268,878,NS
BRD:BRD-A67862938-034-14-9,0.0069672977349718584,0.8702622808320682,552,NS
BRD:BRD-A47598013-004-16-0,0.006968317551162453,0.8704777204071328,550,NS
BRD:BRD-K75016267-001-02-9,0.006975693235284124,0.8369354023731294,873,NS
BRD:BRD-K25699529-003-01-1,0.006977539938164889,0.8701904770137248,551,NS
BRD:BRD-K46625559-001-01-8,0.007006361019110639,0.8716770454310028,534,NS
BRD:BRD-A00578795-001-04-3,0.007034060525996219,0.8686764453110297,555,NS
BRD:BRD-K00004646-001-01-9,0.007034890442190516,0.8351064559973823,878,NS
BRD:BRD-K64157027-003-02-7,0.0070353650178946354,0.8693610151362039,549,NS
BRD:BRD-K00003319-001-01-9,0.0070384944221652335,0.8354882077076095,873,NS
BRD:BRD-K61536336-001-01-7,0.007052198655597488,0.8686955690947884,552,NS
BRD:BRD-K54634444-001-05-9,0.007055804684597335,0.8685106415780522,553,NS
BRD:BRD-K07762753-001-04-4,0.007063840495031196,0.8690750785496969,547,NS
BRD:BRD-K70751730-001-10-4,0.007076624411186508,0.8343291864518401,876,NS
BRD:BRD-K00003487-001-01-9,0.007138990749937072,0.8331735220890626,873,NS
BRD:BRD-K79095980-001-09-6,0.007144806788365716,0.8667476369042018,554,NS
BRD:BRD-K00075618-001-03-9,0.007167394489224029,0.8339476104683291,858,NS
BRD:BRD-K41234004-001-03-1,0.007180657847403852,0.8665672392679562,550,NS
BRD:BRD-M39350793-334-01-1,0.00718282130921536,0.8678625842323445,539,NS
BRD:BRD-K11292736-300-02-8,0.007190390308659833,0.8667512134066732,547,NS
BRD:BRD-K53903639-001-01-3,0.007207010199778197,0.8313221182155132,876,NS
BRD:BRD-K93502141-001-01-6,0.00722082377299843,0.8692721202068228,522,NS
BRD:BRD-K00091074-001-01-9,0.007230982565249568,0.8324961198114614,858,NS
BRD:BRD-K44067360-001-30-3,0.007237542452180951,0.8677285879708022,532,NS
BRD:BRD-K63001556-001-08-8,0.007246329515086247,0.8654803210887742,549,NS
BRD:BRD-K28935038-002-03-9,0.007287930076515073,0.8294571110101185,876,NS
BRD:BRD-K20828910-001-02-0,0.007295065472264585,0.8747992509511502,469,NS
BRD:BRD-K31606909-001-03-9,0.0073736995138912916,0.8292404792050501,858,NS
BRD:BRD-K14329163-001-03-9,0.007378624235470708,0.871772844862021,481,NS
BRD:BRD-K00003306-001-01-9,0.0073943798384599095,0.8272977995261702,873,NS
BRD:BRD-K93524252-001-24-7,0.007396981603325167,0.8628354661649513,548,NS
BRD:BRD-K14379200-001-04-7,0.0074272318349398745,0.8724147574125023,470,NS
BRD:BRD-K05674516-001-01-7,0.007434398292296047,0.8622736930913913,547,NS
BRD:BRD-K32033120-001-01-1,0.007442446407197124,0.8722912697541884,469,NS
BRD:BRD-K50866992-003-10-3,0.007454854490443435,0.8618985223888513,547,NS
BRD:BRD-K15563106-001-18-0,0.007523628375254362,0.8606374240749158,547,NS
BRD:BRD-K31633810-003-02-8,0.007532646699168802,0.8604720823802289,547,NS
BRD:BRD-K30240666-051-15-9,0.00754561773156876,0.8598537555868918,550,NS
BRD:BRD-K00004738-001-01-9,0.007604275660136471,0.8219753552972928,878,NS
BRD:BRD-A48261811-001-08-1,0.00761826020197248,0.8608397039548332,532,NS
BRD:BRD-K60020910-001-02-5,0.007630423984822209,0.8690943147027094,469,NS
BRD:BRD-K71075609-003-01-0,0.007717922786995663,0.8562998201984126,553,NS
BRD:BRD-K26169680-003-01-9,0.007734765499135141,0.8673206839995607,469,NS
BRD:BRD-K15600710-066-04-1,0.00777276873835408,0.8560719571420844,547,NS
BRD:BRD-K52397688-003-06-4,0.007797266948140174,0.8552304833544135,550,NS
BRD:BRD-K47631482-003-06-2,0.007857966237448215,0.8545118168413917,547,NS
BRD:BRD-K00090644-001-01-9,0.0078622086859393,0.8181191393794018,858,NS
BRD:BRD-K13049116-001-05-7,0.00786727784018914,0.8543413366375233,547,NS
BRD:BRD-K53382462-001-02-0,0.007869598711251565,0.8158732304195461,878,NS
BRD:BRD-A09925278-003-05-6,0.007883555581137586,0.8529871476155305,555,NS
BRD:BRD-K90333595-003-21-4,0.00796133119848155,0.8515535088468682,555,NS
BRD:BRD-K92760278-001-07-3,0.007979449609025488,0.8556809160639028,522,NS
BRD:BRD-K59036917-001-16-7,0.007991655265893636,0.8509946772568739,555,NS
BRD:BRD-K59369769-001-20-3,0.007996498693327511,0.8509054263374467,555,NS
BRD:BRD-A50737080-001-03-0,0.008016039826976464,0.8510810020514389,551,NS
BRD:BRD-K78960041-001-05-7,0.008039603103363487,0.8546050021741095,522,NS
BRD:BRD-K31476763-001-01-5,0.008076203353193777,0.8506537625856546,546,NS
BRD:BRD-K49669041-001-08-4,0.00807895183320529,0.8504677768033575,547,NS
BRD:BRD-K75295174-001-05-0,0.008089190978021186,0.8512346878034944,540,NS
BRD:BRD-K77564118-001-03-1,0.00809971459514357,0.8517297796190687,535,NS
BRD:BRD-K00004671-001-01-9,0.008107954266307189,0.8109327031447727,873,NS
BRD:BRD-K00354853-001-01-2,0.008133985206071585,0.8605408390115147,469,NS
BRD:BRD-K86301799-001-34-8,0.008145781999579865,0.8488358112062904,550,NS
BRD:BRD-K45909031-001-01-5,0.008166108333393112,0.8483265095229876,551,NS
BRD:BRD-A55272860-001-15-3,0.00816791390772639,0.8477479547016317,555,NS
BRD:BRD-A62197763-001-01-1,0.008195711560855808,0.8499931685346631,535,NS
BRD:BRD-K19477839-001-07-6,0.008208874353338514,0.8480920151617672,547,NS
BRD:BRD-K00003338-001-01-9,0.00820951007349537,0.808071966366997,878,NS
BRD:BRD-K94441233-001-13-0,0.008228500261600208,0.8512281219903031,522,NS
BRD:BRD-K60060639-005-02-2,0.008233271394736391,0.8472320655077267,550,NS
BRD:BRD-K55930204-236-24-3,0.008243162519452679,0.8463626399884845,555,NS
BRD:BRD-K78352627-001-01-8,0.008243817599128051,0.8585275634635695,470,NS
BRD:BRD-A86044036-001-26-5,0.00825161751362507,0.8475879505216019,545,NS
BRD:BRD-A62133859-001-03-7,0.008254451129249116,0.858347003115727,470,NS
BRD:BRD-K15502390-001-20-9,0.00825458543927715,0.8464276259389633,553,NS
BRD:BRD-K97464279-001-03-5,0.008267964221669854,0.8465962944469358,550,NS
BRD:BRD-K00004644-001-01-9,0.008326241578242565,0.8053972224101906,878,NS
BRD:BRD-K60371362-001-01-7,0.00833824796987706,0.8570758229957763,469,NS
BRD:BRD-A39230911-001-10-2,0.008344277571034892,0.8447799898988386,553,NS
BRD:BRD-K27204852-001-01-9,0.008381050568992523,0.8470696536833644,532,NS
BRD:BRD-K91825936-001-01-2,0.008420459038587682,0.8435215512863024,552,NS
BRD:BRD-K82800842-001-01-9,0.008451100976735085,0.8439500331529743,545,NS
BRD:BRD-K52911425-001-09-8,0.008533768165485175,0.8410171190964048,555,NS
BRD:BRD-K00003310-001-01-9,0.008536425659162674,0.8005868863579579,878,NS
BRD:BRD-K46791647-001-01-2,0.008553781527452353,0.8432322749061087,537,NS
BRD:BRD-K61043483-001-01-5,0.008568799677088023,0.8531681529130563,469,NS
BRD:BRD-K00004670-001-01-9,0.008585726650132748,0.8000209395119237,873,NS
BRD:BRD-K88742110-001-07-9,0.008620124587778277,0.8405810661086446,547,NS
BRD:BRD-K83508485-001-02-7,0.00863417576110088,0.8414863643635779,539,NS
BRD:BRD-K63068307-001-08-9,0.00864981906895997,0.8400392863975672,547,NS
BRD:BRD-K17555800-003-01-5,0.008658129073221988,0.8390199414735147,553,NS
BRD:BRD-A02759312-003-24-5,0.008685150144067587,0.8386691389422071,552,NS
BRD:BRD-K79710622-001-02-9,0.008691783829768119,0.8411781756384152,534,NS
BRD:BRD-K94848716-001-12-9,0.008701292953002919,0.7968189504944386,878,NS
BRD:BRD-K42629487-001-09-9,0.008755055818738047,0.7958196911282668,876,NS
BRD:BRD-K12079898-001-02-6,0.008757991386297594,0.8376270167857097,550,NS
BRD:BRD-K19136521-001-08-9,0.008774902488456178,0.8377579554322498,547,NS
BRD:BRD-K71467466-001-02-3,0.008775588564176465,0.8365745287246145,555,NS
BRD:BRD-K26514105-001-01-7,0.008777017414680168,0.8496421072033905,469,NS
BRD:BRD-K72005722-001-01-2,0.00878954507639868,0.8366106255610066,553,NS
BRD:BRD-K66192203-001-02-2,0.008811110884723708,0.8388780092946346,535,NS
BRD:BRD-K00003522-001-01-9,0.008844991137385665,0.7935386692543627,878,NS
BRD:BRD-K26531771-001-01-4,0.008847116862076735,0.8352614393124099,555,NS
BRD:BRD-K80431395-001-09-9,0.008868416739932819,0.8392018629879007,526,NS
BRD:BRD-K54538117-001-01-7,0.008905639267315102,0.8473040715987965,470,NS
BRD:BRD-K16485616-001-08-9,0.008906951280081423,0.8353510620783924,547,NS
BRD:BRD-K24675965-001-06-9,0.008913021843279101,0.792219237764203,876,NS
BRD:BRD-K00004286-001-01-9,0.00895240177888059,0.791322352543246,876,NS
BRD:BRD-K43389698-001-09-9,0.008964009607517011,0.8381060020244936,522,NS
BRD:BRD-K00004618-001-01-9,0.008977076451839889,0.7905266929545013,878,NS
BRD:BRD-K71281111-001-04-3,0.00898773346563869,0.8329800336184984,553,NS
BRD:BRD-K96786677-323-02-0,0.009024918444130225,0.8357889337734657,530,NS
BRD:BRD-K95216408-001-02-9,0.00902704837379555,0.7899761198745826,873,NS
BRD:BRD-K00317371-001-06-1,0.009058078536250347,0.8364308846330885,522,NS
BRD:BRD-K57545991-050-23-1,0.009059034360958887,0.8313738391085466,555,NS
BRD:BRD-K37312348-001-15-0,0.009060670845614181,0.8328543697730598,545,NS
BRD:BRD-K89665618-003-02-5,0.009067564922934594,0.832729066012985,545,NS
BRD:BRD-K96669468-300-01-1,0.009111561796185512,0.8334628324941203,535,NS
BRD:BRD-K29562203-004-12-9,0.009132556951178965,0.7872228183940629,876,NS
BRD:BRD-K63861289-001-19-6,0.009135140642087774,0.8307380532323388,550,NS
BRD:BRD-K76365178-001-01-5,0.009159602967160925,0.8431711026073506,469,NS
BRD:BRD-K93618743-001-21-0,0.009179070751705487,0.829783600733171,551,NS
BRD:BRD-K92844263-001-09-8,0.009185196404856634,0.8298247027937603,550,NS
BRD:BRD-K99174507-003-02-0,0.009204189370724819,0.8299388695386689,547,NS
BRD:BRD-K70358946-001-15-7,0.009222962434607768,0.8286755111539464,553,NS
BRD:BRD-K49328571-001-15-0,0.009240584024717861,0.8295857417492221,545,NS
BRD:BRD-A28044053-001-01-7,0.009282841323462326,0.8289738460220331,544,NS
BRD:BRD-K07237224-001-19-6,0.009295189255321355,0.8278185078596046,550,NS
BRD:BRD-K91159026-001-01-7,0.009298149060046924,0.8274551815583044,552,NS
BRD:BRD-K64341947-003-02-4,0.009304247397832184,0.8274984942440736,551,NS
BRD:BRD-K29582677-300-10-6,0.009316706081354372,0.8302427946131878,532,NS
BRD:BRD-K17294426-050-12-3,0.009374769673967137,0.8255893659823348,555,NS
BRD:BRD-K92116564-001-01-4,0.009386168882559278,0.8266292864225889,547,NS
BRD:BRD-K52459018-001-09-1,0.009405865881984625,0.8250201685803507,555,NS
BRD:BRD-A06390036-001-04-6,0.009407186358973623,0.8256204276521437,551,NS
BRD:BRD-A43999749-004-04-1,0.009417155098033382,0.8255952433743559,550,NS
BRD:BRD-K29462201-001-01-9,0.009430504735415691,0.8261384884358689,545,NS
BRD:BRD-K80396088-001-12-0,0.009452830409728651,0.8278009935556021,532,NS
BRD:BRD-K68997413-001-05-1,0.009472823396913983,0.8244234334521695,551,NS
BRD:BRD-K28383148-001-01-4,0.009482364081117337,0.8242494779531583,551,NS
BRD:BRD-K04430056-001-17-7,0.009484694418335951,0.8235776712674513,555,NS
BRD:BRD-K96714749-001-01-0,0.009503956155893344,0.8238558209937529,551,NS
BRD:BRD-K63651590-001-01-3,0.009514871194142545,0.8369995840634,470,NS
BRD:BRD-K31417912-001-01-9,0.009530030201820885,0.8259337301434299,535,NS
BRD:BRD-K00003142-003-01-9,0.009531994338699315,0.7779073384269242,878,NS
BRD:BRD-K00535541-001-06-3,0.009570775289535092,0.8273143050075564,522,NS
BRD:BRD-K68232413-001-01-2,0.0095869819250486,0.8220243595102056,553,NS
BRD:BRD-K34663752-001-09-1,0.009594843726462127,0.8221992854412112,551,NS
BRD:BRD-A12077521-003-01-5,0.009599395187176132,0.8251737664107603,532,NS
BRD:BRD-K89899948-001-01-7,0.009723777221933768,0.7741893240735237,873,NS
BRD:BRD-K71499074-001-12-9,0.009732453940286505,0.8192087637758122,554,NS
BRD:BRD-K00004663-001-01-9,0.009734238074429757,0.7739529882840791,873,NS
BRD:BRD-K00003465-001-01-9,0.009745883900253107,0.7730586602581193,878,NS
BRD:BRD-A83650191-004-02-8,0.00974751249166973,0.8275403536842497,502,NS
BRD:BRD-K77300776-001-02-5,0.00979179550608122,0.8205733125807513,539,NS
BRD:BRD-K00004735-001-01-9,0.009836267458170839,0.7716489993119068,873,NS
BRD:BRD-K55966568-001-05-4,0.009837041317702305,0.8174627696103731,553,NS
BRD:BRD-K73789395-001-10-7,0.009844520023958773,0.8186353514122632,545,NS
BRD:BRD-K07310275-001-02-5,0.009856910120514298,0.8175908297470258,550,NS
BRD:BRD-K01129913-001-01-5,0.009867343404464967,0.7709476522302819,873,NS
BRD:BRD-K00003218-001-01-9,0.009900202098509421,0.7695658808539703,878,NS
BRD:BRD-A10662413-043-11-2,0.009903512732480291,0.81723752714047,547,NS
BRD:BRD-K92723993-001-17-4,0.0099053312911607,0.7689387401519279,882,NS
BRD:BRD-K00003122-001-01-9,0.009916336009402489,0.769200980043359,878,NS
BRD:BRD-K62594868-082-08-6,0.009921094249588133,0.8156027918958108,555,NS
BRD:BRD-K28971625-003-01-4,0.00995946874863497,0.817554349772736,539,NS
BRD:BRD-K13087974-001-02-5,0.009983511880092905,0.8162866184240959,544,NS
BRD:BRD-K00074858-003-02-9,0.010013602091715226,0.7696027693178785,858,NS
BRD:BRD-K07972848-001-02-0,0.010029124193883918,0.8142950304715337,551,NS
BRD:BRD-K30553453-001-13-2,0.010041280461222012,0.8147408651821432,547,NS
BRD:BRD-K73746696-003-01-8,0.010058914958053904,0.8278211284523804,470,NS
BRD:BRD-K42536037-001-01-3,0.010059359503627527,0.8279950101485063,469,NS
BRD:BRD-K00090633-001-01-9,0.010102391764228903,0.767618267971617,858,NS
BRD:BRD-K39252998-003-01-5,0.01011733295323311,0.8147144625461359,539,NS
BRD:BRD-K01292756-001-25-0,0.010146127641690698,0.8128420529017184,547,NS
BRD:BRD-K23190681-001-01-1,0.010155365924725003,0.8126747973803666,547,NS
BRD:BRD-K39987650-001-24-1,0.010171597862532378,0.811874458113205,550,NS
BRD:BRD-A36217750-001-16-3,0.010194029191381248,0.8114673658244144,550,NS
BRD:BRD-K21565985-001-22-5,0.01022589183876961,0.8107198466492886,551,NS
BRD:BRD-K00003258-001-01-9,0.010228872911845311,0.76214248955244,878,NS
BRD:BRD-A30590053-003-02-9,0.010231775551361037,0.8099368585088944,555,NS
BRD:BRD-K56277358-001-07-5,0.010241386483791597,0.8104384817120446,551,NS
BRD:BRD-K66896231-001-08-1,0.010266768809731482,0.8096381335129049,553,NS
BRD:BRD-K00003354-001-01-9,0.01028296389570227,0.7615857695533889,873,NS
BRD:BRD-K00003445-001-01-9,0.01029071366041126,0.7607481638938053,878,NS
BRD:BRD-A90625545-001-02-0,0.010290847723563744,0.8093702856095943,552,NS
BRD:BRD-K00531707-001-01-3,0.010293382400190582,0.8122409619526098,535,NS
BRD:BRD-K00003527-001-01-9,0.010297752300658018,0.7605895124806622,878,NS
BRD:BRD-K84605263-003-01-6,0.01032213090793869,0.7603059268427828,876,NS
BRD:BRD-K89223384-001-05-2,0.010343652325233783,0.8232128696857777,469,NS
BRD:BRD-K55013981-001-01-3,0.010366335263127899,0.8228315951870299,469,NS
BRD:BRD-K64422603-300-02-7,0.010395328651463743,0.8076444013615762,551,NS
BRD:BRD-K11785681-001-01-2,0.010395604884604528,0.8221525333927745,470,NS
BRD:BRD-K45293975-001-02-0,0.010423865389346004,0.809207078831609,539,NS
BRD:BRD-K06854232-001-19-9,0.010478370957461885,0.8078786308214537,541,NS
BRD:BRD-K04603573-376-01-3,0.010481072879937759,0.809058877425628,534,NS
BRD:BRD-K91868854-001-03-6,0.01048307466952907,0.8070955580507141,545,NS
BRD:BRD-K00004545-001-01-9,0.010505076651716305,0.7565968126765483,873,NS
BRD:BRD-A46136514-001-01-2,0.010510146497104245,0.8202261743927937,470,NS
BRD:BRD-K48195008-001-19-9,0.010532898851255721,0.8084873475965305,532,NS
BRD:BRD-A86665761-001-01-1,0.010540231740593473,0.8078250647700089,535,NS
BRD:BRD-K22477529-001-02-7,0.01054291321042671,0.8198649520599365,469,NS
BRD:BRD-K00003094-001-01-9,0.010548076133514281,0.754953778677367,878,NS
BRD:BRD-A08660406-001-05-9,0.010578090174118931,0.8121897922091023,507,NS
BRD:BRD-K15507868-001-03-7,0.010586084152223443,0.8038361410347575,553,NS
BRD:BRD-A98845662-036-03-7,0.010592923772243506,0.803886705785197,552,NS
BRD:BRD-K31802667-001-01-9,0.010622608362611386,0.8065310805562769,534,NS
BRD:BRD-K99922388-001-02-0,0.010638149824609226,0.8032421329945414,551,NS
BRD:BRD-A45153512-001-01-0,0.010643658136515426,0.8054418271769346,538,NS
BRD:BRD-K55438324-001-01-8,0.010655280995071409,0.8179784223677052,469,NS
BRD:BRD-K81048131-001-03-9,0.010660412766346756,0.75270255779898,876,NS
BRD:BRD-K00004668-001-01-9,0.010694887016660819,0.75234141315668,873,NS
BRD:BRD-K16183658-001-01-4,0.01071715358891755,0.8167474809874069,470,NS
BRD:BRD-A07932845-050-15-8,0.010742670259189933,0.8008179996424054,554,NS
BRD:BRD-K72514671-001-01-4,0.010754155339738067,0.8163193006900855,469,NS
BRD:BRD-K19412355-001-01-0,0.01077151491633335,0.804235654908847,532,NS
BRD:BRD-K26273521-001-07-3,0.010771603753502772,0.8160265994529322,469,NS
BRD:BRD-K84925803-001-01-9,0.010784883965977963,0.8027328419438975,539,NS
BRD:BRD-K70330367-003-07-9,0.010802367077537999,0.7999123509287158,553,NS
BRD:BRD-K22385716-001-02-5,0.010834673006572816,0.800400040343764,547,NS
BRD:BRD-K36338614-001-02-1,0.010856526987796414,0.7483054987846784,876,NS
BRD:BRD-K00003424-001-01-9,0.01086892820541738,0.7477492249554796,878,NS
BRD:BRD-K86436199-003-01-3,0.010891307828706643,0.7997397856211684,545,NS
BRD:BRD-A50998626-001-02-1,0.010968921389396709,0.7977985342909275,548,NS
BRD:BRD-A75015151-001-08-9,0.010971281026940092,0.7454555351712141,878,NS
BRD:BRD-K00003280-300-01-9,0.011005587749553371,0.7446872365068943,878,NS
BRD:BRD-A70649075-008-30-8,0.011085055558345228,0.7951562254542112,551,NS
BRD:BRD-K39359968-001-03-9,0.011089484086197317,0.7428094484980075,878,NS
BRD:BRD-K22261391-001-01-2,0.011149991120383037,0.7932502874909463,555,NS
BRD:BRD-K32285926-001-02-1,0.011210881670946431,0.7939938282055058,545,NS
BRD:BRD-K49954789-001-02-9,0.011212599441905842,0.7928525400399531,551,NS
BRD:BRD-A85025557-001-02-5,0.011237115861094297,0.7937087131735817,544,NS
BRD:BRD-K48832421-001-03-9,0.011240597393266048,0.7397180428852319,876,NS
BRD:BRD-K24031866-001-02-1,0.011243292937362072,0.7396578859264549,876,NS
BRD:BRD-K00003103-001-01-9,0.01129154802295366,0.7382930903149589,878,NS
BRD:BRD-K52233191-001-02-4,0.011307598402659472,0.7933828612060951,539,NS
BRD:BRD-K34157611-001-16-0,0.011316071947480476,0.7921049202645446,545,NS
BRD:BRD-A29734509-011-13-6,0.011317615826355404,0.7902139942582516,555,NS
BRD:BRD-K72728560-001-01-4,0.011331176517004654,0.7907124279334126,551,NS
BRD:BRD-K34591242-001-04-3,0.011342797500771145,0.7905027735393033,551,NS
BRD:BRD-K45117373-001-02-9,0.011351739073459731,0.7925946352255199,539,NS
BRD:BRD-K16338837-001-02-6,0.011394835565160763,0.7903148769288224,547,NS
BRD:BRD-K06388322-312-02-6,0.011397964050369512,0.7896951757837315,550,NS
BRD:BRD-K98572433-001-02-9,0.011398990055242975,0.7891148201173506,553,NS
BRD:BRD-K06204668-001-03-9,0.011399063253798419,0.7361842424859703,876,NS
BRD:BRD-K92517771-001-01-2,0.011438384327563587,0.8046559159252058,470,NS
BRD:BRD-K45542189-048-22-1,0.011458077242449625,0.7888007638011764,549,NS
BRD:BRD-K37764012-001-04-1,0.011466117236131284,0.7879024519582072,553,NS
BRD:BRD-K02594908-001-16-4,0.01147205305463404,0.7904472471798457,539,NS
BRD:BRD-A05729358-001-02-0,0.011474129591412623,0.7883230822657769,550,NS
BRD:BRD-A24560335-300-01-2,0.01147973978542841,0.7887892681329586,547,NS
BRD:BRD-K49659468-436-01-2,0.01148053181535356,0.7910609988693371,535,NS
BRD:BRD-K80762071-236-02-5,0.011485390437291647,0.7909746198815376,535,NS
BRD:BRD-K28861668-001-01-9,0.011485405622547578,0.7879312131335754,551,NS
BRD:BRD-K78815826-001-14-6,0.01156137242383593,0.7865622912977197,551,NS
BRD:BRD-K24283677-001-01-9,0.011666940025148982,0.8010423395317121,469,NS
BRD:BRD-K43802723-340-01-9,0.011667676299003726,0.7838834076454956,555,NS
BRD:BRD-K00003250-001-01-9,0.011694984443142363,0.7293028886216687,878,NS
BRD:BRD-K00068629-001-02-9,0.011727364385675112,0.7315798754337419,858,NS
BRD:BRD-A78723049-001-01-2,0.0117316849188862,0.7848474107560488,544,NS
BRD:BRD-K00003385-001-01-9,0.011733280319547883,0.7284514062172687,878,NS
BRD:BRD-K00004688-001-01-9,0.011752481446467873,0.7280246081956868,878,NS
BRD:BRD-A36331462-001-02-1,0.011781904010722146,0.7837547092168953,545,NS
BRD:BRD-K75958547-238-01-0,0.011810055339477625,0.7816987632323003,553,NS
BRD:BRD-K13699028-003-02-9,0.011852671260156572,0.7257989815051947,878,NS
BRD:BRD-K64931368-003-01-4,0.011855033715217704,0.7818605308165435,548,NS
BRD:BRD-K70404782-001-01-6,0.011857127735184264,0.7978685509784267,469,NS
BRD:BRD-K51329597-001-02-9,0.011891901541235353,0.7252297713264959,876,NS
BRD:BRD-K59650319-003-04-9,0.011897685357706288,0.7251015402094145,876,NS
BRD:BRD-K05977823-001-05-3,0.011900050833045437,0.7971527231077538,469,NS
BRD:BRD-K95941975-001-01-5,0.011946881156540098,0.7827818216955233,535,NS
BRD:BRD-K33610132-001-02-9,0.011959799421014052,0.7803753905773771,546,NS
BRD:BRD-K00003489-001-01-9,0.011970821130696564,0.7231773566717462,878,NS
BRD:BRD-K70504253-001-01-3,0.012040370446413318,0.7811250058411984,535,NS
BRD:BRD-K82818427-001-02-2,0.012049470469970477,0.7835866051851236,522,NS
BRD:BRD-K66786476-001-01-3,0.012068268340122342,0.7806307912674844,535,NS
BRD:BRD-A22143024-231-03-8,0.012071978364884543,0.7773784335542991,551,NS
BRD:BRD-K06388517-001-01-2,0.012073048597190463,0.7805461172952037,535,NS
BRD:BRD-K99750640-236-20-3,0.012088372788393094,0.7208781998457544,876,NS
BRD:BRD-K14395568-001-16-3,0.012090639580998404,0.7778364011998049,547,NS
BRD:BRD-K14618467-001-04-6,0.01209691628100583,0.7761403841623852,555,NS
BRD:BRD-K96006502-001-02-6,0.01211160901709214,0.7774612053484065,547,NS
BRD:BRD-K00005247-001-01-9,0.012134358706606061,0.7195539756342019,878,NS
BRD:BRD-A25988899-001-01-6,0.012134571915018955,0.7198562547321732,876,NS
BRD:BRD-A19736161-001-06-7,0.012147386198758818,0.7752314013040553,555,NS
BRD:BRD-K26060080-065-05-6,0.012177743392464696,0.7762782346975656,547,NS
BRD:BRD-K43410529-001-02-3,0.01218029624827288,0.7778390231052346,539,NS
BRD:BRD-K79090631-001-22-3,0.012193765798084632,0.7922590352222753,469,NS
BRD:BRD-K42959922-001-01-5,0.012217923104805737,0.7771707824774695,539,NS
BRD:BRD-K46018455-001-27-6,0.01224581755649201,0.7766754922293412,539,NS
BRD:BRD-K06543683-066-02-1,0.01227538890685998,0.7735278521706304,552,NS
BRD:BRD-A73908300-001-06-7,0.01231845044015524,0.7721527588053168,555,NS
BRD:BRD-A76672327-003-02-0,0.012328121515588323,0.7752146421422582,539,NS
BRD:BRD-A58564983-001-04-6,0.012369411720111665,0.7712362975583574,555,NS
BRD:BRD-K29570907-001-07-3,0.012379586974086044,0.7753273571246244,534,NS
BRD:BRD-A59001851-001-02-1,0.012384843241439054,0.7756464595631817,532,NS
BRD:BRD-K55773932-001-02-0,0.012387538288272132,0.7717180927921617,551,NS
BRD:BRD-A78588743-001-03-4,0.012399244425320314,0.7706999492813369,555,NS
BRD:BRD-K37890730-001-15-1,0.012422763405238178,0.7735357809777995,539,NS
BRD:BRD-K84075000-001-05-5,0.012430382189092135,0.7711535723435637,550,NS
BRD:BRD-K69726342-238-02-4,0.012431442995966976,0.7705259481706791,553,NS
BRD:BRD-A02532772-003-01-7,0.012437694622515203,0.7882010343876116,469,NS
BRD:BRD-K58265391-001-12-7,0.012445858410507665,0.7706732939410351,551,NS
BRD:BRD-M02075109-001-01-1,0.012459437705304343,0.7712452873382524,547,NS
BRD:BRD-K14287049-001-01-3,0.01247604915351436,0.7123182279224883,876,NS
BRD:BRD-K35719256-001-02-6,0.012499634561330263,0.7693026751597801,553,NS
BRD:BRD-K19655798-001-01-9,0.012505782129365508,0.7708283908683983,545,NS
BRD:BRD-K00003429-001-01-9,0.012510891009965008,0.7120242918914423,873,NS
BRD:BRD-K50813454-001-01-9,0.012549256180208714,0.7723322463331483,534,NS
BRD:BRD-K30707190-001-04-1,0.012562671852227356,0.7694032232311757,547,NS
BRD:BRD-K06750613-001-07-3,0.012566347593340292,0.7858394658858864,470,NS
BRD:BRD-K36636143-001-01-0,0.012569803507925038,0.771761289090478,535,NS
BRD:BRD-K00003174-001-01-9,0.01257839584761358,0.7097476590193691,878,NS
BRD:BRD-K88677950-001-03-9,0.012613717064912518,0.7676684451462517,551,NS
BRD:BRD-K47084954-001-02-9,0.012621162824034825,0.709600531654653,873,NS
BRD:BRD-K34411947-001-12-5,0.012644669899735207,0.767320995876567,550,NS
BRD:BRD-K00076620-001-02-9,0.012649343991723327,0.7113864905931784,858,NS
BRD:BRD-K22314899-001-02-4,0.0126667921932358,0.7679616969813784,545,NS
BRD:BRD-K26619122-001-02-1,0.012667223023038209,0.7692041932429399,539,NS
BRD:BRD-A54139254-001-09-2,0.012676272600057931,0.784237584371091,469,NS
BRD:BRD-K10706131-046-03-6,0.012680936539007766,0.7672945554025871,547,NS
BRD:BRD-K41564320-001-02-0,0.012729002397059772,0.7653994183123257,552,NS
BRD:BRD-K40407248-001-04-9,0.012767042956886914,0.705916646794647,876,NS
BRD:BRD-K07572174-001-39-4,0.012779074143231378,0.7708375233152148,522,NS
BRD:BRD-K00004720-001-01-9,0.012782873174860796,0.7060514642745539,873,NS
BRD:BRD-K00003452-001-01-9,0.012827367869873919,0.705076051024811,873,NS
BRD:BRD-K52579889-001-01-9,0.012828229236258063,0.767414997107099,534,NS
BRD:BRD-A03204438-001-01-2,0.012857035943932402,0.7810099283942895,470,NS
BRD:BRD-A92670106-003-05-4,0.012868589628630661,0.7631126195458503,551,NS
BRD:BRD-A85216385-003-02-4,0.012900659216408735,0.7623301025669242,552,NS
BRD:BRD-K49313711-001-05-4,0.012923538230884558,0.7621314831098964,551,NS
BRD:BRD-K26657438-001-15-2,0.012932621915938386,0.761759002217206,552,NS
BRD:BRD-K44731351-001-01-6,0.012959751162355166,0.7795354594913801,469,NS
BRD:BRD-K33183200-303-02-4,0.0130083906366984,0.7604057058186577,552,NS
BRD:BRD-K35629949-001-02-0,0.013022244889487203,0.7616443080046549,545,NS
BRD:BRD-K95851186-001-07-8,0.013027285425056975,0.7598568320958662,553,NS
BRD:BRD-K60640630-001-11-0,0.013048571408075867,0.7599003719629515,551,NS
BRD:BRD-K93208532-001-02-5,0.013061741064753817,0.7588178388342308,555,NS
BRD:BRD-K69669039-001-01-8,0.013075492013836102,0.7628483542703438,535,NS
BRD:BRD-K18573821-001-03-9,0.01310173736601086,0.69825137585662,878,NS
BRD:BRD-K00091073-001-01-9,0.013106524589715132,0.701446674229221,858,NS
BRD:BRD-K81418486-001-47-5,0.013107767009908579,0.765113830494611,522,NS
BRD:BRD-K69832040-001-01-9,0.013118299082097115,0.7769090781689053,469,NS
BRD:BRD-K77245796-003-01-6,0.013125029216372817,0.7611116997665238,539,NS
BRD:BRD-K36449075-001-01-0,0.013148689597471248,0.7583290023163418,550,NS
BRD:BRD-K01029106-001-02-9,0.013151149290577448,0.6979927690174275,873,NS
BRD:BRD-K86856088-001-06-9,0.013160711531024227,0.7615667680676459,534,NS
BRD:BRD-K81647657-001-04-3,0.013175105344546686,0.7567902026726064,555,NS
BRD:BRD-K79905821-004-03-6,0.013199563523362769,0.7584987431671233,545,NS
BRD:BRD-K00003509-001-01-9,0.013213469131338447,0.6958057756063355,878,NS
BRD:BRD-K00003254-001-01-9,0.01321625267420681,0.6957448892116314,878,NS
BRD:BRD-K00003211-001-01-9,0.013260381579935207,0.6947798883629996,878,NS
BRD:BRD-K76819217-001-02-2,0.01327509549227899,0.7740790091806751,470,NS
BRD:BRD-K58772419-001-07-0,0.013306026412631006,0.7553125939234652,551,NS
BRD:BRD-K99615199-001-18-5,0.013314275876415859,0.7551657319617383,551,NS
BRD:BRD-A10977446-001-12-1,0.013317549924673357,0.7592528859260536,532,NS
BRD:BRD-K30485548-050-01-6,0.013322576448848898,0.7585047001764192,535,NS
BRD:BRD-K00073038-001-02-9,0.01334144139881456,0.6963588582089639,858,NS
BRD:BRD-K78118466-001-03-3,0.013352908267590237,0.7536133805970749,555,NS
BRD:BRD-K01377300-001-01-1,0.01339495483328431,0.7528627359682183,555,NS
BRD:BRD-K33453211-003-11-5,0.013437144406886653,0.7525441515431933,553,NS
BRD:BRD-A81370665-001-03-6,0.013438966847792132,0.7520772523281557,555,NS
BRD:BRD-K95763993-001-19-3,0.01346283301195905,0.7516514192349075,555,NS
BRD:BRD-K87156652-001-12-7,0.013498845522212487,0.7545230969709474,539,NS
BRD:BRD-K92991072-001-04-9,0.01350045702866573,0.756050404124733,532,NS
BRD:BRD-K47289408-001-01-5,0.013502098243993866,0.770323046962258,470,NS
BRD:BRD-K34508702-001-02-4,0.013510181947555093,0.7552117246133478,535,NS
BRD:BRD-K65716359-001-02-1,0.01351846754774469,0.7524112901258145,547,NS
BRD:BRD-A18056626-003-22-3,0.013541418168474787,0.7513449638499027,550,NS
BRD:BRD-A00047421-001-01-7,0.013570666826681968,0.6880086541416994,878,NS
BRD:BRD-K68653965-001-01-1,0.013579765141352769,0.7504440702904474,551,NS
BRD:BRD-K00004725-001-01-9,0.013601777565771168,0.688178160403267,873,NS
BRD:BRD-K66830666-001-02-7,0.013623958210140868,0.6871871353677801,876,NS
BRD:BRD-K59273480-001-10-6,0.013636494453573641,0.7485551351468058,555,NS
BRD:BRD-K99433989-001-02-9,0.013662789684924133,0.6860030609468712,878,NS
BRD:BRD-K00005336-001-01-9,0.013684082901388499,0.6855398028105463,878,NS
BRD:BRD-K00080753-001-01-9,0.01369906497825014,0.6888121493703194,857,NS
BRD:BRD-K68552125-001-05-3,0.01371090409384976,0.7476720091466675,553,NS
BRD:BRD-A42628519-001-12-4,0.013714330597840938,0.7525373781959556,531,NS
BRD:BRD-K63126190-003-01-6,0.013720519125623772,0.7510742497137887,537,NS
BRD:BRD-K55192287-051-01-1,0.013733724269674416,0.7664961158221483,470,NS
BRD:BRD-K05804044-001-06-0,0.013758158178734775,0.7474992348948564,550,NS
BRD:BRD-K60427831-001-02-9,0.013766322211238722,0.6840936091795745,876,NS
BRD:BRD-K39166528-001-01-0,0.013768788966133665,0.7468654335878682,552,NS
BRD:BRD-A75726477-003-21-3,0.01379745067249937,0.7456889828137121,555,NS
BRD:BRD-K16810791-001-01-0,0.013813876209014248,0.7453966892961774,555,NS
BRD:BRD-K97056771-001-13-1,0.01382377364768347,0.745220581358774,555,NS
BRD:BRD-K23228615-001-02-8,0.013850646115891667,0.7469833020785274,545,NS
BRD:BRD-A33352494-316-01-6,0.013869649839560943,0.7491424669915948,534,NS
BRD:BRD-K44869961-001-01-6,0.013871613415700814,0.7642205945622762,470,NS
BRD:BRD-K05446112-001-01-8,0.013876301319102781,0.7454055901028606,550,NS
BRD:BRD-A22769835-300-05-7,0.013888490690728054,0.7451896855130683,550,NS
BRD:BRD-K57886322-001-16-6,0.013892382042257088,0.7460213128602172,546,NS
BRD:BRD-K54395039-001-01-7,0.01390351471384118,0.743802211098224,555,NS
BRD:BRD-K24968862-001-01-0,0.01396977841670463,0.7426242242929755,555,NS
BRD:BRD-K72726508-001-02-1,0.013995192280197414,0.7439801177029114,547,NS
BRD:BRD-K15324227-001-02-9,0.014011519510980905,0.6819217594583284,858,NS
BRD:BRD-K26373640-001-05-1,0.014024179232085108,0.741657576052626,555,NS
BRD:BRD-K10852020-001-04-5,0.014028855329088137,0.7468224137328339,532,NS
BRD:BRD-K51471001-303-04-7,0.014048495706911216,0.743039291944351,547,NS
BRD:BRD-K23403298-003-01-9,0.014050757173433752,0.7448281278934888,539,NS
BRD:BRD-A91728607-236-11-9,0.014080129646840876,0.7452350279817048,535,NS
BRD:BRD-K51313569-003-03-3,0.014090589029745854,0.7416129336716449,550,NS
BRD:BRD-K01036220-001-01-0,0.014109943188631603,0.7602923395138452,470,NS
BRD:BRD-K39841531-001-02-1,0.01411748671118986,0.740909500329828,551,NS
BRD:BRD-A79672927-001-20-7,0.014134369790553778,0.7408388284139712,550,NS
BRD:BRD-K87665527-001-02-9,0.014145246809344038,0.6755358639400411,878,NS
BRD:BRD-K76775527-001-30-2,0.014164779016868462,0.7391611437689645,555,NS
BRD:BRD-A78277353-001-01-9,0.014165782449717182,0.7437393411952828,535,NS
BRD:BRD-K00003207-001-01-9,0.014208110219581951,0.6750548847397309,873,NS
BRD:BRD-K52512893-001-08-9,0.014208948549491823,0.7395207740068412,550,NS
BRD:BRD-K27040396-051-02-9,0.014222459097189428,0.6738664306540456,878,NS
BRD:BRD-K68095457-001-10-1,0.014247558710388474,0.7395291466394304,547,NS
BRD:BRD-K92404805-001-07-0,0.014280670302279006,0.7371054833448079,555,NS
BRD:BRD-K18834913-001-01-1,0.01429660158024157,0.7375120967255075,552,NS
BRD:BRD-K35586044-003-15-4,0.014312178647041034,0.7388541701248356,545,NS
BRD:BRD-K28143534-001-02-2,0.014313536887023106,0.7418655796326434,532,NS
BRD:BRD-A32988684-003-08-7,0.014325649160673406,0.7374598180867435,550,NS
BRD:BRD-K98006098-001-01-6,0.014342956196501859,0.756457664939743,470,NS
BRD:BRD-A07440155-003-25-4,0.014356879917559458,0.7369085951788534,550,NS
BRD:BRD-K73753850-003-01-6,0.014377132504024035,0.7400528362033446,535,NS
BRD:BRD-K28687144-001-08-7,0.014379796909602989,0.7400063996892489,535,NS
BRD:BRD-K50720187-051-03-1,0.014387570790270667,0.7557241246195329,470,NS
BRD:BRD-K66030860-001-03-6,0.014389725621527485,0.737025572539914,547,NS
BRD:BRD-K21615095-001-08-4,0.014395119282143555,0.7428221060475069,522,NS
BRD:BRD-K29530284-001-06-2,0.014399917060747867,0.7368462067357342,547,NS
BRD:BRD-A47706533-001-02-6,0.014406575048031714,0.7360317543848877,550,NS
BRD:BRD-K19284129-001-02-6,0.014420093226037399,0.7400129664791236,532,NS
BRD:BRD-K63483542-300-01-6,0.014459965777844475,0.7547885294263522,469,NS
BRD:BRD-K17026858-001-01-2,0.014479655210454597,0.736145905619321,544,NS
BRD:BRD-K11433652-001-17-0,0.01448703961704114,0.7388497890591047,532,NS
BRD:BRD-K15179513-001-03-4,0.014488927184586317,0.7352802680017763,547,NS
BRD:BRD-K00003355-001-01-9,0.014498083029874709,0.6679201861776334,878,NS
BRD:BRD-K49404994-001-10-9,0.014552627404459584,0.7360470090848761,539,NS
BRD:BRD-K24084088-001-11-3,0.01456366647643313,0.7332622295353238,550,NS
BRD:BRD-A15202882-003-02-7,0.014590408032674303,0.7370549584340339,532,NS
BRD:BRD-K00003444-001-01-9,0.014597127680764795,0.6666864486436487,873,NS
BRD:BRD-K29735307-001-02-9,0.014626589293498363,0.7309808280878737,555,NS
BRD:BRD-K99113996-001-02-0,0.014629397077518001,0.7309311842715258,555,NS
BRD:BRD-K45528773-001-06-4,0.014685487847516525,0.7354053078834041,532,NS
BRD:BRD-K00004708-001-01-9,0.014689491493612667,0.6638029666442801,878,NS
BRD:BRD-K38797369-003-01-1,0.014705842030596364,0.7374729125390633,522,NS
BRD:BRD-K38436528-003-26-1,0.014746892335846131,0.7326571336479064,539,NS
BRD:BRD-A86871940-001-01-9,0.014776415580709905,0.7345553929394498,529,NS
BRD:BRD-K13078532-001-28-4,0.014800874284630552,0.730039462994021,546,NS
BRD:BRD-A66435872-332-01-8,0.014802707546130136,0.7278691026956305,555,NS
BRD:BRD-K25325018-001-05-6,0.014821349470100569,0.748603591808532,470,NS
BRD:BRD-K31553034-001-03-0,0.014826008048607273,0.7284069612874935,551,NS
BRD:BRD-K77320845-001-01-2,0.014826633398167201,0.7322322125743954,535,NS
BRD:BRD-K70163715-300-05-7,0.014839769359064333,0.7366478456208958,516,NS
BRD:BRD-K80935598-001-01-1,0.014889636521452192,0.7272876371376832,551,NS
BRD:BRD-A99117172-065-04-0,0.014912017675372839,0.7268940554937086,551,NS
BRD:BRD-K51087630-001-01-6,0.014940920208429622,0.7309795550231901,532,NS
BRD:BRD-A80280426-001-03-8,0.01500847459463698,0.7293207708560708,534,NS
BRD:BRD-K78431006-001-10-2,0.015017643412833395,0.7240775905769009,555,NS
BRD:BRD-K00004682-001-01-9,0.01505113931163109,0.6560515534799757,878,NS
BRD:BRD-K09877029-001-01-2,0.01506106659242949,0.7240338395862862,552,NS
BRD:BRD-A78877355-001-03-0,0.015120829475555079,0.7222597565370206,555,NS
BRD:BRD-K86930074-001-05-0,0.015153430979240854,0.7255800089118887,539,NS
BRD:BRD-K42325600-001-01-8,0.015168899131578062,0.6535354443449907,878,NS
BRD:BRD-K46531780-003-19-7,0.015199057134247409,0.6528917054291199,878,NS
BRD:BRD-K89056082-001-07-7,0.015200254606401405,0.7220749116018668,550,NS
BRD:BRD-K94353609-001-21-6,0.015208765528601297,0.7219257363596655,550,NS
BRD:BRD-K72339976-065-02-1,0.015250389159487242,0.7209524663264579,551,NS
BRD:BRD-K45503887-001-01-1,0.015264747395076595,0.7221688815672843,545,NS
BRD:BRD-K00076721-001-02-9,0.015268424181939258,0.65515583200327,858,NS
BRD:BRD-K82142815-001-19-1,0.015269398793426254,0.7206191631326291,551,NS
BRD:BRD-K90993449-001-02-7,0.015297192567728999,0.7203764557689825,550,NS
BRD:BRD-K00004550-001-01-9,0.015307012500651671,0.6505894564548174,878,NS
BRD:BRD-K01653460-001-01-1,0.015315182413374361,0.7245110262714315,532,NS
BRD:BRD-K00005244-001-01-9,0.015351625685014497,0.6505741375256008,873,NS
BRD:BRD-K07785030-001-01-6,0.0153741687446418,0.7227433433715539,535,NS
BRD:BRD-K06674495-334-03-2,0.01538345581307707,0.7188661881911099,550,NS
BRD:BRD-K89634775-001-09-9,0.01538410220726957,0.7186091494975345,551,NS
BRD:BRD-K82967180-001-01-6,0.015414291558066015,0.7220496575798433,535,NS
BRD:BRD-A12896037-001-04-3,0.01541775384816224,0.7227416374149715,532,NS
BRD:BRD-K90069354-001-03-7,0.01542685537276297,0.7220829609124638,534,NS
BRD:BRD-K38911213-003-01-6,0.015472909478275215,0.7170542603936351,551,NS
BRD:BRD-K94441233-001-17-1,0.015533963599127652,0.7192276241667513,538,NS
BRD:BRD-K60770992-066-25-0,0.015537782574308864,0.7232137069256775,522,NS
BRD:BRD-K26341917-001-01-3,0.015546822243439423,0.7160090267368615,550,NS
BRD:BRD-K84924563-001-04-9,0.015558245557762916,0.6461896535611227,873,NS
BRD:BRD-K61937613-001-01-1,0.015558368061852302,0.7228620663011334,522,NS
BRD:BRD-K43586850-001-02-9,0.01556333623704997,0.7144819261250084,555,NS
BRD:BRD-K59339270-001-02-6,0.015590431352839473,0.7140066320128503,555,NS
BRD:BRD-K49597925-300-01-9,0.015604116429775373,0.7360808212362241,469,NS
BRD:BRD-A37752546-001-02-9,0.015606642274380043,0.6442170423191561,878,NS
BRD:BRD-K00004681-001-01-9,0.015622208838955992,0.6438866854373082,878,NS
BRD:BRD-K25114078-003-08-1,0.015633470026193717,0.7139971202847714,552,NS
BRD:BRD-K03665769-001-02-9,0.0156472764517,0.6437341809341194,876,NS
BRD:BRD-K80060353-303-03-9,0.015666273137950906,0.7210197914014815,522,NS
BRD:BRD-K00989047-001-01-2,0.015681625173264418,0.7345456218300519,470,NS
BRD:BRD-K19742012-001-02-3,0.015718495783140714,0.7339450491626436,470,NS
BRD:BRD-A06771424-004-01-7,0.015727489598971273,0.7156264489213204,539,NS
BRD:BRD-K01577834-001-15-1,0.015747624220024733,0.7170613289775142,532,NS
BRD:BRD-A29281099-003-03-2,0.015769024744064573,0.7149081169709468,539,NS
BRD:BRD-K25340465-001-11-1,0.01577038171019928,0.719243863288536,522,NS
BRD:BRD-K10031916-075-01-3,0.01578021649058254,0.7329400650360242,470,NS
BRD:BRD-K73565918-003-02-9,0.015786302262427283,0.6407905211013233,876,NS
BRD:BRD-K00004665-001-01-9,0.015797095677770535,0.6411364958104112,873,NS
BRD:BRD-K19972289-001-01-4,0.015800520792235463,0.7113284036970614,551,NS
BRD:BRD-K09255212-001-16-6,0.015807238387251878,0.716036435832141,532,NS
BRD:BRD-K54759182-003-08-0,0.015826428265307762,0.7101223416885143,554,NS
BRD:BRD-K22518984-001-01-8,0.015835816193630187,0.7147757609205386,535,NS
BRD:BRD-K00003270-003-01-9,0.01583799546475765,0.6393144748267934,878,NS
BRD:BRD-K84068331-001-02-9,0.015853934350354204,0.6389772917842741,878,NS
BRD:BRD-K06712146-001-04-9,0.015855081265312973,0.6399122303775066,873,NS
BRD:BRD-K41933240-001-02-4,0.01585811865690424,0.731672253319297,470,NS
BRD:BRD-K38323065-001-19-9,0.015868939010767576,0.7103870731197258,550,NS
BRD:BRD-K00004714-001-01-9,0.0158703036092899,0.6395909988524957,873,NS
BRD:BRD-K91876515-001-03-9,0.015871752570626216,0.6386004400699689,878,NS
BRD:BRD-K97564742-050-32-7,0.015906658028051166,0.7084677065358497,555,NS
BRD:BRD-K89053832-001-01-0,0.015926101063163983,0.7086322206348596,553,NS
BRD:BRD-K00005338-001-01-9,0.01593507071500215,0.6382249970445355,873,NS
BRD:BRD-K49236613-001-02-3,0.015957814187040623,0.7096011686595564,547,NS
BRD:BRD-K00003330-001-01-9,0.01597068358467381,0.6365097661586502,878,NS
BRD:BRD-K76908866-001-07-6,0.015986629060307456,0.707575600914787,553,NS
BRD:BRD-K14988953-001-04-4,0.016001356697690716,0.6362481740514155,876,NS
BRD:BRD-A39390670-236-10-7,0.016016999497326694,0.7070456443529705,553,NS
BRD:BRD-K62537556-001-02-5,0.016069649454700727,0.7081717814403657,545,NS
BRD:BRD-K23925186-001-02-8,0.016079332756855313,0.7139825690765894,522,NS
BRD:BRD-A46186775-369-02-0,0.016080341663037803,0.7067059311298343,550,NS
BRD:BRD-K00079087-001-02-9,0.01610637329493072,0.6375516084122653,858,NS
BRD:BRD-K00004577-001-01-9,0.01610870830588537,0.6335977635259105,878,NS
BRD:BRD-K37618799-001-03-0,0.016123184779874556,0.7059607360461365,550,NS
BRD:BRD-K00003307-001-01-9,0.016129155600707958,0.6341389067911655,873,NS
BRD:BRD-K88358234-003-04-8,0.01613146030011548,0.7053050802658007,552,NS
BRD:BRD-K60379054-001-09-9,0.01614046197007161,0.6329286333342141,878,NS
BRD:BRD-K82225283-001-03-1,0.01617321199140568,0.7097558154960952,532,NS
BRD:BRD-K11756522-001-09-9,0.01622776814589019,0.7041428389457448,550,NS
BRD:BRD-K87454346-001-01-1,0.0162756059953542,0.630475290550158,876,NS
BRD:BRD-K79759585-048-04-8,0.016323536865706794,0.704037029043228,544,NS
BRD:BRD-K32572029-001-04-4,0.016332991125822625,0.7030933759225882,547,NS
BRD:BRD-K52523550-001-01-5,0.01634229909324351,0.7034523796123471,545,NS
BRD:BRD-K00004576-001-01-9,0.016343802436041475,0.6286508592244925,878,NS
BRD:BRD-K75349868-001-03-9,0.016346779070260428,0.6289807683692287,876,NS
BRD:BRD-K00003295-300-01-9,0.01637470508075204,0.6280018284135938,878,NS
BRD:BRD-A28958257-001-01-2,0.016413112070593303,0.6996288736300467,555,NS
BRD:BRD-K00004593-001-01-9,0.016418831035084038,0.6280610226593738,873,NS
BRD:BRD-A28318179-003-08-5,0.016467794810728607,0.699716451262274,551,NS
BRD:BRD-K95110148-003-01-5,0.016509519105489607,0.6987317998682777,552,NS
BRD:BRD-K96550715-001-02-6,0.016519318010549046,0.698301015540724,553,NS
BRD:BRD-K77561571-001-01-1,0.01652247525815819,0.6977254923868412,555,NS
BRD:BRD-A67036568-001-03-9,0.01653563640951727,0.6246265278326073,878,NS
BRD:BRD-K40269473-001-02-2,0.016553565518660197,0.7000666677123699,544,NS
BRD:BRD-K00003246-001-01-9,0.01658886058589198,0.6235119512228593,878,NS
BRD:BRD-K45114938-236-01-8,0.016607466896484242,0.7058332843715328,519,NS
BRD:BRD-K92000912-001-12-6,0.01662367028110386,0.6972764913933255,550,NS
BRD:BRD-K02953697-001-09-2,0.016629212157783346,0.6982342426464947,546,NS
BRD:BRD-K14003026-003-09-0,0.016635731217947727,0.7179094177025498,474,NS
BRD:BRD-K41262162-303-11-9,0.01664600299776929,0.6223162795260389,878,NS
BRD:BRD-K13829090-303-02-9,0.016655919684585234,0.6961923501321544,552,NS
BRD:BRD-A96466199-001-01-4,0.016661311733885437,0.700605995960019,535,NS
BRD:BRD-K00003166-001-01-9,0.01668387336443697,0.6215244115969617,878,NS
BRD:BRD-A04327189-001-15-1,0.016693830118433606,0.6957986305058743,551,NS
BRD:BRD-K89071957-001-01-1,0.016700653450520683,0.6988632286085318,539,NS
BRD:BRD-K35775715-001-03-1,0.016733756002773645,0.6945800133821789,553,NS
BRD:BRD-K57090026-001-04-9,0.016734937420087605,0.620856864591079,876,NS
BRD:BRD-K01614093-001-02-6,0.016762822593782437,0.7021188138168418,523,NS
BRD:BRD-K36529613-001-02-6,0.016776579711935396,0.6933103353625685,555,NS
BRD:BRD-K38903228-001-13-5,0.016798269843487097,0.6929339395623082,555,NS
BRD:BRD-K80431395-001-07-3,0.01683930846091801,0.7010985495593763,522,NS
BRD:BRD-K55529781-236-03-8,0.01683981309259176,0.7160503245757243,469,NS
BRD:BRD-K26634012-001-04-9,0.016851544042197252,0.6962768819418781,539,NS
BRD:BRD-K12244279-001-05-8,0.01685348772312836,0.6941007780851913,547,NS
BRD:BRD-K00003170-001-01-9,0.016855084656072057,0.6189551033677377,873,NS
BRD:BRD-A22844106-001-26-0,0.016881089614420964,0.6928251127762386,550,NS
BRD:BRD-K00078221-019-02-9,0.016902202669485188,0.6210189623318996,858,NS
BRD:BRD-A67265925-236-02-6,0.016917566858372694,0.6166475930880704,878,NS
BRD:BRD-A74975734-004-10-7,0.016920470661210302,0.6921450501823344,550,NS
BRD:BRD-K33681278-036-01-2,0.01692946535806942,0.6952128145502895,538,NS
BRD:BRD-K00029607-334-02-9,0.016940275721279385,0.6202327092215317,858,NS
BRD:BRD-K23952234-236-03-4,0.01699415861118373,0.6150528954540432,878,NS
BRD:BRD-K28824103-001-02-8,0.017016563007347375,0.6981056434472338,522,NS
BRD:BRD-K68395654-001-03-1,0.01702226081365369,0.6890513877620649,555,NS
BRD:BRD-K67277431-002-10-5,0.01703066855985427,0.6921279297235499,543,NS
BRD:BRD-K00093440-001-01-9,0.01705704067952646,0.6178240800071464,858,NS
BRD:BRD-K00075152-001-02-9,0.017066083979254028,0.6176377052585817,858,NS
BRD:BRD-K67525671-001-02-5,0.01706864564007421,0.6925618199809476,539,NS
BRD:BRD-K62056274-332-01-8,0.017077925131843006,0.6880877901544568,555,NS
BRD:BRD-K64103579-003-02-9,0.017111224665121046,0.6130252222623752,876,NS
BRD:BRD-K00003441-001-01-9,0.01711469415749845,0.6135637382030871,873,NS
BRD:BRD-K00004741-001-01-9,0.01712035744660835,0.6134463582563775,873,NS
BRD:BRD-K71900389-001-02-9,0.01712184617993649,0.6128047904785127,876,NS
BRD:BRD-K29905972-001-06-3,0.01714661991020095,0.6890550890089002,547,NS
BRD:BRD-A25043798-001-02-9,0.017183843694145003,0.6115188338903168,876,NS
BRD:BRD-K81332461-001-01-4,0.017201078187566735,0.6922222562212035,532,NS
BRD:BRD-K13060017-001-02-1,0.017219034513456032,0.6910907067098444,535,NS
BRD:BRD-K91900765-001-07-6,0.01723198441848795,0.691145769984623,534,NS
BRD:BRD-K97181972-001-01-9,0.017237040524649277,0.6104163736945779,876,NS
BRD:BRD-K50653584-001-01-2,0.01726357690155722,0.7092249699493087,469,NS
BRD:BRD-K06749501-001-02-1,0.01728736110413693,0.6855497918378027,551,NS
BRD:BRD-K25140590-001-03-0,0.017292319862720205,0.6851931639608156,552,NS
BRD:BRD-K40530731-001-11-6,0.017370084068901073,0.6972624542784683,504,NS
BRD:BRD-K00003508-001-01-9,0.01739670855275194,0.6067014614348865,878,NS
BRD:BRD-K90082312-001-01-5,0.01744736685987877,0.7062719355732661,469,NS
BRD:BRD-A55748233-001-08-7,0.017462488818474852,0.706029159812007,469,NS
BRD:BRD-A50062753-001-02-9,0.017480764124271724,0.6053767047769921,876,NS
BRD:BRD-K14349461-003-13-1,0.017490008722945583,0.6856501701757911,538,NS
BRD:BRD-K06408664-001-04-9,0.01752801376602012,0.6039883433834425,878,NS
BRD:BRD-K39381259-001-01-0,0.01753577756576257,0.681277180999435,551,NS
BRD:BRD-K00091285-001-01-9,0.017546917745650904,0.6077637556905907,858,NS
BRD:BRD-K20049318-303-03-9,0.017562462325212674,0.6032774455847157,878,NS
BRD:BRD-A89175223-051-14-8,0.01757000740527759,0.6801398031755548,553,NS
BRD:BRD-K14991967-001-02-6,0.017575320234816623,0.6817006882652996,547,NS
BRD:BRD-K80451230-051-02-6,0.01757977862586473,0.6807967333232887,550,NS
BRD:BRD-K69070623-003-01-7,0.01763484909213813,0.6784749685957747,555,NS
BRD:BRD-A16296925-001-01-3,0.017649505109030204,0.6809861266045231,545,NS
BRD:BRD-K78567475-001-01-4,0.017658548952396772,0.6808316459766487,545,NS
BRD:BRD-K00003360-001-01-9,0.01766908797368619,0.6010794499324129,878,NS
BRD:BRD-K00004580-001-01-9,0.017677271590351862,0.6019522000324623,873,NS
BRD:BRD-K17774839-001-02-9,0.017682230447469516,0.6776595159001674,555,NS
BRD:BRD-K68534611-001-07-8,0.01769043437886779,0.6006398463060503,878,NS
BRD:BRD-K81839095-001-30-1,0.0177135662481281,0.6881031679597083,516,NS
BRD:BRD-K00073070-001-02-9,0.017714199792081997,0.6043451622387632,858,NS
BRD:BRD-K32830106-003-20-4,0.017722326246592646,0.6791856692312978,547,NS
BRD:BRD-K00003277-003-01-9,0.017735059712623666,0.599721309970303,878,NS
BRD:BRD-K77987382-001-13-2,0.01774737103672511,0.6765390341980304,555,NS
BRD:BRD-A19777893-236-01-9,0.01776597352238355,0.6820889674601504,534,NS
BRD:BRD-K55703048-001-07-7,0.017768710195274356,0.6761721349442805,555,NS
BRD:BRD-K00074122-001-02-9,0.01780915443922142,0.6024085006923396,858,NS
BRD:BRD-K79092138-001-11-0,0.017813956457589104,0.6818446763515791,532,NS
BRD:BRD-K46424862-001-14-1,0.01784520794909354,0.6776462567208553,545,NS
BRD:BRD-K91405252-001-01-9,0.017851872005743376,0.6806362860508793,534,NS
BRD:BRD-K95412502-003-01-5,0.01785238215905956,0.6747342440716637,555,NS
BRD:BRD-A85472596-001-02-2,0.01787527115460501,0.6765728212323836,547,NS
BRD:BRD-K76406695-001-02-9,0.017877879242197085,0.6754099159167233,551,NS
BRD:BRD-K53123955-001-10-5,0.01788077415223291,0.6776022494993962,543,NS
BRD:BRD-K08078237-001-19-8,0.017892880462731388,0.6833786721638715,522,NS
BRD:BRD-K04643927-001-01-6,0.017917671626765407,0.6984285700045676,470,NS
BRD:BRD-K00003131-001-01-9,0.017935221784140958,0.5966614149920252,873,NS
BRD:BRD-A44181516-001-01-8,0.01795518660361928,0.6788906344051638,534,NS
BRD:BRD-K00003108-001-01-9,0.018010116298991827,0.594073810166241,878,NS
BRD:BRD-K46937689-001-15-0,0.018010816098734173,0.6770949847981641,537,NS
BRD:BRD-K11099631-001-07-6,0.018019179025249393,0.6783829895420008,532,NS
BRD:BRD-K03149601-001-02-6,0.018031656075479515,0.6969133318530892,469,NS
BRD:BRD-K00005331-001-01-9,0.018057950685353905,0.5930941517377273,878,NS
BRD:BRD-K00004710-001-01-9,0.01806451062714559,0.5929598603655923,878,NS
BRD:BRD-K00003099-001-01-9,0.01808887105963688,0.5924612893290506,878,NS
BRD:BRD-K30331124-001-01-7,0.018097023630565985,0.6713800738461065,552,NS
BRD:BRD-K73738482-001-01-7,0.018159718430987095,0.5910123887893162,878,NS
BRD:BRD-K30019776-003-01-5,0.018182005322614034,0.6785456839800659,522,NS
BRD:BRD-K65667145-001-14-0,0.018193992775971102,0.6848562026117553,500,NS
BRD:BRD-K56810756-001-03-0,0.018213743962386925,0.6685379417311761,555,NS
BRD:BRD-K24621118-001-04-9,0.01823107376768726,0.5938371428254454,858,NS
BRD:BRD-A10773072-001-03-4,0.018239124434394932,0.674101951318556,534,NS
BRD:BRD-K41918892-001-05-9,0.018249105112515512,0.6690653383829357,551,NS
BRD:BRD-K25154476-001-01-4,0.018259484892036715,0.6734700307899562,535,NS
BRD:BRD-K85479953-001-11-3,0.01828197556723424,0.6696437867143397,547,NS
BRD:BRD-K00003473-001-01-9,0.018295363685244342,0.5893101566057571,873,NS
BRD:BRD-K74193284-001-04-8,0.018296659738890806,0.6766327606884953,522,NS
BRD:BRD-K89348303-001-14-7,0.018338812891070408,0.6672509314231835,552,NS
BRD:BRD-K00003192-001-01-9,0.018349087993897905,0.5871475972591258,878,NS
BRD:BRD-K35952844-238-01-2,0.01835039732190659,0.6710699175207354,538,NS
BRD:BRD-K00003132-001-01-9,0.018357704566089147,0.5869720221987049,878,NS
BRD:BRD-K11071038-001-01-7,0.018463651934441157,0.6712015421010922,531,NS
BRD:BRD-K75360161-001-18-0,0.01846811044238646,0.6653333288832242,551,NS
BRD:BRD-K64925568-001-01-8,0.018476815400441594,0.6654719422514863,550,NS
BRD:BRD-K45664306-001-19-6,0.01849712601251419,0.6735895465375528,521,NS
BRD:BRD-A38706605-001-01-2,0.01850907598697188,0.6698539245942812,533,NS
BRD:BRD-K66527818-001-02-6,0.018544922087503184,0.6628788974584271,555,NS
BRD:BRD-K07507905-236-02-6,0.018559213216358325,0.6637832968931701,551,NS
BRD:BRD-K76989898-001-02-9,0.01856010639366101,0.583285571093865,876,NS
BRD:BRD-K00005330-001-01-9,0.018569502038098564,0.5826639968418325,878,NS
BRD:BRD-K00003198-001-01-9,0.01857153019113853,0.5837014247134674,873,NS
BRD:BRD-K00003488-001-01-9,0.018578275637403188,0.5835647409242112,873,NS
BRD:BRD-K63828191-003-32-1,0.018589916826417877,0.6621115142028225,555,NS
BRD:BRD-K00003507-001-01-9,0.01861809879607427,0.5816776054863908,878,NS
BRD:BRD-K76674262-001-03-3,0.018637438570950245,0.6613014170643781,555,NS
BRD:BRD-K35169477-001-01-9,0.018689706455756173,0.6627252983446441,547,NS
BRD:BRD-K04704168-003-14-3,0.018707187311513277,0.6615583853451317,550,NS
BRD:BRD-K00004625-001-01-9,0.01870990201932689,0.5809005643936879,873,NS
BRD:BRD-K28405228-001-06-7,0.01871661478808625,0.6622697101768016,547,NS
BRD:BRD-K94266545-001-24-1,0.01872118964441224,0.6610309567324762,551,NS
BRD:BRD-K00003425-001-01-9,0.018796023692893033,0.5791605051019465,873,NS
BRD:BRD-A25492003-003-14-1,0.018800932037947426,0.6646657772979279,534,NS
BRD:BRD-K86161929-001-11-7,0.018824795607833133,0.667848209772742,522,NS
BRD:BRD-K65678996-001-05-5,0.018827241474926426,0.6612763100959733,544,NS
BRD:BRD-K17743125-001-08-4,0.018834779997405744,0.6585219322183443,553,NS
BRD:BRD-K75958195-037-09-4,0.018847219580463884,0.6586014737315419,552,NS
BRD:BRD-K13819402-003-10-2,0.01884816276162405,0.657714003512299,555,NS
BRD:BRD-K00004729-001-01-9,0.018872387916113776,0.5776196382800141,873,NS
BRD:BRD-K00076962-001-02-9,0.018877631701150407,0.5808114633701623,858,NS
BRD:BRD-K04394237-001-03-7,0.01888066375788925,0.6672230090927983,521,NS
BRD:BRD-K85503079-001-02-8,0.018883470819520472,0.6600340753815098,545,NS
BRD:BRD-K72542090-304-02-4,0.018889094662673703,0.6673852199152441,520,NS
BRD:BRD-K85757157-001-01-7,0.018892419818798734,0.6581263371313899,551,NS
BRD:BRD-K81801188-001-02-8,0.018893065429007982,0.6581153951838702,551,NS
BRD:BRD-K16757695-050-02-5,0.0189160280123287,0.6571426588806368,553,NS
BRD:BRD-K17754715-036-03-9,0.01894133376834898,0.5795353687382334,858,NS
BRD:BRD-K25317177-065-01-4,0.01895097921901799,0.6577199081263403,549,NS
BRD:BRD-K50679358-001-02-9,0.018957618817039945,0.5752451896206613,876,NS
BRD:BRD-K00004526-001-01-9,0.019016099628023843,0.5740667403277478,876,NS
BRD:BRD-K26253904-001-01-5,0.019031943358464306,0.6557633615587869,551,NS
BRD:BRD-K29656036-001-02-5,0.019035642548003624,0.6554073147802876,552,NS
BRD:BRD-K25311561-001-10-7,0.019040834530766337,0.6567901458745043,547,NS
BRD:BRD-A04553218-050-16-2,0.019072940586730716,0.6553639080178263,550,NS
BRD:BRD-A81177136-001-12-7,0.01910874258217364,0.6794584243127068,470,NS
BRD:BRD-K05361803-001-03-9,0.019159415507557225,0.6536074875070838,551,NS
BRD:BRD-K01363385-003-01-5,0.019196163210135904,0.6783990244091512,469,NS
BRD:BRD-K00003278-003-01-9,0.019210038984350784,0.5708297584701914,873,NS
BRD:BRD-K86799112-001-02-0,0.01922202190685731,0.6543309787888724,545,NS
BRD:BRD-K19687926-379-07-4,0.019243830430596413,0.65129435846349,554,NS
BRD:BRD-K42098891-003-20-5,0.019257823665683464,0.6555248507125305,539,NS
BRD:BRD-K44366189-001-01-9,0.019393223834436205,0.6484713297020346,555,NS
BRD:BRD-K56156805-001-09-6,0.019410246919540596,0.652976016309428,539,NS
BRD:BRD-K95880107-001-02-4,0.01945618839107658,0.6474070681985864,555,NS
BRD:BRD-K00004703-001-01-9,0.01947700793147492,0.5643739225470823,878,NS
BRD:BRD-K00091095-001-01-9,0.01951784412598118,0.5680467406284007,858,NS
BRD:BRD-K99092662-001-01-1,0.019544055723334505,0.6471197697323657,551,NS
BRD:BRD-K75114721-304-02-6,0.01955718993990811,0.5632177133912867,876,NS
BRD:BRD-K25521961-001-06-9,0.01957150655242002,0.5624853498292268,878,NS
BRD:BRD-K53030960-001-01-4,0.019597127758448817,0.6720679927191782,469,NS
BRD:BRD-K81053848-001-01-0,0.019609806939117836,0.6718681694551042,469,NS
BRD:BRD-A20830788-001-01-9,0.019613719681075007,0.6714755047991479,470,NS
BRD:BRD-K74514084-001-03-9,0.019640759311497495,0.6491290379855268,539,NS
BRD:BRD-K00003299-001-01-9,0.019660243062331884,0.5607147118529913,878,NS
BRD:BRD-K00004596-001-01-9,0.01966420230625004,0.5617572087271175,873,NS
BRD:BRD-K00003376-001-01-9,0.019706074007011635,0.5598012629133757,878,NS
BRD:BRD-K71221037-001-01-6,0.019717154727158525,0.6436056003123385,553,NS
BRD:BRD-A78341343-001-01-6,0.019723700013547556,0.6428934720644963,555,NS
BRD:BRD-K53788420-001-01-1,0.019754512450606453,0.6695892576929064,469,NS
BRD:BRD-K24696047-001-02-3,0.01977894401732456,0.6443843386403025,547,NS
BRD:BRD-K70301876-034-13-7,0.01977989717351064,0.6443683811580035,547,NS
BRD:BRD-K00938507-001-17-8,0.019792256981557066,0.6429474764497393,551,NS
BRD:BRD-K39079086-001-07-6,0.019827261703988103,0.6435756230004083,547,NS
BRD:BRD-K00005335-001-01-9,0.019840836486899764,0.5571195155767008,878,NS
BRD:BRD-A78322124-003-14-0,0.01985350074174856,0.6434417083051848,546,NS
BRD:BRD-K74965187-001-01-3,0.019894565051757816,0.6673865065459118,469,NS
BRD:BRD-A25608658-001-01-1,0.019915138124717544,0.6408859680238754,551,NS
BRD:BRD-K00075584-003-02-9,0.01997460675633852,0.5590223598317808,858,NS
BRD:BRD-K91370081-001-25-1,0.020019799253576054,0.640357219062969,547,NS
BRD:BRD-K18948558-001-01-9,0.020080499167843012,0.6368937950484758,555,NS
BRD:BRD-K16551401-003-03-4,0.020091149812967075,0.638244494029754,550,NS
BRD:BRD-K24554037-001-08-3,0.02010115551615759,0.6644805916442976,468,NS
BRD:BRD-K04657451-001-01-0,0.020108681075223823,0.6413487018381732,539,NS
BRD:BRD-K66412701-066-01-6,0.020117000360098298,0.6362813451895755,555,NS
BRD:BRD-K28849549-001-13-4,0.020132902101116,0.646286837889093,522,NS
BRD:BRD-K21865955-003-01-5,0.020183653779194174,0.662509927553706,470,NS
BRD:BRD-A02933148-001-01-8,0.020237283757196054,0.6616687309278744,470,NS
BRD:BRD-K46556543-001-01-4,0.020238738534986814,0.6351623661164193,552,NS
BRD:BRD-K49197823-001-09-8,0.020245477310556904,0.6365934209976424,547,NS
BRD:BRD-K65786282-001-07-5,0.020270066982424603,0.6343307255152999,553,NS
BRD:BRD-K88701661-001-02-9,0.020279038323551515,0.6458167855075075,516,NS
BRD:BRD-K17953908-001-01-7,0.020317609488973404,0.6335358598331287,553,NS
BRD:BRD-K09597601-001-02-9,0.02032254595032433,0.5480427436161798,876,NS
BRD:BRD-K97181089-003-24-7,0.020337060432637402,0.6325942429288415,555,NS
BRD:BRD-K40782193-003-02-9,0.020339769718247004,0.6340929900953309,550,NS
BRD:BRD-K92073408-001-16-5,0.020355217740422458,0.6329073840997591,553,NS
BRD:BRD-K90629600-001-01-4,0.020392106463377746,0.6379146180034191,535,NS
BRD:BRD-K48188942-001-03-7,0.0203977773047319,0.6594956300279333,469,NS
BRD:BRD-K59227464-334-02-4,0.02040739542232932,0.6314176937377025,555,NS
BRD:BRD-K00004608-001-01-9,0.020410806780735244,0.545846797492428,878,NS
BRD:BRD-K00003239-001-01-9,0.020425876917283713,0.545550283535523,878,NS
BRD:BRD-K00090657-001-01-9,0.020426524761841803,0.5501626490766706,858,NS
BRD:BRD-K00005349-304-01-9,0.02045719819612761,0.5453939633407228,876,NS
BRD:BRD-A62209527-001-04-5,0.02050606941699037,0.6306999038249668,552,NS
BRD:BRD-A22267103-003-13-1,0.020506742471575416,0.6313112675835887,550,NS
BRD:BRD-K00003300-001-01-9,0.020508071214976303,0.5439344669652093,878,NS
BRD:BRD-K36363294-001-04-2,0.020522177067944132,0.636724850833018,532,NS
BRD:BRD-K05181084-003-03-7,0.02052983077839071,0.630615295354848,551,NS
BRD:BRD-K35559145-050-08-5,0.020531429281396812,0.6293451498516741,555,NS
BRD:BRD-K23976833-001-01-0,0.020552037888029083,0.630557552673392,550,NS
BRD:BRD-K81528515-001-13-8,0.020561409066187558,0.6367187439192263,530,NS
BRD:BRD-K82894950-001-01-0,0.02057489833853982,0.6563829884527147,470,NS
BRD:BRD-K43106192-320-11-8,0.020636740345416887,0.638059269595644,522,NS
BRD:BRD-K77771411-003-10-7,0.020637002857109368,0.6291447711016976,550,NS
BRD:BRD-A09472452-015-23-4,0.020637978384763705,0.6348237031619577,532,NS
BRD:BRD-K31928526-001-02-1,0.020643999123663517,0.6290284987039823,550,NS
BRD:BRD-K69172251-001-08-9,0.020649817192012105,0.637846312557977,522,NS
BRD:BRD-K56291712-001-01-0,0.02066978283896446,0.6270367617317186,555,NS
BRD:BRD-K00091079-001-01-9,0.020671054826533974,0.5453976688057423,858,NS
BRD:BRD-K21867462-001-02-9,0.020688035059724028,0.629239724313883,547,NS
BRD:BRD-K00004600-001-01-9,0.02072281179600577,0.5397242349694944,878,NS
BRD:BRD-A66869276-001-02-9,0.020725938519357213,0.626100857204818,555,NS
BRD:BRD-K85751432-001-03-3,0.02073362407934898,0.6310185859661545,539,NS
BRD:BRD-K76719364-001-02-5,0.020772578051873623,0.6319751269914792,534,NS
BRD:BRD-K77987496-011-01-9,0.020774854937555466,0.6532604827795191,470,NS
BRD:BRD-K00003121-300-01-9,0.020796389521507117,0.5382854159074076,878,NS
BRD:BRD-K27584835-001-02-9,0.02079985361945969,0.538682231908765,876,NS
BRD:BRD-K16730910-001-07-3,0.020801407712331226,0.6254713172374431,553,NS
BRD:BRD-K99121711-003-19-7,0.020852569578642868,0.6239925973579635,555,NS
BRD:BRD-K32847234-065-04-6,0.020869558126708695,0.6268685713548878,545,NS
BRD:BRD-K59597909-001-17-6,0.020917850073452832,0.6279869373426622,539,NS
BRD:BRD-K79884267-001-01-4,0.02093233632218673,0.6251959181586508,547,NS
BRD:BRD-K58046914-001-03-8,0.020941576332065386,0.6225125728106573,555,NS
BRD:BRD-K88090157-050-10-8,0.020952131589707535,0.6236000887018794,551,NS
BRD:BRD-A57798559-004-02-3,0.020957118383024782,0.6247863371652442,547,NS
BRD:BRD-K52618540-001-09-9,0.02099000482412506,0.6290591427563609,532,NS
BRD:BRD-K92213669-001-01-3,0.02100867031212277,0.6369770570294314,507,NS
BRD:BRD-A04327189-003-03-3,0.02101471123032882,0.6286554063622765,532,NS
BRD:BRD-K00003501-001-01-9,0.021015243363335698,0.5340170968611834,878,NS
BRD:BRD-K43890836-001-01-6,0.021020984544880345,0.6275819015594218,535,NS
BRD:BRD-K27305650-001-16-6,0.021060059251121307,0.6230862386748292,547,NS
BRD:BRD-K42495768-001-01-7,0.021062533383298117,0.6256103858304243,539,NS
BRD:BRD-K00003492-001-01-9,0.021066732086673864,0.5341872330063702,873,NS
BRD:BRD-K88025533-003-03-3,0.02107906592628856,0.621816149806885,550,NS
BRD:BRD-A93407926-001-01-1,0.02108216257568659,0.6233609517205112,545,NS
BRD:BRD-K17016787-001-16-7,0.021133353750592866,0.6199636988304535,553,NS
BRD:BRD-A09062839-003-10-0,0.021141655949497656,0.6198262199445509,553,NS
BRD:BRD-K41772907-001-01-2,0.02114352619767782,0.6191601487565281,555,NS
BRD:BRD-K81855038-003-13-9,0.02115607268136267,0.6202243471055349,551,NS
BRD:BRD-A61793559-001-15-6,0.021164030895368852,0.6204118260932551,550,NS
BRD:BRD-K34469523-003-03-0,0.02116959299264751,0.6225639327822942,543,NS
BRD:BRD-K00003399-001-01-9,0.021175831563826027,0.5320715667981402,873,NS
BRD:BRD-K95598440-001-10-9,0.021195509509156593,0.5309841365765848,876,NS
BRD:BRD-K83354763-001-07-9,0.021228730751293657,0.5303403108017528,876,NS
BRD:BRD-K00003384-001-01-9,0.021230372284425817,0.531015499300454,873,NS
BRD:BRD-A29485665-001-12-8,0.021233533676987684,0.6202257891308569,547,NS
BRD:BRD-K69726342-238-05-9,0.021284786052684364,0.5287837434889439,878,NS
BRD:BRD-K00091093-001-01-9,0.02129084383286238,0.5334126171167669,858,NS
BRD:BRD-K00004751-001-01-9,0.021350864169056294,0.5275047813637317,878,NS
BRD:BRD-K40787673-001-02-1,0.021351126738436706,0.6195828112487495,543,NS
BRD:BRD-K68870568-066-01-5,0.021375749575026762,0.6159552552279715,553,NS
BRD:BRD-K14646328-004-02-9,0.0213792706411066,0.5274278247178674,876,NS
BRD:BRD-A79726147-001-02-9,0.021394656212908904,0.5266580415614952,878,NS
BRD:BRD-K73251053-003-22-2,0.021408147600840727,0.6160628764288721,551,NS
BRD:BRD-K00091117-001-01-9,0.021444655922346324,0.5304590218866262,858,NS
BRD:BRD-A34255068-001-34-5,0.021471016206734583,0.6163191781513297,547,NS
BRD:BRD-K70161083-001-06-9,0.021498250104500315,0.5246577666733496,878,NS
BRD:BRD-A42759514-001-20-5,0.02150369469279684,0.6132008507964016,555,NS
BRD:BRD-K63247785-001-01-5,0.0215515827456126,0.6415459004154456,469,NS
BRD:BRD-A12147465-003-02-9,0.021556562668156684,0.5235335314426371,878,NS
BRD:BRD-K53963539-004-02-0,0.021560882203601032,0.6197586819444156,532,NS
BRD:BRD-K26838195-075-04-9,0.021565465941228865,0.6121813340346101,555,NS
BRD:BRD-A54490543-066-11-9,0.02161598842721972,0.6123171181934849,552,NS
BRD:BRD-K86600316-003-02-0,0.021616487844399873,0.6123089000847612,552,NS
BRD:BRD-K25433859-003-25-4,0.02162899263780595,0.6199815195733545,528,NS
BRD:BRD-K00076155-001-02-9,0.021652081860215115,0.5264890697871457,858,NS
BRD:BRD-K00003495-001-01-9,0.021652408736604945,0.5216883543656889,878,NS
BRD:BRD-K68851986-001-01-6,0.021676513388167888,0.6396145886778655,469,NS
BRD:BRD-K01825682-074-02-9,0.02168567010378291,0.521525194377546,876,NS
BRD:BRD-K61923022-001-02-4,0.02170605023815084,0.6164083438569334,535,NS
BRD:BRD-K06014311-001-04-9,0.021729423604308403,0.5206850824887153,876,NS
BRD:BRD-K83257731-003-23-5,0.02179723535361506,0.6096636072558517,551,NS
BRD:BRD-K51040301-001-02-1,0.021836206515322424,0.6077216881691166,555,NS
BRD:BRD-K60659193-001-02-8,0.021873331495433756,0.6365769007059696,469,NS
BRD:BRD-K00003373-001-01-9,0.02190199508657365,0.5180985366975618,873,NS
BRD:BRD-K00005246-001-01-9,0.02193785485240534,0.516212950126956,878,NS
BRD:BRD-K13050541-001-01-9,0.021954193073369998,0.6084043260742846,547,NS
BRD:BRD-K32891457-001-15-5,0.02197288262039587,0.6120799313836041,535,NS
BRD:BRD-K74363950-004-01-0,0.021973295019276712,0.6061226388602317,553,NS
BRD:BRD-K15262564-001-15-0,0.021978916715383493,0.6119822047025809,535,NS
BRD:BRD-K71822263-001-03-2,0.0219859257150464,0.6059155581832059,553,NS
BRD:BRD-K08109215-001-06-4,0.022016516152849136,0.6123789050040065,532,NS
BRD:BRD-K00003427-001-01-9,0.02205099009083122,0.5152551378230591,873,NS
BRD:BRD-K71534238-001-10-0,0.022098140041999555,0.6044058902100872,552,NS
BRD:BRD-A92800748-001-05-5,0.02209886193462999,0.6050526378643091,550,NS
BRD:BRD-K61279411-001-02-0,0.022105059301179224,0.6143371343914277,522,NS
BRD:BRD-K01826806-050-02-9,0.022175165179112694,0.5116836346236141,878,NS
BRD:BRD-K00003220-001-01-9,0.022189419755330304,0.511412231913648,878,NS
BRD:BRD-K27382019-418-01-9,0.02228758828866762,0.6036360265894904,545,NS
BRD:BRD-K75615183-300-03-9,0.022291078948720792,0.6019157169773334,550,NS
BRD:BRD-K78321730-001-13-9,0.022326471230527393,0.510019280410963,873,NS
BRD:BRD-K93035859-001-07-6,0.022327719190055925,0.6013185906280739,550,NS
BRD:BRD-K64178227-001-09-0,0.022341761042571028,0.6020884660341606,547,NS
BRD:BRD-K61036791-001-01-6,0.022376767694256554,0.5995233660758635,553,NS
BRD:BRD-K48452630-001-01-8,0.022380613421559222,0.6058308264205365,534,NS
BRD:BRD-K50133271-001-18-7,0.02239418691888155,0.6039212469144389,539,NS
BRD:BRD-K83064458-001-23-0,0.022415177260217353,0.6002276516298376,549,NS
BRD:BRD-K17068645-003-04-2,0.022430980343515188,0.5986391325564081,553,NS
BRD:BRD-K88219015-001-10-8,0.022435262265320676,0.603257620657194,539,NS
BRD:BRD-A68083442-001-01-6,0.022437330613261537,0.601205378632845,545,NS
BRD:BRD-K06502269-001-02-6,0.022450751597467872,0.6043619163707437,535,NS
BRD:BRD-A86525947-001-01-4,0.02246489273570968,0.6271148549000073,470,NS
BRD:BRD-A41995253-001-04-5,0.022468365785732122,0.599028952217485,550,NS
BRD:BRD-K84810405-003-01-1,0.022468896528779873,0.6057729083228588,530,NS
BRD:BRD-K24476327-001-01-3,0.022469112501204255,0.6044060684432306,534,NS
BRD:BRD-K12807006-001-18-5,0.022474486559898886,0.5982627143379015,552,NS
BRD:BRD-K00003097-001-01-9,0.022498588039015235,0.5055442774812487,878,NS
BRD:BRD-K09659835-003-01-4,0.022553121460299017,0.5993288647102842,545,NS
BRD:BRD-A94008949-001-01-9,0.022564220282203392,0.597136265088074,551,NS
BRD:BRD-K56751279-300-01-4,0.022564722423477256,0.5971281018634766,551,NS
BRD:BRD-K41415459-300-02-9,0.022591247961048496,0.5042801858848815,876,NS
BRD:BRD-A84202322-001-01-7,0.02259267143357331,0.625526636587314,469,NS
BRD:BRD-K40002998-001-01-5,0.022655832462177197,0.6010630874680923,535,NS
BRD:BRD-K11576103-003-01-1,0.0226573365145311,0.6241662600598213,470,NS
BRD:BRD-K60984070-001-01-0,0.02267426095564658,0.5953485640704833,551,NS
BRD:BRD-K78177893-001-02-4,0.022689540397265482,0.5951005296926889,551,NS
BRD:BRD-K26875402-001-13-9,0.022730095258921737,0.501662905535502,876,NS
BRD:BRD-K49671696-045-08-5,0.0227423750022239,0.5962675206441042,545,NS
BRD:BRD-K24616672-003-20-1,0.022767558316200177,0.5945084997108434,549,NS
BRD:BRD-K44133266-001-10-0,0.022794050665506903,0.5998757876175924,532,NS
BRD:BRD-K44993696-001-12-3,0.02280994601333276,0.5918031081846217,555,NS
BRD:BRD-K97309399-001-09-4,0.022837251712923737,0.5913594825329441,555,NS
BRD:BRD-A65767837-001-04-4,0.022842702109608773,0.5929542826081292,550,NS
BRD:BRD-K96758128-001-01-8,0.02285094294957784,0.5924833265722165,551,NS
BRD:BRD-K02965346-001-07-5,0.02285719858011989,0.5937348128749705,547,NS
BRD:BRD-K03504028-001-07-6,0.02286554120575528,0.6022050990940659,522,NS
BRD:BRD-K40109029-001-02-9,0.022895513231331214,0.5904134390150102,555,NS
BRD:BRD-K46863940-001-06-2,0.022915064489312652,0.6014187959250622,522,NS
BRD:BRD-K74763371-002-04-0,0.02294415808947144,0.5896240823483099,555,NS
BRD:BRD-A75305484-001-01-3,0.022950405408915135,0.5895227427056069,555,NS
BRD:BRD-K47195926-001-06-6,0.022952911339451463,0.5911712043774572,550,NS
BRD:BRD-K51751936-001-09-1,0.022956933506760792,0.5894168570302202,555,NS
BRD:BRD-K01244426-236-12-1,0.022972313357008844,0.5908575532504595,550,NS
BRD:BRD-K86887724-001-10-6,0.0229739292422872,0.5969997464075464,532,NS
BRD:BRD-K46331928-001-05-8,0.02300330695896071,0.5900175288259724,551,NS
BRD:BRD-K00077192-001-02-9,0.023005670044437272,0.5009597634882074,858,NS
BRD:BRD-A43882281-001-15-5,0.023028172629872043,0.5937150476477961,539,NS
BRD:BRD-K00004642-001-01-9,0.02304808969322504,0.4964369026270501,873,NS
BRD:BRD-K69688083-004-23-1,0.023064952573083667,0.5900417896505932,548,NS
BRD:BRD-K10852420-001-02-5,0.023085763606563867,0.617999876911325,469,NS
BRD:BRD-K04466929-001-12-9,0.023109336349393633,0.49405722655291995,878,NS
BRD:BRD-K55677650-003-02-9,0.02314299879653033,0.5891257870425174,547,NS
BRD:BRD-K73235735-001-02-7,0.023145320858880724,0.6170934490600151,469,NS
BRD:BRD-A24208517-003-01-8,0.023153298229199388,0.6165949047374183,470,NS
BRD:BRD-K09774593-001-02-9,0.023169468946573332,0.4934282167974202,876,NS
BRD:BRD-K12261274-001-02-4,0.02317426812423521,0.5931076815820425,534,NS
BRD:BRD-K00004301-001-01-9,0.02317670872455149,0.4927986689236305,878,NS
BRD:BRD-A61676498-001-06-6,0.0231852031824812,0.5863991106418555,553,NS
BRD:BRD-K33732501-004-01-0,0.02320472296187353,0.5888186778228016,545,NS
BRD:BRD-K28061410-001-06-6,0.02321339851200785,0.5921356248977419,535,NS
BRD:BRD-K62398570-300-01-2,0.023220977019271755,0.5944596238694758,528,NS
BRD:BRD-K00004589-001-01-9,0.023236014144262816,0.49169222812581154,878,NS
BRD:BRD-K92830582-003-10-5,0.023256644341793593,0.5872976408506083,547,NS
BRD:BRD-K00004700-001-01-9,0.023257626493030564,0.49128934516110445,878,NS
BRD:BRD-K85066592-001-01-6,0.02326082876525873,0.5886066325906406,543,NS
BRD:BRD-K11853856-001-01-7,0.023265228192117005,0.5844263131187479,555,NS
BRD:BRD-K61128465-001-09-9,0.023285611405775175,0.5851196581101878,552,NS
BRD:BRD-K00003500-001-01-9,0.02330489353307552,0.4904088417400006,878,NS
BRD:BRD-A43082461-001-06-3,0.02331681896341862,0.5950571138337677,522,NS
BRD:BRD-K17223896-001-10-0,0.023326021513519653,0.5851529729423973,550,NS
BRD:BRD-K94649603-001-10-6,0.023334656509638823,0.58604422480335,547,NS
BRD:BRD-K94358652-001-02-1,0.023348828952769792,0.5952619463286217,520,NS
BRD:BRD-K19811997-003-02-9,0.023383825589444674,0.48894036403049546,878,NS
BRD:BRD-K00003528-457-01-9,0.02343146190125056,0.4893001378045405,873,NS
BRD:BRD-K87973152-001-02-9,0.02343206135486793,0.4885414574400994,876,NS
BRD:BRD-K09118247-001-03-3,0.023434964527374823,0.6126935415473279,469,NS
BRD:BRD-K42563464-001-01-9,0.023449884628854355,0.5869700333956676,539,NS
BRD:BRD-K92577649-300-01-2,0.023453279526832235,0.5813918764552984,555,NS
BRD:BRD-K85140930-001-12-7,0.023471265266273227,0.5866290084240853,539,NS
BRD:BRD-K02490038-236-03-8,0.023473672701144938,0.4877694813790121,876,NS
BRD:BRD-K00004965-342-01-9,0.023492116809774734,0.4881760756664034,873,NS
BRD:BRD-K31135544-001-07-0,0.023540999344020094,0.5841227966689012,543,NS
BRD:BRD-K49685476-001-15-9,0.023548463139666593,0.5833086338434207,545,NS
BRD:BRD-K47983010-001-15-3,0.023574879461734435,0.4853957474683196,878,NS
BRD:BRD-A40787240-066-04-6,0.023582919706127352,0.5848495897424446,539,NS
BRD:BRD-K00003379-001-01-9,0.023589078090841032,0.48638207211080453,873,NS
BRD:BRD-K92493880-001-03-0,0.023602372858274993,0.5789913098185402,555,NS
BRD:BRD-A85587465-001-03-3,0.02361198951854225,0.5788366305199638,555,NS
BRD:BRD-A06784547-001-03-9,0.023621552749432662,0.48503132772287716,876,NS
BRD:BRD-A17300716-001-01-5,0.023655089003243687,0.5781436342136101,555,NS
BRD:BRD-K00003331-001-01-9,0.023669933266254016,0.48488879301472154,873,NS
BRD:BRD-A19633847-050-32-1,0.023670321231550225,0.5778988084292402,555,NS
BRD:BRD-K46211610-003-26-7,0.023697328526104816,0.5791921649327512,550,NS
BRD:BRD-K61496577-001-19-4,0.02369817006678213,0.5847764400088296,534,NS
BRD:BRD-A69636825-003-04-7,0.02371391843068289,0.5778883741227722,553,NS
BRD:BRD-K37590257-001-02-8,0.023741090443161604,0.5823331404647982,539,NS
BRD:BRD-K00079505-019-02-9,0.023763578355428257,0.4869566012939771,858,NS
BRD:BRD-K84883208-001-01-1,0.023791610104725386,0.607294895809001,469,NS
BRD:BRD-K58894520-001-01-1,0.023794052882652444,0.6072579918592562,469,NS
BRD:BRD-A75850590-213-01-0,0.023811856924887492,0.58511029792687,528,NS
BRD:BRD-K55191674-237-18-3,0.023861488347519708,0.5765659055574778,550,NS
BRD:BRD-K11696279-003-02-3,0.023921298130795646,0.5749137870424501,552,NS
BRD:BRD-K53809807-304-02-4,0.02392816449099666,0.58078078248444,535,NS
BRD:BRD-K00003215-043-01-9,0.023951136447418662,0.47845585906484467,878,NS
BRD:BRD-K00003150-001-01-9,0.02398567365447327,0.4778215593043444,878,NS
BRD:BRD-K64557645-001-02-4,0.0240067639517033,0.5725036506549768,555,NS
BRD:BRD-K94832621-001-02-3,0.024008091647955924,0.5738758563602504,551,NS
BRD:BRD-K49519144-001-04-6,0.024019931476480173,0.5839978772973105,522,NS
BRD:BRD-K78841970-001-13-8,0.02406060112124456,0.5786880960946936,535,NS
BRD:BRD-K28453807-003-11-2,0.024068546414550075,0.5902068929622616,503,NS
BRD:BRD-A94965935-001-01-6,0.02407558234240104,0.4766766737601284,876,NS
BRD:BRD-A69777949-001-24-2,0.02407789295734064,0.5769915787604788,539,NS
BRD:BRD-A33514596-003-01-2,0.02407789862592885,0.5748691659243595,545,NS
BRD:BRD-K60931454-003-01-3,0.024116326196250468,0.6020093555395074,470,NS
BRD:BRD-K28360340-001-08-3,0.024128680220101045,0.5822959280223191,522,NS
BRD:BRD-K81623406-004-08-3,0.02414183773390791,0.5735009952944722,546,NS
BRD:BRD-K96358241-001-01-9,0.024146964873512727,0.5720121849610209,550,NS
BRD:BRD-K21396683-001-04-8,0.02427202934695857,0.568266773486075,555,NS
BRD:BRD-K00075060-001-02-9,0.024273327882718732,0.47765850350221245,858,NS
BRD:BRD-K73383190-001-02-3,0.02438456457960617,0.5783004013377874,522,NS
BRD:BRD-K68065987-300-09-1,0.02439655174002657,0.5694622080648283,546,NS
BRD:BRD-K07955840-001-02-3,0.024403707237290444,0.5675781204825006,551,NS
BRD:BRD-K00337317-001-06-6,0.024414037000638433,0.5674141258153839,551,NS
BRD:BRD-K86673452-001-01-7,0.024443076083774884,0.5970960255218312,470,NS
BRD:BRD-K43873574-001-01-8,0.02445323988699927,0.5660856545170277,553,NS
BRD:BRD-K89048337-001-06-9,0.024459380809212,0.5681124930065918,547,NS
BRD:BRD-K90033078-001-08-7,0.02448943033255514,0.596793533437993,469,NS
BRD:BRD-K60443845-001-08-6,0.024531787700561226,0.572357566442141,532,NS
BRD:BRD-A91699651-316-10-9,0.024534225701463536,0.5651535377285406,552,NS
BRD:BRD-A92096630-001-02-8,0.024589376649051847,0.5660569331299701,547,NS
BRD:BRD-K99604664-001-01-1,0.024595696649822297,0.5631174340739135,555,NS
BRD:BRD-K00091277-001-01-9,0.024619481078172967,0.47140017607520457,858,NS
BRD:BRD-K34415467-003-13-0,0.024634179106226946,0.5642800960891612,550,NS
BRD:BRD-K24593301-001-02-3,0.024656647355538918,0.5740660970367091,522,NS
BRD:BRD-K53852914-001-01-8,0.02466697273372883,0.5634056125897559,551,NS
BRD:BRD-K33277808-331-01-3,0.024695594786338884,0.5629528706156143,551,NS
BRD:BRD-K07061232-001-01-8,0.02471665832069398,0.5929962163862501,470,NS
BRD:BRD-K01815685-001-15-5,0.02472714437779357,0.5638823736563447,547,NS
BRD:BRD-K80419150-001-02-4,0.024733363529929893,0.5681124441218001,535,NS
BRD:BRD-K26901728-001-06-2,0.024750473340468815,0.5617290712032078,552,NS
BRD:BRD-K25906698-303-02-7,0.02476588392774204,0.5614854137325933,552,NS
BRD:BRD-K83192048-050-02-7,0.024780797993156335,0.5637544155587391,545,NS
BRD:BRD-K00003288-003-01-9,0.02482130386129964,0.46261539741406194,878,NS
BRD:BRD-K00004574-001-01-9,0.024828289312829165,0.46248942755059275,878,NS
BRD:BRD-K30159788-001-01-9,0.02484038347762374,0.5668033043783142,534,NS
BRD:BRD-K82036761-003-20-3,0.02486870462706381,0.5595041031560666,553,NS
BRD:BRD-K34313798-001-01-6,0.024908928684317374,0.5613791308534147,546,NS
BRD:BRD-K75037734-003-13-9,0.024972317168848963,0.5702893360295526,519,NS
BRD:BRD-A88254928-001-07-9,0.025056311775243856,0.5634355093754956,534,NS
BRD:BRD-K00003370-001-01-9,0.02506421673288854,0.4582461424019296,878,NS
BRD:BRD-K46839850-050-04-2,0.025077112065959643,0.5612813394536663,539,NS
BRD:BRD-K54729176-001-03-9,0.025089160476361547,0.45831288929898417,876,NS
BRD:BRD-K00004292-003-02-9,0.025121713736214052,0.45721534047401907,878,NS
BRD:BRD-A14395271-074-17-8,0.025130162191631458,0.5561005008458392,551,NS
BRD:BRD-K00003141-003-01-9,0.025131855051632547,0.45703366270423756,878,NS
BRD:BRD-K00091270-459-01-9,0.02515029997394637,0.46189147114464013,858,NS
BRD:BRD-K94455792-001-01-8,0.025153619362567516,0.5557317796819831,551,NS
BRD:BRD-K88154110-001-01-0,0.02528042508988842,0.5849906614095259,469,NS
BRD:BRD-K00079528-001-02-9,0.02529394785050122,0.4593367672732301,858,NS
BRD:BRD-K49456274-001-01-9,0.025341496292107014,0.5571593472949442,539,NS
BRD:BRD-K67868012-001-07-6,0.025412270437333417,0.5502269255325903,555,NS
BRD:BRD-K00003135-001-01-9,0.025419889601212824,0.45318501318123494,873,NS
BRD:BRD-K21071223-001-02-8,0.02546070804254126,0.5523716957809541,547,NS
BRD:BRD-A09722536-002-18-0,0.025462335112152134,0.5512535670181956,550,NS
BRD:BRD-K43330982-001-04-9,0.02548492347377088,0.4512515275184223,876,NS
BRD:BRD-K68558722-001-04-0,0.02549428634964814,0.5503903230433858,551,NS
BRD:BRD-K00004584-001-01-9,0.025506941885537718,0.4503426311900474,878,NS
BRD:BRD-K94830213-001-01-3,0.02551527761660867,0.5563092228087996,534,NS
BRD:BRD-K87696786-003-04-4,0.02551797073341262,0.5514780232133595,547,NS
BRD:BRD-A31159102-003-30-4,0.025531362862717424,0.5520011505869459,545,NS
BRD:BRD-K45875383-001-01-2,0.025535186584772104,0.5567452591324408,532,NS
BRD:BRD-A45498368-001-07-1,0.02557355293645043,0.54915109475353,551,NS
BRD:BRD-K42352790-001-05-3,0.025587795104523726,0.5533325994635119,539,NS
BRD:BRD-K43305603-004-02-8,0.025587995951581646,0.5485614038804755,552,NS
BRD:BRD-A79769222-001-01-3,0.025628830274122587,0.5794205464652217,470,NS
BRD:BRD-A49358627-001-14-6,0.025645608445287117,0.5483908125801205,550,NS
BRD:BRD-K00003446-001-01-9,0.02566214851625793,0.4488899870083167,873,NS
BRD:BRD-A71157293-003-10-0,0.02566483060989982,0.5462695371206344,555,NS
BRD:BRD-K23383398-001-09-9,0.025681766958004962,0.5489256501604847,547,NS
BRD:BRD-K03289018-001-02-7,0.02568567840624563,0.545943500673616,555,NS
BRD:BRD-K07656463-001-01-5,0.025687787389915055,0.578954673110807,469,NS
BRD:BRD-K63516691-003-02-0,0.025689465527200212,0.5488058295342851,547,NS
BRD:BRD-K28537285-001-01-8,0.02569403847088196,0.553172664893339,535,NS
BRD:BRD-K41024817-325-01-0,0.025719450785834215,0.5512923446414805,539,NS
BRD:BRD-K78959463-001-13-2,0.025755902219744643,0.5485085043229893,545,NS
BRD:BRD-K51324732-001-01-0,0.025761732044794136,0.5465807437636636,550,NS
BRD:BRD-K00029604-001-02-9,0.02579093036641161,0.450559414873656,858,NS
BRD:BRD-K39670393-303-02-1,0.025824733909818192,0.5437712909899994,555,NS
BRD:BRD-K07609981-001-01-7,0.025833353618900018,0.5454658206073987,550,NS
BRD:BRD-K34581968-001-04-6,0.02583459445226678,0.4450640271261242,876,NS
BRD:BRD-K44963273-001-06-9,0.025916496066547823,0.5546529479670845,522,NS
BRD:BRD-K23984367-075-15-2,0.02604770561375266,0.5432444572299449,547,NS
BRD:BRD-K48424871-001-04-9,0.026105350413518785,0.43978341551331124,878,NS
BRD:BRD-K00004715-001-01-9,0.026108267803306825,0.4410413570517923,873,NS
BRD:BRD-K77258318-001-04-6,0.026114718936711738,0.5410967697242712,550,NS
BRD:BRD-K61868322-050-01-7,0.026153526107759516,0.5401259673576838,551,NS
BRD:BRD-K60783397-001-12-9,0.026262061332553824,0.43756593585461384,876,NS
BRD:BRD-K38140108-002-01-2,0.026272646544090134,0.5371724232792779,554,NS
BRD:BRD-K00003285-001-01-9,0.026273373571248003,0.4368442701177655,878,NS
BRD:BRD-K51662849-001-05-4,0.026316546605487233,0.5447328513674776,532,NS
BRD:BRD-K00004966-001-01-9,0.026317750690990138,0.43606989279863584,878,NS
BRD:BRD-A73385064-001-01-5,0.02632056560628549,0.5435339098115505,535,NS
BRD:BRD-K79602928-003-19-9,0.026325590221974466,0.5396962964463417,545,NS
BRD:BRD-K00652956-001-01-5,0.026366181717086774,0.5689679603580372,469,NS
BRD:BRD-A94993966-001-04-4,0.0264259506630231,0.5344292155168472,555,NS
BRD:BRD-K91147684-001-01-5,0.026432707874963678,0.5380472788150855,545,NS
BRD:BRD-K70693421-001-01-1,0.026439304639432844,0.43395283587654626,878,NS
BRD:BRD-K38904395-001-02-3,0.026446798459368905,0.5341067247397717,555,NS
BRD:BRD-K63504947-001-15-4,0.026452648808288313,0.5377405777357651,545,NS
BRD:BRD-K86972824-001-01-4,0.02646406775994905,0.542479395348547,532,NS
BRD:BRD-K00003190-001-01-9,0.026495737868413752,0.43297197987335617,878,NS
BRD:BRD-A51407134-001-01-9,0.026522755548052543,0.5454264983131117,522,NS
BRD:BRD-K12198961-001-01-8,0.026543341278177743,0.5663735482543032,469,NS
BRD:BRD-K58122457-001-02-2,0.026551300394982526,0.5343522132158164,550,NS
BRD:BRD-K00004736-001-01-9,0.02655546924751048,0.4332530694967855,873,NS
BRD:BRD-K00004633-001-01-9,0.026556461653917878,0.4319179822722547,878,NS
BRD:BRD-K78960041-001-03-2,0.026558611417749105,0.5448832081096731,522,NS
BRD:BRD-K83547600-001-02-9,0.02662207880140715,0.430780719342587,878,NS
BRD:BRD-A14966924-003-07-7,0.026633586291275296,0.5312217169036642,555,NS
BRD:BRD-K00003520-001-01-9,0.026641404035334007,0.4304461092550264,878,NS
BRD:BRD-K99308954-304-02-4,0.026651246111694577,0.543480843591852,522,NS
BRD:BRD-K00004740-001-01-9,0.026652502672387092,0.4315737194200851,873,NS
BRD:BRD-K92658264-001-02-9,0.02667299792255666,0.4304266990963823,876,NS
BRD:BRD-K00003533-001-01-9,0.026688791008976635,0.4309466489168552,873,NS
BRD:BRD-K46209126-001-06-4,0.0267235059673464,0.563323328234465,470,NS
BRD:BRD-A27143604-001-02-0,0.026728112491199794,0.5327593616094071,547,NS
BRD:BRD-K02554563-001-01-6,0.02674122822828,0.5371093666722128,535,NS
BRD:BRD-K86718786-001-03-9,0.026753100341516775,0.4285150771527582,878,NS
BRD:BRD-K95603879-001-08-9,0.02679042367794496,0.42839911813483644,876,NS
BRD:BRD-A22032524-074-06-5,0.02680528228407614,0.5285767782988088,555,NS
BRD:BRD-K00004592-001-01-9,0.02682510013507363,0.42727299889080217,878,NS
BRD:BRD-K89085489-001-23-2,0.026828134869075815,0.5357868503379438,535,NS
BRD:BRD-K78126613-001-28-5,0.026843046979140264,0.5279959200464642,555,NS
BRD:BRD-K36201510-001-06-7,0.026846022727436913,0.5615351787420734,470,NS
BRD:BRD-K66715657-050-01-0,0.02685932524032902,0.5315048620746129,545,NS
BRD:BRD-K76617868-003-11-9,0.026866913143307185,0.5276290022706458,555,NS
BRD:BRD-K33499285-001-02-9,0.026873909647918262,0.42643217151291607,878,NS
BRD:BRD-K51102532-003-02-9,0.026879751510107176,0.4268604237528662,876,NS
BRD:BRD-K70592483-001-01-0,0.02690635269799656,0.5300296499927478,547,NS
BRD:BRD-K68405354-001-07-2,0.02694056448708164,0.5272468871839667,553,NS
BRD:BRD-K06980535-003-25-9,0.026998363718626555,0.5343567534894966,532,NS
BRD:BRD-A93093700-001-02-9,0.027001405997847835,0.5255637396496373,555,NS
BRD:BRD-K18250272-003-11-0,0.02701270937384164,0.5341395103043632,532,NS
BRD:BRD-A63344375-001-01-8,0.027023870593257705,0.5593650636500948,469,NS
BRD:BRD-K88165431-003-01-4,0.027067361968543823,0.5583116547660582,470,NS
BRD:BRD-K83459933-001-05-4,0.027086059298925762,0.5272846732120497,547,NS
BRD:BRD-K86294588-001-01-9,0.027086552048243343,0.5242583779285643,555,NS
BRD:BRD-A66116161-001-02-3,0.02711054808093732,0.5269111734500587,547,NS
BRD:BRD-K01174345-001-01-9,0.027114214066268398,0.5268552719037582,547,NS
BRD:BRD-A26105646-001-06-1,0.027167296554403576,0.5572813660908308,469,NS
BRD:BRD-K62066682-300-01-0,0.027171716819223972,0.5572172082160809,469,NS
BRD:BRD-K24179883-001-16-7,0.02721370979738776,0.5242003976279891,550,NS
BRD:BRD-K87112191-001-04-5,0.027230573777029338,0.5228083535881325,553,NS
BRD:BRD-A28422330-001-11-9,0.027280137990436173,0.4200032909631299,876,NS
BRD:BRD-K48722258-300-10-2,0.027288820225623196,0.5272598909136703,539,NS
BRD:BRD-K61496577-001-20-2,0.02730723155168827,0.5223956918446357,551,NS
BRD:BRD-K84892605-001-01-1,0.027330465636855837,0.5293390033638238,532,NS
BRD:BRD-K00076465-001-02-9,0.027367447288035526,0.4233524673629479,858,NS
BRD:BRD-K57427145-001-01-6,0.027379823553658776,0.5274297624134963,535,NS
BRD:BRD-K86109159-001-02-6,0.027418502313965,0.5191851666251142,555,NS
BRD:BRD-K02475039-001-01-0,0.02746413286415071,0.5203883568340152,550,NS
BRD:BRD-K77554836-001-11-6,0.02749187643088648,0.5308372994776936,522,NS
BRD:BRD-K82850175-001-01-1,0.027504771477968367,0.5178708615751353,555,NS
BRD:BRD-K00077991-001-02-9,0.027510430216081,0.4209333225941245,858,NS
BRD:BRD-K44715996-001-01-0,0.027511543014796504,0.5518699062863404,470,NS
BRD:BRD-K17203476-001-01-9,0.027523279507646967,0.5183480365547602,553,NS
BRD:BRD-K97428065-001-01-2,0.027542793223021472,0.5180513811258187,553,NS
BRD:BRD-K45462423-001-03-7,0.02756131763724605,0.5200602327677679,547,NS
BRD:BRD-K52219182-001-02-4,0.027569236165561173,0.51994029512043,547,NS
BRD:BRD-K11373525-003-02-1,0.027615742681643726,0.5180874350479332,550,NS
BRD:BRD-K86882815-001-03-2,0.02763873782781118,0.5247027795499867,532,NS
BRD:BRD-K92976206-001-01-5,0.027660885798837995,0.5185531638100161,547,NS
BRD:BRD-A09056319-003-07-7,0.027697897462751878,0.5164602190498944,551,NS
BRD:BRD-K90524085-001-07-8,0.027707366412487534,0.5163167891786667,551,NS
BRD:BRD-K56239177-300-01-3,0.027714246164547852,0.5493700190339669,469,NS
BRD:BRD-K83189926-001-03-1,0.02773093848075018,0.5144333885921996,555,NS
BRD:BRD-K12885236-001-02-7,0.027749529324143336,0.5172133470637098,547,NS
BRD:BRD-K00003146-318-01-9,0.02776381007589152,0.4112717696226896,878,NS
BRD:BRD-A63675168-001-01-6,0.02778096733449533,0.517123847130324,546,NS
BRD:BRD-K80353807-001-25-3,0.027827678785532592,0.5206946597525781,535,NS
BRD:BRD-K68544925-001-01-1,0.027847303230905954,0.5207924741076738,534,NS
BRD:BRD-K18878288-001-06-4,0.027848758935554295,0.5203787366628826,535,NS
BRD:BRD-K00004676-001-01-9,0.027863184025224936,0.41093935453883274,873,NS
BRD:BRD-K62456038-003-07-1,0.027863265983881207,0.5162691941730553,545,NS
BRD:BRD-K10176267-001-03-3,0.02786776403365843,0.5135068823624569,552,NS
BRD:BRD-K67844266-003-01-9,0.027946053021106323,0.511940522168022,553,NS
BRD:BRD-A40257118-001-02-0,0.02801205854329048,0.40763658551936355,876,NS
BRD:BRD-K00004571-001-01-9,0.02803156767850525,0.40811655066881497,873,NS
BRD:BRD-K00003353-003-01-9,0.02804439124078913,0.40790204850707906,873,NS
BRD:BRD-K21673112-003-01-3,0.028138637007183418,0.5113533319101286,547,NS
BRD:BRD-K28824103-001-04-4,0.02815073475877596,0.5111716939031814,547,NS
BRD:BRD-A57133765-300-01-7,0.028155225741761162,0.5430319335829988,469,NS
BRD:BRD-K12068470-001-04-1,0.0281918362275737,0.507465078261129,555,NS
BRD:BRD-A19958636-065-04-4,0.02821944114616156,0.5089776609501401,550,NS
BRD:BRD-K47169076-003-01-6,0.028233236080839108,0.541481756522351,470,NS
BRD:BRD-K75641298-003-25-0,0.02830246291794742,0.5057999004376719,555,NS
BRD:BRD-K75410565-001-02-9,0.02830888810564899,0.5408319446334995,469,NS
BRD:BRD-K49076555-001-05-6,0.028337541030063796,0.40220749133734934,876,NS
BRD:BRD-K45437867-005-03-3,0.028406210537473036,0.504240877996755,555,NS
BRD:BRD-K03739921-001-06-8,0.028430669398656686,0.5069781049972567,547,NS
BRD:BRD-K60038276-001-09-0,0.028544947857077813,0.5041007450082975,550,NS
BRD:BRD-K00003293-001-01-9,0.02855639586261019,0.3993925563120123,873,NS
BRD:BRD-A01593789-001-03-1,0.028670688579155394,0.50183332187382,551,NS
BRD:BRD-A45044890-236-02-3,0.02870867491973677,0.5016570247178431,550,NS
BRD:BRD-K15014948-001-10-3,0.028739767507103775,0.5071160611742072,535,NS
BRD:BRD-K27074404-001-08-4,0.028765143750590555,0.5338882047177627,470,NS
BRD:BRD-K72063794-003-02-9,0.028772023465514662,0.3950281167607056,876,NS
BRD:BRD-K20497775-001-06-9,0.02879375639633108,0.39413035992198303,878,NS
BRD:BRD-K61585876-001-01-0,0.02883018592443832,0.49789613799070226,555,NS
BRD:BRD-K69636617-001-01-7,0.028872517596831546,0.5051553418043492,535,NS
BRD:BRD-K74558903-300-01-5,0.028910198971263755,0.5318267301507477,470,NS
BRD:BRD-K00091082-001-01-9,0.028910697785661615,0.39767331569069714,858,NS
BRD:BRD-K24048528-001-02-5,0.028968269497757233,0.516012642158513,505,NS
BRD:BRD-K89669299-001-04-9,0.02896947923389078,0.3967141120165046,858,NS
BRD:BRD-K00004690-001-01-9,0.028986352741420505,0.39097355858379673,878,NS
BRD:BRD-K14175878-001-01-6,0.028990815831833223,0.5046161549329836,532,NS
BRD:BRD-K17368287-001-18-3,0.02901451694532753,0.49515092084238466,555,NS
BRD:BRD-K00003314-001-01-9,0.029057643352080966,0.3898089492019308,878,NS
BRD:BRD-K88568253-011-19-9,0.02911667314216437,0.4999571133715778,539,NS
BRD:BRD-K94882685-003-10-0,0.029147886875647677,0.38833774735351845,878,NS
BRD:BRD-K04430056-236-02-1,0.029172992415032354,0.4967379251763476,545,NS
BRD:BRD-K25186396-001-09-6,0.029206098615885235,0.49545651655565975,547,NS
BRD:BRD-A95886749-001-03-5,0.0292132151437781,0.49933774285634547,537,NS
BRD:BRD-K51474575-001-10-4,0.0292151902595063,0.4953222618100152,547,NS
BRD:BRD-K07612980-001-07-9,0.02922832969842293,0.4919767658138613,555,NS
BRD:BRD-K82687598-001-01-6,0.029229861403890972,0.49989722592638897,535,NS
BRD:BRD-K21670884-001-01-9,0.029231547011598327,0.4954771181751741,546,NS
BRD:BRD-K63165456-001-10-8,0.029244664781568126,0.49488714985022336,547,NS
BRD:BRD-K93461745-003-25-0,0.029266655950290987,0.49140894680446395,555,NS
BRD:BRD-K35498378-001-06-1,0.029297809456364426,0.4921269926388284,552,NS
BRD:BRD-K22745370-003-02-3,0.02935531173071105,0.4900968213035492,555,NS
BRD:BRD-K36258877-001-03-1,0.02937209409257251,0.4918194777908563,550,NS
BRD:BRD-K54187111-001-09-2,0.029397215267964107,0.49105360494150074,551,NS
BRD:BRD-A28301258-001-03-0,0.02940787444850749,0.492481489913453,547,NS
BRD:BRD-K00003467-001-01-9,0.029412706819170024,0.38540126610200853,873,NS
BRD:BRD-K00003110-001-01-9,0.029476220827107772,0.3830136083241301,878,NS
BRD:BRD-K00076917-001-02-9,0.02951599091448554,0.38786294468818605,858,NS
BRD:BRD-K11595419-001-01-4,0.029529372944474063,0.489899360814571,549,NS
BRD:BRD-K83245588-001-01-4,0.029575954198487662,0.49201008702629495,542,NS
BRD:BRD-K17565903-066-23-1,0.02958840134407657,0.4886344190298172,550,NS
BRD:BRD-K76927775-001-11-8,0.029592377292368355,0.49459274895770805,535,NS
BRD:BRD-K01624185-001-05-7,0.029649573308504772,0.4897296457114386,545,NS
BRD:BRD-K66296774-236-11-3,0.029666575890548396,0.49473065029498275,532,NS
BRD:BRD-K78643075-001-11-6,0.029704382258631448,0.48653366143320964,551,NS
BRD:BRD-K46585355-001-14-3,0.029704983845482032,0.48573133218666587,553,NS
BRD:BRD-K37694030-003-12-7,0.02970540959927202,0.4857250770505922,553,NS
BRD:BRD-K00003498-001-01-9,0.029707955362893102,0.38064736156835666,873,NS
BRD:BRD-K52172416-001-11-4,0.029719310867744417,0.48671221483535154,550,NS
BRD:BRD-K49962337-001-02-9,0.029734850905599047,0.49784593265525623,522,NS
BRD:BRD-K57080016-001-15-9,0.029741171449609752,0.4844079682041044,555,NS
BRD:BRD-A04661934-001-02-9,0.02974131183881073,0.4844059049181189,555,NS
BRD:BRD-A62071884-001-04-6,0.029745026948335453,0.48474699232317686,554,NS
BRD:BRD-A13946108-001-17-1,0.029768900683911553,0.4871823650385938,547,NS
BRD:BRD-K75868704-001-05-3,0.029783671027339666,0.4849730262783006,552,NS
BRD:BRD-A85548292-001-01-8,0.029799591993626067,0.49279702607160863,532,NS
BRD:BRD-K14274271-001-02-8,0.0298117373945713,0.5191051673860299,470,NS
BRD:BRD-K79501723-001-04-6,0.02981399334610344,0.48732416536865236,545,NS
BRD:BRD-K83322645-050-01-9,0.02982719166732423,0.48473282419385766,551,NS
BRD:BRD-K19180152-001-02-6,0.02983686805194964,0.4861881895007639,547,NS
BRD:BRD-K51671335-001-10-6,0.029837251356238697,0.48418754774512174,552,NS
BRD:BRD-K59831625-001-01-6,0.029842181479716217,0.4829246626991257,555,NS
BRD:BRD-K98521173-001-19-4,0.029884017461608816,0.4823110336992159,555,NS
BRD:BRD-K00003474-001-01-9,0.029885047037309105,0.37644698787844183,878,NS
BRD:BRD-K89391146-001-08-0,0.029934365815401952,0.49125168212273995,531,NS
BRD:BRD-A95869247-001-26-9,0.029960648996370597,0.48198295899253213,553,NS
BRD:BRD-A96292436-003-16-1,0.029984065838381976,0.4812425879174342,554,NS
BRD:BRD-K00003471-001-01-9,0.029988612820979532,0.37616188706175063,873,NS
BRD:BRD-K00003309-001-01-9,0.0300024103247027,0.3759422181808246,873,NS
BRD:BRD-K00003127-001-01-9,0.030014029676591586,0.37438972829201705,878,NS
BRD:BRD-K00003205-003-01-9,0.030020341404369533,0.37428923534682895,878,NS
BRD:BRD-K29713308-077-04-1,0.030025373017673416,0.4834366151801886,547,NS
BRD:BRD-K00004569-001-01-9,0.03004493910088468,0.37526561872604725,873,NS
BRD:BRD-K53913008-001-01-5,0.030064896466928868,0.5160107046371566,469,NS
BRD:BRD-K49338325-001-03-4,0.030066770427896284,0.4860667380623763,539,NS
BRD:BRD-K56543881-001-02-7,0.030112910052150957,0.4805571169171678,551,NS
BRD:BRD-A72483914-001-03-7,0.030156723484516118,0.47832149736723156,555,NS
BRD:BRD-K20001883-001-02-7,0.03016893300323823,0.48134676237146423,547,NS
BRD:BRD-K05900209-001-03-4,0.030172292515897127,0.4915409220627931,522,NS
BRD:BRD-K25494650-003-01-8,0.030180668546319872,0.4864586406324219,534,NS
BRD:BRD-K27184429-300-01-3,0.03018564365991839,0.47789946877387857,555,NS
BRD:BRD-K81645907-001-01-1,0.030197602541565283,0.49117743185762963,522,NS
BRD:BRD-K83030136-001-02-9,0.03023288351842017,0.37091494865597724,878,NS
BRD:BRD-K93568044-001-32-0,0.03023890572460459,0.48113723513635787,545,NS
BRD:BRD-K00075140-005-02-9,0.030239727774597294,0.37660719248197616,857,NS
BRD:BRD-K50018155-003-02-1,0.03028437242309653,0.47765973227371045,552,NS
BRD:BRD-K56558538-003-11-9,0.030305325453755447,0.476155127795044,555,NS
BRD:BRD-K00003266-001-01-9,0.030339243223307534,0.3692334970898828,878,NS
BRD:BRD-K30634073-046-01-0,0.03039427027407153,0.4768664686216535,550,NS
BRD:BRD-K27755542-001-01-6,0.030395538844682393,0.48294826987044226,535,NS
BRD:BRD-K04843302-001-02-5,0.030398044847076294,0.5113690042242577,469,NS
BRD:BRD-K89588135-001-01-9,0.03042185822811835,0.4784865512833065,545,NS
BRD:BRD-K21450440-001-14-6,0.03042907853442097,0.4743551142292276,555,NS
BRD:BRD-K47323024-003-24-4,0.03043133935424632,0.4759264735862701,551,NS
BRD:BRD-K24666289-001-04-9,0.030465126849215016,0.48194639920695065,535,NS
BRD:BRD-K44091134-001-01-9,0.030468634427081455,0.5117512330602285,466,NS
BRD:BRD-K51544265-001-04-2,0.030469214228746197,0.48106584705836447,537,NS
BRD:BRD-K00003526-001-01-9,0.030476948812215715,0.3670635367311814,878,NS
BRD:BRD-K41524689-001-23-5,0.03050963316497039,0.4796639468748595,539,NS
BRD:BRD-K96843359-001-02-6,0.030524836653766478,0.5096081621341715,469,NS
BRD:BRD-K03871161-001-01-9,0.03054094328080813,0.5089311786968173,470,NS
BRD:BRD-K11683436-001-01-7,0.03054545097292467,0.508868612208263,470,NS
BRD:BRD-K64881305-001-03-7,0.03060615625201753,0.47339467223226805,551,NS
BRD:BRD-K57708067-001-01-3,0.030606727875702164,0.5084725682317635,469,NS
BRD:BRD-K00004645-001-01-9,0.03061477850813077,0.3648995837449391,878,NS
BRD:BRD-K68174511-001-06-6,0.030628501394415735,0.47146232931408855,555,NS
BRD:BRD-A39189014-003-22-7,0.030636326671553235,0.4733622296021827,550,NS
BRD:BRD-K36262466-001-06-3,0.030692752985836954,0.47173971270202236,552,NS
BRD:BRD-K00091265-001-01-9,0.03069553357600977,0.36917315410363855,858,NS
BRD:BRD-K28982731-001-01-6,0.030699509449918543,0.4724498659024901,550,NS
BRD:BRD-K41853443-001-02-9,0.030705809177832326,0.4715511135607191,552,NS
BRD:BRD-K28442028-001-01-3,0.030738426138784553,0.46987194193353365,555,NS
BRD:BRD-K00004719-001-01-9,0.030753689707962825,0.3627267183525425,878,NS
BRD:BRD-K00004572-001-01-9,0.0307700186441524,0.3624718314775362,878,NS
BRD:BRD-K00004657-001-01-9,0.030799346925371483,0.36338869337326274,873,NS
BRD:BRD-K60918217-001-03-8,0.030811455030770457,0.48240583453923636,522,NS
BRD:BRD-K91106808-001-03-9,0.030837204389835428,0.36279894185072237,873,NS
BRD:BRD-K36055864-001-19-2,0.030840799695845855,0.47000807260812344,551,NS
BRD:BRD-K92150287-066-01-2,0.030849193241272124,0.47151097901474875,547,NS
BRD:BRD-A19102171-066-01-4,0.030853708008468404,0.46941758478302337,552,NS
BRD:BRD-A14208071-004-19-8,0.03086383761027773,0.4704872445063537,549,NS
BRD:BRD-A80908310-003-13-8,0.030886924958573345,0.4693439219482634,551,NS
BRD:BRD-K00091108-001-01-9,0.030897886906678437,0.3660239913424258,858,NS
BRD:BRD-K18772613-303-02-4,0.03090894744015552,0.4690270062056824,551,NS
BRD:BRD-K18749874-003-08-9,0.03091023931063991,0.47556478129245644,535,NS
BRD:BRD-K09471561-001-18-2,0.03098948439563309,0.4756809350093615,532,NS
BRD:BRD-A30815329-001-10-5,0.03100983671847974,0.46920449552586085,547,NS
BRD:BRD-K59745944-001-02-0,0.031010936514079063,0.4691887263807565,547,NS
BRD:BRD-K00010387-001-01-9,0.031040288245969872,0.35826932993984695,878,NS
BRD:BRD-K61524559-001-04-7,0.031126702181896032,0.3569321356946732,878,NS
BRD:BRD-K08902330-001-01-3,0.03115658555480722,0.5008820244078231,469,NS
BRD:BRD-K63806092-236-06-9,0.031175050725858,0.3561853474097467,878,NS
BRD:BRD-K77554836-001-14-0,0.03117595804797079,0.4701174777169223,539,NS
BRD:BRD-K24434292-001-01-3,0.031194157274287232,0.3564405053327043,876,NS
BRD:BRD-K62814476-001-03-3,0.03119819504479027,0.4665080327537074,547,NS
BRD:BRD-A02710418-003-11-8,0.03120589361398552,0.466398005843497,547,NS
BRD:BRD-K12219985-001-26-1,0.031225789216259403,0.47232090598973886,532,NS
BRD:BRD-K00003199-001-01-9,0.03126210292639092,0.35484322633394866,878,NS
BRD:BRD-K68408467-065-01-8,0.031277016993895394,0.4637477922197865,551,NS
BRD:BRD-K32143970-001-02-9,0.031278647408104925,0.35513873676689917,876,NS
BRD:BRD-K88807631-001-01-3,0.03128589756419931,0.4640286231077451,550,NS
BRD:BRD-K08525451-003-05-2,0.031319099241009056,0.46478174602811567,547,NS
BRD:BRD-K22009844-001-12-5,0.031336554329567855,0.46127026354354556,555,NS
BRD:BRD-K62685538-001-01-7,0.031379912586064776,0.4647367028859832,545,NS
BRD:BRD-K94780074-001-06-7,0.03138084624155188,0.47434606718508976,522,NS
BRD:BRD-K81092066-311-01-6,0.03139382597693803,0.46701893144872814,539,NS
BRD:BRD-A18396475-001-15-3,0.03144277143768666,0.4734739816800437,522,NS
BRD:BRD-A37390343-003-03-5,0.03145365073245237,0.46081787909595673,552,NS
BRD:BRD-K87199310-001-01-4,0.031476705786010334,0.4964906331858305,469,NS
BRD:BRD-K58319700-001-01-1,0.03148952351671647,0.4958539945272819,470,NS
BRD:BRD-K10115470-001-01-8,0.031534831601580125,0.4952338788215377,470,NS
BRD:BRD-A23359898-003-10-0,0.0315349024052567,0.46006869904639086,551,NS
BRD:BRD-K37723606-001-01-5,0.03156574673408364,0.46127109198253197,547,NS
BRD:BRD-K28456624-001-01-1,0.0315676530464558,0.4612440161733381,547,NS
BRD:BRD-K56575995-001-03-0,0.03157467528797856,0.35005047731141764,878,NS
BRD:BRD-K66401437-001-03-3,0.03158730576109059,0.4945161999525657,470,NS
BRD:BRD-K12568846-001-14-6,0.03159122034014899,0.45763471866265676,555,NS
BRD:BRD-K00004674-001-01-9,0.03161078443191403,0.3508791998140713,873,NS
BRD:BRD-K47458712-001-20-7,0.031611577949410406,0.4941844215486782,470,NS
BRD:BRD-K30177383-001-02-9,0.03171393315139898,0.3484796956919998,876,NS
BRD:BRD-K19426040-001-01-1,0.03178752019653894,0.49224655827665287,469,NS
BRD:BRD-K83144676-001-09-5,0.0318526155398631,0.46262834505523126,534,NS
BRD:BRD-K30685142-001-15-4,0.03187266302600107,0.4569233100749915,547,NS
BRD:BRD-K60212747-236-01-1,0.03188594998713618,0.4672584839669303,522,NS
BRD:BRD-K27811785-001-02-9,0.03190855859560297,0.3449764775218057,878,NS
BRD:BRD-K85333151-003-13-4,0.03191039576235721,0.4626604520261845,532,NS
BRD:BRD-K56195681-001-01-0,0.031924363914079,0.4529031587561796,555,NS
BRD:BRD-K78973789-001-02-9,0.031994937072384315,0.34367145259896925,878,NS
BRD:BRD-K25991633-001-01-9,0.03201476073845205,0.45574757705121494,545,NS
BRD:BRD-K27625831-001-02-9,0.0320467650198028,0.45948199765009706,535,NS
BRD:BRD-K13238618-001-05-9,0.03206035738111805,0.452623003466687,551,NS
BRD:BRD-K22356203-001-01-8,0.03212884078530911,0.4500127195312816,555,NS
BRD:BRD-K44824027-001-02-1,0.03213094409732933,0.4516279878533351,551,NS
BRD:BRD-K25224017-001-25-0,0.03214812516377789,0.45304073850490306,547,NS
BRD:BRD-U08520523-000-01-0,0.032150329745963935,0.4661653978546354,516,NS
BRD:BRD-K70463136-001-01-5,0.032179039119109736,0.4501265536204796,553,NS
BRD:BRD-K00003156-066-01-9,0.03223272609754674,0.340095166725885,878,NS
BRD:BRD-K66998413-300-01-6,0.03230841350879459,0.4851776351038375,469,NS
BRD:BRD-K19416115-001-05-3,0.032322036368945706,0.45690512744337664,532,NS
BRD:BRD-K90948141-001-01-4,0.03234781568481548,0.4745225742257927,491,NS
BRD:BRD-K12769093-003-01-3,0.03235891932031458,0.4500822350730827,547,NS
BRD:BRD-K21038058-001-01-9,0.0323869009934549,0.4836491999119531,470,NS
BRD:BRD-K40578143-001-02-6,0.032386904308813635,0.4501067948015297,546,NS
BRD:BRD-K96263742-001-14-8,0.03249536729433712,0.44817301849907654,547,NS
BRD:BRD-K31866293-001-01-6,0.032496933351506066,0.44648869996012785,551,NS
BRD:BRD-K01292611-003-13-7,0.03251923598769174,0.33581788210528285,878,NS
BRD:BRD-K00003178-003-01-9,0.032547727410554554,0.3353944337102264,878,NS
BRD:BRD-K53857191-001-22-7,0.032553878096838434,0.4536813881206209,532,NS
BRD:BRD-A99633051-001-07-0,0.03255597081841854,0.44566280570460304,551,NS
BRD:BRD-K00069020-001-02-9,0.032583265398552226,0.3404487781576747,858,NS
BRD:BRD-K41895652-001-02-9,0.03258902101319433,0.33533399052917207,876,NS
BRD:BRD-K96862998-001-15-5,0.03260251394942198,0.4433571905697068,555,NS
BRD:BRD-K55748775-001-02-2,0.03260693620925291,0.4432953193351392,555,NS
BRD:BRD-K41592905-001-01-6,0.032615067056819234,0.4515553854582629,535,NS
BRD:BRD-K93900986-001-15-0,0.03262656875552996,0.45182097072267424,534,NS
BRD:BRD-K65170927-001-01-6,0.03263781123579318,0.449544912589692,539,NS
BRD:BRD-K54824716-001-04-0,0.03265080378471052,0.4443379754641362,551,NS
BRD:BRD-K99107520-001-24-1,0.03266603736330909,0.4445409795921481,550,NS
BRD:BRD-K67601717-037-02-4,0.03272485797606228,0.44497229311135045,547,NS
BRD:BRD-K34445261-001-02-2,0.032757534390423185,0.4495804271950592,535,NS
BRD:BRD-K00074831-001-02-9,0.032768539051794256,0.3377087378386796,858,NS
BRD:BRD-K00003366-001-01-9,0.03279920941926902,0.33305627187547693,873,NS
BRD:BRD-K76568384-001-02-2,0.0328864570075531,0.4418897184838438,549,NS
BRD:BRD-K03549949-001-01-0,0.03292646203068767,0.4388379171443657,555,NS
BRD:BRD-K75282704-001-02-4,0.03294509463442253,0.4406580539997471,550,NS
BRD:BRD-K00003313-001-01-9,0.03294575631115822,0.32951472467989923,878,NS
BRD:BRD-K34672903-001-01-7,0.03297722985846945,0.439378310994938,552,NS
BRD:BRD-K45152786-001-09-9,0.03297772273021338,0.3290454238420767,878,NS
BRD:BRD-A95755460-001-01-3,0.03299119930258625,0.44211406166667655,545,NS
BRD:BRD-K90472149-066-01-0,0.03300480155896798,0.47534083727984827,470,NS
BRD:BRD-K52284881-236-02-4,0.03301392366017948,0.4392859118820398,551,NS
BRD:BRD-K49055432-001-04-2,0.033045702029368094,0.438845352362227,551,NS
BRD:BRD-K60302405-001-04-5,0.033051584128873275,0.3279627152458914,878,NS
BRD:BRD-K69857269-001-03-9,0.03312255560723037,0.32692454533919496,878,NS
BRD:BRD-K06234293-001-04-2,0.03312878432953986,0.44021191825559414,545,NS
BRD:BRD-K92049597-001-20-8,0.03317906574456181,0.4365815905066869,552,NS
BRD:BRD-K53083666-001-01-0,0.033188434245852494,0.4449236952617419,532,NS
BRD:BRD-K00004604-001-01-9,0.03321439704764442,0.32696964610617074,873,NS
BRD:BRD-K00003315-001-01-9,0.033215884076396404,0.325562584596513,878,NS
BRD:BRD-A09349126-001-10-7,0.03326560725446491,0.44429584161218294,531,NS
BRD:BRD-K57243773-001-01-6,0.0332657453915791,0.32538971035794345,876,NS
BRD:BRD-A68493689-001-01-9,0.03328267430403834,0.4372468263857222,547,NS
BRD:BRD-K29173907-001-09-2,0.033303525837436426,0.43444449132616225,553,NS
BRD:BRD-K00004733-001-01-9,0.03336272472165655,0.324812766757913,873,NS
BRD:BRD-K88789588-001-14-9,0.03340165512192527,0.4343472720164136,550,NS
BRD:BRD-K61721596-001-01-0,0.03343893982688615,0.32232243373615344,878,NS
BRD:BRD-K35698076-001-01-2,0.033445435882733195,0.4337448629988438,550,NS
BRD:BRD-K76609936-001-08-4,0.033476771107133374,0.4392557083768236,536,NS
BRD:BRD-K53600683-051-01-5,0.03350735143903737,0.4686414704870942,470,NS
BRD:BRD-K43797669-001-30-4,0.03351420142059832,0.4307063493624656,555,NS
BRD:BRD-A79981887-003-16-4,0.03355954713251547,0.43008262041828765,555,NS
BRD:BRD-K61936403-001-01-7,0.033572873702846076,0.43325835927064116,547,NS
BRD:BRD-K56077740-001-09-2,0.03361773845632245,0.42928296725280574,555,NS
BRD:BRD-K59998349-003-01-4,0.0336333863114759,0.43327588567075875,545,NS
BRD:BRD-K00003499-001-01-9,0.03363396512339573,0.3195067290640013,878,NS
BRD:BRD-K21528677-001-02-8,0.03366203885502337,0.442807383709961,522,NS
BRD:BRD-K00091071-001-01-9,0.03369585724444635,0.32420777423681907,858,NS
BRD:BRD-K29660062-300-01-2,0.03369703217001053,0.4792946018827209,443,NS
BRD:BRD-K19706299-236-02-9,0.03371934961200698,0.3196648941172267,873,NS
BRD:BRD-K68470841-001-01-0,0.03381318101186708,0.4645901671311447,470,NS
BRD:BRD-K14571191-001-01-6,0.033913259492728526,0.4337407896253696,535,NS
BRD:BRD-K00003340-300-01-9,0.03396956819954392,0.31469913757506296,878,NS
BRD:BRD-K59506194-015-04-9,0.034011483431223594,0.4247349461133073,553,NS
BRD:BRD-K01674964-300-06-3,0.03401799764174494,0.42718159303269004,547,NS
BRD:BRD-K15382985-001-01-7,0.03403624257219171,0.3143030603340206,876,NS
BRD:BRD-K87948281-001-01-9,0.034059488340090996,0.4317598557236621,535,NS
BRD:BRD-K42748308-300-02-0,0.03407276746259118,0.42643732055531797,547,NS
BRD:BRD-K21528677-001-03-6,0.03407557094820991,0.42724997476303983,545,NS
BRD:BRD-A13964793-001-02-6,0.034107340399923185,0.4246961365204773,550,NS
BRD:BRD-K10415035-001-04-4,0.03413048691228306,0.4307999402715228,535,NS
BRD:BRD-K77634909-001-03-5,0.034159020967984906,0.42357140200674753,551,NS
BRD:BRD-K15086322-050-01-3,0.03417695476570027,0.4250235927043086,547,NS
BRD:BRD-K52394958-001-02-7,0.03423702579126217,0.4250619283212546,545,NS
BRD:BRD-K55160477-001-04-7,0.03426557510466167,0.42724860226361866,539,NS
BRD:BRD-K56509348-003-04-9,0.034270558544406186,0.31098125990029407,876,NS
BRD:BRD-K94534639-001-02-5,0.034270969408491156,0.42036571335453354,555,NS
BRD:BRD-K44091963-001-04-9,0.03428643111765478,0.31020379942377746,878,NS
BRD:BRD-K72868067-001-02-4,0.03430636876215597,0.4580980527114768,470,NS
BRD:BRD-K00010386-001-01-9,0.03433956664616744,0.30945412944358297,878,NS
BRD:BRD-K52959329-238-01-9,0.03441044607966666,0.41847587184637147,555,NS
BRD:BRD-K31682896-001-24-0,0.034469920110930495,0.4197863995650533,550,NS
BRD:BRD-K00085355-001-01-9,0.03449569002628469,0.3131317234945268,857,NS
BRD:BRD-K13106865-001-02-9,0.03451360379518328,0.3075602269370788,876,NS
BRD:BRD-K18895904-001-16-1,0.03452676308599126,0.42029702600458124,547,NS
BRD:BRD-K60130390-001-02-1,0.034542183740402174,0.42569312864795855,534,NS
BRD:BRD-K50498985-001-03-3,0.03455297218486969,0.4212276125222092,544,NS
BRD:BRD-K63712959-001-01-8,0.0345996756112492,0.41803748000414465,550,NS
BRD:BRD-A43671941-003-11-9,0.034615180448053486,0.41740392171314505,551,NS
BRD:BRD-K23533833-001-01-9,0.03461520346306337,0.45405865301880866,470,NS
BRD:BRD-K19672466-001-02-3,0.03466307644683356,0.4150655795455527,555,NS
BRD:BRD-A18992208-003-02-7,0.03466924539332112,0.4235561517446128,535,NS
BRD:BRD-K68264559-045-02-4,0.03469180574559615,0.41807772341064264,547,NS
BRD:BRD-A85651701-001-19-7,0.03471307881417283,0.4432745866114592,490,NS
BRD:BRD-K13888115-003-02-2,0.03472252670267055,0.41766538463886715,547,NS
BRD:BRD-A85876464-001-01-5,0.03475685643308945,0.41380381117440296,555,NS
BRD:BRD-K67080878-001-15-4,0.034769677675869096,0.4157525825707335,550,NS
BRD:BRD-K00003238-001-01-9,0.03479966677977839,0.30301275020717416,878,NS
BRD:BRD-K26712974-001-01-5,0.034813924643288585,0.41303709286538476,555,NS
BRD:BRD-K77947974-001-16-3,0.03484061307138909,0.4178001809267515,543,NS
BRD:BRD-K98736329-300-01-5,0.03484832093914343,0.4515074534039885,469,NS
BRD:BRD-K70642949-001-03-7,0.03486349324045424,0.30212626285990357,878,NS
BRD:BRD-A72767275-003-01-6,0.034873345339190884,0.4156445556070866,547,NS
BRD:BRD-K79584249-001-01-3,0.03495817623975191,0.4145104356470909,547,NS
BRD:BRD-K48300629-001-14-5,0.034992186712370206,0.4149149660838776,545,NS
BRD:BRD-K84034737-001-01-1,0.03499384960085254,0.4491335884406981,470,NS
BRD:BRD-K92758126-001-18-8,0.03503705335234277,0.41089604068569185,553,NS
BRD:BRD-K97417064-001-02-4,0.035062086181789485,0.41141305262820693,551,NS
BRD:BRD-K00003450-001-01-9,0.03509159702805016,0.3003561873532973,873,NS
BRD:BRD-K78303961-001-02-3,0.03510804001934563,0.40909894573649286,555,NS
BRD:BRD-K00004612-001-01-9,0.03512638838057563,0.29987694882690985,873,NS
BRD:BRD-K94288301-001-01-7,0.0351276243128826,0.4088375095928726,555,NS
BRD:BRD-K38564664-001-01-1,0.03516247388490708,0.4169872768041415,535,NS
BRD:BRD-K24600306-003-02-9,0.03517724318136682,0.2983461450937516,876,NS
BRD:BRD-K68103045-001-02-9,0.03518051978795291,0.40983399612645155,551,NS
BRD:BRD-K20008181-001-01-3,0.03526201310399124,0.41046338578225827,547,NS
BRD:BRD-K60952143-001-01-0,0.03529101053499661,0.4452896562090713,470,NS
BRD:BRD-K46061689-001-01-9,0.03532433485461948,0.4096361747098147,547,NS
BRD:BRD-K56047318-001-06-3,0.03532858739760353,0.40957976577527433,547,NS
BRD:BRD-K91065602-003-05-5,0.03534886073388463,0.41277324823527833,539,NS
BRD:BRD-K00004705-001-01-9,0.03536603797041464,0.2952066317247232,878,NS
BRD:BRD-K76788410-001-01-6,0.035407368116164566,0.44427744780887035,469,NS
BRD:BRD-K38370968-050-01-3,0.035408285918701043,0.40852343704024874,547,NS
BRD:BRD-K18036262-001-02-8,0.03547273394082131,0.40767042349754345,547,NS
BRD:BRD-K45519571-001-01-8,0.03548996407187736,0.4074425504396707,547,NS
BRD:BRD-K76840893-003-02-5,0.03552247384445209,0.4048671903469932,552,NS
BRD:BRD-A64610707-001-04-4,0.035528880786683294,0.4056387148424154,550,NS
BRD:BRD-K04548931-003-16-5,0.03553096248730355,0.40347532271171793,555,NS
BRD:BRD-K00004295-001-01-9,0.03561939356015301,0.2917586296508854,878,NS
BRD:BRD-K96298462-001-08-9,0.035635633848480536,0.2915385352978322,878,NS
BRD:BRD-K00004594-001-01-9,0.03566047297942689,0.29120212183674204,878,NS
BRD:BRD-K00003362-066-01-9,0.03570876833467164,0.29054877068871166,878,NS
BRD:BRD-K02213468-001-02-3,0.035714925489457094,0.4403281447719973,469,NS
BRD:BRD-K41626799-001-01-1,0.035756689805189694,0.4393036161496924,470,NS
BRD:BRD-K44518413-066-04-9,0.0357743912921231,0.2952389492033646,858,NS
BRD:BRD-K00003426-001-01-9,0.03578563851925406,0.2908922259418712,873,NS
BRD:BRD-K76953762-001-08-5,0.035847200150271465,0.4040340966295539,544,NS
BRD:BRD-K00003321-001-01-9,0.03586294061200893,0.2898506636778309,873,NS
BRD:BRD-A84575140-001-02-4,0.03589648093100031,0.405567346353782,539,NS
BRD:BRD-A19795905-001-08-0,0.03593508801077623,0.40158195608150715,547,NS
BRD:BRD-K23848629-401-03-7,0.035970807518639084,0.4063522945668613,535,NS
BRD:BRD-A48430263-003-17-2,0.03601063655634817,0.4001600678987909,548,NS
BRD:BRD-K00003405-001-01-9,0.036034105988394446,0.2861731916363405,878,NS
BRD:BRD-A56892734-001-09-4,0.036056617051255326,0.40523288495569987,535,NS
BRD:BRD-A04506385-001-01-2,0.036109400539894254,0.4010378649962525,543,NS
BRD:BRD-K08864679-001-02-2,0.036121317331764734,0.3974186576552527,551,NS
BRD:BRD-K33864865-001-02-5,0.036271884995924035,0.39502246516856654,552,NS
BRD:BRD-K75527158-360-04-9,0.03631925408317153,0.4076243083183807,522,NS
BRD:BRD-A77291778-003-22-0,0.0363673349505586,0.3950732458200434,549,NS
BRD:BRD-K00003120-001-01-9,0.03638465509408423,0.2815085200698881,878,NS
BRD:BRD-K28352084-001-02-3,0.03640739438892993,0.39368872429110763,551,NS
BRD:BRD-A62731508-001-05-8,0.036408685609348436,0.39367193715014376,551,NS
BRD:BRD-K13949769-001-01-7,0.03642032807552377,0.3918010509533201,555,NS
BRD:BRD-K00003534-001-01-9,0.03642762825131412,0.28231818460415614,873,NS
BRD:BRD-K36804890-001-01-9,0.03645345868273783,0.430927143175927,469,NS
BRD:BRD-K00073093-001-02-9,0.03645860430974597,0.2860937899304314,858,NS
BRD:BRD-K73383190-001-03-1,0.03652288688191789,0.39218891803532424,551,NS
BRD:BRD-K64852730-001-01-7,0.03653872326466802,0.42984930908748664,469,NS
BRD:BRD-K67563174-001-17-6,0.03655238371117287,0.39703597582276406,539,NS
BRD:BRD-A20839672-003-01-5,0.036688684305415574,0.3896101518416928,552,NS
BRD:BRD-K64785675-001-04-0,0.03671935707361518,0.3879222237055488,555,NS
BRD:BRD-K40575944-001-01-5,0.03674275338295663,0.4272764986636952,469,NS
BRD:BRD-A10420615-001-04-4,0.036747543679848615,0.39101596992773524,547,NS
BRD:BRD-A64227845-004-09-3,0.036770458742772585,0.3872617056207802,555,NS
BRD:BRD-K05973499-300-01-0,0.0367823031208233,0.42677881504727533,469,NS
BRD:BRD-K00004655-001-01-9,0.036846563644080996,0.27544106632971815,878,NS
BRD:BRD-A28940325-001-24-0,0.03686141712264113,0.38824560886518605,550,NS
BRD:BRD-K81272440-236-13-5,0.03688841989426163,0.39270727333827804,539,NS
BRD:BRD-K54339150-001-01-8,0.036929288243232015,0.3939533787725168,535,NS
BRD:BRD-K75989555-001-02-9,0.036953863016306085,0.2740444701422919,878,NS
BRD:BRD-K00004640-001-01-9,0.036982992703775655,0.273666156642415,878,NS
BRD:BRD-K60446698-001-01-2,0.03701211595159358,0.3858741202910433,551,NS
BRD:BRD-K28492574-001-01-6,0.03707918767888782,0.3850132350061225,551,NS
BRD:BRD-K64137799-003-02-5,0.037111393917357086,0.3828724524298455,555,NS
BRD:BRD-K33067152-236-01-1,0.03711373629596583,0.42212463229502295,470,NS
BRD:BRD-M02899238-238-01-6,0.03713835522983307,0.421816647965626,470,NS
BRD:BRD-K98054437-001-09-9,0.03715192283881443,0.39110639887374793,535,NS
BRD:BRD-K43002771-034-01-6,0.03718966464585157,0.38885109479663654,539,NS
BRD:BRD-K72222507-003-16-8,0.03721556453675292,0.3824005373550316,553,NS
BRD:BRD-K45330754-001-21-7,0.037259226202831175,0.3853233138669246,545,NS
BRD:BRD-A80213327-305-08-3,0.03730182128325593,0.38259829202576834,550,NS
BRD:BRD-K00003202-001-01-9,0.037311011172695474,0.2708024625972322,873,NS
BRD:BRD-K39023557-001-01-7,0.03731598623545494,0.38285245105772503,549,NS
BRD:BRD-K54783522-001-01-8,0.03732401820683816,0.4199959900941051,469,NS
BRD:BRD-K38385169-001-04-5,0.037334266464128754,0.4193704717623219,470,NS
BRD:BRD-K12047401-001-01-5,0.037354012299238244,0.39438596158132555,522,NS
BRD:BRD-K00084836-001-01-9,0.037371293635191705,0.27419518219324,858,NS
BRD:BRD-K11256763-001-01-5,0.037373617055957216,0.3882838590312178,535,NS
BRD:BRD-K16343284-001-02-9,0.03739887528379615,0.26830385371182763,878,NS
BRD:BRD-K35772771-001-02-1,0.03741544789496521,0.41885745732740187,469,NS
BRD:BRD-K14116214-001-09-6,0.037438577362036686,0.3804203396023492,551,NS
BRD:BRD-A36456202-001-01-3,0.037557722333945665,0.38729076966954396,532,NS
BRD:BRD-K65503129-001-06-3,0.037592186700127816,0.3802117790223171,547,NS
BRD:BRD-A67097164-001-18-7,0.03762572424876797,0.38066315510970233,545,NS
BRD:BRD-K15868788-003-07-7,0.03765267545809052,0.37944512611915243,547,NS
BRD:BRD-K93869735-001-01-1,0.03765901859938109,0.3860108382350352,532,NS
BRD:BRD-K17894950-001-14-3,0.03767367561478138,0.37656578853311423,553,NS
BRD:BRD-K00003434-001-01-9,0.037677087734053295,0.26475712485524905,878,NS
BRD:BRD-K75089421-003-24-5,0.037711270111432015,0.3795803976709604,545,NS
BRD:BRD-K00003311-001-01-9,0.037752332039361174,0.26380345688341583,878,NS
BRD:BRD-A55464252-001-01-2,0.03775723261121652,0.3825373344869982,537,NS
BRD:BRD-K56515112-001-21-6,0.03778492430778885,0.37646153001128374,550,NS
BRD:BRD-K42805893-001-04-9,0.037828291372171065,0.3737426904839248,555,NS
BRD:BRD-K82928847-001-04-7,0.03782962773934627,0.38073568535394753,539,NS
BRD:BRD-K96809896-300-02-3,0.037835681445817684,0.37713143223944945,547,NS
BRD:BRD-K18163608-001-05-6,0.037858778577813626,0.3880233853553905,522,NS
BRD:BRD-A74328360-409-02-8,0.03786534329137537,0.2629213185736302,876,NS
BRD:BRD-K49793107-402-02-6,0.037918487996852865,0.3813994990769729,535,NS
BRD:BRD-K01080633-001-01-9,0.03801078777261693,0.4114883433470831,469,NS
BRD:BRD-A44090213-001-25-6,0.03802532581280583,0.38777285267501843,518,NS
BRD:BRD-K05677083-001-05-4,0.0380258247472235,0.38593158038881437,522,NS
BRD:BRD-K73073971-001-01-7,0.038063223075813384,0.3720823884638746,552,NS
BRD:BRD-K70614402-001-01-0,0.03806743695597301,0.41079115862985105,469,NS
BRD:BRD-K00003245-001-01-9,0.03817050173422255,0.258546572265917,878,NS
BRD:BRD-K94420399-001-01-9,0.038208956690633435,0.36894996113072576,555,NS
BRD:BRD-K48692744-001-02-0,0.03821054702990223,0.3737396282640357,544,NS
BRD:BRD-K89014967-001-04-3,0.038216096281610545,0.37103590323464847,550,NS
BRD:BRD-K00005242-001-01-9,0.038239682525766226,0.2576839251312871,878,NS
BRD:BRD-A48180038-003-24-3,0.038252375890649074,0.37058159902810245,550,NS
BRD:BRD-K31731454-237-04-9,0.03826473441158151,0.25737203374773693,878,NS
BRD:BRD-K64659768-001-12-8,0.03835025071196459,0.3689208773414026,551,NS
BRD:BRD-A28887267-001-19-3,0.03837901623351004,0.3685615859189037,551,NS
BRD:BRD-K74396648-001-01-4,0.038392187129325406,0.4063055274105768,470,NS
BRD:BRD-K71223042-001-03-9,0.03842728390461165,0.25589822967289166,876,NS
BRD:BRD-K10799896-001-26-2,0.03846090184183629,0.3671036532730961,552,NS
BRD:BRD-K72339976-065-03-9,0.03855775712001606,0.3793164366013831,522,NS
BRD:BRD-K18289362-001-02-2,0.03858274677582395,0.4044813878822945,469,NS
BRD:BRD-K08791496-001-01-0,0.03859714051649897,0.3765450314242571,527,NS
BRD:BRD-K00003343-001-01-9,0.03862471564979339,0.25291919462681983,878,NS
BRD:BRD-K70578146-001-06-7,0.0386773275511587,0.4028260248033716,470,NS
BRD:BRD-K48963429-001-01-9,0.03868702010724159,0.25269643550280446,876,NS
BRD:BRD-K60284353-001-01-3,0.03868779592534022,0.37180754897284407,535,NS
BRD:BRD-A26334849-001-06-2,0.038714778981771156,0.36264074469256846,555,NS
BRD:BRD-A16694057-001-06-8,0.03871603116322154,0.36612309592516656,547,NS
BRD:BRD-K47690382-001-03-0,0.03872689999545484,0.3713240056729517,535,NS
BRD:BRD-K90316462-003-01-1,0.03872904203308289,0.2521810575265631,876,NS
BRD:BRD-A72390365-001-15-2,0.038786950816638355,0.36261644920858743,553,NS
BRD:BRD-K00003209-001-01-9,0.03883739960042331,0.2503136930948157,878,NS
BRD:BRD-K92303087-001-01-6,0.038854536431348626,0.36090947366788084,555,NS
BRD:BRD-A27883417-300-01-6,0.0388669335031523,0.36780386211756977,539,NS
BRD:BRD-K28392481-001-05-1,0.03888907831681593,0.3644238484723165,546,NS
BRD:BRD-K53405000-001-02-8,0.038918686902173726,0.40039922746786955,469,NS
BRD:BRD-K22097830-001-01-9,0.038969863987545025,0.3629865520023902,547,NS
BRD:BRD-K87510569-001-02-8,0.038991054711878505,0.3609685406090444,551,NS
BRD:BRD-K19227686-001-18-6,0.03901699426165822,0.3691018044451741,532,NS
BRD:BRD-A64698388-003-01-7,0.0390713906380396,0.36528750578572716,539,NS
BRD:BRD-K02900412-001-11-3,0.039091134782296914,0.3614939804313851,547,NS
BRD:BRD-K29812331-011-01-7,0.03909172992649966,0.3672817830518456,534,NS
BRD:BRD-K46862739-001-14-3,0.03909866484992688,0.3671967291242754,534,NS
BRD:BRD-K79803033-300-01-3,0.039106969614805316,0.36664452607822484,535,NS
BRD:BRD-K00075778-003-02-9,0.039176153874936614,0.25167070777852213,858,NS
BRD:BRD-K08799216-001-05-3,0.03927983854443245,0.3658828220460913,532,NS
BRD:BRD-A57833392-001-01-7,0.03939533824506935,0.3577668333083411,547,NS
BRD:BRD-A30370660-001-04-1,0.03940387505486527,0.3940409695180821,470,NS
BRD:BRD-K28639661-001-01-6,0.03941462416683547,0.39391187036662445,470,NS
BRD:BRD-K64838454-001-01-0,0.039440349181309786,0.3581019589499222,545,NS
BRD:BRD-K92613113-066-02-7,0.03945126073012211,0.3535757559004424,555,NS
BRD:BRD-M86143595-034-03-4,0.03949332045756121,0.39449006608537307,467,NS
BRD:BRD-K00004709-001-01-9,0.03952759412477075,0.24198752998520767,878,NS
BRD:BRD-A87715314-003-14-4,0.039537327305470465,0.35647751211778567,546,NS
BRD:BRD-A47790386-001-03-6,0.03956967612124359,0.3791955564144581,496,NS
BRD:BRD-K08111712-001-16-7,0.03957086562272112,0.35562725937827316,547,NS
BRD:BRD-K21782625-001-02-4,0.03960293457911004,0.3619499690062118,532,NS
BRD:BRD-K74724920-001-02-4,0.039611862782435295,0.24098443894396335,878,NS
BRD:BRD-K38793468-001-01-4,0.03963746597198123,0.3912412448530546,470,NS
BRD:BRD-K00003451-001-01-9,0.03966728212551248,0.24167362498029424,873,NS
BRD:BRD-A66521565-001-01-8,0.03981064981382544,0.3896809895650473,469,NS
BRD:BRD-K99621550-300-01-8,0.03985646834595096,0.35084000507350943,550,NS
BRD:BRD-K00003272-001-01-9,0.03986639904198791,0.23931703144104438,873,NS
BRD:BRD-K00091278-001-01-9,0.039877237586168894,0.24327869526319604,858,NS
BRD:BRD-K83834509-001-04-9,0.039922218947471694,0.2373153388044833,878,NS
BRD:BRD-K95435023-001-10-1,0.03996407920933201,0.35086350571462227,547,NS
BRD:BRD-K93314017-001-02-9,0.039965725532024085,0.2373404096783943,876,NS
BRD:BRD-A45499626-001-04-9,0.03999501949137225,0.23699650277377318,876,NS
BRD:BRD-K03109492-001-02-2,0.040159989465424546,0.3485051948480713,547,NS
BRD:BRD-K80653534-001-01-7,0.04016819643487741,0.3506293648958232,542,NS
BRD:BRD-A84389633-001-05-7,0.040213503896853235,0.34434552904073135,555,NS
BRD:BRD-K83766205-001-03-8,0.04025215660252157,0.34651524363777125,549,NS
BRD:BRD-K00003128-001-01-9,0.04031039020581542,0.2327819875218525,878,NS
BRD:BRD-K00074712-001-02-9,0.04035161185276037,0.23771296432342642,858,NS
BRD:BRD-K08657056-300-01-1,0.040437164190736764,0.3822575493595781,469,NS
BRD:BRD-K28059174-334-01-2,0.04049278154429508,0.3480913414972101,539,NS
BRD:BRD-K77547509-001-03-3,0.04055127681675793,0.3809148174217978,469,NS
BRD:BRD-K00003125-001-01-9,0.04065976915972615,0.2287544253919573,878,NS
BRD:BRD-K31339321-001-03-6,0.0406612553790561,0.3411907572008331,550,NS
BRD:BRD-K92611362-003-03-9,0.040724298053986745,0.22854798462603607,876,NS
BRD:BRD-K30233223-001-04-9,0.04078176634747911,0.22735980430950883,878,NS
BRD:BRD-K25143390-001-01-0,0.04080738544899648,0.37740109018387896,470,NS
BRD:BRD-A14240607-003-26-1,0.040839469729538766,0.34397620356062336,539,NS
BRD:BRD-K40175214-001-11-6,0.04085269592892375,0.33672470681526445,555,NS
BRD:BRD-K00003358-001-01-9,0.0408825987181632,0.2275421142818318,873,NS
BRD:BRD-K00005248-001-01-9,0.04088490732009336,0.22751584189448457,873,NS
BRD:BRD-K93317811-003-02-2,0.04090966723548497,0.37671654168140817,469,NS
BRD:BRD-K73529671-001-02-9,0.041017155677292014,0.3501086750886812,521,NS
BRD:BRD-K27911943-001-02-8,0.0410775855937921,0.3375935678464552,547,NS
BRD:BRD-K89000287-001-01-1,0.041107415924818286,0.3744122922949255,469,NS
BRD:BRD-K00486786-001-02-2,0.04112429366358031,0.33483544383524927,552,NS
BRD:BRD-A15435692-003-02-3,0.041159483706088275,0.33663043050845537,547,NS
BRD:BRD-A08316590-001-01-3,0.04117478343868184,0.341832316101046,535,NS
BRD:BRD-K73319509-001-08-0,0.04120672248204242,0.3334273077074026,553,NS
BRD:BRD-A56371469-001-03-3,0.041212328240277284,0.3333614920590594,553,NS
BRD:BRD-A42699921-001-02-8,0.04127443651274936,0.33219412664785586,554,NS
BRD:BRD-K46523383-003-22-9,0.041333974161244735,0.33281519860394754,551,NS
BRD:BRD-A65562236-001-01-2,0.041346289293877035,0.34027748653372303,534,NS
BRD:BRD-A59391172-001-07-7,0.041361813797507675,0.3714607519659953,469,NS
BRD:BRD-K09317629-004-01-7,0.0413626280568167,0.37145132803646763,469,NS
BRD:BRD-K45995181-001-04-6,0.04138136491183562,0.37072231414933293,470,NS
BRD:BRD-K00003297-001-01-9,0.041425527121684846,0.2201007813931995,878,NS
BRD:BRD-K54997624-001-06-0,0.041443453686655515,0.3297783054404231,555,NS
BRD:BRD-A14886633-001-01-6,0.04145591527995883,0.33315909080676565,547,NS
BRD:BRD-K47192521-001-05-4,0.04146582603278328,0.33171518327385985,550,NS
BRD:BRD-A27290375-330-01-1,0.0415222289239724,0.33105734016769195,550,NS
BRD:BRD-K85337334-004-02-6,0.04153234550745484,0.3390176378672928,532,NS
BRD:BRD-A49160188-003-12-7,0.04180227489725601,0.330022224033666,545,NS
BRD:BRD-K11548689-001-01-6,0.04186269959531313,0.3656916378161719,469,NS
BRD:BRD-K00004713-001-01-9,0.041873728420253276,0.2164605564466812,873,NS
BRD:BRD-K40308497-001-01-2,0.041898443956819756,0.33984482941346833,521,NS
BRD:BRD-K79132813-001-09-0,0.04190585027370531,0.32749057403112153,548,NS
BRD:BRD-K00003136-001-01-9,0.04193828408535338,0.21443886707250756,878,NS
BRD:BRD-K00004607-001-01-9,0.042001873863329174,0.2150566043565071,873,NS
BRD:BRD-K64114733-066-03-9,0.0420119859178616,0.21363374053512094,878,NS
BRD:BRD-K61443506-239-03-9,0.04204058371815887,0.21332192226664065,878,NS
BRD:BRD-K14385366-001-04-4,0.04204232185429613,0.3400578538610044,517,NS
BRD:BRD-K62310379-001-10-5,0.04205187014820043,0.32714028498262165,545,NS
BRD:BRD-K14401183-001-10-7,0.04207488024325718,0.325985318743553,547,NS
BRD:BRD-K20075662-300-04-0,0.04215970138196842,0.32235881088933693,553,NS
BRD:BRD-K67566344-001-07-5,0.04216777631154658,0.3249173654195741,547,NS
BRD:BRD-A67748489-001-10-0,0.0422597925433565,0.3238617679063581,547,NS
BRD:BRD-K00674894-001-01-4,0.0422692339970032,0.330510122024929,532,NS
BRD:BRD-A30000356-001-02-9,0.04231363686284471,0.21036116923736475,878,NS
BRD:BRD-K08859203-001-01-9,0.04231370905729907,0.3355423388276289,520,NS
BRD:BRD-K19462402-003-24-6,0.04231507560214908,0.3232286408823061,547,NS
BRD:BRD-K25611237-001-02-1,0.042324772898178493,0.21076269009525148,876,NS
BRD:BRD-K81016934-001-02-0,0.04233912921713449,0.3297103845833544,532,NS
BRD:BRD-K71879491-001-51-5,0.04234846155390977,0.21050717634956465,876,NS
BRD:BRD-A75479906-001-02-4,0.042357527774248546,0.31921396432866617,555,NS
BRD:BRD-K84783599-001-01-0,0.042372124224129185,0.32933329205521655,532,NS
BRD:BRD-A01098288-001-02-9,0.04238224748049495,0.32604119275076354,539,NS
BRD:BRD-K00091100-001-01-9,0.04238409346653037,0.2148840855078879,858,NS
BRD:BRD-A50675702-001-07-1,0.04240161484494998,0.3231294778927929,545,NS
BRD:BRD-K56940463-001-13-8,0.04241794315053899,0.3220526973778545,547,NS
BRD:BRD-K66898851-003-03-3,0.042451074925644754,0.35847191914829046,470,NS
BRD:BRD-K88682005-001-15-8,0.04247700491629256,0.3222691246857247,545,NS
BRD:BRD-A68464583-001-02-5,0.042485690559457216,0.32127975688204796,547,NS
BRD:BRD-K69075588-001-02-9,0.04253939890259223,0.20845582890955217,876,NS
BRD:BRD-K79684402-300-02-8,0.04254026727279853,0.35490367017681995,475,NS
BRD:BRD-K63343048-001-12-2,0.04254530398732652,0.32238460621871634,543,NS
BRD:BRD-A53813595-001-01-8,0.042557582385647726,0.3169316406300967,555,NS
BRD:BRD-K73771095-001-03-3,0.04257074141913811,0.3203111107038455,547,NS
BRD:BRD-A29289453-001-04-7,0.0425835193186694,0.31795396879274157,552,NS
BRD:BRD-K67217586-001-08-0,0.04261222344068864,0.32342055996043634,539,NS
BRD:BRD-K83988098-001-02-0,0.0426773779377665,0.31998971552449573,545,NS
BRD:BRD-A09533288-003-31-2,0.04268634489966522,0.32621337014613444,531,NS
BRD:BRD-M56276249-001-01-1,0.04272794585709018,0.322558455743502,538,NS
BRD:BRD-K97233161-003-01-5,0.04275062283559362,0.32185008148465283,539,NS
BRD:BRD-K07625016-001-01-2,0.04277819336970096,0.3238031982886877,534,NS
BRD:BRD-K33852358-001-09-9,0.04279472551194084,0.3186596834486074,545,NS
BRD:BRD-K95581532-001-01-5,0.042886236116730245,0.3167345831921158,547,NS
BRD:BRD-K91822704-003-07-2,0.04289883126845421,0.32017380911509447,539,NS
BRD:BRD-K00091290-001-01-9,0.042939572452737336,0.20892884478118848,858,NS
BRD:BRD-K57313110-001-06-8,0.04294398255417745,0.3143117669238004,551,NS
BRD:BRD-K95609758-001-03-7,0.04294886049798067,0.31425675123253066,551,NS
BRD:BRD-K06408664-001-03-5,0.042988888330954135,0.3138055375031917,551,NS
BRD:BRD-K24821794-001-01-4,0.043024612095865944,0.3134032005338002,551,NS
BRD:BRD-K11900042-001-14-4,0.0430437399824489,0.32171814661092024,532,NS
BRD:BRD-K00004573-001-01-9,0.04309911010932329,0.20200995058017826,878,NS
BRD:BRD-K95053546-001-02-7,0.04311748693831803,0.3150201115952526,545,NS
BRD:BRD-K97019106-005-02-9,0.04312033249778361,0.31056889185941267,555,NS
BRD:BRD-K90817094-001-02-6,0.04315957198301504,0.3136571841338242,547,NS
BRD:BRD-A19585813-003-03-3,0.04318981657496611,0.31154699943400194,551,NS
BRD:BRD-K51918615-303-02-9,0.04320518140183027,0.3149296374317862,543,NS
BRD:BRD-K46428823-001-02-5,0.04321857112074601,0.3116661465562575,550,NS
BRD:BRD-K95837862-300-01-7,0.04322969380447303,0.3106593637397856,552,NS
BRD:BRD-A96407378-001-15-1,0.04327129556250975,0.3110756597350759,550,NS
BRD:BRD-K10961822-001-05-1,0.04331622773345104,0.3186614846864353,532,NS
BRD:BRD-K21884483-001-03-7,0.04338070421818536,0.31118193462759824,547,NS
BRD:BRD-K79124250-001-08-9,0.0433853873092374,0.30760137320165265,555,NS
BRD:BRD-K65146499-001-27-9,0.04344832901312287,0.32179983777110693,522,NS
BRD:BRD-K28010364-001-01-0,0.0434683380663107,0.34861230715676766,467,NS
BRD:BRD-K21920947-001-02-1,0.043512970569178896,0.34708144641299427,469,NS
BRD:BRD-K03564313-001-03-3,0.043759107224058715,0.3069761570428214,547,NS
BRD:BRD-K80028314-303-02-6,0.04379967584133492,0.3030006661902581,555,NS
BRD:BRD-K70246307-001-04-1,0.043816632353679615,0.3045701134423771,551,NS
BRD:BRD-K08619574-334-05-4,0.044000518851952074,0.3016633031502481,553,NS
BRD:BRD-K30519779-001-03-1,0.04400057278794,0.3007862013437359,555,NS
BRD:BRD-K52487250-003-01-2,0.04400120513905726,0.3025355606381477,551,NS
BRD:BRD-K12102668-001-25-5,0.04400371584542656,0.3025079473232492,551,NS
BRD:BRD-K00090631-001-01-9,0.04407615944055564,0.19711749315058158,858,NS
BRD:BRD-K63178091-001-01-1,0.0440858076922602,0.30028770620114964,554,NS
BRD:BRD-K98710228-001-01-6,0.04408958667580057,0.19233476431021584,876,NS
BRD:BRD-A01636364-003-15-1,0.044105654443936555,0.30182929252676455,550,NS
BRD:BRD-K27721098-065-08-6,0.04414876293910461,0.30091552486367945,551,NS
BRD:BRD-A27370296-001-03-0,0.04422853166718076,0.30004214911138233,551,NS
BRD:BRD-K68264559-045-04-0,0.04424973139753063,0.30833403918740065,532,NS
BRD:BRD-K81645297-236-01-1,0.04427207881100023,0.29868665143242057,553,NS
BRD:BRD-K55187425-236-05-2,0.0442727918337482,0.2995582790186989,551,NS
BRD:BRD-K00003436-001-01-9,0.04428789478084983,0.19110333120201753,873,NS
BRD:BRD-A68509429-003-03-9,0.0442918732021549,0.2993498339858509,551,NS
BRD:BRD-K62387885-001-01-9,0.044330465115435806,0.29981121613435946,549,NS
BRD:BRD-K89517477-001-01-4,0.04433990905886747,0.3379861081470388,469,NS
BRD:BRD-K32007074-001-02-9,0.0443491946070219,0.307246829839587,532,NS
BRD:BRD-K45841694-001-11-7,0.04444292865512943,0.31083648534167807,522,NS
BRD:BRD-A87130939-001-07-9,0.044547308248240984,0.3060039846239408,530,NS
BRD:BRD-K94720315-001-10-4,0.044550169812732666,0.2969784281424364,550,NS
BRD:BRD-K00003400-001-01-9,0.0445616048078487,0.18710825986933632,878,NS
BRD:BRD-K00004749-001-01-9,0.04460590469672798,0.1879329332890823,873,NS
BRD:BRD-K06542892-001-01-9,0.04464358524800718,0.299073929549653,543,NS
BRD:BRD-K73877023-001-01-9,0.044657416843916255,0.3340173027087106,470,NS
BRD:BRD-K50564936-001-01-6,0.04474441505607184,0.29709058256440296,545,NS
BRD:BRD-K22134346-001-24-9,0.04477415252437345,0.3072406428375409,522,NS
BRD:BRD-K62736196-015-13-6,0.04477720584777177,0.29232682001758387,555,NS
BRD:BRD-A16560607-001-02-5,0.04486487366766821,0.3322920504418914,469,NS
BRD:BRD-K00005345-001-01-9,0.044910310038007856,0.18367800585012387,878,NS
BRD:BRD-K68402494-003-03-5,0.04495986456532499,0.29211350709512157,551,NS
BRD:BRD-A24297246-001-03-9,0.044965746791675934,0.29205031015949634,551,NS
BRD:BRD-K87316765-001-01-4,0.04497104767976573,0.2995958917089633,534,NS
BRD:BRD-K76677554-003-02-1,0.04498252505420777,0.2901173030554615,555,NS
BRD:BRD-A56359832-001-11-1,0.044990176265661284,0.2900351827337402,555,NS
BRD:BRD-K13800121-001-01-5,0.045002609448358655,0.29342073278028274,547,NS
BRD:BRD-A65597028-003-07-3,0.0450716984041323,0.2935676389874899,545,NS
BRD:BRD-K93480852-003-01-0,0.045108104555548194,0.3296748972794895,469,NS
BRD:BRD-K62715847-003-02-9,0.04512951330701755,0.1820451793572624,876,NS
BRD:BRD-A78210457-001-01-5,0.04515986818305016,0.3291196451614272,469,NS
BRD:BRD-A72212290-300-01-4,0.045163646172674314,0.29526752315920973,539,NS
BRD:BRD-K04622161-001-02-3,0.04518274355645144,0.28972536142389316,551,NS
BRD:BRD-A23603052-001-03-2,0.045198298176192316,0.2899992510430866,550,NS
BRD:BRD-K26502378-001-07-9,0.04521358937756002,0.2893958845420016,551,NS
BRD:BRD-K23925186-001-01-0,0.045217876106999254,0.2911154168950222,547,NS
BRD:BRD-K82421491-001-02-6,0.04522673206931576,0.287503931809219,555,NS
BRD:BRD-K82236179-213-01-0,0.04526432240368219,0.29509294190154217,537,NS
BRD:BRD-K35430135-003-02-3,0.045293675030079514,0.28766428138584366,553,NS
BRD:BRD-K33131085-001-07-2,0.04530951922658267,0.29596957100177856,534,NS
BRD:BRD-K77008974-001-03-2,0.04531656443211174,0.2900626234732613,547,NS
BRD:BRD-K08532119-001-01-5,0.0453877444668172,0.3266824762568957,469,NS
BRD:BRD-A92177080-001-02-1,0.045389402875363805,0.2946641793241508,535,NS
BRD:BRD-A49544621-003-02-8,0.045392932434886755,0.29282021844783857,539,NS
BRD:BRD-K35626314-003-01-1,0.04540531094396755,0.2944948089506653,535,NS
BRD:BRD-K40604024-001-02-9,0.04540562110242499,0.17888582575818793,878,NS
BRD:BRD-K14796088-003-26-8,0.04551656557474285,0.2844229077052265,555,NS
BRD:BRD-K39558284-001-01-2,0.045530584655739774,0.2877882759255168,547,NS
BRD:BRD-K15025317-001-15-1,0.045568564263769686,0.2873859314203435,547,NS
BRD:BRD-A88644406-001-02-9,0.0455923811230526,0.17834495429120756,873,NS
BRD:BRD-K22829793-001-01-0,0.04563053488008066,0.2845283539539349,552,NS
BRD:BRD-K08033334-003-04-3,0.04565615693996283,0.2851358292733525,550,NS
BRD:BRD-K11196887-001-21-2,0.04566134387069528,0.29314115770760246,532,NS
BRD:BRD-K49554218-001-01-0,0.045665182092597095,0.2872508212451748,545,NS
BRD:BRD-A70514680-003-11-2,0.04567716463627244,0.2898053463893843,539,NS
BRD:BRD-K68756823-001-07-1,0.0456847759987647,0.28615717149233877,547,NS
BRD:BRD-K49865102-001-08-4,0.045740370252211573,0.2869016974295659,544,NS
BRD:BRD-K82818427-001-04-8,0.04576880209367097,0.2830699978735929,552,NS
BRD:BRD-K77627880-001-04-0,0.04577376383578546,0.28345621305828317,551,NS
BRD:BRD-K00003325-001-01-9,0.04581389869263151,0.17624278900638263,873,NS
BRD:BRD-K06181161-048-15-1,0.04581852614362675,0.2829851657055954,551,NS
BRD:BRD-K47936004-003-11-4,0.04583012432189277,0.28819154752301074,539,NS
BRD:BRD-K96936751-001-01-4,0.04583265186075357,0.28108829773273986,555,NS
BRD:BRD-K00075696-001-02-9,0.04583312438909636,0.17983120579727907,858,NS
BRD:BRD-K80082640-001-01-0,0.0458367147692692,0.2881221511613069,539,NS
BRD:BRD-A67006024-001-04-8,0.04586034825458787,0.29657357133567436,520,NS
BRD:BRD-K21295289-001-01-6,0.045884976695881596,0.2907810259229619,532,NS
BRD:BRD-K68764924-001-03-2,0.04593544928930899,0.28888773046914035,535,NS
BRD:BRD-K84564571-001-02-4,0.045938636804276727,0.28705035905618054,539,NS
BRD:BRD-K76634210-001-14-7,0.04594164203398119,0.29018503209307034,532,NS
BRD:BRD-K00004575-001-01-9,0.0459754672892536,0.17348808119917924,878,NS
BRD:BRD-A11776908-065-01-5,0.046063858023141536,0.28041286147890276,551,NS
BRD:BRD-A39255369-001-03-1,0.046098917364879234,0.2791715081698179,553,NS
BRD:BRD-K28428262-001-04-1,0.04614964392566995,0.28171958216409343,546,NS
BRD:BRD-K00091121-003-01-9,0.04616550365114202,0.17669154719721475,858,NS
BRD:BRD-K50055394-001-03-6,0.04618794090034966,0.2862426041034069,535,NS
BRD:BRD-K47886988-001-21-4,0.04622851494306943,0.28045504148219746,547,NS
BRD:BRD-K72925150-001-11-1,0.04629464931844199,0.2797667843650062,547,NS
BRD:BRD-K00003247-001-01-9,0.046299829816493866,0.17047039513564172,878,NS
BRD:BRD-K60842365-001-03-9,0.04638026888651787,0.16972814698680955,878,NS
BRD:BRD-K24219278-001-01-6,0.04640807490458539,0.2785890374106932,547,NS
BRD:BRD-A83792282-001-01-6,0.046446281568542615,0.3155149364613699,469,NS
BRD:BRD-K41567533-001-08-3,0.046458362549706145,0.2816267947404717,539,NS
BRD:BRD-K60171656-001-01-6,0.046474082707807715,0.3152250440133183,469,NS
BRD:BRD-K28667793-001-28-1,0.046474537850691874,0.27614243053861054,551,NS
BRD:BRD-K79450420-001-01-8,0.04652553676017685,0.28273148267435205,535,NS
BRD:BRD-K69116396-001-04-1,0.046558233663746146,0.277035055688455,547,NS
BRD:BRD-K73368362-001-07-5,0.04656123977171761,0.27700400596176367,547,NS
BRD:BRD-K97181463-003-01-1,0.046579056460426635,0.2768200280763882,547,NS
BRD:BRD-K32681104-001-11-6,0.04660324818494311,0.2730700279634316,555,NS
BRD:BRD-K66876909-001-12-6,0.04663176138486447,0.2771600527346265,545,NS
BRD:BRD-K78299798-001-02-2,0.04665897494064403,0.2759957993790442,547,NS
BRD:BRD-K69577666-001-01-3,0.0467288965198219,0.2717775637337434,555,NS
BRD:BRD-K28761891-001-10-1,0.04673090322224354,0.2721912025532839,554,NS
BRD:BRD-K15164005-001-05-6,0.04681001353628423,0.27444264512725586,547,NS
BRD:BRD-K24715592-406-02-1,0.046822408534945625,0.285616289139375,522,NS
BRD:BRD-K58049875-001-04-7,0.04685049819587814,0.27227199944108615,551,NS
BRD:BRD-K00003291-001-01-9,0.04686928595272946,0.16526773530192193,878,NS
BRD:BRD-K33743361-003-02-6,0.04690101368022568,0.2700138945658862,555,NS
BRD:BRD-K41260949-236-16-8,0.04690467377668651,0.27702502182263006,539,NS
BRD:BRD-K00003439-001-01-9,0.046967046814998,0.16438670130250282,878,NS
BRD:BRD-K23067689-001-02-1,0.047054501470322675,0.28323233170116635,522,NS
BRD:BRD-K00077635-304-01-2,0.047090030951266855,0.27026250537303503,550,NS
BRD:BRD-K73109821-001-20-1,0.047134966476030535,0.27112131638086195,547,NS
BRD:BRD-K00004686-001-01-9,0.04715813614643258,0.16267478401403052,878,NS
BRD:BRD-K20986415-001-01-8,0.04720692127229033,0.30712847531378146,470,NS
BRD:BRD-K51431759-001-02-9,0.04723673422882112,0.270086823888271,547,NS
BRD:BRD-K00003352-003-01-9,0.047248947016316406,0.16186595545237165,878,NS
BRD:BRD-A77577770-003-08-9,0.04724924909326124,0.26646954235898235,555,NS
BRD:BRD-K24452555-001-01-7,0.04725346803732048,0.2752601310339246,535,NS
BRD:BRD-K00003233-001-01-9,0.047270594824228976,0.16167359219382632,878,NS
BRD:BRD-K64642496-001-04-0,0.047327659109177064,0.3064094131955606,469,NS
BRD:BRD-K21520694-236-02-6,0.047342046355110266,0.26553046064365426,555,NS
BRD:BRD-K31627533-001-09-5,0.04735068768334295,0.26805420201102514,549,NS
BRD:BRD-K40901640-003-01-6,0.04737997030193038,0.26688425671572663,551,NS
BRD:BRD-K20239555-001-02-9,0.04738879788348619,0.16062627310697536,878,NS
BRD:BRD-K93073858-001-01-1,0.047435839274518235,0.3053038837001182,469,NS
BRD:BRD-K12343256-001-08-9,0.04748247885626564,0.2658496704054637,551,NS
BRD:BRD-K84663978-003-02-9,0.04749027377431812,0.2675212886099019,547,NS
BRD:BRD-K22229656-003-01-5,0.04754285621227508,0.3042128399841911,469,NS
BRD:BRD-A44696962-001-01-4,0.047552938567189854,0.2655762083721515,550,NS
BRD:BRD-K46133855-304-03-8,0.04755590193720836,0.27040254176368206,539,NS
BRD:BRD-K64538373-001-01-4,0.04758207765675559,0.2652830941292025,550,NS
BRD:BRD-K77641333-003-27-1,0.04764030321259628,0.2625275917054422,555,NS
BRD:BRD-K32164935-001-30-8,0.047673939639404875,0.2656732635423543,547,NS
BRD:BRD-A70268693-050-01-2,0.04773229334076609,0.26596738413824034,545,NS
BRD:BRD-K66808046-065-03-7,0.04775070885468832,0.2715881057344104,532,NS
BRD:BRD-K35329391-334-01-7,0.047791080536286876,0.26275168979836333,551,NS
BRD:BRD-K79700588-001-09-7,0.04779271749738566,0.3016755492620544,469,NS
BRD:BRD-K18423410-003-02-5,0.04780390362983574,0.15746342195599455,876,NS
BRD:BRD-A27911617-001-01-7,0.047845993320747224,0.3011363656387905,469,NS
BRD:BRD-A68888262-003-15-1,0.047866930936774715,0.26112604501871606,553,NS
BRD:BRD-K95902121-001-01-0,0.0478908190736635,0.30016570564308204,470,NS
BRD:BRD-K10852020-001-05-2,0.047953260481799126,0.27412772820739223,522,NS
BRD:BRD-K82244583-001-01-3,0.04799123767379463,0.26917822865371077,532,NS
BRD:BRD-K73881242-003-04-6,0.04799585638325224,0.2682297406692307,534,NS
BRD:BRD-K50010139-001-02-3,0.04800898374869326,0.26764897499165763,535,NS
BRD:BRD-A15297126-001-04-3,0.048022718417183294,0.26886390712669483,532,NS
BRD:BRD-K43570081-001-02-4,0.04805871287769415,0.15525913998386684,876,NS
BRD:BRD-K71103788-003-12-0,0.048088855859175716,0.26153075333069387,547,NS
BRD:BRD-K83988098-003-03-4,0.04819910519778921,0.2716723942934646,522,NS
BRD:BRD-K50866992-003-09-5,0.048209393456861385,0.26033570122619426,547,NS
BRD:BRD-K82603084-408-01-1,0.048224066014825435,0.2637211904193844,539,NS
BRD:BRD-A48300215-001-04-8,0.04825525569019992,0.2634121061347659,539,NS
BRD:BRD-K81128206-003-24-4,0.04825640122110527,0.25639895274276325,555,NS
BRD:BRD-K31836715-001-06-8,0.04825678455996074,0.15309184601762,878,NS
BRD:BRD-K18319422-001-01-7,0.048267269156318966,0.29637817598279464,470,NS
BRD:BRD-K22346679-001-06-3,0.04829611712228353,0.15322654333481142,876,NS
BRD:BRD-K56565215-001-01-9,0.04836770978322336,0.29537303573174845,470,NS
BRD:BRD-A92439610-001-05-7,0.04841686291551087,0.2556808566221704,553,NS
BRD:BRD-K08998509-001-02-4,0.04843131066045924,0.2564040908000617,551,NS
BRD:BRD-K46908090-001-02-2,0.048454858497476425,0.2945027577141966,470,NS
BRD:BRD-K41337261-001-03-0,0.04848032199667136,0.25419624807178687,555,NS
BRD:BRD-K49119234-003-02-6,0.04850391871835978,0.2574315446866309,547,NS
BRD:BRD-K81316007-001-01-8,0.04855055279370226,0.25610190960557166,549,NS
BRD:BRD-A46179541-311-02-0,0.04855617264548727,0.25779414980506576,545,NS
BRD:BRD-K71035033-001-07-1,0.04863775817355031,0.2535159576766913,553,NS
BRD:BRD-K00003372-003-01-9,0.04868774737661659,0.1506192972371913,873,NS
BRD:BRD-K46290096-001-01-1,0.04873949579831933,0.2559993901867288,545,NS
BRD:BRD-K97764662-001-17-3,0.04877666802699161,0.2547621702328426,547,NS
BRD:BRD-K99199077-001-16-1,0.048779153690750275,0.2600399662899034,535,NS
BRD:BRD-A43809092-003-02-1,0.0488374500637808,0.2541699269030487,547,NS
BRD:BRD-K16664969-001-03-3,0.048881881805993406,0.25373760125713446,547,NS
BRD:BRD-K74057164-001-01-6,0.04889684857870296,0.1481735228583837,876,NS
BRD:BRD-K00076260-001-02-9,0.04892410903715465,0.15219089841768302,858,NS
BRD:BRD-K01294196-001-01-5,0.048969782798779074,0.2563994760276532,539,NS
BRD:BRD-K92490248-001-06-6,0.048986193677208835,0.25802020039234536,535,NS
BRD:BRD-K03765900-001-01-9,0.048987944463084236,0.25845061043916034,534,NS
BRD:BRD-K89299012-001-06-0,0.049013776293862645,0.25333034194099774,545,NS
BRD:BRD-K41141507-001-16-2,0.04907841334618922,0.24923539125100966,553,NS
BRD:BRD-K64748124-300-06-9,0.04908237982880307,0.1461773493797442,878,NS
BRD:BRD-A93353767-008-02-2,0.04915057861359239,0.24853920087072973,553,NS
BRD:BRD-K49945136-001-10-0,0.04917961913337487,0.25216339452267406,544,NS
BRD:BRD-K81839095-001-25-1,0.04933856255336988,0.2604886446985464,522,NS
BRD:BRD-K37492701-001-02-9,0.049440193761411906,0.28478230501227536,470,NS
BRD:BRD-K00003472-001-01-9,0.04951863368752261,0.14262132098477054,878,NS
BRD:BRD-K42679050-001-02-1,0.049539013532640716,0.2509061574177929,539,NS
BRD:BRD-K44004064-001-07-3,0.04954307892030572,0.24736436163895167,547,NS
BRD:BRD-K79337272-001-01-6,0.04955814800209848,0.28414888830313956,469,NS
BRD:BRD-K01995783-001-01-6,0.049562728601680275,0.24717668536922777,547,NS
BRD:BRD-K84798689-236-02-9,0.04958193174289431,0.25360962029387857,532,NS
BRD:BRD-K00003130-003-01-9,0.049647244005784484,0.14158573697557603,878,NS
BRD:BRD-A78965079-036-01-8,0.04966326615374247,0.25149092074633794,535,NS
BRD:BRD-A64125466-236-04-6,0.04967381710352761,0.24482060153780166,550,NS
BRD:BRD-K30867024-003-03-3,0.04973543051659621,0.2464003854934955,545,NS
BRD:BRD-K81101512-234-01-9,0.04976263617655956,0.2461417499973624,545,NS
BRD:BRD-K62929068-001-16-5,0.04980439451708593,0.24229351840896432,553,NS
BRD:BRD-K53737926-003-27-8,0.049811632789582554,0.2413713878231525,555,NS
BRD:BRD-K77625799-001-07-7,0.04983788557016617,0.24112314023921524,555,NS
BRD:BRD-A72309220-001-04-1,0.049841435096815,0.24194300756030024,553,NS
BRD:BRD-K00003375-004-01-9,0.0499295165281235,0.13933307919914004,878,NS
BRD:BRD-K08924299-003-06-1,0.049939537048172646,0.25019747315222196,532,NS
BRD:BRD-M55321172-001-03-3,0.04994980664826496,0.139624586030174,876,NS
BRD:BRD-K83289131-003-01-0,0.04995085363456276,0.28034557090968076,469,NS
BRD:BRD-A21446384-001-01-1,0.04997045644402162,0.24856678909002292,535,NS
BRD:BRD-K00091088-001-01-9,0.049993099259362295,0.14342364563341103,858,NS
BRD:BRD-K69216798-001-01-9,0.04999544033001281,0.24656102144580297,539,NS
BRD:BRD-A95121829-001-08-9,0.050041066367678674,0.24263867885472365,547,NS
BRD:BRD-A95340155-001-09-7,0.05004341536040364,0.23918583595015686,555,NS
BRD:BRD-K00003447-001-01-9,0.05006425127746849,0.13939852546140424,873,NS
BRD:BRD-K82960980-003-01-9,0.050065637037940355,0.24068466807659417,551,NS
BRD:BRD-K82234479-001-09-4,0.050066004386052416,0.24989424670321125,530,NS
BRD:BRD-A02232681-001-01-8,0.05023454605581772,0.24607195576836552,535,NS
BRD:BRD-A30655177-001-14-0,0.05030193788383782,0.24018855084445948,547,NS
BRD:BRD-K48905682-001-11-1,0.050315775850334823,0.13674373489716668,876,NS
BRD:BRD-K00071586-001-01-9,0.05032249575238017,0.14080158381459998,858,NS
BRD:BRD-K42756753-001-01-9,0.05036074142490453,0.24621965431476595,532,NS
BRD:BRD-K40738845-001-05-0,0.050438609599523024,0.24239267178972482,539,NS
BRD:BRD-K64451768-001-05-4,0.0504390602516992,0.27566560243448435,469,NS
BRD:BRD-K71512533-066-02-8,0.0504559825874495,0.23874994152001747,547,NS
BRD:BRD-K37682401-001-09-3,0.05056500203049681,0.24881063432401582,522,NS
BRD:BRD-K26358347-001-01-7,0.050567713222524284,0.27444122665814247,469,NS
BRD:BRD-K00003459-001-01-9,0.05059623973474741,0.13523826154665755,873,NS
BRD:BRD-A15415227-003-02-9,0.050642877248596285,0.23359799196428183,555,NS
BRD:BRD-K32318651-001-24-5,0.05067116546414212,0.24331647154715746,532,NS
BRD:BRD-K30968378-001-01-9,0.05067628309381907,0.2423807034256833,534,NS
BRD:BRD-K00003481-001-01-9,0.05069339941129208,0.13448890188129317,873,NS
BRD:BRD-K65639003-001-09-0,0.05075417383427898,0.23598241400700398,547,NS
BRD:BRD-K04497194-001-02-1,0.0508069220299436,0.23208507324485322,555,NS
BRD:BRD-K89709433-001-03-9,0.05080713036241666,0.13250510361344478,878,NS
BRD:BRD-K37846922-001-09-4,0.05087771731425474,0.23831152050245138,539,NS
BRD:BRD-K72723676-003-17-8,0.05097440141800619,0.23266895565296924,550,NS
BRD:BRD-K10177585-003-02-4,0.05097537938915592,0.2339440685838842,547,NS
BRD:BRD-K66956375-001-11-3,0.05098245525398627,0.2313195513547158,553,NS
BRD:BRD-K78342372-001-02-4,0.0509903366093067,0.2338066926285003,547,NS
BRD:BRD-K97197005-001-03-2,0.050999597506717294,0.23286482861962096,549,NS
BRD:BRD-K34341643-001-01-4,0.05101587565160151,0.2344327930121565,545,NS
BRD:BRD-K34303607-300-01-4,0.05110319604951053,0.13070073482531988,876,NS
BRD:BRD-K75516118-001-03-3,0.0511092051499499,0.23357683527197132,545,NS
BRD:BRD-K33814251-001-01-4,0.051130090536914655,0.24355465131829573,522,NS
BRD:BRD-K35245662-001-01-2,0.051130333737042545,0.22996730183011893,553,NS
BRD:BRD-K99506538-001-03-8,0.051206662267785294,0.2370394659684114,535,NS
BRD:BRD-K00003394-001-01-9,0.051291832317873126,0.1299438487184868,873,NS
BRD:BRD-K16474819-001-09-6,0.051405493425536034,0.22831239094060435,551,NS
BRD:BRD-K32031961-001-01-7,0.05144641533971481,0.26617776625909356,469,NS
BRD:BRD-A40504327-003-02-9,0.051761319388504215,0.1258104452236506,876,NS
BRD:BRD-K00003106-001-01-9,0.05181056435000627,0.1261012247615592,873,NS
BRD:BRD-K98028353-001-02-8,0.05191048472934104,0.12472208481739662,876,NS
BRD:BRD-A22256192-003-22-7,0.05196310815026158,0.22245680043876825,553,NS
BRD:BRD-K00003167-001-01-9,0.052005862212199064,0.12360037622920429,878,NS
BRD:BRD-K21913543-001-02-4,0.05206159960258322,0.22326655048039695,549,NS
BRD:BRD-K09619322-001-03-8,0.0521185340344182,0.2219154664153371,551,NS
BRD:BRD-K00003173-001-01-9,0.05212223912549805,0.1227613247940189,878,NS
BRD:BRD-K37083340-001-02-3,0.05212224354310663,0.2345156542382315,522,NS
BRD:BRD-K26222048-001-01-7,0.05214262911856954,0.22339424691352047,547,NS
BRD:BRD-K74913225-001-12-4,0.05218737714754708,0.22642735571097974,539,NS
BRD:BRD-K06878038-001-18-6,0.05219380627379132,0.22293959352747136,547,NS
BRD:BRD-K92435527-001-03-9,0.0521956395552753,0.12223441271421152,878,NS
BRD:BRD-A94543220-001-24-7,0.05222906463589008,0.21925946239312774,555,NS
BRD:BRD-K34032314-001-04-1,0.05228796849516256,0.22083556955814052,550,NS
BRD:BRD-K56735750-001-06-8,0.05229756131425227,0.22075076453742246,550,NS
BRD:BRD-K24221957-003-01-6,0.05239992414280586,0.22627494331739106,535,NS
BRD:BRD-K38458514-001-01-8,0.05241089495130966,0.22748992711250934,532,NS
BRD:BRD-K44942604-346-05-4,0.05245021438356571,0.22152132628446403,545,NS
BRD:BRD-K59469039-001-08-0,0.052459443314701336,0.2172305069999928,555,NS
BRD:BRD-K55591206-001-20-7,0.05254275733793042,0.25560015638898903,470,NS
BRD:BRD-K00004559-001-01-9,0.05257836783488917,0.11951549716692413,878,NS
BRD:BRD-K00004712-001-01-9,0.05259803207557093,0.12043747551016415,873,NS
BRD:BRD-K00004680-001-01-9,0.05268790113323792,0.11874613814955313,878,NS
BRD:BRD-K53414658-001-08-2,0.05274044653083405,0.22457631205545778,532,NS
BRD:BRD-K88625236-001-04-2,0.05277777379252957,0.2161160540128251,551,NS
BRD:BRD-K68693535-001-03-4,0.05281518340196013,0.21495520577000124,553,NS
BRD:BRD-A87479750-001-02-7,0.05287949326772021,0.2152309963199472,551,NS
BRD:BRD-K00003223-003-01-9,0.05294069713862498,0.11803584489028988,873,NS
BRD:BRD-K85925969-001-17-4,0.05295071954657721,0.2196982726411312,539,NS
BRD:BRD-K67511046-001-02-3,0.05299077821433732,0.2223809332841154,532,NS
BRD:BRD-K90497590-001-04-2,0.05302877109279649,0.21561494406343787,547,NS
BRD:BRD-K83970940-001-01-0,0.053045504299870774,0.2515813481541647,469,NS
BRD:BRD-K61230716-236-03-5,0.05308922773430984,0.11596030837249575,878,NS
BRD:BRD-A08641215-065-05-5,0.053111679872898845,0.11622298112054211,876,NS
BRD:BRD-A09368919-001-01-7,0.053127485912739754,0.2503410434656508,470,NS
BRD:BRD-K13495773-001-11-4,0.053295891338121584,0.21713174151679562,538,NS
BRD:BRD-K76259716-019-01-1,0.053392727733788406,0.24848688694998927,469,NS
BRD:BRD-K78455053-001-01-2,0.053458874036491355,0.2085844293071304,555,NS
BRD:BRD-K65890018-236-01-1,0.053461761941995506,0.21021479848382174,551,NS
BRD:BRD-K72369578-001-04-1,0.05346494040480265,0.22266412939850588,522,NS
BRD:BRD-K00003281-001-01-9,0.0535329812021588,0.11293994747415059,878,NS
BRD:BRD-K00003404-001-01-9,0.053612716731729564,0.11343492052581547,873,NS
BRD:BRD-K95435023-001-08-5,0.05366598637536008,0.22092703331376723,522,NS
BRD:BRD-A00147595-001-01-5,0.053666882144463884,0.20888321856390044,550,NS
BRD:BRD-K31495718-001-01-1,0.05368813521444327,0.2099541055114616,547,NS
BRD:BRD-K25146005-001-01-0,0.05371104678226007,0.2148534472654527,535,NS
BRD:BRD-K96153583-001-05-1,0.0537143827625671,0.2214008564962258,520,NS
BRD:BRD-K37249724-001-25-7,0.05371684970911673,0.20804402249273762,551,NS
BRD:BRD-K00003224-001-01-9,0.05384606772134633,0.1108464500666169,878,NS
BRD:BRD-K58435339-001-03-0,0.05391149941118251,0.2055731459832138,553,NS
BRD:BRD-A78952587-001-01-5,0.053926204301843146,0.20793680713104837,547,NS
BRD:BRD-K00003491-001-01-9,0.05394627526460744,0.11018289843422238,878,NS
BRD:BRD-A44863528-001-13-2,0.05398233040569793,0.20829980677633023,545,NS
BRD:BRD-A36010170-001-04-0,0.0540513161726455,0.20563586933290554,550,NS
BRD:BRD-K00627859-003-03-7,0.054055292927698825,0.20518898345946002,551,NS
BRD:BRD-A40639672-234-18-0,0.05406680414646426,0.21011918507908048,539,NS
BRD:BRD-K00003294-050-01-9,0.05408203060055052,0.10928895895769876,878,NS
BRD:BRD-K44590731-001-01-7,0.05409205347822088,0.2065397783366019,547,NS
BRD:BRD-K00004548-001-01-9,0.05410307560300115,0.10915089304160758,878,NS
BRD:BRD-K38527262-300-01-0,0.05412475257395003,0.21176635536837743,534,NS
BRD:BRD-K14653796-001-01-1,0.054186329180345855,0.21210740395162123,532,NS
BRD:BRD-A66788520-001-01-7,0.054201934782363716,0.2408747347042985,470,NS
BRD:BRD-K93725829-001-03-8,0.054378563111494214,0.23984608849806607,469,NS
BRD:BRD-K00003392-001-01-9,0.05442545282685781,0.10806034597708708,873,NS
BRD:BRD-K76911699-003-03-9,0.05443353293361334,0.10800794104938259,873,NS
BRD:BRD-K26989966-001-03-5,0.05456747702703671,0.20092248858339182,551,NS
BRD:BRD-A00993607-003-24-6,0.054598553570062276,0.199031840611592,555,NS
BRD:BRD-A97437073-050-14-5,0.05461952796393468,0.19967384849425027,553,NS
BRD:BRD-K82941592-238-07-9,0.05483890604673183,0.10440947119953188,878,NS
BRD:BRD-K52559566-001-02-9,0.054875053547384915,0.20337290110163386,539,NS
BRD:BRD-K43927145-001-01-2,0.05491021759624205,0.19647593623114679,555,NS
BRD:BRD-K22134346-001-22-3,0.05503662804417793,0.20501174222599802,532,NS
BRD:BRD-A57957888-001-08-0,0.055043704126444895,0.1974225311356791,550,NS
BRD:BRD-K58770988-001-01-8,0.055061814291293476,0.19645854690913805,552,NS
BRD:BRD-K43187796-001-02-3,0.05509209180611409,0.19499553901001676,555,NS
BRD:BRD-K76694128-001-05-0,0.05514912803608235,0.2327404589111499,470,NS
BRD:BRD-K60160658-003-11-2,0.05515631986556329,0.1944746976536761,555,NS
BRD:BRD-K34251960-036-01-6,0.05517176795848542,0.2026235616701548,535,NS
BRD:BRD-K17513304-001-01-9,0.05521260299338976,0.19482804810260188,553,NS
BRD:BRD-A21858158-001-23-5,0.05523950688684671,0.19706005238405264,547,NS
BRD:BRD-K00091282-001-01-9,0.0552750892458267,0.10566808674480797,858,NS
BRD:BRD-K12762134-001-06-2,0.055284525186712286,0.19669471836316535,547,NS
BRD:BRD-K03301001-003-02-5,0.05533012169637886,0.1930704013204266,555,NS
BRD:BRD-K00615600-001-12-9,0.055366285884833326,0.20618606168323864,523,NS
BRD:BRD-K00003093-001-01-9,0.05554947184977832,0.0999872804644062,878,NS
BRD:BRD-K75958547-238-04-9,0.05555885012289337,0.10090356738799383,873,NS
BRD:BRD-K65991129-001-02-9,0.05560329798248014,0.19743032518939083,539,NS
BRD:BRD-K13926615-003-03-3,0.05564557623098515,0.19054057510071748,555,NS
BRD:BRD-K46317332-003-17-8,0.05564901759646492,0.19212606249559908,551,NS
BRD:BRD-K00091083-015-01-9,0.055664407098804096,0.10323090410507876,858,NS
BRD:BRD-K66353228-001-14-6,0.0558663730335789,0.19039286550214837,551,NS
BRD:BRD-K00003147-001-01-9,0.05590987859772805,0.09780199330479634,878,NS
BRD:BRD-A10967948-003-06-3,0.0559247038000764,0.19778625031551794,532,NS
BRD:BRD-K82804538-001-01-0,0.05599345344406461,0.22565502708153404,470,NS
BRD:BRD-K11973162-003-01-8,0.05608613637870377,0.19734033312476182,530,NS
BRD:BRD-K19615002-001-02-3,0.05616252976343423,0.18845288744167193,550,NS
BRD:BRD-K79116891-003-15-1,0.05618034499888654,0.1883125283012965,550,NS
BRD:BRD-A70083328-001-24-3,0.0561959163817261,0.19561711310832117,532,NS
BRD:BRD-K00003186-003-01-9,0.056201813737030495,0.0960599487197427,878,NS
BRD:BRD-K00003312-003-01-9,0.05622571320063913,0.09591843997633864,878,NS
BRD:BRD-A78391468-001-02-8,0.05624973065275347,0.18776659945461882,550,NS
BRD:BRD-K07954936-001-01-3,0.05625218322940305,0.19516928153335786,532,NS
BRD:BRD-K57796080-001-04-9,0.05645547554708611,0.09494399181970398,876,NS
BRD:BRD-K88759641-003-02-8,0.05649415370655312,0.18706273094145026,547,NS
BRD:BRD-K77171813-034-01-8,0.056494939909058614,0.18746194190225293,546,NS
BRD:BRD-K19939891-001-05-4,0.056497247318741735,0.1838322081778977,555,NS
BRD:BRD-K03808106-001-02-9,0.05653500302356146,0.09447865856934187,876,NS
BRD:BRD-K78086729-001-02-7,0.05660759323071351,0.18297597191116124,555,NS
BRD:BRD-K84466663-001-05-4,0.05665010625180566,0.18911172234317197,539,NS
BRD:BRD-K50005760-001-01-1,0.056650579229175616,0.22074188911345755,469,NS
BRD:BRD-K03019184-439-02-9,0.05665873028269741,0.09375833226029966,876,NS
BRD:BRD-A67514145-003-05-8,0.05676168405855075,0.1882404830451443,539,NS
BRD:BRD-K43860855-065-11-9,0.056796818939290616,0.18551644835877684,545,NS
BRD:BRD-K82103381-003-09-4,0.05682056482263679,0.18943586525516884,535,NS
BRD:BRD-K24258499-001-05-8,0.056841918923703307,0.18761580829089322,539,NS
BRD:BRD-K77950083-001-03-3,0.05700387230698549,0.1831096805509163,547,NS
BRD:BRD-K91356052-001-04-0,0.057082020340197555,0.21724055424251804,469,NS
BRD:BRD-K69608737-001-10-2,0.05711025859433697,0.179901648035872,553,NS
BRD:BRD-K00003420-001-01-9,0.05715275939613611,0.09148260760321256,873,NS
BRD:BRD-K18131774-001-17-6,0.057191350796816566,0.18167135581499674,547,NS
BRD:BRD-K06294530-001-01-5,0.057316654175432635,0.18071470696231678,547,NS
BRD:BRD-K99741577-001-01-7,0.05739391314541302,0.17695965790361604,555,NS
BRD:BRD-K00004675-001-01-9,0.05749339535752387,0.0886481939642062,878,NS
BRD:BRD-A00758722-001-04-9,0.05750934081475193,0.18535815120452998,532,NS
BRD:BRD-K87124298-001-03-4,0.05753972296148577,0.17743251281676758,551,NS
BRD:BRD-K21894922-001-01-9,0.05755871100424929,0.21341850243538804,469,NS
BRD:BRD-A13133631-001-04-0,0.057650625439093384,0.1781831794946743,547,NS
BRD:BRD-K49900195-300-02-9,0.05768378679317278,0.08795832942819085,876,NS
BRD:BRD-K46692793-004-01-8,0.05773574779241267,0.17834032053707272,545,NS
BRD:BRD-K91701654-001-03-1,0.05776511376582347,0.1875992012195018,522,NS
BRD:BRD-K38018935-001-01-1,0.0578892729394596,0.08683114217309279,876,NS
BRD:BRD-A39052811-048-11-0,0.05790048892723612,0.1751197839875779,550,NS
BRD:BRD-K91544578-001-03-8,0.057908000374755395,0.17349592324461738,554,NS
BRD:BRD-K83186168-001-01-8,0.05798779817822079,0.18008007122712869,536,NS
BRD:BRD-K09635314-001-03-4,0.05810320952657705,0.17558865423408462,545,NS
BRD:BRD-K53523901-001-04-4,0.05821144787504092,0.1739914641124865,547,NS
BRD:BRD-K24242599-001-02-8,0.05823482567272564,0.1718552520867029,552,NS
BRD:BRD-K00079493-001-02-9,0.058289794800594714,0.08794007277359124,858,NS
BRD:BRD-A50064262-001-04-7,0.058343778146223775,0.17183416209500052,550,NS
BRD:BRD-K25412176-001-04-9,0.058435332055955025,0.08442575374225138,873,NS
BRD:BRD-A83029242-001-05-3,0.05845538253897052,0.17219133762272104,547,NS
BRD:BRD-K95739795-001-03-7,0.05846410002449791,0.1690092602140774,555,NS
BRD:BRD-K97643133-003-09-3,0.05848614112905207,0.1688483731996126,555,NS
BRD:BRD-K54314721-001-10-2,0.05859697840322726,0.16804106348108122,555,NS
BRD:BRD-K00004629-001-01-9,0.05873056492029107,0.08198702912674723,878,NS
BRD:BRD-K44771174-066-01-0,0.058736876328559624,0.17370413651255465,538,NS
BRD:BRD-K71847383-001-12-5,0.058740800483919754,0.170889317786808,545,NS
BRD:BRD-K32289541-001-01-0,0.05880160398269765,0.16810105604202602,551,NS
BRD:BRD-A99899486-004-01-9,0.05882545165592807,0.17426358052363208,535,NS
BRD:BRD-K44273375-001-25-0,0.05882909207391415,0.17262777498640194,539,NS
BRD:BRD-K03871161-001-02-9,0.05884071875367417,0.08141413198791787,878,NS
BRD:BRD-K30652337-004-02-1,0.058910061782551655,0.16654434485875189,553,NS
BRD:BRD-K67915505-001-01-2,0.059164788220822606,0.20041562139043612,470,NS
BRD:BRD-A25182582-001-01-8,0.05920723713673858,0.2005741555145597,469,NS
BRD:BRD-K31560319-001-01-5,0.059209759353691375,0.16477805677333793,552,NS
BRD:BRD-K62734952-001-01-0,0.059237915349626094,0.16729101845505903,545,NS
BRD:BRD-A25619068-003-03-4,0.05925750959384702,0.1632897681815683,555,NS
BRD:BRD-A51382177-236-03-0,0.05932573874552421,0.16280480070352832,555,NS
BRD:BRD-K00003332-001-01-9,0.059332359796602445,0.0788965828674869,878,NS
BRD:BRD-K04185004-003-11-9,0.05937424887054473,0.16437451092495223,550,NS
BRD:BRD-K79145749-003-02-2,0.05938529517924101,0.1685970915750305,539,NS
BRD:BRD-K78010432-001-21-5,0.05941968177532128,0.16598959781629824,545,NS
BRD:BRD-K16277217-001-10-9,0.059440099546507745,0.17468751763652127,523,NS
BRD:BRD-K49519092-303-03-0,0.0594441495501988,0.19829491287885737,470,NS
BRD:BRD-K77756533-001-01-4,0.05946160240941924,0.1981629684312054,470,NS
BRD:BRD-A75975749-001-01-4,0.05976237248458802,0.16789112303276932,534,NS
BRD:BRD-K99383816-001-02-7,0.0597697487032633,0.16081320655402911,552,NS
BRD:BRD-K33637378-001-01-7,0.0597797885991041,0.16776703057153386,534,NS
BRD:BRD-K98155362-001-07-7,0.05981694371467713,0.1631717195418697,545,NS
BRD:BRD-K66766661-001-19-2,0.05990617131625575,0.1602388115006211,551,NS
BRD:BRD-K49702221-003-01-6,0.0599925573616885,0.16193757493506122,545,NS
BRD:BRD-K59715032-362-01-4,0.06011198846562324,0.15729413800323774,555,NS
BRD:BRD-K42019693-001-01-5,0.06014804301147352,0.19302409660648748,470,NS
BRD:BRD-K90825648-001-02-0,0.06015157822030013,0.1570204362291158,555,NS
BRD:BRD-K52960356-001-15-5,0.06026305519551252,0.16395465019623165,535,NS
BRD:BRD-K41869275-001-02-8,0.06027231293314455,0.156187966130859,555,NS
BRD:BRD-K91456750-238-01-7,0.06027343604675241,0.15618023792831204,555,NS
BRD:BRD-K65576800-001-01-6,0.06036949783442959,0.19138723297557697,470,NS
BRD:BRD-K53720352-001-03-2,0.06042033708873687,0.15857714594897382,546,NS
BRD:BRD-K19601669-001-03-5,0.06044063958512183,0.15503292635204716,555,NS
BRD:BRD-K60025295-003-06-6,0.06049256962231881,0.1565570435702403,550,NS
BRD:BRD-K35304636-001-01-0,0.06055551289023745,0.16191473059054048,535,NS
BRD:BRD-K00004673-001-01-9,0.06055956533967525,0.07288752415930362,878,NS
BRD:BRD-A30205217-001-11-2,0.060673823414592806,0.15531694351498732,550,NS
BRD:BRD-A93683007-001-01-9,0.06069539418313244,0.16094582579095576,535,NS
BRD:BRD-K56483981-342-06-4,0.06070555400737464,0.1532282293062544,555,NS
BRD:BRD-K69600043-328-05-5,0.060826990666223976,0.15240630265900396,555,NS
BRD:BRD-K59332007-300-02-7,0.060838291996903,0.1523299817575105,555,NS
BRD:BRD-K06222852-001-03-2,0.060899861557729945,0.15491305399212016,547,NS
BRD:BRD-K33082088-001-03-3,0.06094190078631049,0.15237447168123192,553,NS
BRD:BRD-K12014493-001-02-2,0.06098133612806372,0.16497435978748656,520,NS
BRD:BRD-K00003316-001-01-9,0.061003637939827576,0.07080743356879039,878,NS
BRD:BRD-K73197500-001-02-2,0.06129911120994527,0.15072317195232401,551,NS
BRD:BRD-K00004679-001-01-9,0.06132961385815716,0.06931165839116744,878,NS
BRD:BRD-K00003416-001-01-9,0.06149633981985546,0.06935168296092059,873,NS
BRD:BRD-K63631219-001-01-6,0.06152023072448728,0.1830453509841945,470,NS
BRD:BRD-K31086665-005-04-6,0.061531478478900836,0.14880830376413703,552,NS
BRD:BRD-K43966364-237-04-8,0.06153738278008059,0.15366336954980683,539,NS
BRD:BRD-K57091285-001-07-7,0.06154357973983253,0.18334775345084883,469,NS
BRD:BRD-K69470111-236-08-9,0.06156320813782311,0.153490460254524,539,NS
BRD:BRD-K36697397-003-02-9,0.06159709991710627,0.06810370911489057,878,NS
BRD:BRD-A74391928-051-01-3,0.061753138225101444,0.14624752519223955,555,NS
BRD:BRD-K47095176-001-01-6,0.062124162495909706,0.1497709919909595,539,NS
BRD:BRD-K79878800-239-02-9,0.06214013899045102,0.06570451761806478,878,NS
BRD:BRD-K74339692-001-01-9,0.06215611156247963,0.1473043965725069,545,NS
BRD:BRD-A87673115-001-04-1,0.062173054419469714,0.14945008585518282,539,NS
BRD:BRD-A27887842-001-04-0,0.06231625108498981,0.1511883655710489,532,NS
BRD:BRD-K37848908-001-05-6,0.06244292062618779,0.17655305616832817,470,NS
BRD:BRD-A67305656-001-01-5,0.062493162665095185,0.1488792995003741,535,NS
BRD:BRD-K25412176-001-01-9,0.06256810484248801,0.1438976420006128,547,NS
BRD:BRD-K00004632-001-01-9,0.06258828939225765,0.06377732988329385,878,NS
BRD:BRD-K90830492-305-01-4,0.06259804554501285,0.1759410416592462,469,NS
BRD:BRD-K59110290-238-01-7,0.06263469785530786,0.14128399638654326,553,NS
BRD:BRD-K99447003-335-04-1,0.0626393131475877,0.1479294635538726,535,NS
BRD:BRD-K53061490-003-13-9,0.062733165813357,0.14581098895839786,539,NS
BRD:BRD-K55705469-065-01-0,0.06277912263571721,0.14145291783924013,550,NS
BRD:BRD-K29359156-001-30-1,0.06278148912229373,0.13963364877262227,555,NS
BRD:BRD-K00003460-001-01-9,0.06278964387145906,0.06368328161666532,873,NS
BRD:BRD-K60341624-001-02-2,0.06293052578038541,0.13941102780052173,553,NS
BRD:BRD-K64973364-001-01-4,0.06304960975233412,0.17237844014321768,470,NS
BRD:BRD-K84748119-050-01-1,0.06306751606804713,0.1436711545931295,539,NS
BRD:BRD-A68281735-001-18-6,0.0632053498518235,0.13768817500789754,553,NS
BRD:BRD-A12994259-001-02-1,0.06323134449154337,0.14526380745988765,532,NS
BRD:BRD-K91336023-003-01-0,0.06324259745291873,0.13674362673912902,555,NS
BRD:BRD-K52914072-001-01-5,0.0634740557424993,0.14259272497527004,535,NS
BRD:BRD-A37492983-001-10-3,0.06356064918774317,0.1347771964268749,555,NS
BRD:BRD-A82013137-300-01-1,0.06360679650612965,0.16906581788278138,469,NS
BRD:BRD-K00003107-001-01-9,0.06365497138673065,0.059377226214596485,878,NS
BRD:BRD-K25210703-001-01-9,0.06368230479453738,0.1681037423564536,470,NS
BRD:BRD-K14590126-001-01-6,0.06376587047146705,0.16754512853276513,470,NS
BRD:BRD-K12513978-001-24-1,0.06377337116442011,0.14183916401585803,532,NS
BRD:BRD-A19053834-050-09-5,0.06380890883187758,0.14049381540927428,535,NS
BRD:BRD-K48168960-001-19-2,0.06381285838730713,0.1332334071088171,555,NS
BRD:BRD-K05524748-003-04-4,0.06387641675033662,0.14270635535150436,528,NS
BRD:BRD-A62021152-003-03-4,0.06394563549049195,0.13526182896891006,547,NS
BRD:BRD-K62810658-001-12-2,0.06394706639150421,0.13418185062959248,550,NS
BRD:BRD-K52662033-003-21-2,0.06395821140625957,0.1622429224969141,479,NS
BRD:BRD-K95926480-003-03-6,0.06400634420757453,0.13489063670589457,547,NS
BRD:BRD-K68220839-413-02-8,0.06407412726312874,0.16549653283025248,470,NS
BRD:BRD-K05619559-001-12-7,0.064228340227613,0.130720025005537,555,NS
BRD:BRD-A39791822-001-05-1,0.06431819975179874,0.1315803534770686,551,NS
BRD:BRD-K89121095-001-01-7,0.06436702343579802,0.13704823472851868,535,NS
BRD:BRD-K49555808-001-03-9,0.06457979384161008,0.13429149111656657,539,NS
BRD:BRD-K01683783-001-02-6,0.0645842628924772,0.12998784838340913,551,NS
BRD:BRD-K73381198-001-01-1,0.06461173742609252,0.13194209994230197,545,NS
BRD:BRD-K92723993-001-06-7,0.06471247238719902,0.12783780322637125,555,NS
BRD:BRD-K64834129-001-19-6,0.06473271263953981,0.1611827810439256,470,NS
BRD:BRD-K10990317-001-04-5,0.0648297245129335,0.12993343207031247,547,NS
BRD:BRD-K11717138-001-30-3,0.06490556215322865,0.13488563128463485,532,NS
BRD:BRD-K42452249-001-02-5,0.06492471371046656,0.13007653401409025,545,NS
BRD:BRD-A68942014-003-01-7,0.06500891386518308,0.12678518421060653,553,NS
BRD:BRD-K24297741-001-05-2,0.06520406777670533,0.13681673657402552,522,NS
BRD:BRD-K17850764-236-11-9,0.0655099847509674,0.125945268896965,547,NS
BRD:BRD-K06496777-003-02-9,0.06558057066096615,0.052340182960811235,876,NS
BRD:BRD-K69555850-001-02-9,0.0657046505992301,0.05229915542102744,873,NS
BRD:BRD-K46416130-001-07-7,0.06582045342181511,0.1542442336599885,470,NS
BRD:BRD-K36524108-065-04-0,0.06592844346993375,0.12775372775580712,535,NS
BRD:BRD-K37872686-003-01-9,0.06595007046414374,0.12620693416861767,539,NS
BRD:BRD-K88737571-001-02-2,0.0660535697789297,0.05039611684967086,878,NS
BRD:BRD-K00003275-001-01-9,0.06622473107097548,0.04980120384994132,878,p < 0.05
BRD:BRD-K90947825-001-02-7,0.06629158181547413,0.1326179628488212,516,NS
BRD:BRD-A42553870-001-14-3,0.06640501295790018,0.12152825910481138,545,NS
BRD:BRD-K78789465-001-02-4,0.06641772415227792,0.11941627749615896,551,NS
BRD:BRD-A88787317-001-01-0,0.06649346207936238,0.15050261762267306,469,NS
BRD:BRD-K83720053-001-03-8,0.06658822781187396,0.12504046425417245,532,NS
BRD:BRD-K99300445-003-21-6,0.06662547517242608,0.12029352813168703,545,NS
BRD:BRD-A81541225-001-06-8,0.06664482717005434,0.1195044762613052,547,NS
BRD:BRD-K73477617-001-08-5,0.0667832112651808,0.11739153728734372,551,NS
BRD:BRD-K26005076-001-12-8,0.06691662332250009,0.11800076649356141,547,NS
BRD:BRD-A07000685-001-04-4,0.0669279087023278,0.11693112691421803,550,NS
BRD:BRD-K63919159-003-07-0,0.06695290741504073,0.12192619776248648,535,NS
BRD:BRD-K21733600-001-14-1,0.06698936868878451,0.12033122102583775,539,NS
BRD:BRD-K30431096-004-01-3,0.06706914375528288,0.11988918610036392,539,NS
BRD:BRD-K29582115-066-01-2,0.06717796277010296,0.11928826423033338,539,NS
BRD:BRD-K98530306-003-18-3,0.0673229002891298,0.11346479176677571,554,NS
BRD:BRD-K00003380-001-01-9,0.06733711990312134,0.04607643960142005,878,p < 0.05
BRD:BRD-K47827687-001-02-2,0.06742679483471628,0.11622442596677955,544,NS
BRD:BRD-A22305049-003-13-6,0.06744951095022485,0.11509557051606688,547,NS
BRD:BRD-K72339976-065-04-7,0.06751080813412169,0.11543348925364734,545,NS
BRD:BRD-K81672972-001-03-1,0.06784721845316698,0.1180466866101021,532,NS
BRD:BRD-K60511616-236-08-9,0.06785452900960179,0.11292525529084406,547,NS
BRD:BRD-K04196797-001-24-4,0.0680066426117085,0.11080896686828484,551,NS
BRD:BRD-K56614220-001-19-0,0.06803495892753189,0.11001209714487602,553,NS
BRD:BRD-K71799949-001-36-4,0.0682647950151611,0.10881323102988082,553,NS
BRD:BRD-K33240821-001-06-2,0.06845766964818875,0.1137448587971126,535,NS
BRD:BRD-K00073457-001-02-9,0.0684611701750569,0.04498777406754056,858,p < 0.05
BRD:BRD-K92848252-001-01-9,0.06849370863624533,0.10762944480556645,553,NS
BRD:BRD-K76011241-001-01-8,0.06888503116862621,0.10626476797109162,551,NS
BRD:BRD-K44845912-001-02-9,0.06895013008611157,0.04167555471419475,873,p < 0.05
BRD:BRD-K58234744-001-02-9,0.06921205764461973,0.04032887956129689,878,p < 0.05
BRD:BRD-K39467894-001-06-7,0.06923029901207053,0.11072036763437104,532,NS
BRD:BRD-A20644369-001-08-6,0.0693308608853468,0.1040153947376767,551,NS
BRD:BRD-K01567962-001-23-0,0.06964362316449431,0.10246003417979238,551,NS
BRD:BRD-K00003357-001-01-9,0.06969793675195435,0.039504890022692765,873,p < 0.05
BRD:BRD-K47635719-001-21-1,0.0697264077761943,0.1014286506633913,553,NS
BRD:BRD-K98203492-003-04-1,0.06983254878135957,0.10731254024926867,533,NS
BRD:BRD-K51333959-003-01-3,0.06995902741169342,0.09967582419262862,555,NS
BRD:BRD-A91452556-001-04-0,0.07002094646456676,0.10060823714021973,551,NS
BRD:BRD-K10843433-001-23-5,0.0700659452825696,0.11051868522303385,520,NS
BRD:BRD-K44844162-001-01-6,0.0700799268189986,0.10219885488720531,545,NS
BRD:BRD-K00003731-001-01-9,0.0702058652484925,0.03808580172541557,873,p < 0.05
BRD:BRD-A84687895-001-03-2,0.07023586292977912,0.09956543767379507,551,NS
BRD:BRD-K20722021-001-02-1,0.07025426000208969,0.10553072393303069,532,NS
BRD:BRD-K65877271-001-01-8,0.07025616149354863,0.10324522499012356,539,NS
BRD:BRD-K96042922-001-09-8,0.07028009751433899,0.09812709084692713,555,NS
BRD:BRD-K95292280-001-01-3,0.07028075142141248,0.10059019754045165,547,NS
BRD:BRD-K83551379-001-02-6,0.07041555836032734,0.10246350405608569,539,NS
BRD:BRD-K64191834-001-03-1,0.07046636611161304,0.10221531986903046,539,NS
BRD:BRD-K52408781-001-02-8,0.07049939078655766,0.09953339122532065,547,NS
BRD:BRD-K61120504-001-01-6,0.07066091830196189,0.036314126585044876,878,p < 0.05
BRD:BRD-K27335680-001-10-0,0.07075014418320305,0.09833225492776926,547,NS
BRD:BRD-K17743697-066-03-6,0.0708041014570966,0.09869446261809782,545,NS
BRD:BRD-K52644305-300-02-9,0.0708091552568816,0.03592323624140975,878,p < 0.05
BRD:BRD-A98174560-001-02-1,0.07084947956643688,0.09663537039399113,551,NS
BRD:BRD-A55469827-001-07-4,0.07095543137522148,0.09613647725574957,551,NS
BRD:BRD-K69035426-001-01-3,0.07098616440224643,0.09782865469244488,545,NS
BRD:BRD-K37864785-001-01-0,0.07119535615246518,0.12323772812294198,470,NS
BRD:BRD-A84174393-236-07-1,0.07124187866556397,0.10070945149067928,532,NS
BRD:BRD-K31309378-001-01-5,0.07126585637783696,0.09651036985522253,545,NS
BRD:BRD-K81004638-001-01-7,0.07134977350291889,0.12242453920271311,470,NS
BRD:BRD-K00004562-001-01-9,0.0714147265321163,0.034363379408943684,878,p < 0.05
BRD:BRD-K00091110-074-01-9,0.0714571621789181,0.036374022615282914,858,p < 0.05
BRD:BRD-K02637541-001-18-0,0.07145885246740608,0.09499980881029609,547,NS
BRD:BRD-K86307448-001-17-5,0.07147786469385217,0.09958374450894907,532,NS
BRD:BRD-K87714311-001-05-9,0.07151787248380553,0.03430877411501023,876,p < 0.05
BRD:BRD-K07283971-001-01-3,0.07195382464074261,0.09183177569176112,550,NS
BRD:BRD-K41859756-001-06-8,0.07198770751126667,0.09257233657984987,547,NS
BRD:BRD-A74667430-001-23-6,0.07216959577035414,0.0893973787004628,555,NS
BRD:BRD-K47726410-001-01-2,0.07219502208387571,0.1184410500182931,469,NS
BRD:BRD-K02314383-001-01-3,0.07228884849634985,0.09180896202996411,545,NS
BRD:BRD-K63150726-001-02-1,0.07233043685998033,0.08897316328145806,554,NS
BRD:BRD-K45168550-001-01-9,0.07238202973497093,0.09139000626734066,545,NS
BRD:BRD-K09223495-001-01-4,0.07267977384099579,0.11559248902111177,470,NS
BRD:BRD-K84794093-001-07-5,0.07276315570303953,0.09362726387281914,532,NS
BRD:BRD-K10196357-003-02-0,0.0729159434417002,0.09080521569563751,539,NS
BRD:BRD-A88684804-001-04-3,0.07297733908165535,0.0870040205128123,551,NS
BRD:BRD-K84986517-001-01-8,0.07315557517363146,0.08974616934890471,539,NS
BRD:BRD-K24548560-342-02-1,0.0734151287614654,0.08399203956155404,555,NS
BRD:BRD-A85242401-001-12-3,0.0735205124710372,0.0846734810350311,551,NS
BRD:BRD-K34185671-001-02-8,0.0735448714404932,0.08571225749130566,547,NS
BRD:BRD-K55172746-001-01-3,0.07364816681059681,0.08879017681747838,535,NS
BRD:BRD-K38003476-001-09-1,0.07368720303296829,0.08284713636502658,555,NS
BRD:BRD-K00003116-001-01-9,0.07392784023251128,0.028492498792105907,878,p < 0.05
BRD:BRD-K87691185-001-01-2,0.07399174341060656,0.10914943994890823,470,NS
BRD:BRD-K61802864-001-08-8,0.07402193640022095,0.08256702766677272,551,NS
BRD:BRD-K37130656-001-04-6,0.07404842752691929,0.08588725014672091,539,NS
BRD:BRD-K38852836-001-02-1,0.07404891580929812,0.08134459558757635,555,NS
BRD:BRD-K57718010-001-11-9,0.07408675069896273,0.08118871329679463,555,NS
BRD:BRD-K73815512-001-02-5,0.07420327373577769,0.08071014916234348,555,NS
BRD:BRD-A04447196-001-01-8,0.07425400562032847,0.08618907994634582,535,NS
BRD:BRD-K26325692-003-01-3,0.07431377520383244,0.08247924457814797,547,NS
BRD:BRD-K70912147-001-01-8,0.07448562446288903,0.08121159956679494,549,NS
BRD:BRD-K50489389-001-01-8,0.07467819466147159,0.0844046762127203,535,NS
BRD:BRD-K82343404-003-02-4,0.07499787648714087,0.08279104044230848,536,NS
BRD:BRD-A37441042-003-04-8,0.07546731418979505,0.07673124045104761,551,NS
BRD:BRD-K92778217-001-32-7,0.07557669357275504,0.08187100167364225,531,NS
BRD:BRD-K17621556-001-01-5,0.07574414576637506,0.10135432887181363,469,NS
BRD:BRD-K20920669-304-09-1,0.07578997254087508,0.0746808981986961,554,NS
BRD:BRD-K00084841-001-01-9,0.07586793662839321,0.026265754791383593,858,p < 0.05
BRD:BRD-K55166090-001-09-0,0.07594025953530412,0.07489616902814791,551,NS
BRD:BRD-K56104152-008-04-1,0.07600404601677228,0.07360061970048216,555,NS
BRD:BRD-K88743730-050-04-1,0.07607533740508925,0.09950253960721941,470,NS
BRD:BRD-K16732600-001-01-7,0.07630587167824081,0.07509492117970466,545,NS
BRD:BRD-K53153417-001-10-4,0.07631844115872814,0.07267219943551673,554,NS
BRD:BRD-K78513633-001-15-7,0.07632143894960951,0.07503532820467619,545,NS
BRD:BRD-K05104363-001-10-0,0.07670462447338496,0.07712023322449178,532,NS
BRD:BRD-K72226571-003-02-9,0.07674012321849749,0.02312233417752389,876,p < 0.05
BRD:BRD-K81881550-001-03-9,0.07677347206345514,0.022906092978549078,878,p < 0.05
BRD:BRD-K25312248-001-01-5,0.07686647410956514,0.07244661425261528,547,NS
BRD:BRD-K41705163-001-01-1,0.0768932982969185,0.09626197436301273,469,NS
BRD:BRD-K76810206-001-07-3,0.07691781370275705,0.07278119266462742,545,NS
BRD:BRD-A70814879-001-01-2,0.07706471803374472,0.09516558024464615,470,NS
BRD:BRD-K85090592-008-22-7,0.07709156559236502,0.0796114582820286,518,NS
BRD:BRD-K73276278-305-01-1,0.0771406004813436,0.09519322414198134,469,NS
BRD:BRD-K62621335-001-01-7,0.07716031936185017,0.07032683185613176,551,NS
BRD:BRD-K96799727-001-06-6,0.07728664375945998,0.06986704368924085,551,NS
BRD:BRD-K52113681-003-02-1,0.07729854468251662,0.07137125763817218,545,NS
BRD:BRD-K00004631-001-01-9,0.07757172833164129,0.021520682176047,878,p < 0.05
BRD:BRD-K71266197-236-02-7,0.0776374970409532,0.06860292324373005,551,NS
BRD:BRD-K79239947-001-06-8,0.07771837578079986,0.06932903057217206,547,NS
BRD:BRD-K37793595-003-01-7,0.07808780010870171,0.06675958395275859,552,NS
BRD:BRD-K73999723-001-11-3,0.07810258379304946,0.0659687658325204,555,NS
BRD:BRD-K80639402-003-02-9,0.0783919639255312,0.06694253199865732,547,NS
BRD:BRD-K67261995-001-11-7,0.07847239765480818,0.06591658329244818,550,NS
BRD:BRD-K63915849-001-03-7,0.07852815219184665,0.06547792605077177,551,NS
BRD:BRD-K08640512-003-02-3,0.07855378566387741,0.0668801607115275,545,NS
BRD:BRD-K07070922-001-01-4,0.07867637032729871,0.06901023975253115,535,NS
BRD:BRD-K05804044-001-18-5,0.0788364412816086,0.01906237860893671,884,p < 0.05
BRD:BRD-K49788188-001-02-9,0.07884657323577966,0.01945905181644556,878,p < 0.05
BRD:BRD-K76600340-045-04-9,0.07889671761499437,0.06446280686875437,550,NS
BRD:BRD-K58466253-003-14-0,0.07896774358162953,0.06495641670738803,547,NS
BRD:BRD-K70821460-300-02-4,0.07900946249469713,0.06481441368318558,547,NS
BRD:BRD-K06762493-001-08-1,0.0792269125457665,0.06334986373172481,550,NS
BRD:BRD-U48018661-000-01-9,0.07944771633322095,0.06237527656746634,551,NS
BRD:BRD-K98179423-300-01-3,0.07975914209639204,0.08444876898356046,469,NS
BRD:BRD-K50938786-003-11-8,0.07992131548316715,0.06012395820973517,554,NS
BRD:BRD-K66094457-001-01-5,0.0804135342330769,0.06382678701472294,532,NS
BRD:BRD-K07160047-001-01-3,0.0804402238444665,0.0593954946356071,550,NS
BRD:BRD-K00926464-001-01-8,0.0806483990914644,0.05990411044467178,545,NS
BRD:BRD-K09090523-001-02-1,0.08065335753176044,0.05849212867140725,551,NS
BRD:BRD-K60441002-001-04-8,0.08081312727758502,0.05891508415124942,547,NS
BRD:BRD-A48376327-003-01-5,0.08114933052891585,0.06069735997767375,535,NS
BRD:BRD-K73589491-001-11-2,0.08124198156628017,0.056896243100050696,550,NS
BRD:BRD-K39805756-001-01-6,0.081384791955736,0.0564603593047871,550,NS
BRD:BRD-K50905564-001-08-9,0.08152962309242279,0.015794491608369526,876,p < 0.05
BRD:BRD-K97799481-001-16-0,0.08177993852356888,0.054168074864552315,555,NS
BRD:BRD-A34751532-001-06-9,0.08201628763707781,0.05500944134166197,548,NS
BRD:BRD-K68938568-001-01-7,0.08231012871104744,0.05305109318275457,553,NS
BRD:BRD-K82941592-238-04-5,0.08238781518301112,0.05755856578624382,532,NS
BRD:BRD-A22152765-003-10-0,0.08263603187115641,0.05168892662264377,555,NS
BRD:BRD-A90642009-001-03-2,0.0827605019094381,0.07335988921449486,469,NS
BRD:BRD-K00003475-001-01-9,0.08276267579372439,0.014443207066212946,873,p < 0.05
BRD:BRD-K92731339-227-04-9,0.08280755849230455,0.05226730613610905,550,NS
BRD:BRD-K89657519-001-01-8,0.0833759443028315,0.05130345012107039,547,NS
BRD:BRD-A38592941-001-02-7,0.08340971675776754,0.04953057829079617,555,p < 0.05
BRD:BRD-K03894385-001-01-1,0.08367714613951141,0.053073246301004975,535,NS
BRD:BRD-K97810537-001-13-6,0.08371168006511016,0.05364813123750602,532,NS
BRD:BRD-K96631475-001-04-0,0.08373997664620703,0.050291989374689705,547,NS
BRD:BRD-K84011460-051-01-7,0.08441142924726834,0.05167221062943835,532,NS
BRD:BRD-K96734425-304-01-7,0.08460710205143557,0.05047707624222331,535,NS
BRD:BRD-K73589401-001-23-6,0.08463022452400479,0.047888474270370844,547,p < 0.05
BRD:BRD-A96456596-001-02-2,0.08481445110279226,0.045804449218648104,555,p < 0.05
BRD:BRD-K24497734-001-01-6,0.08494331586665166,0.04977940907648528,534,p < 0.05
BRD:BRD-A14262390-065-01-8,0.08521980691863855,0.049465523167910586,532,p < 0.05
BRD:BRD-K19741547-003-01-7,0.08523471046044533,0.04942559176826036,532,p < 0.05
BRD:BRD-K02782351-003-01-5,0.0853258840238834,0.06485020214433926,469,NS
BRD:BRD-A56754222-001-01-2,0.08548381550709659,0.06406880881772312,470,NS
BRD:BRD-K97808269-001-02-7,0.08550749481373053,0.04561492173066337,547,p < 0.05
BRD:BRD-K32101625-001-01-6,0.08554919258632089,0.04433535481449381,553,p < 0.05
BRD:BRD-K28030264-001-02-7,0.08564343404076169,0.06357180510575466,470,NS
BRD:BRD-A94640958-001-01-7,0.08579513003139554,0.06338510715950749,469,NS
BRD:BRD-K33211335-004-01-7,0.08596491878332138,0.04485858749475785,545,p < 0.05
BRD:BRD-K78941306-001-02-4,0.08621778155580716,0.042320082415169644,555,p < 0.05
BRD:BRD-A43435802-001-02-0,0.08664421375378963,0.04130664423681719,555,p < 0.05
BRD:BRD-A93255169-001-28-3,0.0866970702879593,0.04118246770748658,555,p < 0.05
BRD:BRD-K00003244-001-01-9,0.08688422169911905,0.01000442225548058,878,p < 0.05
BRD:BRD-K76022557-003-02-7,0.08691341202708462,0.04273153937222623,544,p < 0.05
BRD:BRD-K28965160-001-01-1,0.08708247543166608,0.041760656933033755,547,p < 0.05
BRD:BRD-A38350138-001-04-9,0.08713648495943051,0.04394743722993517,535,p < 0.05
BRD:BRD-A95939040-001-01-2,0.08740835217473401,0.039541890099080775,555,p < 0.05
BRD:BRD-K94948151-001-07-4,0.08765745739388169,0.05783682727312983,469,NS
BRD:BRD-A86523169-001-01-0,0.08776238052198677,0.05753660547095719,469,NS
BRD:BRD-A51714012-003-13-6,0.08793137484854376,0.0426311426214657,532,p < 0.05
BRD:BRD-A90515964-001-16-5,0.08807769462198071,0.03893056869086521,550,p < 0.05
BRD:BRD-K68379918-001-01-1,0.08832967179667074,0.05567330768189206,470,NS
BRD:BRD-K00091078-001-01-9,0.08844184696135962,0.009544464949907688,858,p < 0.05
BRD:BRD-K57179821-001-15-4,0.08848238560145763,0.03786264359928597,551,p < 0.05
BRD:BRD-K00004718-001-01-9,0.08862562030122562,0.008601430493358491,878,p < 0.05
BRD:BRD-K00003273-003-01-9,0.08862746417675624,0.008600043086776107,878,p < 0.05
BRD:BRD-K43880410-001-14-4,0.08879490611823157,0.03650249432578712,555,p < 0.05
BRD:BRD-K26807903-001-04-3,0.08889041556561118,0.0371556985431418,550,p < 0.05
BRD:BRD-K00003181-001-01-9,0.08899700119823654,0.008513124903206166,873,p < 0.05
BRD:BRD-A73930134-001-03-0,0.08932021953410064,0.04135887150565941,522,p < 0.05
BRD:BRD-A67531813-001-01-6,0.08937984847797488,0.052815512025303234,470,NS
BRD:BRD-K00003263-001-01-9,0.08938680403350253,0.008045378507820682,878,p < 0.05
BRD:BRD-K29392254-001-02-2,0.08947191095460516,0.04101359757165453,522,p < 0.05
BRD:BRD-A65793993-001-01-6,0.08953981375718739,0.05239112250769707,470,NS
BRD:BRD-K93611241-001-02-2,0.09048980294541724,0.03370051165320458,551,p < 0.05
BRD:BRD-K03390685-001-01-7,0.09086613889186647,0.033610353640405065,547,p < 0.05
BRD:BRD-K15318909-001-10-5,0.0909153171769947,0.03367706287187535,546,p < 0.05
BRD:BRD-K54028654-001-02-6,0.09097863111048203,0.035918407555486885,532,p < 0.05
BRD:BRD-A48938994-001-14-1,0.09108192106776838,0.035188472313602726,535,p < 0.05
BRD:BRD-K72915123-001-18-1,0.09113297418276509,0.03245235785001882,551,p < 0.05
BRD:BRD-A81129465-001-03-8,0.09156648418196253,0.03473261433807728,532,p < 0.05
BRD:BRD-K70976396-236-26-0,0.09267254419633197,0.04463627473092461,470,p < 0.05
BRD:BRD-K13387373-004-14-5,0.09321852835910933,0.029260500490721337,547,p < 0.05
BRD:BRD-A64319165-001-07-0,0.09328712993368442,0.043458313264530014,469,p < 0.05
BRD:BRD-K15766189-001-09-8,0.09337525683597382,0.028117838781144596,553,p < 0.05
BRD:BRD-K53422148-001-01-8,0.09350242187317148,0.04275177153508516,470,p < 0.05
BRD:BRD-K76841105-001-04-7,0.09379614584012859,0.028560930465836434,545,p < 0.05
BRD:BRD-K11072003-001-02-4,0.09395747007121855,0.005332018114274807,878,p < 0.05
BRD:BRD-A93717708-051-01-2,0.09484131830908588,0.040065681117301986,469,p < 0.05
BRD:BRD-A34205397-001-04-5,0.09525971464028751,0.025346705595198655,551,p < 0.05
BRD:BRD-K92107055-001-01-9,0.09527716688976849,0.02479196082012725,555,p < 0.05
BRD:BRD-K60762818-003-26-0,0.09592721009803656,0.026647183379095576,534,p < 0.05
BRD:BRD-A40302156-001-01-9,0.09595856692594988,0.026455411569134578,535,p < 0.05
BRD:BRD-K25863791-001-01-8,0.09644663831636545,0.036598002126291884,470,p < 0.05
BRD:BRD-K42981054-001-01-9,0.09673780518177755,0.02470677993779989,539,p < 0.05
BRD:BRD-K75699339-057-08-1,0.09687732300256,0.02245961370901905,555,p < 0.05
BRD:BRD-K76304753-003-20-3,0.0973113948927323,0.02493366890421121,531,p < 0.05
BRD:BRD-K12737986-001-01-4,0.09751897471920971,0.024489586291339363,532,p < 0.05
BRD:BRD-K77070363-001-01-5,0.09754096726404184,0.034510982828672467,470,p < 0.05
BRD:BRD-A91031770-001-01-8,0.09793596897439388,0.033973919029663874,469,p < 0.05
BRD:BRD-K19456237-001-27-6,0.09879375885060507,0.02083497221744328,547,p < 0.05
BRD:BRD-K93632104-001-18-0,0.09912263571720298,0.020068135708782787,550,p < 0.05
BRD:BRD-A38076815-003-10-3,0.099674577832124,0.018837321118154934,555,p < 0.05
BRD:BRD-K67578145-001-09-7,0.09994832114592324,0.022383398235611508,522,p < 0.05
BRD:BRD-K78096648-001-05-7,0.10132707281924769,0.0179733926242925,545,p < 0.05
BRD:BRD-A69126730-001-01-3,0.1014561868218777,0.027853861706530397,470,p < 0.05
BRD:BRD-K90868879-001-03-8,0.10156533959094798,0.01668764642920067,555,p < 0.05
BRD:BRD-K00010389-001-01-9,0.10290816749455298,0.0023321243424774536,873,p < 0.05
BRD:BRD-K70557564-305-03-6,0.10320208006271638,0.015186967853737361,553,p < 0.05
BRD:BRD-K27135764-001-08-7,0.103419865739886,0.015531380677793338,547,p < 0.05
BRD:BRD-K00003203-001-01-9,0.10360030083183873,0.0021143029655305537,878,p < 0.05
BRD:BRD-K92968657-001-01-6,0.10394367304478204,0.0142908239421587,555,p < 0.05
BRD:BRD-K08976401-001-18-5,0.10415288387917358,0.01625283824539345,532,p < 0.05
BRD:BRD-K44876623-001-03-7,0.10433741245263102,0.014816106016858227,545,p < 0.05
BRD:BRD-K91234829-001-01-7,0.10446882771976373,0.0235126708810503,470,p < 0.05
BRD:BRD-K75664313-001-02-6,0.10477342071498949,0.023255574725634807,469,p < 0.05
BRD:BRD-K61237927-001-01-7,0.10500303288918975,0.013577664682564662,552,p < 0.05
BRD:BRD-K99984802-100-13-5,0.10517305940331269,0.01351072754243285,551,p < 0.05
BRD:BRD-K47976015-001-01-2,0.10527502459614131,0.016534693090036197,518,p < 0.05
BRD:BRD-K41445866-001-18-8,0.10543996970903702,0.01302512099163293,554,p < 0.05
BRD:BRD-A90799790-001-19-9,0.10551462820376929,0.012878863055315711,555,p < 0.05
BRD:BRD-K79595931-312-01-3,0.10631141659204263,0.01302052656961606,545,p < 0.05
BRD:BRD-K04568635-300-01-4,0.1065883657626777,0.0127846155535951,545,p < 0.05
BRD:BRD-K00003494-001-01-9,0.10658975631480182,0.0016113828626137868,873,p < 0.05
BRD:BRD-K26667523-001-02-5,0.10705249060444616,0.012237446499563171,547,p < 0.05
BRD:BRD-K25394294-001-14-9,0.1073137158143521,0.011414297418345163,555,p < 0.05
BRD:BRD-K73469236-001-01-8,0.10811851157044994,0.012016524473791566,539,p < 0.05
BRD:BRD-K55216666-001-01-4,0.10845352382348257,0.018804720103252164,469,p < 0.05
BRD:BRD-K49372556-001-04-1,0.10908146968611736,0.011579776582590339,535,p < 0.05
BRD:BRD-K64614248-001-12-3,0.1102668522198231,0.009587507933737563,551,p < 0.05
BRD:BRD-A44188509-001-01-2,0.11031885098293055,0.010664250578607648,535,p < 0.05
BRD:BRD-K36998189-001-03-5,0.11084698090096633,0.016325936992550884,469,p < 0.05
BRD:BRD-A91822151-001-05-0,0.11171543980890766,0.009438858397652903,539,p < 0.05
BRD:BRD-A51078674-003-01-0,0.11222544259450472,0.008138735372939002,555,p < 0.05
BRD:BRD-K26262077-238-01-5,0.11231969295901663,0.010223312234041266,522,p < 0.05
BRD:BRD-K97028990-001-04-4,0.11362444718790972,0.008281331299927005,539,p < 0.05
BRD:BRD-K37687095-001-06-9,0.11475076354176682,0.006805840545003303,555,p < 0.05
BRD:BRD-K43914553-001-01-5,0.11479456337656194,0.01276362979419044,470,p < 0.05
BRD:BRD-K49048664-001-01-2,0.11518187815303674,0.012463018198835631,470,p < 0.05
BRD:BRD-K25691735-001-09-5,0.11524897392736565,0.006969948642379274,547,p < 0.05
BRD:BRD-A02743701-001-03-6,0.11608007001284046,0.006375214450528255,551,p < 0.05
BRD:BRD-K37682401-213-01-1,0.11815193212464814,0.00636536920529614,532,p < 0.05
BRD:BRD-K19781342-001-01-4,0.11824301452754932,0.010380726109927574,469,p < 0.05
BRD:BRD-K27352494-001-03-6,0.11905669222277673,0.00986160759721495,469,p < 0.05
BRD:BRD-K79102359-003-01-6,0.1228706643427574,0.0037422712572697334,555,p < 0.05
BRD:BRD-K54496168-003-01-2,0.1238945754730968,0.003768990426594245,545,p < 0.05
BRD:BRD-K92382976-050-01-1,0.12463354447178325,0.0033856817625396653,551,p < 0.05
BRD:BRD-A95683721-001-03-8,0.12608037669962094,0.006255484902788848,469,p < 0.05
BRD:BRD-K03042257-001-01-2,0.12855363118938862,0.005300867298599978,469,p < 0.05
BRD:BRD-K45446451-001-05-0,0.13243825858427316,0.0017672739890083194,555,p < 0.05
BRD:BRD-K59711701-300-02-1,0.14296821701416834,0.0018886859675909587,470,p < 0.05
BRD:BRD-K13314656-001-01-0,0.1476831900392949,0.0005965694772264889,537,p < 0.05
BRD:BRD-K94559059-091-01-6,0.15115796012258464,0.00038875199442840654,547,p < 0.05
DPI_norm,0.6158724547372904,3.430520802534198e-95,901,p < 0.05
ImmuneScore_norm,0.6961804067064056,1.4627894652779926e-131,901,p < 0.05
PD1_signature,0.8709402298341417,1.1918806652008554e-279,901,p < 0.05
