cell_line_id,IIR_score_norm,IIR_group,ImmuneScore_norm,PD1_signature,DPI_norm
ACH-001113,0.3966886966209497,Low,0.003375476439140975,-0.25956170770606196,0.6126031002418014
ACH-001289,0.41087551912902076,Mid,0.05276832374393648,-0.10526496301384905,0.6126655938425587
ACH-001339,0.40928345216135764,Mid,0.006693832911196149,0.11529729049725343,0.6125815119389996
ACH-001979,0.40140366084096385,Mid,0.0015232597316667828,-0.030434175113309616,0.6125748625961333
ACH-002438,0.39392273769614977,Low,0.009417297757148013,-0.25210300535341873,0.6125757751067092
ACH-001538,0.42972132113093553,High,0.016210796090006793,0.460232905109101,0.6127109631326457
ACH-000242,0.40016376723696734,Mid,0.013203930027797819,-0.2306465491421086,0.6126856946333272
ACH-000708,0.40673591944380677,Mid,0.037338080350409475,-0.2065825909610529,0.6128885083763952
ACH-000327,0.3958239429407301,Low,0.0026712687695156895,-0.2763722407859441,0.6125971823623043
ACH-000233,0.5650426909636154,High,0.46285979599314836,1.233286794149438,0.6164644226204268
ACH-000461,0.4011768289114813,Mid,0.01832439936949264,-0.23466841367054128,0.6127287250089389
ACH-000705,0.39950976605758387,Low,0.01760927595162821,-0.2706225033872409,0.6127227153978612
ACH-001794,0.40346095585575126,Mid,0.000769097303855434,0.023887499549795847,0.6125747512912185
ACH-002023,0.4103950136663588,Mid,0.041485083901039395,-0.1418953237492855,0.6129233581349894
ACH-000528,0.39226741302284407,Low,0.006717166131888392,-0.38383769820914443,0.6126311824649457
ACH-002501,0.39091139842817213,Low,0.006345506408871841,-0.41424290218230536,0.6126280591853372
ACH-001655,0.3948370072147866,Low,0.0007729047784601238,-0.18228153253606896,0.6125747390394279
ACH-000167,0.4412026344335104,High,0.005948068828032958,0.7917067286885732,0.6126247192789255
ACH-000792,0.3991793122368839,Low,0.0037016705521506414,-0.0943855943583645,0.6125748452376101
ACH-001098,0.39634655751934056,Low,0.0022813718439133965,-0.26171047371257283,0.6125939058245422
ACH-000570,0.3959779150397331,Low,0.008279283440257324,-0.1977988034082319,0.6125761199248488
ACH-000351,0.41023589450750925,Mid,0.022813005163199254,0.008522165703564545,0.6126651574726488
ACH-002075,0.41134340754931403,High,0.04235281524842265,-0.12398562166058794,0.6129306502020474
ACH-002040,0.39926862299635685,Low,0.008360790594357107,-0.22533339249441703,0.6126449948273027
ACH-000769,0.41115999126443703,Mid,0.052827827580715955,-0.1862085280373396,0.6130186780145619
ACH-000154,0.3997550439025862,Low,0.009502535920447572,-0.11216710776874364,0.6125753449412988
ACH-000828,0.39343833238563436,Low,0.0067224582734278,-0.3558401547947604,0.6126312269379859
ACH-000421,0.4773439931799735,High,0.21427680018571316,0.5065887717423421,0.6143754305834653
ACH-000765,0.417780861422472,High,0.055048912380543824,0.025625569781668345,0.6127489554413135
ACH-001375,0.4001918250593584,Mid,0.019150751094004482,-0.262807460425969,0.6127356693382027
ACH-000008,0.4091881283293268,Mid,0.01126025779946207,0.09914235443271686,0.6125788364684565
ACH-001814,0.3927562505363844,Low,0.0007729047784601238,-0.2320760704546351,0.6125747385940372
ACH-000800,0.39408575058321305,Low,0.004941865708470514,-0.31327586638343075,0.6126078973163577
ACH-000606,0.40002578969874486,Low,0.00633452121726302,-0.10342191214086013,0.6125807722410678
ACH-000317,0.41409945706814133,High,0.02936993506218108,0.01366101174551841,0.6128215472715038
ACH-001492,0.43620298541219465,High,0.08370749800089489,0.2427256289292071,0.6132781784095999
ACH-000123,0.4182037530495883,High,0.0037975177107972048,0.2530858896556978,0.6126066469077868
ACH-000723,0.41671123052969244,High,0.042342415502056474,0.09446525028961912,0.6126370411825659
ACH-002066,0.4159820354320347,High,0.021087679367255963,0.20050824217386085,0.6125934396400775
ACH-001536,0.4018485479736597,Mid,0.005596590006833976,-0.148319915428079,0.6126217655915412
ACH-003136,0.4000147525990641,Low,0.0034181791863501176,-0.07287272689187274,0.6125748362667331
ACH-000313,0.42510405651389993,High,0.01588088647477731,0.37064253763694044,0.6126791867161945
ACH-002019,0.41249441859531677,High,0.03400750384445762,-0.05036078126995003,0.6128605195440262
ACH-000728,0.4453718069595362,High,0.12934428421803998,0.21022625820158006,0.6136616917013697
ACH-000700,0.408807418911948,Mid,0.01595409889199825,-0.038938519488272656,0.6127088059521
ACH-000823,0.3963577533734172,Low,0.02298068959268655,-0.3065765901611136,0.6126358432251493
ACH-000678,0.4165247823636041,High,0.021991956833802128,0.11244677938034943,0.6127595456944535
ACH-000006,0.4262234962072693,High,0.0606498895915899,0.13116110772584483,0.6130844114940394
ACH-002790,0.3968878931095745,Low,0.004822246677205057,-0.15567402868972127,0.6125750084614442
ACH-002029,0.4037479931988202,Mid,0.021734438933721668,-0.19195270876252565,0.612757381617056
ACH-001377,0.39635477607913844,Low,0.007451945023442764,-0.29006057436516663,0.6126373572527603
ACH-000754,0.4251235229457998,High,0.026826331461964625,0.2915728976096829,0.6128001718445614
ACH-000465,0.39813073448055053,Low,0.009565127625653277,-0.2592187019212072,0.61265511559385
ACH-000138,0.4139603415815638,High,0.012939984839107684,0.1010412057367397,0.6126834765435678
ACH-001864,0.39998047338611153,Low,0.004512283781577695,-0.18704709522832236,0.6126126535158627
ACH-000383,0.40113222721810016,Mid,0.006316205657067859,-0.16943855563340396,0.6126278129535425
ACH-001547,0.4103752609734514,Mid,0.03726364661564609,-0.1190614950273958,0.6128878828650697
ACH-000917,0.4149668538795071,High,0.05321825627537386,-0.09724421248134996,0.6130219590210986
ACH-002471,0.4026504354939478,Mid,0.040090391949689434,-0.21440719346215942,0.6125960979358664
ACH-000984,0.39997392046875657,Low,0.007869637666847265,-0.20573994852405939,0.6126408673746137
ACH-002678,0.4383486629075126,High,0.0956928107407839,0.22791279353281804,0.613378898182458
ACH-001409,0.415933613355376,High,0.018663598903763345,0.11667265957511173,0.6127315755061089
ACH-001707,0.46055525038300693,High,0.022822479989725447,1.1617610254940598,0.6127665250787577
ACH-000117,0.40096231857026826,Mid,0.014184649521081146,-0.21694724105026428,0.612693936207556
ACH-000999,0.44078836499876584,High,0.1486986353435026,-0.00633726526361398,0.6138243379244163
ACH-000633,0.4066950374877797,Mid,0.000769097303855434,-0.005663186191671324,0.6125811972743792
ACH-000520,0.39242096882454636,Low,0.005707083397264956,-0.26807251817274586,0.6125753116625406
ACH-000176,0.40554630864905067,Mid,0.010196389781961666,-0.11445597533525989,0.6126937811992264
ACH-000017,0.3953278321022033,Low,0.0018949194546833347,-0.28396075836765805,0.6125906582332853
ACH-000020,0.417164961146398,High,0.017096056345242153,0.15480024467112377,0.6127184025056319
ACH-001385,0.40606334207514067,Mid,0.004401475875673933,-0.040837671385735096,0.6126117223305565
ACH-000587,0.39624925023516616,Low,0.0040531493733496245,-0.1860545953124783,0.6125797498016974
ACH-000785,0.40149413810149837,Mid,0.0015344614270789685,-0.13437588270661932,0.6125876290882432
ACH-003469,0.39712161995768397,Low,0.007722998420504955,-0.16618505498698496,0.6125754515687858
ACH-000554,0.396941151360992,Low,0.01853843716526381,-0.33723397924861753,0.6127305236969366
ACH-003180,0.3995179193080619,Low,0.0022630562837182362,-0.07832246022226164,0.6125747652720519
ACH-001398,0.398256184582737,Low,0.0022813718439133965,-0.21600223470481694,0.6125939058245422
ACH-001991,0.4128242199569603,High,0.0427848212142363,-0.09092646865545573,0.6129342806073355
ACH-001332,0.3958854090638787,Low,0.0055494849135228385,-0.2907916843370352,0.6126213697391841
ACH-000585,0.40755099225285785,Mid,0.02612167048771577,-0.03407063647268229,0.6126072483850626
ACH-000550,0.40015812108396,Mid,0.0041909375303811475,-0.07493377178067427,0.6125751961170799
ACH-000627,0.4010998545064306,Mid,0.017003364369671856,-0.1263849420258309,0.6125821611949821
ACH-000704,0.39123381846223937,Low,0.0,-0.37149191383631214,0.6125747340883588
ACH-000276,0.42385229715904094,High,0.06781118267522693,0.09912737579359987,0.6128022145608444
ACH-000075,0.4050229518055928,Mid,0.004870241565953608,0.038972398395465624,0.612574958476073
ACH-000818,0.40834920009018333,Mid,0.03526248411892607,-0.15650820743230276,0.6128710658961265
ACH-003184,0.3921134759788492,Low,0.004157975738401571,-0.26618566239647673,0.6125749169606066
ACH-001616,0.4112406574033949,High,0.0232342179649335,-0.02089093460535247,0.6127699851599622
ACH-000625,0.39436826339532444,Low,0.0044707678560060755,-0.22199852512558768,0.6125770989977638
ACH-000941,0.4002325235507529,Mid,0.001155549693085496,-0.16248151814183703,0.6125844448656359
ACH-000392,0.4073401158101869,Mid,0.006641625556148336,-0.022645115019649324,0.6126305476521716
ACH-000269,0.42531797410853694,High,0.060187866506788035,0.19083257675568177,0.6127151533590967
ACH-001670,0.3895609159212671,Low,0.0059830423960640375,-0.34542232162252196,0.6125779955154186
ACH-003133,0.40169631423411445,Mid,0.008902828963349173,-0.06312725194353234,0.6125756337611412
ACH-000856,0.3924016075735311,Low,0.003057721158745751,-0.25384523108902773,0.612574946185873
ACH-002687,0.38772350366020053,Low,0.0,-0.45551371633353793,0.6125747340883588
ACH-001119,0.9259881239731316,High,0.46001662941317184,1.2710466968815024,0.9999999999974789
ACH-003132,0.39815882988599716,Low,0.010943897943213893,-0.1582448629464666,0.6125755485212798
ACH-000376,0.3967738439378997,Low,0.004088122941380704,-0.1545765343992581,0.6125749890435622
ACH-000685,0.4024568168137744,Mid,0.005174380654134056,-0.13142955718288105,0.6126182175130701
ACH-000729,0.4055814349056481,Mid,0.045880172025882,-0.28137699881724715,0.6129602926970849
ACH-001034,0.3869887055314543,Low,0.002292357035522217,-0.3793919213556957,0.6125749029041044
ACH-001283,0.3978618960438942,Low,0.019406791068916015,-0.22095011427817182,0.6125881023637966
ACH-000880,0.4102209361589836,Mid,0.017407460800852603,-0.013129045061746272,0.6127210194240817
ACH-000035,0.4079721436533163,Mid,0.014001767057078326,-0.04815255268812742,0.612692399336501
ACH-001200,0.4130286763568805,High,0.0633527584531596,-0.19958857563579774,0.6131071253225151
ACH-000194,0.3936001948541617,Low,0.0015344614270789685,-0.21600379653909732,0.6125747486264737
ACH-000322,0.40425518558445417,Mid,0.0079267415252699,4.960730258919886e-05,0.6125770743861152
ACH-000552,0.3957992071546396,Low,0.01251092668540895,-0.3312892181998363,0.6126798709105132
ACH-002508,0.4023318408954262,Mid,0.0,0.0013480355220017132,0.6125747340883588
ACH-000222,0.39429688539624436,Low,0.0003864523892300619,-0.3003089069457766,0.6125779816796155
ACH-000260,0.3935536259337583,Low,0.0007729047784601238,-0.2130555940098942,0.6125747415581331
ACH-001652,0.39498981606071837,Low,0.000769097303855434,-0.2858357229566418,0.6125811972743792
ACH-000608,0.4166818046691545,High,0.05308571287038909,-0.05546390990100374,0.6130208451793546
ACH-000501,0.4319521103026579,High,0.05994203778976115,0.27218749281411764,0.6130784629907132
ACH-000612,0.6983474888150728,High,0.6053235021031143,3.541763706877625,0.6203487046439287
ACH-002033,0.3950669146019505,Low,0.008354526882598665,-0.22129314202388997,0.6125767681096197
ACH-001184,0.40022667591382916,Mid,0.018567872248091286,-0.2587551977540024,0.6127307710575955
ACH-001688,0.392569616172099,Low,0.0,-0.33951867562733884,0.6125747340883588
ACH-001838,0.4098106446733692,Mid,0.0015420020823155578,0.06464379796161615,0.6125876924568927
ACH-000638,0.407410074609802,Mid,0.0248925847113836,-0.12173444149682719,0.6127839214105751
ACH-001846,0.4076250086217583,Mid,0.004088122941380704,-0.0017280804216482132,0.6126090890378714
ACH-000798,0.4252694490715808,High,0.07103672418720809,0.05097945186701764,0.6131716982961354
ACH-001321,0.43067313427878157,High,0.034231356279006656,0.4079928332899124,0.6127861682911219
ACH-000894,0.40585356873139744,Mid,0.008354526882598665,-0.06768359892710087,0.6126449421895752
ACH-001559,0.4001833627785525,Mid,0.0033469818342868256,-0.07066492717039907,0.6125752700679671
ACH-000344,0.3952972160430981,Low,0.001155549693085496,-0.2806115025040387,0.6125844448656359
ACH-000223,0.40983168605001963,Mid,0.008945904003305565,0.024270376422560636,0.6126499118862835
ACH-000031,0.4461069709003316,High,0.12489993361692345,0.25236024449107214,0.6136243431571339
ACH-000034,0.4080313923934636,Mid,0.0007729047784601238,0.026302367754698724,0.6125812292708723
ACH-001861,0.44128883633018273,High,0.027871986825165448,0.6727277271884172,0.6128089591138597
ACH-003468,0.3960667369138099,Low,0.005088894611730071,-0.1783975950941134,0.6125755166027037
ACH-000772,0.41170953210097466,High,0.056580336798031095,-0.09524088325614986,0.6126359425114924
ACH-000946,0.40405222728047546,Mid,0.009740472251594889,-0.11845177385382746,0.6126565891199297
ACH-000596,0.4106072089775195,Mid,0.01542754512266228,0.007047807141643452,0.6127043810049004
ACH-001046,0.47925810362290766,High,0.021386851398795606,1.617352827781272,0.6127544606304847
ACH-000632,0.4241458062566811,High,0.007839465388734644,0.4786101012118212,0.6125761197331756
ACH-000978,0.41458866818604945,High,0.05558766700739836,-0.11937790222190127,0.6130418706008727
ACH-000332,0.4374119439801003,High,0.09797443196985023,0.1928949134061683,0.6133980720143744
ACH-001841,0.4258592695310128,High,0.0380237412811789,0.24736241947305823,0.6128942703965197
ACH-003273,0.4572108357450292,High,0.12446758890925219,0.5205258793487472,0.6136207099051948
ACH-000179,0.41860559911826006,High,0.07022412300638421,-0.10403800229021823,0.6131648695209392
ACH-000887,0.39646776424122215,Low,0.006150810020537657,-0.28017253764390593,0.6126264230347891
ACH-000368,0.3990344625102815,Low,0.007857780948929803,-0.12062742134471531,0.6125752375173883
ACH-000240,0.396435718525349,Low,0.005616760427788018,-0.1703022962372339,0.6125749096481634
ACH-000578,0.4185211350465761,High,0.036959009716881895,0.1221402989379433,0.6127434245281692
ACH-001611,0.4015835565670355,Mid,0.006089447955865806,-0.049847185720689635,0.6125750092108171
ACH-000135,0.4022754824123858,Mid,0.009565127625653277,-0.05209915421918486,0.6125753077701841
ACH-001671,0.39989982124001683,Low,0.011358860444861852,-0.1264241243623993,0.6125807240147002
ACH-000406,0.41632556411769983,High,0.015253469408119407,0.14488165072310347,0.6127029181422442
ACH-001541,0.4055770354820349,Mid,0.0026277363778771045,-0.04268491038663863,0.6125968165335027
ACH-000998,0.4253901910855405,High,0.04983560664479497,0.17092120548401457,0.612993532587025
ACH-000441,0.4029341766720313,Mid,0.017407460800852603,-0.18754265209832713,0.6127210194240817
ACH-000960,0.4130816713150349,High,0.02269751588306383,0.02613814216935695,0.6127654749304043
ACH-000098,0.40215180598848776,Mid,0.0074674833891927505,-0.08375763427339689,0.6125943708698978
ACH-001651,0.3980226732194025,Low,0.0011480090378489067,-0.21533417576659789,0.6125843814969864
ACH-001456,0.39819700199200597,Low,0.01747735862366503,-0.3013160977703105,0.612721606817418
ACH-001336,0.39989454732573726,Low,0.019658766243477073,-0.19848911235635655,0.612619564604728
ACH-000284,0.3965682521266428,Low,0.008507073798080187,-0.18296367977549874,0.6125751987580003
ACH-000971,0.41677871881972367,High,0.06965458227533841,-0.1446211969691255,0.6131600833285127
ACH-001454,0.4098097667418168,Mid,0.013075058587635547,0.0009485939269758033,0.6126846116493064
ACH-000926,0.4627141718444773,High,0.2513997870846103,-0.04854268484134145,0.6146873973121957
ACH-000033,0.41009590940350504,Mid,0.015570811888600914,-0.0059814784322303706,0.6127055849614793
ACH-000576,0.40319637709576117,Mid,0.008775076372180285,-0.1336071713367268,0.6126484763192208
ACH-000019,0.40371282281844834,Mid,0.022724836805983237,-0.19826253859451715,0.6127657045245093
ACH-001577,0.4178007770928718,High,0.004746706101465,0.2381998982393135,0.612614623507245
ACH-001981,0.40843386713118934,Mid,0.004870241565953608,0.013314415614722472,0.6126156616498611
ACH-000330,0.41344264318427737,High,0.05789566737294121,-0.159551307032809,0.6130612661124974
ACH-000848,0.39872953454895077,Low,0.007444404368206174,-0.23317746270945944,0.6126372938841107
ACH-000481,0.3945312454998521,Low,0.006743815516019365,-0.3297984403471906,0.6126314064157075
ACH-001517,0.38937256503131423,Low,0.0003864523892300619,-0.41817590647952624,0.6125779816796155
ACH-000338,0.7811216428144768,High,0.756221103880743,2.261357661696864,0.723521095642932
ACH-001959,0.38957855455741136,Low,0.008666481529023868,-0.35935532018215616,0.6125794565352726
ACH-001414,0.40218052991267284,Mid,0.0019171063417043408,-0.12005921067480871,0.6125908446830067
ACH-001227,0.3952239373670006,Low,0.0091236241864541,-0.3263573452983844,0.6126514053755956
ACH-000871,0.41467894117622706,High,0.024468143271745867,0.054594234166264265,0.6127803545745385
ACH-001403,0.41440955614682906,High,0.050071404112288866,0.010551286706928389,0.6126103989646491
ACH-000805,0.4065225755456067,Mid,0.004923754453574919,-0.03272911038973864,0.6126161113507579
ACH-001142,0.4076433383993491,Mid,0.0030321535875736704,0.11187065711153954,0.6125748092987023
ACH-001554,0.3891034199812805,Low,0.0034181791863501176,-0.44135629094797174,0.6126034590986034
ACH-001667,0.39430788141063505,Low,0.005618776893854982,-0.32893345736705515,0.6126219520412627
ACH-000847,0.3898977424692765,Low,0.0062963953303572665,-0.3318908649056317,0.6125754733741597
ACH-001447,0.41213790675405393,High,0.011366744808788064,0.06610585641512916,0.6126702556638173
ACH-001537,0.3980410084680863,Low,0.019777328681643943,-0.25757419806388565,0.612639396783143
ACH-001207,0.39547883169853104,Low,0.009282972960017668,-0.21332662358103924,0.6125753188906053
ACH-001854,0.39169552700062965,Low,0.0018949194546833347,-0.2639953136700451,0.6125748052015368
ACH-000832,0.42756742129326064,High,0.003042928492532241,0.4813778374336713,0.6126003056419129
ACH-001975,0.39212374099172664,Low,0.004870241565953608,-0.3770796870449104,0.6126156616498611
ACH-000428,0.4021129475279542,Mid,0.03225271631862585,-0.18899793233011677,0.6125989193863899
ACH-001382,0.3990833934175284,Low,0.007748457709960759,-0.2263862903533082,0.612639849026741
ACH-001302,0.43641884656453117,High,0.1521913593503887,-0.13020808378979903,0.6138536893795066
ACH-000690,0.39653040717500637,Low,0.020145104395989415,-0.3014261031091858,0.6126490684070327
ACH-001134,0.48262269644161104,High,0.19627279963311356,0.7323385461075398,0.6142241321663485
ACH-000914,0.4050167489936226,Mid,0.002649508672948298,-0.05621595857174858,0.6125969994991592
ACH-000858,0.39139332489266226,Low,0.003786316015385019,-0.38857832907819734,0.6126065527732204
ACH-001421,0.4116655693897015,High,0.03429730563980937,-0.07179985823691534,0.6128629549223626
ACH-002796,0.3882647250690332,Low,0.0033469818342868256,-0.35744912219607183,0.6125755694349334
ACH-003183,0.40721390493824616,Mid,0.003014188767107167,0.10172454504932131,0.6125748023532183
ACH-002716,0.9999999999925415,High,0.3531023066357321,0.5642391001625999,0.6033444825751427
ACH-003100,0.3988140639611193,Low,0.019449183081137196,-0.297432769030384,0.6127381772412177
ACH-000544,0.39602013196710834,Low,0.0015344614270789685,-0.2653999897255085,0.6125876290882432
ACH-000725,0.3955182354472378,Low,0.005174380654134056,-0.29750928110150526,0.6126182175130701
ACH-000566,0.41210751607521634,High,0.03161831581671154,-0.04643081410408217,0.612840441763772
ACH-000760,0.4092819050175525,Mid,0.05361591638092485,-0.1324799410342649,0.6126170337239176
ACH-001745,0.3988058031078609,Low,0.023553828025475357,-0.3202923088837736,0.6127726710350327
ACH-000787,0.40916782697224957,Mid,0.026320700765216597,0.003216135743820064,0.6126080640249412
ACH-001598,0.4026270284862099,Mid,0.010430981997866575,-0.15637720398842286,0.6126623918875597
ACH-000749,0.40160878720050186,Mid,0.020819369130057743,-0.301255312804322,0.6129092032091614
ACH-001691,0.4020164171294592,Mid,0.0015232597316667828,-0.01462896717047356,0.6125747604259664
ACH-001328,0.39607288912057503,Low,0.0022630562837182362,-0.2681597948227526,0.6125937519079024
ACH-001704,0.4117945074880236,High,0.000769097303855434,0.22324103446891982,0.6125747565313251
ACH-001502,0.40208144803937523,Mid,0.03009287162761005,-0.17508755786427987,0.612591753024473
ACH-002844,0.3901105003245058,Low,0.0,-0.29117816842551875,0.6125747340883588
ACH-001068,0.568822947913682,High,0.4690204899503858,1.1983835571660106,0.5878051722184845
ACH-000358,0.39621384585824304,Low,0.004512283781577695,-0.27720391935229255,0.6126126535158627
ACH-002695,0.41291126403029077,High,0.0,0.2545738147757285,0.6125747340883588
ACH-001672,0.39454760317690446,Low,0.011197110138104947,-0.24915510037924077,0.6125776192667725
ACH-001654,0.39426284337224476,Low,0.0022960180756978134,-0.3116664690510517,0.612594028905614
ACH-001521,0.4008924123744851,Mid,0.015578848198180372,-0.22631788727508437,0.6127056524954096
ACH-000209,0.40216517716718664,Mid,0.00520869906643512,-0.054608280059300185,0.6125825158513486
ACH-001520,0.4396426744718797,High,0.017270772260653343,0.691855185146414,0.6127198707482799
ACH-000213,0.3972848526490058,Low,0.0049091082217905015,-0.25375950827097016,0.6126159882696861
ACH-001610,0.4035348290894212,Mid,0.03162050238114935,-0.1423147504919838,0.61258128280143
ACH-001408,0.4072899580521654,Mid,0.016582578621191786,-0.07872983698578859,0.612714087444285
ACH-000991,0.4329037377319676,High,0.0863975220765967,0.1489041972514661,0.6133007842956345
ACH-001412,0.4030695714499275,Mid,0.010667782638005052,-0.14709201348898712,0.6126643818653938
ACH-000331,0.3979171649463745,Low,0.012901206235867033,-0.17790190604937678,0.6125782807657102
ACH-001407,0.40157310501165816,Mid,0.010103005542877366,-0.17979282496202315,0.6126596357046576
ACH-000580,0.4127543196392278,High,0.015656045940616068,0.1588375008242278,0.6125824531334012
ACH-000594,0.407404896091286,Mid,0.0056283536782002225,-0.0155002640674367,0.6126220325207266
ACH-000684,0.40415366006300124,Mid,0.012169925611692759,-0.12943696135069702,0.6126770052739267
ACH-000742,0.41077554528741744,Mid,0.045631402237723724,-0.04613821567223552,0.6125900528034008
ACH-000868,0.40046160978288825,Mid,0.0075552122741099365,-0.19233082125527237,0.6126382250694168
ACH-000732,0.40548636121461035,Mid,0.0037757454157260114,0.05163011176896705,0.6125758662983578
ACH-001481,0.3909698640872207,Low,0.0026277363778771045,-0.28659204332496396,0.6125750363121292
ACH-000429,0.4041809646720822,Mid,0.0003864523892300619,-0.0637266618721943,0.6125779816796155
ACH-000310,0.3879717154336992,Low,0.0069123666691565016,-0.39136174251862144,0.612579741316581
ACH-002475,0.39098253904663677,Low,0.014977669525594643,-0.36573029357379117,0.6125885726942137
ACH-000643,0.4177966690423783,High,0.023458384144234037,0.13479409431636044,0.6127718689628425
ACH-000234,0.4006308365678215,Mid,0.006005229283085045,-0.1797227806242022,0.6126251996325194
ACH-003267,0.5089633885860871,High,0.16606912981715213,1.6109627018250063,0.613069583824125
ACH-001498,0.44407587296279094,High,0.07442857946962479,0.4823976730532115,0.6132002020908236
ACH-000896,0.40159101153809323,Mid,0.007403341104301275,-0.1644593292081372,0.6126369488048705
ACH-003451,0.3963275846440819,Low,0.0,-0.14236797325310177,0.6125747340883588
ACH-000203,0.40567930434602933,Mid,0.030296026918142,-0.08801553509683971,0.6125882294963565
ACH-001607,0.4003840357684736,Mid,0.008103146427824575,-0.19721276197914994,0.6126428296888123
ACH-002706,0.4180164073011986,High,0.06285633204540772,-0.07746302204298147,0.613102953553608
ACH-001441,0.3942347938562121,Low,0.026530214081099884,-0.44613523878135564,0.6127976833925712
ACH-000112,0.4134095059826621,High,0.00452721865762178,0.13430359345360557,0.6126127790225855
ACH-000874,0.41106472736725563,Mid,0.02313242521641444,0.046290432633769016,0.6126335872606226
ACH-000186,0.4110936921322023,Mid,0.006060850440271308,0.07040578824284162,0.61262566705047
ACH-002780,0.3950522324140288,Low,0.0,-0.28009554598817443,0.6125747340883588
ACH-000677,0.44477137151901514,High,0.1457700036372339,0.05406159016077093,0.614440962706733
ACH-000055,0.3987424519190244,Low,0.016298803626415018,-0.1874082643914366,0.612590132957007
ACH-000485,0.39107568339643844,Low,0.007911573401676038,-0.41895690932818636,0.6126412197857504
ACH-000672,0.420694494139258,High,0.021941101825021857,-0.26568034373725796,0.6108264801877972
ACH-001150,0.4085451281776439,Mid,0.0405284709260418,-0.071859035911896,0.6125874478304985
ACH-000287,0.41128405522154177,High,0.004088122941380704,0.08585372009281896,0.6126090890378714
ACH-000784,0.39898522989691243,Low,0.012152887601033873,-0.25305282997408673,0.6126768620933022
ACH-000530,0.40192574655264496,Mid,0.022998626864562884,-0.15461066281707184,0.6126072127846162
ACH-002024,0.41600601457363123,High,0.06194739970470129,-0.12056492657780774,0.613095315249887
ACH-000380,0.4069906688548326,Mid,0.03038849026751252,-0.16211618992199703,0.6128301068019184
ACH-001737,0.500705528346019,High,0.19805317494983285,1.1553341014837442,0.6142390937281695
ACH-001400,0.3950005106809292,Low,0.0026277363778771045,-0.29584131602563646,0.6125968165335027
ACH-001054,0.39817487382644806,Low,0.012226665058853767,-0.27285658717821165,0.6126774820895388
ACH-001695,0.39918102360236585,Low,0.000769097303855434,-0.18551628377567225,0.6125811972743792
ACH-000009,0.40719446078421534,Mid,0.03827894708790104,-0.2008016285245462,0.6128964150440096
ACH-000491,0.39030755065138234,Low,0.0019097121208968447,-0.2982255757831656,0.6125749103566249
ACH-001703,0.43075425550009594,High,0.03060191396571743,0.4055033078103075,0.6128319003292857
ACH-000002,0.4014173154658,Mid,0.004088122941380704,-0.15031349162476104,0.6126090890378714
ACH-001568,0.3975665372836473,Low,0.004474575330610766,-0.24461812946307385,0.6126123366291282
ACH-001449,0.41651643707541464,High,0.006097734310638871,0.19999928690452354,0.612625977007759
ACH-000993,0.4041190602857893,Mid,0.010091951072793872,-0.11879260005588031,0.6126595428073139
ACH-002680,0.40748721768456647,Mid,0.008480140324981886,0.07859663575884848,0.6125751658232776
ACH-000877,0.47402710578385265,High,0.1107376973540186,0.9988378365642375,0.6135053293899907
ACH-000711,0.41732113600419657,High,0.05509475158698748,-0.05125300907180737,0.6130377283368984
ACH-001515,0.4003494375944994,Mid,0.010189741260690652,-0.20956101667672158,0.6126603645969265
ACH-002847,0.39313811258615106,Low,0.0003864523892300619,-0.22092685234917356,0.612574737573367
ACH-000702,0.43762338370034465,High,0.029759325886602496,0.5745725646715512,0.6128248195561943
ACH-001020,0.3916016482069128,Low,0.0019097121208968447,-0.3732312068382154,0.6125907825449336
ACH-000600,0.4077967327058036,Mid,0.0015344614270789685,0.016481060025536353,0.6125876290882432
ACH-003266,0.6624192415920139,High,0.3641293815454028,4.212039859101853,0.6136898009269
ACH-000354,0.41537811125881224,High,0.04327920847446403,-0.032526841368239925,0.6129384352400626
ACH-000012,0.4010473971827056,Mid,0.003042928492532241,-0.15339720517633265,0.6126003056419129
ACH-000689,0.4103098174308627,Mid,0.0051705731795293666,0.16389643705065943,0.6125749774558001
ACH-002668,0.46965907766129267,High,0.08745981872069121,0.906904006676746,0.6144668970069408
ACH-002533,0.4018539761642237,Mid,0.006097734310638871,-0.1509568136958675,0.612625977007759
ACH-000459,0.42540127966725655,High,0.021527461215174723,0.3274763437512998,0.6127556422591226
ACH-002050,0.3918723042063677,Low,0.0033469818342868256,-0.2671795213296083,0.6125747932762691
ACH-003120,0.4031752446188257,Mid,0.010817434387096637,-0.14538888311909154,0.6126656394788164
ACH-001413,0.40599779681717146,Mid,0.011741716812278587,-0.08293213034357108,0.6126734067785058
ACH-000686,0.4106047387402258,Mid,0.040204957380739106,-0.12026658767143947,0.6128767463895777
ACH-000342,0.46278481903373553,High,0.20550676436859674,0.20652441955549974,0.6143017307114113
ACH-000208,0.39856982939726987,Low,0.0003864523892300619,-0.09080317494258978,0.6125747350334051
ACH-000360,0.40305037713690006,Mid,0.018273483169163742,-0.18954263733937363,0.6127282971295634
ACH-000249,0.5009688466315726,High,0.3647786339882044,0.24114286974689123,0.6156401877778998
ACH-001368,0.4089731176741762,Mid,0.0069123666691565016,0.11133975316787569,0.6125797334471376
ACH-000231,0.41893659549095524,High,0.0048496795899995475,0.3715480055480442,0.6125751189533614
ACH-002074,0.41347295315000665,High,0.0579692649202953,-0.15923215036786223,0.6130618845968385
ACH-000945,0.410515089136469,Mid,0.013278222841711585,-0.06014219088654011,0.6128196295918493
ACH-000662,0.40895216972462,Mid,0.020245386087454992,-0.05916607459676996,0.6127448682127165
ACH-002458,0.40737058814899507,Mid,0.0030321535875736704,0.10440767743889394,0.6125749759400282
ACH-001378,0.4121393031724397,High,0.010576193649920712,0.07050392629200006,0.6126636121881833
ACH-001029,0.39735304887318784,Low,0.00525669395518367,-0.14805903692281966,0.6125754038885034
ACH-001817,0.3929013696424727,Low,0.0,-0.22437678910375952,0.6125747340883588
ACH-002846,0.3986711489985686,Low,0.010617583166316901,-0.2520941321628681,0.6126639600091188
ACH-000248,0.3960584864624393,Low,0.004180162625422577,-0.2790889072581998,0.6126098625025503
ACH-000943,0.3967168051273892,Low,0.009666799514864323,-0.2936234069581114,0.6126559700037273
ACH-000751,0.42186222702477033,High,0.006097734310638871,0.327954451226407,0.612625977007759
ACH-001696,0.4124929142433444,High,0.0,0.13735918577223494,0.6125747340883588
ACH-002936,0.42463383825561113,High,0.10689337011302708,-0.16219944865014593,0.6134730232019998
ACH-001016,0.39048292649158306,Low,0.0011480090378489067,-0.28889176040835934,0.6125747677356914
ACH-000282,0.39267333411175936,Low,0.0030504691477688307,-0.25026638058884365,0.6125754817744429
ACH-003438,0.4275256793760222,High,0.0312870257423897,0.4299831193006956,0.6125879559924142
ACH-002215,0.47945524807362117,High,0.15833798132807925,0.865962228792444,0.6139053431313005
ACH-000261,0.41006024869614,Mid,0.020085930674718287,-0.031763085336109255,0.6127435282132271
ACH-000164,0.3969882421261067,Low,0.004401475875673933,-0.25805643909210835,0.6126117223305565
ACH-001793,0.5023622138402097,High,0.2568712262857709,0.9897215850551682,0.6129857029973274
ACH-000262,0.3955485828428303,Low,0.0,-0.16101391789935618,0.6125747340883588
ACH-000158,0.4554503504722349,High,0.012193766276511031,1.098253029220497,0.612677205621335
ACH-000773,0.6639961074995846,High,0.5372093391353464,1.398035165911018,0.6880428787805802
ACH-000722,0.4101631734242512,Mid,0.0640274960190055,-0.2719015988624859,0.6131127955470512
ACH-000857,0.40759539755987134,Mid,0.004202069156419061,-0.0030659404650991867,0.6126100465962719
ACH-001129,0.42727397249527804,High,0.016159996975744616,0.4019343926419005,0.6127105362372145
ACH-001619,0.4032581406838332,Mid,0.002292357035522217,-0.09633761977398413,0.6125939981396972
ACH-000184,0.3934301663624005,Low,0.0026277363778771045,-0.2260058142169616,0.612574773636667
ACH-000329,0.4078459572834981,Mid,0.006236903649578978,0.09934273923755595,0.6125749857734915
ACH-001569,0.40341756903838183,Mid,0.00192464699694093,0.015427975951050197,0.6125749190134652
ACH-002544,0.414364981217205,High,0.0827944518077085,-0.21083804092838698,0.612862398554621
ACH-002675,0.41565107520010425,High,0.012010612752668728,0.14664115759122504,0.6126756664724016
ACH-000814,0.4176759481362391,High,0.03029298469129328,0.19977619590249954,0.6125871166567247
ACH-002499,0.4146007496425122,High,0.035111865264041635,0.08177744306271632,0.6126286222501793
ACH-001493,0.4293228585545345,High,0.0772265258439423,0.11382660527646214,0.6132237149126755
ACH-001701,0.4025786054714411,Mid,0.011294217906900973,-0.1623021815117236,0.6126696461767525
ACH-000197,0.4966268876526724,High,0.16410551146777297,1.2451346224878435,0.6139538111469651
ACH-000545,0.45055639120310514,High,0.13729556343428412,0.2904237127089036,0.6137285110705404
ACH-000949,0.42245617433069843,High,0.050704683782151844,0.09589530483954813,0.6130008359635636
ACH-000124,0.4343403556538175,High,0.08228102715999878,0.20601787120194018,0.613266190919394
ACH-000560,0.46428750988508743,High,0.15838448886773537,0.5026551996786931,0.6139057339620557
ACH-000897,0.3965923886847266,Low,0.009214410553278478,-0.1890603966011153,0.6125768057259462
ACH-001626,0.3995456289534703,Low,0.02060861678289377,-0.2251106161289159,0.6126407017770715
ACH-000619,0.4052807671379983,Mid,0.007748457709960759,-0.07804788194606634,0.612639849026741
ACH-001973,0.4118535802513993,High,0.012985533137362025,0.0503629493927498,0.6126838593132421
ACH-001340,0.4113408303912321,High,0.0011480090378489067,0.10344508895021458,0.6125843814969864
ACH-000546,0.40436970014034324,Mid,0.020870460755063196,-0.08259508338324066,0.6126014425805839
ACH-001709,0.43110637681552305,High,0.03908477941170826,0.36709753769025283,0.6129031869364397
ACH-002018,0.3930630444743015,Low,0.011105011656451917,-0.3890190770230931,0.6126680561631264
ACH-000153,0.4112898921949818,High,0.05608861887597029,-0.09771036903497013,0.6126191442835313
ACH-000526,0.40024090447889593,Mid,0.0030651153795532475,-0.06537741480546143,0.6125747902860068
ACH-000116,0.41901664947790906,High,0.05284269269338187,0.0017639270074692934,0.6130188029350212
ACH-000815,0.4573609351698038,High,0.019307696058816454,1.1047080693138305,0.6127369882408922
ACH-001270,0.3961128869749713,Low,0.0052249302838174244,-0.1770921453235507,0.6125752516396975
ACH-002523,0.3949208803945439,Low,0.008093687935751825,-0.22023998030103042,0.6125752011917146
ACH-000324,0.40252735035174586,Mid,0.005088894611730071,-0.1292693185592778,0.6126174991225732
ACH-001949,0.4063257757010053,Mid,0.020859112867568568,-0.05508565279415877,0.6126281038957121
ACH-001561,0.3953221912928181,Low,0.0033469818342868256,-0.1859896561736771,0.6125750660228018
ACH-000842,0.48900974867539,High,0.318721411018719,0.20917629090116732,0.6152531413038829
ACH-000898,0.4049911239306483,Mid,0.0003864523892300619,-0.04433494202558626,0.6125779816796155
ACH-000517,0.4080965364375958,Mid,0.010615550197442652,-0.026479768071085586,0.6126639429248618
ACH-001980,0.4013081768529946,Mid,0.0026277363778771045,-0.14486298182612353,0.6125968165335027
ACH-001415,0.41073267122463947,Mid,0.0019171063417043408,0.08464218186841312,0.6125908446830067
ACH-000681,0.39582242685959257,Low,0.006197191841748893,-0.29587520712546356,0.6126268128090568
ACH-001310,0.3988798883130205,Low,0.0003864523892300619,-0.08340943161817901,0.6125747356633138
ACH-000070,0.4958016516599953,High,0.2039827457839658,0.24175397056611625,0.6380165027254102
ACH-000484,0.4225622972918086,High,0.04393153485013069,0.1358300950073173,0.6129439171299234
ACH-003426,0.39398088469058623,Low,0.0026277363778771045,-0.213031646599436,0.6125748056643818
ACH-000108,0.4044079602638036,Mid,0.014603432159144206,-0.1367855396169609,0.6126974554892884
ACH-000808,0.40083749965277715,Mid,0.0015232597316667828,-0.042913703435890245,0.612574766382147
ACH-000656,0.41311600328141934,High,0.010055877738477792,0.09675458859853206,0.6126592396614456
ACH-000166,0.4277568636117911,High,0.018700182409723865,0.3994683195386002,0.6127318829392557
ACH-000997,0.41619146319063594,High,0.07042428776630448,-0.16292712129435033,0.6131665516254942
ACH-000866,0.4114307774609092,High,0.03745788655221958,-0.09486938272729097,0.6128895151797799
ACH-000819,0.3996365977901924,Low,0.012842333355321756,-0.13544796167663706,0.6125775198870993
ACH-000226,0.8240634142093605,High,0.587912884115499,1.7805818934435422,0.8329966970026252
ACH-000087,0.4122978399006912,High,0.007798309557406472,-0.24681133407747533,0.6108229490170486
ACH-000340,0.4032297378311973,Mid,0.00783870363991046,-0.019909884037308617,0.6125751451413819
ACH-002005,0.39833170189627065,Low,0.003057721158745751,-0.21848091282533824,0.6126004299535611
ACH-001680,0.4328050664100949,High,0.07865077517497845,0.18931234522711532,0.6132356837342012
ACH-000758,0.4212014416721529,High,0.038389135294616614,0.13385675540249914,0.6128973410216119
ACH-000196,0.4052671167227659,Mid,0.029147125746327524,-0.19651700383771326,0.6128196748711611
ACH-003141,0.39314051405810785,Low,0.0033469818342868256,-0.23715442141108928,0.6125748581517986
ACH-000258,0.5026701611164547,High,0.26182278928389563,0.8502858753641572,0.614774988052362
ACH-000163,0.39271526163386566,Low,0.00940553238153884,-0.2800457681588094,0.6125752808668223
ACH-000076,0.4372135445938575,High,0.10674663092528804,0.13971463617233568,0.6134717900645774
ACH-000509,0.622372242195992,High,0.41535181454321407,2.7009790775029847,0.6203070078580559
ACH-001193,0.405378649534624,Mid,0.01493115930378081,-0.11536081019032089,0.6127002095770859
ACH-000571,0.3997570927744951,Low,0.0033469818342868256,-0.078760941686855,0.6125748540032904
ACH-000391,0.4091999213468762,Mid,0.008871007458353862,0.11403683468118413,0.61257699537971
ACH-000293,0.4165571623776349,High,0.05008167399921961,0.03523087102815363,0.6126927952624509
ACH-003138,0.40207341978173594,Mid,0.00192464699694093,-0.01534332189474347,0.6125747600879046
ACH-000532,0.41372520906798077,High,0.03574287931424799,-0.030481999437968744,0.6128751029451385
ACH-000584,0.40623609247818,Mid,0.017349404579996314,-0.10818849377393205,0.6127205315428303
ACH-001690,0.4025971429197691,Mid,0.001155549693085496,-0.10588272492557056,0.6125844448656359
ACH-000586,0.42990173434511064,High,0.10598590464287508,-0.031098596082106706,0.6134653972252719
ACH-000944,0.40979988291450875,Mid,0.005088894611730071,0.04480375724811209,0.6126174991225732
ACH-003149,0.39204100712527945,Low,0.0,-0.24497015852283227,0.6125747340883588
ACH-000561,0.40077812425651216,Mid,0.023064007384548883,-0.2703791361422131,0.612768554778347
ACH-001648,0.408928434409139,Mid,0.027498796565029276,-0.0997803914263392,0.6128058229722295
ACH-000394,0.41668032319708825,High,0.06314124133857343,-0.11101610407761446,0.6131053478173136
ACH-000954,0.40209446562288953,Mid,0.016516609832841995,-0.2027233119082932,0.6127135330689822
ACH-000204,0.4095579711624947,Mid,0.0015232597316667828,0.05869936027016821,0.6125875349536768
ACH-000160,0.3877912914354716,Low,0.003014188767107167,-0.3730088399337873,0.6125765831197917
ACH-003460,0.42436254916912663,High,0.02154533689625042,0.3025149219362948,0.6127557924791941
ACH-000989,0.3999899319146386,Low,0.02804026901322628,-0.3167190830579538,0.6128103732900372
ACH-001347,0.39819784893001553,Low,0.0003864523892300619,-0.09977431159793818,0.6125747365674773
ACH-000691,0.4032009226471627,Mid,0.010955492364858882,-0.14553648213709922,0.6126667996628236
ACH-000268,0.3928752220446833,Low,0.008796511218881265,-0.38076946825705704,0.6126486564490963
ACH-001209,0.41382946071611043,High,0.000769097303855434,0.16510414757402395,0.6125811972743792
ACH-003456,0.4011161434936281,Mid,0.0003864523892300619,-0.029853365614854622,0.6125747349873488
ACH-000119,0.39712504022341166,Low,0.0037757454157260114,-0.14386722005281777,0.612574828792235
ACH-000379,0.4063031538449909,Mid,0.0,-0.010796992526517113,0.6125747340883588
ACH-001341,0.4230535585147714,High,0.04118364891572899,0.1627598930957809,0.6129208249959791
ACH-000714,0.4075787612570962,Mid,0.007142476097820604,-0.019698175764235024,0.61263475659973
ACH-000937,0.4830681656674344,High,0.11925275330253471,1.1682300712513487,0.6135768865132484
ACH-000763,0.43340322504231577,High,0.007527144459709402,0.596304391193291,0.6126379891987348
ACH-002834,0.40466535394042874,Mid,0.030822461844939815,-0.11075644754795677,0.6125807030495948
ACH-001673,0.3991439978775832,Low,0.008055830915770563,-0.22663269326529692,0.6126424320681804
ACH-000326,0.4036410114650448,Mid,0.011804816979975208,-0.1396917880089273,0.6126739370470683
ACH-000300,0.4002403199901468,Mid,0.0011480090378489067,-0.05666174909497574,0.6125748571754689
ACH-002994,0.4620007030560844,High,0.18560086497673675,0.297656853722258,0.6141344494974125
ACH-000901,0.3968927505829665,Low,0.0026862036455597748,-0.14547665212280061,0.6125750971877447
ACH-000816,0.4189790539157082,High,0.08545708485426627,-0.1792005314377801,0.6132928812374936
ACH-000641,0.4575390527647289,High,0.14788841498388194,0.3990752229749532,0.6138175291566889
ACH-000511,0.40049980878674574,Mid,0.0018949194546833347,-0.05334088526290355,0.6125748143572499
ACH-002077,0.424857278430939,High,0.08082568156537424,-0.012931127151401215,0.6132539607773108
ACH-000583,0.4213307032915319,High,0.00706733814045679,0.30987886627504996,0.6126341251703995
ACH-000836,0.423662854961047,High,0.0817287413500057,-0.04650628312629484,0.6132615497304202
ACH-000975,0.40479215372947536,Mid,0.02865828501828995,-0.10510929632774434,0.612595346098814
ACH-000109,0.4076328637890182,Mid,0.002664016758538769,0.006322451517545529,0.6125971214193058
ACH-000467,0.43089799599864637,High,0.0975287218398842,0.03943985480722794,0.6133943264447739
ACH-000712,0.39520001899411983,Low,0.0,-0.27655817240648467,0.6125747340883588
ACH-000671,0.4240104174100376,High,0.07641106212515482,0.026952068746306866,0.6129916910647935
ACH-000523,0.41722221114538643,High,0.051000844866969236,-0.03101831896924606,0.6130033247828243
ACH-000864,0.4126689185226125,High,0.04704472540563547,-0.1181627148864587,0.6129700791377424
ACH-000726,0.41385702971622396,High,0.049546917811092245,-0.10353909960739568,0.6129911065615731
ACH-000136,0.4121136434878367,High,0.0644697149664383,-0.20794544801150688,0.6130058037939511
ACH-002067,0.43084542608741333,High,0.09085021815998051,0.169667433453299,0.6127221593724579
ACH-000440,0.43411117881612904,High,0.03503000128873605,0.4614060382355773,0.6128691122034395
ACH-002539,0.4238626740836257,High,0.023041997214881153,0.2822869818293224,0.6127683698136877
ACH-001461,0.425310275170638,High,0.10177672852208046,-0.11775940482132911,0.6134300249932738
ACH-000890,0.3986878850140584,Low,0.004967286845213503,-0.22049816739646813,0.6126164771795596
ACH-001692,0.4284041750956578,High,0.001155549693085496,0.6163108289046569,0.6125749340140848
ACH-000027,0.3953518406011655,Low,0.0011480090378489067,-0.17207155681301936,0.6125747488742126
ACH-000562,0.4070911753388866,Mid,0.0018949194546833347,-0.0023970360583028976,0.6125906582332853
ACH-000748,0.396631600717854,Low,0.0022961645101269067,-0.14757975485564054,0.6125747649867352
ACH-001669,0.4547544453144101,High,0.12330750587049512,0.4681353196492259,0.6136109610314945
ACH-000834,0.40591724369002047,Mid,0.03111163444381127,-0.19180185116557805,0.6128361838162408
ACH-000565,0.4697699513257904,High,0.2349573420874985,0.21112125949960972,0.6145492215831778
ACH-000449,0.3977968888349501,Low,0.00597471821216393,-0.17308885586958186,0.6125875867965002
ACH-000399,0.41110178381689094,Mid,0.004883943504594247,0.0770971903770177,0.6126157767954713
ACH-002080,0.40512068211086777,Mid,0.022041595996211853,-0.16079227329422494,0.6127599628421134
ACH-000770,0.425522868783667,High,0.009877786614265447,0.3947047035128407,0.6126577430548932
ACH-000710,0.40210612169367477,Mid,0.026227393676748756,-0.25605770934255717,0.6127951386110536
ACH-000507,0.44397081721415443,High,0.13158931167443097,0.16429777108928575,0.613680558013862
ACH-000066,0.4112253919286167,High,0.011478804938549138,0.043645499802988694,0.6126711973723118
ACH-000022,0.39363737309767716,Low,0.0026712687695156895,-0.32870929596762616,0.6125971823623043
ACH-001668,0.4093344763138994,Mid,0.012994685085361769,-0.21771924067135778,0.6133433254079357
ACH-000334,0.4065646047425881,Mid,0.0003864523892300619,-0.006672595065366418,0.6125779816796155
ACH-000374,0.4208631565243261,High,0.018994598290298065,0.2328372175927428,0.6127343570925181
ACH-000519,0.44289814760991625,High,0.046383354886224686,0.609046140793485,0.6129645212445163
ACH-000908,0.39708741666279257,Low,0.0011480090378489067,-0.23772018560197575,0.6125843814969864
ACH-002003,0.4048845746212412,Mid,0.005596590006833976,-0.07565052657120251,0.6126217655915412
ACH-000574,0.3985834406497621,Low,0.019514282421828143,-0.21216043676230076,0.6125976749442743
ACH-000148,0.40022811004093806,Mid,0.005643146344413733,-0.07980688633703562,0.6125749557941463
ACH-002461,0.4033390427525549,Mid,0.0030321535875736704,0.008395841281604009,0.6125748891906965
ACH-000646,0.3958365572279682,Low,0.004883943504594247,-0.2882865218715024,0.6126157767954713
ACH-000314,0.3933229255317945,Low,0.006800504782492185,-0.2574839744212972,0.6125775088820828
ACH-001705,0.39523757285055033,Low,0.006097734310638871,-0.3093249840208114,0.612625977007759
ACH-000040,0.40787781696721553,Mid,0.041281149652322734,-0.09081360676037109,0.6125852304703873
ACH-001057,0.7918663673997947,High,0.9999999999865398,3.07459388337393,0.643717166981737
ACH-000430,0.40412673413376726,Mid,0.005678205525645935,-0.09424056118721069,0.6126224514557064
ACH-001041,0.39926519560988083,Low,0.0077548199255002654,-0.22206985555821546,0.6126399024922548
ACH-001988,0.3921945858614964,Low,0.0,-0.34849528441171956,0.6125747340883588
ACH-001977,0.38661796642551466,Low,0.000769097303855434,-0.37918545537020726,0.6125747478707587
ACH-000370,0.40717463316621433,Mid,0.0003864523892300619,0.11509922573693918,0.6125747363851678
ACH-001630,0.39592272230929754,Low,0.012305961283780113,-0.32720118062942777,0.612678148463286
ACH-000437,0.427781009106125,High,0.08302217802936827,0.1531067894271117,0.6126388339086772
ACH-000498,0.5093640056093872,High,0.26719978931113975,0.9808211501694392,0.6148201742092154
ACH-001392,0.3899452639982984,Low,0.0015232597316667828,-0.41074429385136924,0.6125875349536768
ACH-000503,0.40285049476758944,Mid,0.008103083378837238,-0.033007418106994334,0.6125764013967074
ACH-002778,0.5020055063793978,High,0.2996145754213824,0.7495518181777315,0.6130812099882076
ACH-000328,0.40671473116292567,Mid,0.006039493197679743,0.07220069827318974,0.612575374565465
ACH-000403,0.40795175387409943,Mid,0.026850534018504693,-0.11957884478823863,0.6128003752331629
ACH-000400,0.39527973695242025,Low,0.012185849393013449,-0.3419283383215744,0.6126771390910136
ACH-000224,0.3960794837682968,Low,0.004920093413399322,-0.1750831305217362,0.6125748804029221
ACH-000318,0.4117232524614736,High,0.048529218493609964,-0.14899379355565337,0.6129825542236976
ACH-003472,0.39941279314745565,Low,0.000769097303855434,-0.07416312067660472,0.6125748037027334
ACH-001430,0.39723512972637665,Low,0.005428094537893459,-0.2578149924544349,0.6126203496230365
ACH-000928,0.39656378953312144,Low,0.007639736392954429,-0.28609449255340447,0.612638935376293
ACH-000893,0.40141193555707466,Mid,0.0053390930026591486,-0.15734888923912452,0.6126196016897445
ACH-000889,0.41719963836573615,High,0.02069930799896559,0.13573665756645356,0.6127486827908435
ACH-000799,0.4344298849693137,High,0.043700928193857805,0.34650916216526323,0.6133240225896416
ACH-001623,0.39484464947541364,Low,0.0,-0.17786304787879154,0.6125747340883588
ACH-000736,0.4022812343180168,Mid,0.0026862036455597748,-0.12189497993633701,0.6125973078690271
ACH-000876,0.4017418115963612,Mid,0.010903441538853592,-0.18017393664682335,0.6126663622485077
ACH-001232,0.41238956666443094,High,0.0018949194546833347,0.23156916709034103,0.6125747786429585
ACH-001618,0.3982948697838345,Low,0.0019097121208968447,-0.21302433847425675,0.6125907825449336
ACH-001828,0.46691630709913645,High,0.016374196361212994,1.3496183765835335,0.6127123362831474
ACH-002650,0.4000306350072941,Mid,0.0018949194546833347,-0.17139593180412085,0.6125906582332853
ACH-000235,0.40172316199938896,Mid,0.006407203236261031,-0.15579652373587,0.6126285776607893
ACH-000381,0.40882479619768897,Mid,0.01101664881845713,-0.01126284105484411,0.6126673135971904
ACH-001993,0.45665879918643726,High,0.15763788228696607,0.3241787817928537,0.6138994597790736
ACH-001301,0.40064483773479953,Mid,0.025132289334120064,-0.2929037709909473,0.6128060514470712
ACH-000854,0.4544988568292731,High,0.14728951792363074,0.32961255962665,0.6138124962654173
ACH-000187,0.4024587474192354,Mid,0.030929874104963628,-0.2735798396784286,0.6128346563750768
ACH-000543,0.4070633480009388,Mid,0.02636509569530346,-0.029905625792062334,0.6125803933194048
ACH-000569,0.4037048787945224,Mid,0.010878548710759894,-0.02745549690727234,0.6125770159573983
ACH-000668,0.4097436388707099,Mid,0.008426498649358008,0.02503055184237349,0.6126455470115066
ACH-000134,0.40516607721405073,Mid,0.005088894611730071,0.04147385943527438,0.6125748960151954
ACH-000924,0.39414295890602896,Low,0.000769097303855434,-0.3061058322224402,0.6125811972743792
ACH-003473,0.41276432296137094,High,0.01515162423299555,0.16720551802809877,0.612577335491418
ACH-001450,0.4082034366739774,Mid,0.0007729047784601238,0.030420366103368308,0.6125812292708723
ACH-000296,0.4280212368171803,High,0.0829850936851689,0.05087824699813031,0.6132721076127695
ACH-002034,0.3960584727496611,Low,0.0011480090378489067,-0.2623486668423606,0.6125843814969864
ACH-002781,0.39705446408103967,Low,0.011942135253869895,-0.19181938858108763,0.612576886792832
ACH-000713,0.41952535499484167,High,0.03239184952074398,0.18622333425950546,0.6126857535526515
ACH-001360,0.3939238945162502,Low,0.009056010085114205,-0.3571014677895151,0.6126508371737408
ACH-002921,0.40057043296062517,Mid,0.013618862310664077,-0.2232035727533015,0.6126891815582151
ACH-000273,0.4073029984610869,Mid,0.0019097121208968447,0.10991571155565107,0.6125747592443046
ACH-001715,0.39942766354755743,Low,0.0040531493733496245,-0.09037582562768125,0.612574869557563
ACH-001617,0.42340207995491413,High,0.037703252031114354,0.19031732088835804,0.6128915771330922
ACH-000639,0.470483667252959,High,0.2419680779050059,0.18949815677299867,0.6146081370019434
ACH-000590,0.4002836095477082,Mid,0.01383705470855323,-0.23127353242154847,0.6126910151598266
ACH-000553,0.402229173192341,Mid,0.010743137114038782,-0.16762355787615063,0.6126650151142604
ACH-000084,0.43778068731114356,High,0.03384591736406939,0.5557755977774679,0.6128591616358969
ACH-000094,0.39861133328592774,Low,0.004573728879435614,-0.2201576458859213,0.6126131698758805
ACH-000361,0.4008855230892289,Mid,0.0033968336817325386,-0.15922568932541364,0.6126032797195231
ACH-000719,0.3873981152840383,Low,0.003786316015385019,-0.48420642273972747,0.6126065527732204
ACH-001396,0.3914106427615925,Low,0.0,-0.3672595024445114,0.6125747340883588
ACH-001848,0.40359586055403124,Mid,0.003786316015385019,-0.09650223359257007,0.6126065527732204
ACH-000339,0.39682589546431335,Low,0.009568952778670058,-0.21225305615680637,0.6125930938008859
ACH-002048,0.3917890053116469,Low,0.0023035587309344027,-0.2641501015389335,0.6125748490207512
ACH-000218,0.40618457540588876,Mid,0.000769097303855434,-0.017881447699741447,0.6125811972743792
ACH-002486,0.3984483586203212,Low,0.0023035587309344027,-0.21152491091587497,0.6125940922742635
ACH-002711,0.3900496426133391,Low,0.0,-0.29263483965771575,0.6125747340883588
ACH-000789,0.3992297312096845,Low,0.0003864523892300619,-0.18223784493008058,0.6125779816796155
ACH-000413,0.3990634119309221,Low,0.012579083727774758,-0.14519456013963275,0.6125755740514881
ACH-000125,0.4129631721805161,High,0.04127304726330316,0.03109266252714183,0.612584896050902
ACH-000180,0.39507046940038565,Low,0.009362402843876084,-0.22333381921085296,0.612575219300134
ACH-000215,0.40462002129728264,Mid,0.0071400201594548005,0.017221942198349393,0.6125750569800077
ACH-001001,0.3933999066836241,Low,0.007081030999962688,-0.25675822457441894,0.6125774602044329
ACH-000407,0.3907408513885632,Low,0.0011480090378489067,-0.2823837603074535,0.6125747451641513
ACH-002170,0.3987184477591149,Low,0.0033469818342868256,-0.21082089706300305,0.6126028607845432
ACH-002027,0.3951712730240356,Low,0.0019171063417043408,-0.28783060189229864,0.6125908446830067
ACH-001132,0.9245148048063411,High,0.6142158463025902,3.5636232216385273,0.8551385853974943
ACH-001278,0.40484014652917655,Mid,0.02874616527150699,-0.20452312027547087,0.6128163053597577
ACH-000032,0.42900892835545557,High,0.055471596245476235,0.27769040061440425,0.6128066955374794
ACH-003108,0.4192073932986684,High,0.049233235498750944,0.0262573828553879,0.6129884705009266
ACH-001419,0.39411818590243636,Low,0.0064282737072371005,-0.3379431949113471,0.6126287547285969
ACH-000494,0.39352102948191625,Low,0.0003864523892300619,-0.21168835572326272,0.6125747359120047
ACH-000865,0.410724459973885,Mid,0.04955236232639126,-0.17854937318720926,0.6129911523151013
ACH-000439,0.43227201978129143,High,0.03833503106107509,0.399137377587888,0.6128968863512806
ACH-001523,0.40274006412688723,Mid,0.0072457433484877775,-0.1360858643513641,0.6126356244163866
ACH-001983,0.40984457018533277,Mid,0.006316205657067859,0.0390973738666367,0.6126278129535425
ACH-000024,0.40399523692231776,Mid,0.005685457536622856,-0.09742807598029075,0.612622512398705
ACH-000674,0.39570066757694716,Low,0.013596428171568826,-0.3396409019941874,0.6126889930306861
ACH-000670,0.45008724057389465,High,0.024372937534712116,-0.1683539966127947,0.6477161735873809
ACH-000599,0.40940615717625184,Mid,0.014153214525971278,-0.014664595254939485,0.6126936720404345
ACH-000263,0.4325772225195632,High,0.08392279127349664,0.1547518592546561,0.6132799876481225
ACH-003191,0.40234612561278565,Mid,0.0003864523892300619,-0.0004429104256392012,0.6125747356691277
ACH-000303,0.4029966793784193,Mid,0.0019171063417043408,-0.10052411109361405,0.6125908446830067
ACH-001551,0.4044729254945785,Mid,0.023381271779188254,-0.07872114426360714,0.6125835165028458
ACH-002795,0.38830070544329254,Low,0.009502535920447572,-0.3930327760006819,0.6125791186999556
ACH-000793,0.40634372305489663,Mid,0.006316205657067859,-0.044697813389972293,0.6126278129535425
ACH-002511,0.41889873249738163,High,0.006097734310638871,0.2570211686224527,0.612625977007759
ACH-000286,0.45653267168370876,High,0.1859105996269191,0.16506570677057905,0.6141370523834855
ACH-000250,0.40347957919978916,Mid,0.011713000992357434,-0.14304886292160773,0.6126731654622446
ACH-000139,0.41277602212959275,High,0.00926936193402544,0.09295927195389232,0.6126526300973155
ACH-001735,0.4212988790687002,High,0.04241757951905412,0.11394788135534831,0.6129311944550652
ACH-002013,0.3871011539224971,Low,0.0,-0.4704100859455025,0.6125747340883588
ACH-001389,0.3984316145311102,Low,0.005576409105016407,-0.12295893762910715,0.6125751192741903
ACH-001183,0.4025499306372362,Mid,0.013116308526755901,-0.17304832498538572,0.6126849582972903
ACH-000551,0.4224032604115796,High,0.057122229761377,0.05919739935115755,0.6130547664522678
ACH-003101,0.40514583194434495,Mid,0.0015232597316667828,0.05248632658545819,0.6125754704840993
ACH-001163,0.3927064235180034,Low,0.0026277363778771045,-0.24500696716166795,0.6125750333087244
ACH-000037,0.3968041388593122,Low,0.007815628955622936,-0.1745010626640809,0.6125755620334975
ACH-000744,0.4115324839215573,High,0.05347429569967203,-0.1808618206011696,0.6130241106739772
ACH-000420,0.39467524426993655,Low,0.005616760427788018,-0.21687290749689708,0.6125763815648444
ACH-000336,0.41608521741292664,High,0.04714701647299647,-0.036955998614581764,0.6129709387509451
ACH-000486,0.42188373834139464,High,0.06224649128218897,0.01847115065275458,0.6130978286958356
ACH-000679,0.39145090504534596,Low,0.0037016705521506414,-0.3867327795041267,0.6126058414466147
ACH-001557,0.3918456241023292,Low,0.000769097303855434,-0.2539219281646398,0.6125747417230919
ACH-000247,0.4050031874981493,Mid,0.046970076605666856,-0.30123512946480024,0.612969451819095
ACH-000947,0.3955806395023105,Low,0.010015355456027171,-0.3227426966698323,0.6126588991283971
ACH-000807,0.39573237346849915,Low,0.0022960180756978134,-0.2764922540662594,0.612594028905614
ACH-000476,0.4133685990083627,High,0.011893705889777485,0.09265396256575394,0.6126746840339011
ACH-000525,0.41482441456828406,High,0.05011139002020612,-0.08350053702179132,0.6129958501601691
ACH-003154,0.39391533317771377,Low,0.0003864523892300619,-0.3094416220883424,0.6125779816796155
ACH-001148,0.6375792845653353,High,0.3199056611097386,3.1940441743036936,0.6322431129466586
ACH-003455,0.390225845065779,Low,0.0026712687695156895,-0.3059333475193907,0.6125752472991803
ACH-000853,0.40354135337237484,Mid,0.03868742556992431,-0.18872223672620653,0.6126024964760052
ACH-000083,0.39858440747395096,Low,0.004157975738401571,-0.1109742958578606,0.6125748376742998
ACH-000479,0.39816890399553434,Low,0.0003864523892300619,-0.10040902937614224,0.6125747352475758
ACH-000230,0.3922493830934276,Low,0.0038046315755801796,-0.26070905600735045,0.6125748262572291
ACH-001664,0.4445813453634919,High,0.16291696705859843,0.005950694475255827,0.6139438230952954
ACH-002705,0.41218231234771757,High,0.020379482521381304,0.017409265265685488,0.6127459951054942
ACH-002937,0.39166624518949766,Low,0.0019097121208968447,-0.37168503356922206,0.6125907825449336
ACH-000955,0.451799576102055,High,0.1472595479424116,0.265168881053114,0.6138122444096864
ACH-000049,0.399964996614692,Low,0.0026788094247522792,-0.07044431919164185,0.6125748659054752
ACH-000675,0.4109668065499512,Mid,0.018901412216377294,0.08793212473712339,0.6125964799333405
ACH-000199,0.39633983073767665,Low,0.003057721158745751,-0.15867870437281625,0.612574784032586
ACH-000193,0.4356903622362609,High,0.036408394032166745,0.49159475258284185,0.6128806956645507
ACH-001686,0.40610982973354837,Mid,0.0,-0.015424338284834296,0.6125747340883588
ACH-000538,0.397771140794504,Low,0.014454325652923506,-0.20345752736902928,0.6125908143132978
ACH-002490,0.4346179889836089,High,0.07320907478492805,0.2627496108891328,0.6131899538613858
ACH-001683,0.3945408016351935,Low,0.0033469818342868256,-0.3108157343703447,0.6126028607845432
ACH-001990,0.3907769894661646,Low,0.0,-0.3824264304958746,0.6125747340883588
ACH-001438,0.38629076836219195,Low,0.0,-0.38260608376333005,0.6125747340883588
ACH-001647,0.44108546584400476,High,0.0749434656907418,0.40797752394456166,0.6132045289886163
ACH-002043,0.4052607039060012,Mid,0.03351304491579024,-0.22077480885667353,0.6128563643090262
ACH-001649,0.4087573828642239,Mid,0.011105011656451917,0.08832387275363222,0.6125796690048956
ACH-000155,0.4092476428809407,Mid,0.006787347907657949,0.022208323775472456,0.6126317722445092
ACH-000270,0.3939972687325086,Low,0.0022630562837182362,-0.31784119838349284,0.6125937519079024
ACH-003106,0.43178679666907516,High,0.08143544036254066,0.14956517643745795,0.6132590849462735
ACH-003177,0.4105732781730713,Mid,0.0690016278351707,-0.18021361478271727,0.6126144335028868
ACH-000683,0.4214410231610587,High,0.044364715886015434,0.10660002696211143,0.6129475574100302
ACH-002017,0.38916093665154916,Low,0.0022630562837182362,-0.43360213773894796,0.6125937519079024
ACH-000655,0.3932026531098215,Low,0.0059830423960640375,-0.250225628690012,0.6125751249994754
ACH-000145,0.3963478653617734,Low,0.012895577927086213,-0.21241320148450313,0.6125759930252326
ACH-001495,0.4144231577920772,High,0.018933201331260228,0.12264352938392517,0.6126602959313441
ACH-000188,0.41893767342958804,High,0.027460513521343995,0.2402646810756941,0.6125938631157223
ACH-003458,0.418756543674309,High,0.007403341104301275,-0.1852983061534396,0.611767383830204
ACH-000080,0.4682686133848021,High,0.06707791410960452,1.102050719147251,0.6131384300401909
ACH-000146,0.41490314823846125,High,0.006097734310638871,0.16138410744804127,0.612625977007759
ACH-000415,0.4009338890972893,Mid,0.0,-0.1393140423149499,0.6125747340883588
ACH-001518,0.40031203751868893,Mid,0.0011480090378489067,-0.16053666447583806,0.6125843814969864
ACH-002290,0.45077159667926203,High,0.12749532239130065,0.3496820921513049,0.6136461537659604
ACH-000891,0.4062448855808107,Mid,0.004157975738401571,-0.035147934372943244,0.612609676052829
ACH-001625,0.4043725589152224,Mid,0.013198345421465089,-0.12987538883922814,0.61268564770253
ACH-001985,0.415921537936858,High,0.0019097121208968447,0.3159200391219123,0.6125747913720317
ACH-000895,0.41475478474303007,High,0.04677584284254397,-0.06675156532367994,0.6129678195562639
ACH-000851,0.3958813845606006,Low,0.01684805724922697,-0.3532676128678336,0.6127163184204552
ACH-000824,0.4025594437203558,Mid,0.00991114128893513,-0.1551248430073189,0.6126580233542337
ACH-000506,0.3972645861352723,Low,0.01853888198889426,-0.32949480104066625,0.6127305274350565
ACH-001427,0.3996842835055528,Low,0.000769097303855434,-0.17347041137534466,0.6125811972743792
ACH-000540,0.393895170825235,Low,0.003042928492532241,-0.21711989704842943,0.6125747847825852
ACH-000061,0.47735678213662847,High,0.041515099806568416,1.4607150058478966,0.6129236103766499
ACH-000185,0.4009485542608624,Mid,0.019094494363273387,-0.13553841180897347,0.6125767493440459
ACH-000568,0.40283876780572137,Mid,0.03738328832713635,-0.30011319352620236,0.6128888882861436
ACH-000707,0.41263560194566373,High,0.015731974163236566,0.053918032258055186,0.6127069393047532
ACH-000603,0.402768556055343,Mid,0.030166564532792386,-0.2619501121906617,0.6128282418268378
ACH-000983,0.4704934017884947,High,0.1781830921246481,0.5418890901976627,0.6140721135022665
ACH-000541,0.4064947229047384,Mid,0.010350734798382059,-0.06335822815044276,0.6126617175222027
ACH-000680,0.40679003105882794,Mid,0.0510701938097756,-0.28110261107559487,0.6130039075635926
ACH-002460,0.4067962660797448,Mid,0.0022630562837182362,0.09500288751697251,0.6125748833075835
ACH-000111,0.4098077635694836,Mid,0.010131500147731518,0.017152080025389333,0.6126598751619159
ACH-002463,0.390084855851239,Low,0.0,-0.2917919865556525,0.6125747340883588
ACH-000369,0.41579947972453496,High,0.02113019055184675,0.09984398664495776,0.6127523037554188
ACH-002928,0.3903462884361942,Low,0.0,-0.28553441757446313,0.6125747340883588
ACH-000618,0.3954979429246809,Low,0.0019171063417043408,-0.2800115328282155,0.6125908446830067
ACH-000470,0.439646554666942,High,0.14578766980830277,-0.017595794513831343,0.6137998753347562
ACH-003150,0.40362456055831014,Mid,0.0003864523892300619,0.03016713568277197,0.6125747354459347
ACH-002039,0.40444492891246303,Mid,0.014162061999925375,-0.1334638578137413,0.6126937463910656
ACH-000118,0.39856412932755403,Low,0.005692437165480539,-0.22746391155007192,0.6126225710527133
ACH-000614,0.40878652921381003,Mid,0.022113199839675964,-0.006090197827749507,0.6126361372659499
ACH-001338,0.3995748690048868,Low,0.04015322023222392,-0.39352969783835634,0.6129121656856047
ACH-000432,0.41070403663780497,Mid,0.0037975177107972048,0.07357501195035072,0.6126066469077868
ACH-000556,0.40671257038766734,Mid,0.017135899444260933,-0.09560490155636658,0.6127187373310945
ACH-001804,0.39037846375421764,Low,0.0015232597316667828,-0.2930346858316786,0.6125747464044483
ACH-001386,0.417650907080998,High,0.07993518279445301,-0.18050413074979985,0.6132464773819348
ACH-001060,0.5848888880213202,High,0.3270718431672706,2.4580066574222093,0.6153233149945927
ACH-001525,0.4104189977539752,Mid,0.0033469818342868256,0.06923982575481252,0.6126028607845432
ACH-001539,0.4202698393552164,High,0.004194528501182472,0.3003471854386879,0.6126099832276224
ACH-000014,0.40812882259013195,Mid,0.008810877094641161,0.09017246135576158,0.6125762239473218
ACH-002785,0.3982755580678745,Low,0.016516609832841995,-0.18744953638731604,0.6125781138943156
ACH-000637,0.4063888600418188,Mid,0.03202487780186626,-0.18555542020473106,0.6128438583480269
ACH-002693,0.3963804125129084,Low,0.02347051094949152,-0.270456180628818,0.6125802010076666
ACH-001855,0.39635576765923164,Low,0.0018949194546833347,-0.2593564128251022,0.6125906582332853
ACH-000455,0.39935745299861314,Low,0.011092170477735485,-0.14420207197181553,0.6125848126192318
ACH-000389,0.399752439164679,Low,0.005674121605285379,-0.09330178667950072,0.6125756057696925
ACH-002710,0.3983622230201143,Low,0.0,-0.09366750237653469,0.6125747340883588
ACH-000129,0.3970266901940961,Low,0.007042724177162815,-0.2717185323837453,0.6126339183245002
ACH-000490,0.39747556051476224,Low,0.006717166131888393,-0.2591771009065283,0.6126311824649457
ACH-000434,0.39919442547951667,Low,0.008551350142150183,-0.22816144348607853,0.6126465962134982
ACH-001086,0.3884846889788519,Low,0.0,-0.3300930827525569,0.6125747340883588
ACH-002042,0.41051092523694,Mid,0.034808261248031075,-0.10225805540499866,0.6128672487888572
ACH-000597,0.39536876604103033,Low,0.008975950454646022,-0.3220754621911825,0.6126501643846388
ACH-000756,0.3888300000922035,Low,0.0019171063417043408,-0.33245526260097596,0.6125747782083262
ACH-000396,0.3963735804722261,Low,0.008257083871391097,-0.19605333117540297,0.6125800041181629
ACH-003148,0.4022443488917965,Mid,0.01219802199852952,-0.06779969827217193,0.612576101931564
ACH-000089,0.4313519611999065,High,0.07904490047534335,0.15235529909155315,0.6132389958055332
ACH-002478,0.47330727069284817,High,0.22503380599932454,0.3505774369328822,0.6144658281563693
ACH-000371,0.4200170317193665,High,0.03767087341758913,0.10947262278191151,0.612891305036179
ACH-000265,0.40963428813412783,Mid,0.007085302960923295,0.029817929577359258,0.6126342761395629
ACH-000132,0.39778885549849863,Low,0.003061454339377651,-0.2314949261887558,0.6126004613257175
ACH-000216,0.41396723808353847,High,0.02728392384724451,0.022013160694168088,0.6128040172678813
ACH-000613,0.3907170509853136,Low,0.0037757454157260114,-0.29750164138852003,0.6125748852257069
ACH-000855,0.39732150416097733,Low,0.0003864523892300619,-0.22791257362199752,0.6125779816796155
ACH-000906,0.4066929160405293,Mid,0.04187153629026946,-0.137091041714598,0.612621674725072
ACH-000348,0.40255933509703407,Mid,0.001155549693085496,0.000487559556392391,0.6125747433338238
ACH-001100,0.6955260858351539,High,0.8606613813825099,2.8508226136214723,0.559422413317297
ACH-000238,0.40836477174449587,Mid,0.009652836493080255,0.08993460300726912,0.6125771568554738
ACH-000237,0.4042041258616456,Mid,0.00525669395518367,-0.09006096472908073,0.612618909241118
ACH-003099,0.40396983673861486,Mid,0.009587587420953286,-0.11957976861464462,0.6126553043369833
ACH-000393,0.3923923040951006,Low,0.0,-0.23656162359626562,0.6125747340883588
ACH-003107,0.4854006375629702,High,0.09329856058200495,1.367352907273705,0.6133587778620799
ACH-000623,0.40481269479736837,Mid,0.028087579335683264,-0.09308490323927512,0.6125809316626734
ACH-000359,0.3967223760935436,Low,0.008839159859460603,-0.18140770970638864,0.6125754026904284
ACH-001028,0.39215720188275044,Low,0.015310071037774282,-0.43391724370593054,0.6127033937996932
ACH-000621,0.4062946702818741,Mid,0.03723943767848983,-0.11318586969665838,0.6125973272881897
ACH-001641,0.40102432763449586,Mid,0.008109450809735016,-0.18192174176208228,0.6126428826683156
ACH-000056,0.4036735345229418,Mid,0.0023035587309344027,-0.08645672687487103,0.6125940922742635
ACH-000483,0.4062683910145561,Mid,0.0182358107309627,-0.0047640090902166185,0.6125778724775871
ACH-003308,0.3942521638044466,Low,0.0022630562837182362,-0.20441208521803622,0.6125747719321872
ACH-000514,0.41450915342667033,High,0.057708472453414705,-0.13299014367167544,0.6130596930012917
ACH-000051,0.40626650719626356,Mid,0.019406349948786664,-0.11881692495561284,0.6127378172887114
ACH-003433,0.3944486877008834,Low,0.0,-0.2945418043854825,0.6125747340883588
ACH-000043,0.40101642923721464,Mid,0.014430039354165178,-0.1091194066437338,0.6125763576637129
ACH-000936,0.4082243548123316,Mid,0.019449183081137196,-0.07219097621944173,0.6127381772412177
ACH-000716,0.40424795634132815,Mid,0.031090288939193692,-0.15273861112101678,0.6126391501240259
ACH-000988,0.39860436916100067,Low,0.007080416057803713,-0.23416379717117786,0.6126342350719843
ACH-000952,0.403549267636579,Mid,0.012545245097710015,-0.14597565525749664,0.6126801593087191
ACH-001350,0.4148608008092227,High,0.017657224649883407,0.09655036080287759,0.6127231183395366
ACH-000065,0.4217932005991165,High,0.03062654241701003,0.19087831280201265,0.6128321072969365
ACH-000609,0.39458109447316436,Low,0.002649508672948298,-0.1986794897765569,0.6125747903951928
ACH-001411,0.3942182298507569,Low,0.0037016705521506414,-0.3204949543065521,0.6126058414466147
ACH-000504,0.4118315987527699,High,0.01926321935280054,0.12336857320508884,0.6125775317091041
ACH-002677,0.40764705069776247,Mid,0.02347051094949152,-0.1082109635435583,0.6127719708716619
ACH-000956,0.40240739849880786,Mid,0.0033469818342868256,-0.12252332036348436,0.6126028607845432
ACH-001712,0.4000520491869968,Mid,0.0029890240499109125,-0.06948433739911314,0.6125747876324403
ACH-000652,0.4131539412426363,High,0.06190621814592377,-0.18860390205811334,0.613094969176544
ACH-000414,0.39613826822144904,Low,0.00706733814045679,-0.2931194182814464,0.6126341251703995
ACH-000472,0.3983794725454335,Low,0.004558936213222104,-0.2256257218548134,0.6126130455642322
ACH-000007,0.3997585944637553,Low,0.02619211097462975,-0.3120525940725348,0.6127948421093419
ACH-000446,0.4006645754658106,Mid,0.016724408164606783,-0.13107577234468676,0.6125778618640644
ACH-003071,0.3972088033574981,Low,0.010481423080586725,-0.28634464024510514,0.612662815774237
ACH-000386,0.45533023401122746,High,0.08046922869844346,0.7184280347484041,0.6132509652900364
ACH-001850,0.40816015270741446,Mid,0.058513841086273395,-0.2894043018799848,0.6130664609970486
ACH-000755,0.39297628714592436,Low,0.00303596106217836,-0.3465463155454377,0.6126002470904159
ACH-001503,0.42459389407916426,High,0.05441552043732992,0.1265755106083776,0.6130320203500819
ACH-000028,0.40064285331333027,Mid,0.017734055821673575,-0.244190191179162,0.6127237639979637
ACH-000665,0.4066566313357942,Mid,0.004502531527372322,0.07798853333690578,0.6125754858321121
ACH-001679,0.4051813266949258,Mid,0.0003864523892300619,-0.039782307861474034,0.6125779816796155
ACH-000078,0.39169758927356735,Low,0.000769097303855434,-0.364637438610582,0.6125811972743792
ACH-002046,0.41079674793789045,Mid,0.018487173637677972,0.10109439181060789,0.6125791975666854
ACH-000397,0.40487575064220804,Mid,0.006627089219440939,-0.08155113728511433,0.612630425494614
ACH-003145,0.3970067887561188,Low,0.0091236241864541,-0.28368356937054223,0.6126514053755956
ACH-000229,0.3967063822942431,Low,0.0037016705521506414,-0.15340208598598296,0.6125748073015711
ACH-002925,0.38569316390789815,Low,0.0037016705521506414,-0.5245482792421592,0.6126058414466147
ACH-000518,0.4139675324709557,High,0.004558936213222104,0.14748522865493685,0.6126130455642322
ACH-001566,0.40503772506796504,Mid,0.032093147105793814,-0.21827268231396393,0.6128444320559421
ACH-000252,0.4445791859378042,High,0.154754161014557,0.050965990363621434,0.6138752261392973
ACH-000572,0.40060579904156657,Mid,0.020074940441955232,-0.2580011722680941,0.6127434358557081
ACH-001605,0.39119703986586296,Low,0.0,-0.265171096154873,0.6125747340883588
ACH-002522,0.4062992080787498,Mid,0.001155549693085496,0.08998756878731519,0.6125747444489179
ACH-000277,0.3952178090938301,Low,0.015275281285905943,-0.3604674273533523,0.6127031014405381
ACH-001239,0.4149697234061934,High,0.05385291566629776,-0.008306221228050734,0.6126515652863334
ACH-000786,0.4362113633812615,High,0.019303726994514554,0.5985004151690715,0.6127369548864637
ACH-000803,0.40371043083597463,Mid,0.019397364334725546,-0.17994876340346097,0.612737741777206
ACH-001970,0.40187135215738595,Mid,0.0044707678560060755,-0.14155839941364073,0.612612304632635
ACH-002038,0.40612858880325925,Mid,0.02500295508569806,-0.1530170435015547,0.612784848919041
ACH-000537,0.4014651166490196,Mid,0.005088894611730071,-0.15469461384177682,0.6126174991225732
ACH-002660,0.43246191889447716,High,0.07669958492057607,0.1918714258222676,0.6132192867119881
ACH-002806,0.40310685294446646,Mid,0.011964974504556936,-0.15336147236244543,0.6126752829468247
ACH-000419,0.4057333710277969,Mid,0.009665564051665099,-0.07779887100845936,0.6126559596213889
ACH-002782,0.39459824827509404,Low,0.0,-0.1837608303159404,0.6125747340883588
ACH-000724,0.40581328399695954,Mid,0.009730539672910987,-0.07624483050005829,0.6126565056505127
ACH-000522,0.4002885747532571,Mid,0.019187878602357683,-0.26069667143640457,0.612735981342928
ACH-001549,0.4232295795563686,High,0.08342566819554184,-0.0662457887130915,0.6132758100246778
ACH-000706,0.3989165191534931,Low,0.011753197198018126,-0.2524907718095858,0.6126735032550742
ACH-000737,0.41977128644485756,High,0.04706953888366151,0.051700357439573595,0.6129702876602836
ACH-000548,0.4084882561300452,Mid,0.008190182461109443,0.0988221264679183,0.6125777099370783
ACH-001839,0.3966033379078248,Low,0.000769097303855434,-0.2472149662416609,0.6125811972743792
ACH-001799,0.4515483511159386,High,0.1695672445941357,0.2551606449845061,0.6127344336512031
ACH-001573,0.4190222903059059,High,0.01561783579858411,0.20741797670151424,0.6127059801316042
ACH-002946,0.4865660059331777,High,0.09316156718954384,1.3960031445751298,0.6133576266244217
ACH-000425,0.41052563480748155,Mid,0.026490649643025343,0.019375730935875017,0.6126347612088394
ACH-003103,0.4051082845501461,Mid,0.0,-0.03939701205842368,0.6125747340883588
ACH-000375,0.40160718607374757,Mid,0.02769391974381706,-0.16925824794404482,0.6125833338483896
ACH-000753,0.405652428703763,Mid,0.012273582670254883,-0.0941351939498456,0.6126778763663728
ACH-000275,0.39581454428891555,Low,0.004172768404615081,-0.1773785820060251,0.6125748445759629
ACH-000735,0.40569891378501843,Mid,0.008799855474814624,0.007803692468855586,0.6125895442912542
ACH-000654,0.4159368653521843,High,0.0056113826730474865,0.18881199373200386,0.6126218899031894
ACH-001067,0.3955969184319783,Low,0.013831614811538377,-0.23931711769478192,0.6125792772965941
ACH-000170,0.41140241966820107,High,0.0034181791863501176,0.19745345072654413,0.6125752889891966
ACH-001394,0.4100695938480406,Mid,0.017580241186275488,-0.017705450792416318,0.6127224714013102
ACH-001433,0.4005390058159613,Mid,0.009563305991794729,-0.09684249497415989,0.6125771006777282
ACH-000404,0.40840845448666624,Mid,0.01144559310137595,-0.023596474934320353,0.6126709182733204
ACH-000882,0.41220775723789466,High,0.027689571248790075,0.05621305081462212,0.6126318857293163
ACH-001509,0.3980729601619722,Low,0.0029890240499109125,-0.22429479660188614,0.6125998526505447
ACH-000210,0.40035406523312267,Mid,0.007504957572688397,-0.19462751711121537,0.6126378027490134
ACH-000254,0.4089606566643025,Mid,0.004941865708470515,0.13237871294671383,0.612575096056467
ACH-000604,0.4589103307633062,High,0.19895265199523574,0.14997123391464,0.6142466525733721
ACH-000090,0.39505729976201326,Low,0.004523485476989881,-0.30494849147067377,0.6126127476504291
ACH-000195,0.4725847938986291,High,0.12333811419768811,0.8947480045032538,0.6136112182516296
ACH-001791,0.4205143054234204,High,0.10119051202990517,-0.13898356310688792,0.6127734176165467
ACH-001650,0.39573548981905005,Low,0.005428094537893459,-0.29370990650521345,0.6126203496230365
ACH-000605,0.41978392206198567,High,0.07080605619158198,-0.07904689352743541,0.613169759854592
ACH-000458,0.40223138878102227,Mid,0.00597471821216393,-0.14124400891708588,0.6126249432296871
ACH-003121,0.4075566268478512,Mid,0.05104680397935493,-0.2626244772473073,0.6130037110048162
ACH-003125,0.5033526051474049,High,0.059437690964836025,0.3089862842298611,0.6106194425341931
ACH-002084,0.41790821836854947,High,0.011910709337894773,0.201219002280165,0.6126748269240759
ACH-000004,0.42653040296675476,High,0.06787600283178491,0.09861164517440126,0.6131451368584911
ACH-000251,0.3949554997002836,Low,0.004857220245236138,-0.3092277010762818,0.6126155522238917
ACH-000241,0.42187351477130863,High,0.02511517563304172,0.22322903233305041,0.6127857919756206
ACH-001194,0.40529064108097373,Mid,0.001155549693085496,-0.041411991304775485,0.6125844448656359
ACH-001987,0.4046299782171338,Mid,0.0015232597316667828,0.04775345903604911,0.6125747760922358
ACH-002055,0.40726094040850097,Mid,0.0003864523892300619,0.009994678695700048,0.6125779816796155
ACH-002689,0.4227753891018898,High,0.10491794281902415,-0.08693550909811162,0.6126728274623311
ACH-001443,0.3971793644938478,Low,0.0,-0.1219800358901685,0.6125747340883588
ACH-000688,0.39472479866281207,Low,0.0022961645101269067,-0.19406029572884118,0.612574878385773
ACH-000405,0.513403370489687,High,0.1890620386597453,1.508905906580287,0.6141635358162044
ACH-000821,0.4464133781547497,High,0.045896350159405366,0.6958743658962075,0.6129604286516461
ACH-001677,0.4188872017773848,High,0.023892668852387958,0.15849905358079225,0.6127755185177695
ACH-002526,0.39668745484913476,Low,0.0026277363778771045,-0.25546314548591814,0.6125968165335027
ACH-001627,0.40986821753194325,Mid,0.018698158962460437,-0.028697573606436457,0.6127318659350145
ACH-000951,0.40079786927629907,Mid,0.02246627813968844,-0.26660645273644434,0.6127635317009289
ACH-001036,0.4447319255440974,High,0.12003931886578628,0.2462831189165817,0.6135834964955315
ACH-002792,0.423271827172088,High,0.12100075674047214,-0.2726872300875058,0.6135915760347523
ACH-000547,0.4077678699185114,Mid,0.0038046315755801796,0.003256563493346037,0.6126067066898602
ACH-000826,0.40127924319212543,Mid,0.0040531493733496245,-0.1534252569610686,0.6126087951339988
ACH-001986,0.398694128067712,Low,0.00411607913814226,-0.2156492041898439,0.6126093239705636
ACH-001147,0.5229147311792189,High,0.29060416684224877,1.1759511555475253,0.615016855233731
ACH-002927,0.3915041091738179,Low,0.0003864523892300619,-0.367155929339145,0.6125779816796155
ACH-002470,0.42877553167580956,High,0.16203492772136605,-0.259203963183069,0.6128095732942034
ACH-000162,0.41670576373596724,High,0.02272483680598323,0.11273245108442422,0.6127657045245093
ACH-003139,0.4016625155033517,Mid,0.0026277363778771045,-0.02969421924166065,0.6125748871928308
ACH-001751,0.38466788191084106,Low,0.0,-0.421450988730723,0.6125747340883588
ACH-000018,0.39840558869031034,Low,0.0041509961095438875,-0.22274837007762274,0.6126096173988207
ACH-000721,0.4093557952969481,Mid,0.05555332494194882,-0.22519531163653594,0.6129468183478509
ACH-000003,0.43267475854247134,High,0.10772455123448861,0.02567655223955867,0.6134800081155832
ACH-000092,0.39843076279396666,Low,0.004137033087759819,-0.11541373030325926,0.6125750493845181
ACH-000669,0.4228422428376288,High,0.04182174953576925,0.1541789430523822,0.6129261873382814
ACH-001099,0.3959429647383184,Low,0.004401475875673933,-0.17637988351577638,0.6125750712731882
ACH-000648,0.397875661160955,Low,0.005088894611730071,-0.24061070316674993,0.6126174991225732
ACH-000950,0.4046164763015572,Mid,0.01272333903338879,-0.12141454030534336,0.612681655938898
ACH-000050,0.44611612948728,High,0.07552828397037341,0.5251611319772952,0.6132094435674484
ACH-001106,0.4826956484315379,High,0.2363336547370394,0.51290807799408,0.6145607875640121
ACH-002051,0.4234010738320523,High,0.09428284439213361,-0.12208359921081759,0.6133670493894013
ACH-000367,0.39489473861002844,Low,0.007911573401676038,-0.22260930529715345,0.6125764550241742
ACH-000589,0.39703359132987665,Low,0.008464371050871045,-0.279402284161132,0.6126458652760159
ACH-000564,0.41748422067582486,High,0.04480193272221199,0.009477353079119441,0.612951231605388
ACH-001522,0.41543220172491796,High,0.01740244910400403,0.11163385514877204,0.6127209773077866
ACH-000831,0.3960840707083327,Low,0.009747586116377865,-0.20348735562328393,0.6125765866325356
ACH-000424,0.38875849082411396,Low,0.0034293808817623035,-0.36124609078586895,0.6125788108103686
ACH-000409,0.3940907644382143,Low,0.00682199249694034,-0.24159726163307024,0.6125784988713506
ACH-000616,0.4103023790225121,Mid,0.01665101589823775,0.09880082400626193,0.612579021376722
ACH-000628,0.41219974732825515,High,0.0030321535875736704,0.11360146510180781,0.6126002150939228
ACH-000512,0.4290567698575138,High,0.06170874055520769,0.19313153077560016,0.6130933096538838
ACH-000232,0.3922508263312514,Low,0.0037757454157260114,-0.2614437849333216,0.6125750304129275
ACH-000820,0.43156174204086023,High,0.12087563080583871,-0.07357158577508616,0.6135905245264613
ACH-001295,0.41295629682406676,High,0.05419165954919564,-0.1507424554671996,0.6130301391127463
ACH-001164,0.46345061095851303,High,0.15377279783824144,0.6102363097859193,0.6128385915305253
ACH-000806,0.0,Low,0.37281461694389095,1.2142896146792685,0.0
ACH-002524,0.39317052497388194,Low,0.0,-0.32513550958396065,0.6125747340883588
ACH-000645,0.3976277591343822,Low,0.014403884171731681,-0.19248558143564212,0.6125783754282431
ACH-000099,0.3977998579802464,Low,0.01078270155211333,-0.2738607040424984,0.6126653475979681
ACH-000902,0.39265880186106455,Low,0.0038120257963876756,-0.3584302103627451,0.6126067688279333
ACH-000649,0.4026316544494792,Mid,0.0003864523892300619,-0.10081046912927458,0.6125779816796155
ACH-000086,0.39631293969328746,Low,0.005639338869809042,-0.17552831876182862,0.6125756289404372
ACH-000149,0.3994005348921763,Low,0.013476377070912858,-0.14351358239553308,0.6125768884613452
ACH-002538,0.41884150803349074,High,0.028815469933684366,0.1302264785400437,0.6128168877684094
ACH-000142,0.4021459176971208,Mid,0.008937802531380245,-0.15964905427908418,0.612649843804755
ACH-002535,0.40913075108141556,Mid,0.008790565163880713,0.00835064341039003,0.6126486064808291
ACH-000227,0.407840107265633,Mid,0.0569027419469921,-0.19822820480733555,0.6126659721823369
ACH-000697,0.45782073731853257,High,0.13098305369242258,0.49915230789812737,0.6136754632643493
ACH-000942,0.5947000180781346,High,0.502825198583356,2.2321834976198214,0.570023355224702
ACH-000264,0.3951950276259593,Low,0.005689190717254756,-0.21042022793547455,0.6125783312882865
ACH-000809,0.39546099881554114,Low,0.006756023708590542,-0.30761155600077555,0.6126315090084732
ACH-000093,0.39852299985495676,Low,0.0019097121208968447,-0.2075638880985871,0.6125907825449336
ACH-000100,0.4084870390266517,Mid,0.0432353384792355,-0.14392613334781093,0.612745472150552
ACH-001445,0.3931507990194321,Low,0.0015232597316667828,-0.334017605325539,0.6125875349536768
ACH-000060,0.4111976140028648,High,0.02129468557937743,-0.01121301860156088,0.6127536861058145
ACH-000001,0.40495665440758033,Mid,0.025290329376092463,-0.18265469849692603,0.6127872638975969
ACH-000957,0.40193208175359835,Mid,0.01144066977003865,-0.17858573507580516,0.6126708768996139
ACH-000650,0.40504530847083836,Mid,0.0019171063417043408,-0.051488762784303414,0.6125908446830067
ACH-001096,0.38942566779457105,Low,0.000769097303855434,-0.41901744398404794,0.6125811972743792
ACH-002799,0.4095179966583447,Mid,0.012606661274780589,0.10299559804940543,0.6125769753360435
ACH-002404,0.40939069929842,Mid,0.01102907031003886,0.09526057556124547,0.6125854619674161
ACH-000239,0.3931159125558795,Low,0.006815842512512097,-0.3640730713682056,0.6126320117017674
ACH-000762,0.4135390813310325,High,0.0459545413570496,-0.09131584511096398,0.6129609176671884
ACH-000922,0.45588598501402267,High,0.1456067879505521,0.3618774392785998,0.6139175467408494
ACH-002784,0.3956087597857687,Low,0.008099363307409147,-0.20389455649779648,0.6125752437302818
ACH-002653,0.44312079719858627,High,0.11961752204823736,0.21004839931276648,0.6135799518838406
ACH-000859,0.41698267472074646,High,0.013415552217225709,0.1707572159085586,0.6126874730215356
ACH-000990,0.4050238499956421,Mid,0.0064076300267146445,-0.07679463953140231,0.6126285812473654
ACH-000410,0.4009203725185829,Mid,0.011555606330573454,-0.09762330679307783,0.6125770905184951
ACH-001971,0.4016214962980147,Mid,0.02749496995832889,-0.274655860973363,0.6128057908149579
ACH-000927,0.3970646421285749,Low,0.013662762884485877,-0.30735946668591835,0.6126895504810725
ACH-001853,0.40230770891533507,Mid,0.001155549693085496,-0.11281052716781191,0.6125844448656359
ACH-001978,0.4081006647816625,Mid,0.007403341104301275,-0.008646295334671289,0.6126369488048705
ACH-000694,0.4027991938488308,Mid,0.005328171663271483,-0.12408360966914843,0.612619509911178
ACH-000935,0.3959946448540444,Low,0.01216444700278565,-0.21847577143590205,0.6125769990866233
ACH-000918,0.5771304686154587,High,0.3359240674613149,2.2234302729163873,0.6153977055457227
ACH-001984,0.39367268532751437,Low,0.006866831614494305,-0.3510278432555908,0.6126324401937794
ACH-000761,0.40962190149832256,Mid,0.025237883016390565,-0.07069923902220294,0.612786823159374
ACH-001563,0.40574792270532506,Mid,0.01676962795684844,-0.1166722174663459,0.6127156593320622
ACH-000974,0.39669823212310945,Low,0.0037757454157260114,-0.261543360340705,0.6126064639421303
ACH-000297,0.40060120950320893,Mid,0.015177688099331576,-0.23107321721679983,0.6127022813064459
ACH-001719,0.40486144978827526,Mid,0.01148250687563662,-0.10870027691107988,0.6126712284819099
ACH-000243,0.4121198383465279,High,0.024681201358524477,-0.00783595174880658,0.6127821450294537
ACH-001418,0.40016393248532606,Mid,0.010276283706545698,-0.21447901146350606,0.6126610918650153
ACH-000362,0.41411794447146244,High,0.006031952542443154,0.14295289667844244,0.6126254242040988
ACH-000843,0.4113803330904772,High,0.06280163639173765,-0.23600005325490017,0.6131024939132187
ACH-002052,0.3976017400154889,Low,0.02660076477202422,-0.36593457499035686,0.6127982762723498
ACH-000840,0.41478562885267045,High,0.007789634593997242,0.14923019137906895,0.6126401950607991
ACH-001852,0.4129569016055073,High,0.015874177028692937,0.0608234566064569,0.6127081343207381
ACH-001528,0.39366691653991054,Low,0.0015232597316667828,-0.32166397699972477,0.6125875349536768
ACH-001656,0.40621182354521196,Mid,0.011741716812278587,-0.07780925319816544,0.6126734067785058
ACH-000016,0.40259347513406485,Mid,0.0026277363778771045,-0.11409848222643289,0.6125968165335027
ACH-000165,0.4030859986364996,Mid,0.004746706101465,-0.006455738607589666,0.6125748764120809
ACH-001460,0.4381225101525542,High,0.13244719949738876,0.019578101135252563,0.6136877673598792
ACH-000592,0.4049448704983979,Mid,0.03558861781477263,-0.13610716122094155,0.6125951714663155
ACH-001192,0.400291875641453,Mid,0.020480211459434718,-0.26775265285731836,0.6127468415911873
ACH-000045,0.4131533722928353,High,0.014204033057338118,0.07474700950712145,0.6126940990990392
ACH-000741,0.43652516606979475,High,0.05480958653126485,0.40998307807182693,0.6130353319238667
ACH-000912,0.39849510192401105,Low,0.008544223812262206,-0.14583548325602178,0.6125796795836
ACH-000529,0.4178262546494995,High,0.06560878729801775,0.015359316472948538,0.6125984454642188
ACH-000508,0.40267693845376074,Mid,0.02213187651456055,-0.21978340103370156,0.6127607215234677
ACH-000577,0.3926139930484006,Low,0.007867601537738616,-0.2777385882456655,0.612576806206944
ACH-000768,0.4106270720613031,Mid,0.020455361053749406,-0.020235408748516388,0.6127466327583208
ACH-000636,0.4441875715940822,High,0.035844682187235404,0.6980935731162151,0.6128759584557509
ACH-000667,0.4013425487792043,Mid,0.0026712687695156895,-0.14428060913199592,0.6125971823623043
ACH-000905,0.4119389946322539,High,0.04555229859792421,-0.12739423356587398,0.6129575373799809
ACH-001494,0.39866831849044765,Low,0.003758121353766347,-0.21429068352303418,0.612606315836565
ACH-000387,0.437577518441159,High,0.06100105028974315,0.40098868606303234,0.6130873625080447
ACH-002510,0.39600083895504373,Low,0.0,-0.2573899950813328,0.6125747340883588
ACH-001303,0.4071260490559876,Mid,0.06172294681742049,-0.33187380927661664,0.6130934290376274
ACH-000026,0.40176354181986706,Mid,0.0,-0.1194557329812034,0.6125747340883588
ACH-000838,0.42808159601336776,High,0.022998626864562884,0.38350923237792095,0.6127680053466164
ACH-001172,0.4104025920574883,Mid,0.031071546588544913,0.0034416120469954697,0.6126215474218041
ACH-000822,0.41341882505026883,High,0.0166483849509746,0.16461006491508648,0.6125877982901748
ACH-000531,0.4006698473785713,Mid,0.0,-0.03843292399301044,0.6125747340883588
ACH-000349,0.40041730842475387,Mid,0.01111084715262007,-0.2130219220273428,0.6126681052023014
ACH-000527,0.4071684982646528,Mid,0.024001012475046418,-0.12259435307066216,0.6127764289942252
ACH-000279,0.3898030985223026,Low,0.0022813718439133965,-0.3123479630719926,0.6125749531428439
ACH-000516,0.4259280483955631,High,0.08991494193903223,0.07090580554902658,0.6126488370904684
ACH-001662,0.4092580653479574,Mid,0.06781007760563676,-0.3144496777290394,0.6131445828492678
ACH-000812,0.41030560892028134,Mid,0.014291307192989567,0.07444621563437823,0.6126124575030428
ACH-003157,0.3964051475643643,Low,0.0,-0.14051145133509765,0.6125747340883588
ACH-003464,0.3940730985366207,Low,0.002664016758538769,-0.21102346458735835,0.6125748074814118
ACH-001300,0.38992674553404927,Low,0.023682163487870615,-0.4362884428511601,0.6125946496739312
ACH-000524,0.398796803196383,Low,0.002664016758538769,-0.20517474455635426,0.6125971214193058
ACH-000611,0.4337487533460058,High,0.04900686815978478,0.37556462858481676,0.6129865682003811
ACH-002419,0.39490912114683624,Low,0.0018949194546833347,-0.1866126274609258,0.6125747536353727
ACH-000411,0.40114573729730674,Mid,0.003014188767107167,-0.1508846943166203,0.6126000641247594
ACH-000718,0.4187690805218376,High,0.021011600704977727,0.0024861930592996223,0.6043480590465894
ACH-000903,0.3957294901030739,Low,0.003057721158745751,-0.17395419811413562,0.61257490373816
ACH-002021,0.3982272965752458,Low,0.00411607913814226,-0.2268231374896988,0.6126093239705636
ACH-000433,0.39674995680604075,Low,0.0023035587309344027,-0.25217732810578525,0.6125940922742635
ACH-000499,0.40197689066939096,Mid,0.009669425349247729,-0.1677341339284856,0.6126559920701888
ACH-000278,0.3955429789483851,Low,0.0026788094247522792,-0.1783720771525569,0.6125751958358557
ACH-000202,0.4078298484091674,Mid,0.020794439277741154,-0.08906093975394604,0.6127494822360475
ACH-001736,0.43550989386207867,High,0.07713855635675236,0.2624032376009989,0.6132229756523022
ACH-001379,0.39799403218838125,Low,0.005962861494246469,-0.24260259628850145,0.6126248435905736
ACH-002070,0.41263654799909394,High,0.017620725876438155,0.14730973684885215,0.612581533651267
ACH-002794,0.3916850568760646,Low,0.0,-0.2534900728966073,0.6125747340883588
ACH-000128,0.3980115904711669,Low,0.008007446431535715,-0.1466089448954442,0.612575575078262
ACH-002528,0.3949380545700125,Low,0.0022813718439133965,-0.29542396190356573,0.6125939058245422
ACH-000696,0.40029523629909314,Mid,0.016723196195853683,-0.14813189135513657,0.6125860439767797
ACH-000041,0.39746082759522916,Low,0.007323013992576794,-0.1933794195130239,0.6125930193433975
ACH-000214,0.4040929722938972,Mid,0.005681235470068354,0.012650357542974472,0.6125749065820133
ACH-000747,0.39541730319869645,Low,0.004822246677205057,-0.1941143664092549,0.6125759326733557
ACH-001307,0.39343320451260894,Low,0.0003864523892300619,-0.21399191705260182,0.6125747404898104
ACH-000341,0.41207016599732027,High,0.050377529389794444,-0.1508947332742679,0.612998086688947
ACH-001740,0.4046320004740911,Mid,0.04592468566361909,-0.3043481263630682,0.6129606667718862
ACH-000417,0.4079306236648239,Mid,0.011272114964772928,-0.034075909181011235,0.6126694604324703
ACH-001393,0.3956080142099737,Low,0.0,-0.2667925259105127,0.6125747340883588
ACH-000120,0.3963446685390342,Low,0.015226187323364088,-0.22796973185930341,0.61257892186088
ACH-001694,0.4098949656718378,Mid,0.0,0.07517549739012883,0.6125747340883588
ACH-001542,0.39807714255981574,Low,0.005618776893854982,-0.238713595703085,0.6126219520412627
ACH-002509,0.41261966425475427,High,0.028120296665365117,0.08618825964043822,0.6125931771260891
ACH-000438,0.4118887652054612,High,0.00653345493516303,0.08682715284925534,0.6126296386295527
ACH-001366,0.3907904756756715,Low,0.012811893032235027,-0.35931643096233007,0.6125870459138278
ACH-000653,0.4885533267090277,High,0.1848703664222753,0.9372452830800011,0.6141283106798383
ACH-000839,0.4206747442601785,High,0.00520869906643512,0.30443961124095203,0.6126185059112761
ACH-000673,0.3925772140823175,Low,0.001155549693085496,-0.23847107155071365,0.6125747453493345
ACH-001524,0.4019209799939323,Mid,0.0022813718439133965,-0.12828283242974356,0.6125939058245422
ACH-000069,0.4626215773203527,High,0.07508811668210368,0.5674160537716385,0.6062680902684762
ACH-002996,0.3939362279953238,Low,0.0022630562837182362,-0.21453105036121214,0.6125751136218668
ACH-003142,0.40030285734565146,Mid,0.004137033087759819,-0.07023532863862446,0.6125749597565116
ACH-000323,0.3981744739204411,Low,0.006393501297620391,-0.13295587212331175,0.612574980418444
ACH-000021,0.40292893261616997,Mid,0.00411607913814226,-0.11428624062366166,0.6126093239705636
ACH-001863,0.4000271861270006,Mid,0.011520632762542372,-0.2246222008505143,0.6126715488766091
ACH-001996,0.4149943452795866,High,0.005428094537893459,0.16726406337577307,0.6126203496230365
ACH-000980,0.4290718892742736,High,0.10366894787050514,-0.038169553863081226,0.6134459264475877
ACH-000106,0.5120426972720089,High,0.15264384574635426,1.6774026837566745,0.6138574918941354
ACH-003156,0.4095915607966099,Mid,0.021858522568578512,-0.052767961324002625,0.6127584243662766
ACH-000734,0.39810162344339806,Low,0.017389395808524468,-0.30311340490799976,0.6127208676131142
ACH-000845,0.4180471926056705,High,0.01732053286281472,0.17467772382331523,0.6127202889164709
ACH-001982,0.40215918799428624,Mid,0.006097734310638871,-0.14365135833031453,0.612625977007759
ACH-000730,0.4084587847196673,Mid,0.021904951916216785,-0.08013807409282214,0.6127588145399374
ACH-001334,0.4065407837313762,Mid,0.0018949194546833347,-0.015571038263322274,0.6125906582332853
ACH-000698,0.42053419329568265,High,0.051735907911070474,0.04419796003947053,0.613009501958543
ACH-000802,0.42103737027276505,High,0.035210596142371695,0.14747835914837423,0.6128706298503322
ACH-001836,0.41824337066094625,High,0.010214589722622121,0.2186054068614887,0.6126605734134586
ACH-000573,0.4017448361006084,Mid,0.016013803968589594,-0.1116204580348829,0.6125875006509294
ACH-001699,0.4156013756636574,High,0.000769097303855434,0.20751615224044404,0.6125811972743792
ACH-000963,0.4002045976239989,Mid,0.023282901990193904,-0.2853154117370932,0.6127703942810316
ACH-001567,0.40810880187155874,Mid,0.001155549693085496,0.02604262821095279,0.6125844448656359
ACH-001653,0.3993060490333513,Low,0.012226665058853767,-0.24578112951014722,0.6126774820895388
ACH-000852,0.39821265658672605,Low,0.011374395749312658,-0.26724683824644707,0.6126703199592604
ACH-001862,0.3953002054961482,Low,0.0003864523892300619,-0.2762937493232582,0.6125779816796155
ACH-001976,0.398912333528175,Low,0.013261664263471399,-0.26091922852240396,0.6126861798087438
ACH-002665,0.3992087749843264,Low,0.0242875801142775,-0.314697956539109,0.6127788371940076
ACH-003153,0.40245360162530447,Mid,0.0029890240499109125,-0.11944112603379754,0.6125998526505447
ACH-000661,0.4054259702968952,Mid,0.03388648352711754,-0.16767169250390931,0.612711560086178
ACH-001500,0.4031323663199918,Mid,0.01571788066959591,-0.1734706473401207,0.6127068208686716
ACH-001190,0.4145822306257446,High,0.021946911647862253,0.06619916080743857,0.6127591671527337
ACH-002467,0.39003458646574707,Low,0.0,-0.2929952189201693,0.6125747340883588
ACH-000364,0.40207014373584327,Mid,0.012166552678986342,-0.07284794724558573,0.6125768438813337
ACH-000448,0.4089908341515071,Mid,0.018980306424571363,-0.05125608977867215,0.6127342369893969
ACH-000979,0.3970571287220415,Low,0.0029890240499109125,-0.24860942176506523,0.6125998526505447
ACH-000932,0.3968769518731498,Low,0.006983814066413406,-0.27497737855975973,0.6126334232674998
ACH-000783,0.39863734184705246,Low,0.015466866344292328,-0.27967629990359827,0.6127047114447143
ACH-002044,0.41089472138000477,Mid,0.06131954207969842,-0.23944083751453796,0.6130900389856166
ACH-000301,0.45222679786447983,High,0.1449973464880497,0.2878843787344146,0.6137932337737867
ACH-002459,0.40569944671078906,Mid,0.0,0.08195400013309227,0.6125747340883588
ACH-000976,0.404292534600423,Mid,0.013067957404697801,-0.13107095159621182,0.6126845519738062
ACH-001516,0.39736065303996937,Low,0.014720214193288074,-0.3061124472998893,0.612698436878778
ACH-001354,0.392687876978554,Low,0.0074674833891927505,-0.40066682725535274,0.6126562303490201
ACH-001645,0.39957589664428256,Low,0.02427912124161802,-0.2205694534098345,0.612613416573637
ACH-003135,0.3935834797014668,Low,0.0085239172293557,-0.2556933245217707,0.612575797350464
ACH-000867,0.39313638844025295,Low,0.0022813718439133965,-0.3385480816072112,0.6125939058245422
ACH-000304,0.41123165380615945,High,0.03681327196931056,0.004509578721025496,0.6126030660036491
ACH-002069,0.390654141085208,Low,0.01703102986559997,-0.37218723787571684,0.6125777865372498
ACH-000931,0.4027488987189577,Mid,0.03308902525185316,-0.27855557662829294,0.6128528010174237
ACH-001374,0.3995586065079025,Low,0.022597938445942274,-0.1950735631797478,0.6125871197760737
ACH-000302,0.4050150790467488,Mid,0.021072667888595877,-0.05245650680836135,0.6125814802720227
ACH-000305,0.4006922426038905,Mid,0.010417529871408444,-0.20261336724893889,0.6126622788412711
ACH-000072,0.42701281093499244,High,0.07268178538196657,0.08362560952984967,0.6131855227322155
ACH-000766,0.41984045210188353,High,0.0034110653215671427,0.29439501858578615,0.6126033993165301
ACH-000533,0.399522106192315,Low,0.008442283305000626,-0.11305088458866676,0.6125757567928345
ACH-000343,0.41973777719774713,High,0.05883703056805988,-0.014070219995325506,0.6130691769521432
ACH-001437,0.4055505447929673,Mid,0.03036457759254774,-0.10559805909451767,0.6126141886712712
ACH-000171,0.41373988765303,High,0.031255042178307255,-0.00535323651169812,0.6128373889574632
ACH-003475,0.41024162147413845,Mid,0.007789793493531338,0.040465367826398584,0.6126401963961273
ACH-000173,0.4584189498292034,High,0.15234500624875386,0.4265885413937887,0.6135062243914157
ACH-000535,0.4153794784373068,High,0.0192799419126602,0.10000621900568597,0.6127367550061525
ACH-000774,0.40832693736682757,Mid,0.0037757454157260114,0.016797708875836852,0.6126064639421303
ACH-000178,0.416120985263663,High,0.05084774096201622,-0.056531629794243296,0.6130020381588649
ACH-001306,0.4217783660274736,High,0.09767845371236372,-0.07187495614031533,0.6126653680278931
ACH-000994,0.4021617380360602,Mid,0.009313053225198119,-0.16134214867591085,0.6126529972614453
ACH-001188,0.4031368475283551,Mid,0.04382361270107308,-0.3644665690510616,0.6131078237453658
ACH-000372,0.5159695475935563,High,0.2549971214843378,1.206300472087322,0.6147176278711721
ACH-002886,0.3987619350896194,Low,0.008926600835968058,-0.2405851639492136,0.6126497496701885
ACH-000804,0.8108913391138783,High,0.02128801856264648,-0.34490820036463415,0.612014061539709
ACH-000011,0.3972374456485557,Low,0.003014188767107167,-0.24443234674431377,0.6126000641247594
ACH-000733,0.4124966921474217,High,0.042284525959396635,-0.09600393422517017,0.6129300763261855
ACH-001603,0.38964218453117855,Low,0.018882504331821322,-0.42229460598721685,0.6125963501459296
ACH-000829,0.4389606068638692,High,0.005641925144984271,0.7397324788142823,0.6126221465699033
ACH-000141,0.4088942328434246,Mid,0.008604290731629471,0.0037178406146558818,0.6126470411050302
ACH-000810,0.40180475586789105,Mid,0.007306359713623153,-0.06659441785908117,0.6125819483938013
ACH-001994,0.4029514320001373,Mid,0.008926600835968058,-0.14030666990251936,0.6126497496701885
ACH-001145,0.4126576022839035,High,0.0414129461644678,-0.08734043324078093,0.6129227519183141
ACH-000717,0.4051462969666378,Mid,0.021756625820742677,-0.06713043218709239,0.6126003484851718
ACH-000738,0.3949603310943101,Low,0.0019097121208968447,-0.18610761484623026,0.6125748258338514
ACH-001843,0.43582965014354863,High,0.15164068113940501,-0.049879254030002214,0.612923582090326
ACH-002664,0.4003843479162778,Mid,0.010249446337282,-0.20905504676713377,0.6126608663345018
ACH-000780,0.4104896110290835,Mid,0.04302445611808538,-0.1481299694451998,0.6129362944031879
ACH-001548,0.3850130162545856,Low,0.000769097303855434,-0.4177102345512628,0.6125747528115784
ACH-000759,0.39929788095972263,Low,0.0089909973205652,-0.22811246444385652,0.6126502908324796
ACH-001555,0.3999661717723651,Low,0.0,-0.05527588428034055,0.6125747340883588
ACH-001369,0.42224514216507875,High,0.0644596296549802,0.014902827597698605,0.6131164270252283
ACH-000969,0.38979446337262746,Low,0.003733434223516887,-0.42655621954553197,0.6126061083757999
ACH-000873,0.4160541633621711,High,0.03931752530110345,0.005527447760999242,0.612905142839771
ACH-001275,0.3946130588780544,Low,0.017491620167392734,-0.28527918276656794,0.6125834348501021
ACH-002654,0.424990769360302,High,0.07677609364537402,0.012621910109735316,0.6132199296606997
ACH-002435,0.39312156147355337,Low,0.0011480090378489067,-0.22556294741077748,0.6125747561706479
ACH-001972,0.391875310714255,Low,0.010189741260690652,-0.4123950800646506,0.6126603645969265
ACH-000921,0.4113022982852802,High,0.0237499191292802,0.04882565163566472,0.6126348651750829
ACH-003470,0.3883912911480279,Low,0.0003864523892300619,-0.3344908081836186,0.6125747363353148
ACH-001953,0.39971136682541436,Low,0.0019097121208968447,-0.17911950617933003,0.6125907825449336
ACH-002843,0.3893658904322144,Low,0.0,-0.30900091904356797,0.6125747340883588
ACH-001373,0.4138681512544533,High,0.05706120212651651,-0.06263255094653479,0.6126941768836797
ACH-002800,0.4576046312865106,High,0.18963556105296037,0.28488280415850287,0.6128273849534369
ACH-001022,0.38921706031629993,Low,0.0011480090378489067,-0.31894592533511196,0.6125747511801678
ACH-000082,0.40329532789981976,Mid,0.011850643704671522,-0.04060924296559134,0.6125759390477815
ACH-003105,0.41719665178214854,High,0.0015232597316667828,0.3440973831010888,0.6125751787108843
ACH-000488,0.39801789468671295,Low,0.006756023708590542,-0.24641049227600945,0.6126315090084732
ACH-000790,0.39630180567064405,Low,0.0011480090378489067,-0.2565243257843938,0.6125843814969864
ACH-000172,0.4268819588240387,High,0.0026277363778771045,0.5719092920409219,0.612575204450763
ACH-000647,0.41729153285725823,High,0.0567192782638451,-0.06093061864878389,0.6130513802091062
ACH-000602,0.45488635947535094,High,0.17770398805234205,0.1709689244417709,0.6140680873033358
ACH-003181,0.3991372993643914,Low,0.014404044992539484,-0.1542962510913873,0.6125766380226778
ACH-002681,0.3943979156576817,Low,0.005428094537893459,-0.21846394709290365,0.6125750286818398
ACH-001465,0.4092715975896898,Mid,0.05770748385867778,-0.2583491919207839,0.6130596846935372
ACH-003012,0.3977724895905996,Low,0.010576193649920712,-0.27337565185487206,0.6126636121881833
ACH-000156,0.41629666192372056,High,0.003733434223516887,0.20779215602149123,0.6126061083757999
ACH-002001,0.40541726217455337,Mid,0.008354526882598665,-0.07812689686895562,0.6126449421895752
ACH-000315,0.43606997113125845,High,0.015151798814262034,0.618038956427777,0.6127020637432526
ACH-001678,0.4321030707861853,High,0.04971671539442506,0.3322550050808989,0.6129925334725261
ACH-002446,0.39391189563748513,Low,0.0,-0.3073902921355646,0.6125747340883588
ACH-000201,0.40917637726157285,Mid,0.04001983208276623,-0.07012709523090623,0.6126254915108021
ACH-000435,0.40731942763370427,Mid,0.028620792109156794,-0.14448763220478117,0.612815251773864
ACH-000965,0.4020595884140272,Mid,0.005133158490695062,-0.1407099042935485,0.6126178710985017
ACH-001550,0.3930921102395657,Low,0.0029890240499109125,-0.23665136894950026,0.6125748887667134
ACH-002026,0.3956953541999217,Low,0.0,-0.2647019830961601,0.6125747340883588
ACH-000883,0.3918516220063975,Low,0.0015344614270789685,-0.2579405387493597,0.612574756147115
ACH-000482,0.4001915856570266,Mid,0.003057721158745751,-0.17396331402671478,0.6126004299535611
ACH-000450,0.4041188094178745,Mid,0.020631456033580808,-0.17698738086084112,0.6127481125900743
ACH-002672,0.4067611500813802,Mid,0.0003864523892300619,-0.00196814701183224,0.6125779816796155
ACH-000835,0.4029319393515975,Mid,0.02224523779771609,-0.11563112873831174,0.6125911845014061
ACH-002431,0.3921072397748517,Low,0.0018949194546833347,-0.2537349067038472,0.612574760011849
ACH-001802,0.4030289028523016,Mid,0.015184177427787262,-0.13219698951856498,0.6126463886054485
ACH-000629,0.3972320059280791,Low,0.0,-0.22792116562210457,0.6125747340883588
ACH-000715,0.40346194742660285,Mid,0.009516217479274162,-0.13134241450977197,0.6126547045725491
ACH-000870,0.4142099980157105,High,0.06361582987704481,-0.1727652496578576,0.6131093360695047
ACH-000910,0.3920625421553034,Low,0.008517555013816193,-0.3986813994512392,0.6126463122127613
ACH-000779,0.39296232257121494,Low,0.005428094537893459,-0.36008757458616136,0.6126203496230365
ACH-000140,0.5481193454686175,High,0.4740282114059542,1.4074817017431456,0.5654048422017859
ACH-001196,0.39207621099590734,Low,0.0015232597316667828,-0.3597386097853232,0.6125875349536768
ACH-001484,0.5111877932320155,High,0.0924056477123497,1.9895160252667698,0.6133512741795841
ACH-000693,0.39218137270507863,Low,0.005964726835868878,-0.38174290304033115,0.6126248592661583
ACH-000811,0.41636266994371707,High,0.004172768404615081,-0.24562325205820185,0.6121494665171634
ACH-000423,0.4085726331911395,Mid,0.014005314699894137,-0.033799008609340424,0.6126924291494719
ACH-000290,0.4139864738402798,High,0.0623205694239156,-0.17096430098970236,0.6130984512188994
ACH-001847,0.40293313024359245,Mid,0.006336005884197737,-0.12644201872786992,0.6126279793467291
ACH-000492,0.423660202449269,High,0.02487113671544066,0.2673419752588676,0.6127837411701987
ACH-001519,0.4032007275631555,Mid,0.03149502505797312,-0.15677100479506648,0.6125943536424109
ACH-000110,0.4108791727190453,Mid,0.020302925848227012,-0.013359608655329544,0.6127453517538439
ACH-001497,0.3967220015094559,Low,0.0019171063417043408,-0.25071284753786494,0.6125908446830067
ACH-000102,0.4157977783144143,High,0.007525121012445977,0.28213800460677363,0.6125753275283149
ACH-000817,0.5253696981451622,High,0.2886588750987389,1.2454524676717866,0.6150005077802433
ACH-001556,0.40837413008489637,Mid,0.011119832102237496,0.07695736213124842,0.6125810929162396
ACH-000964,0.47653209614804976,High,0.10650491798536557,1.082165749084895,0.6134697588057414
ACH-000378,0.4223708264700888,High,0.056507656074417226,0.0014837019304920307,0.6134187730570523
ACH-000913,0.41840841483521135,High,0.032794567337917885,0.19990532706882647,0.6125958898582233
ACH-000575,0.399713444043742,Low,0.0,-0.16852623524656749,0.6125747340883588
ACH-000634,0.39425770701537466,Low,0.0037016705521506414,-0.21249177632546243,0.6125749113275478
ACH-002291,0.4221520489973828,High,0.07605649506397379,0.03659883622294118,0.6127188369305008
ACH-001322,0.3980525571457822,Low,0.008093687935751825,-0.1463254619289596,0.6125756964820717
ACH-002924,0.3908151717723452,Low,0.006756023708590542,-0.418812626068042,0.6126315090084732
ACH-000767,0.4225106833264705,High,0.08991548871513767,-0.11928346839952579,0.6133303478797016
ACH-001642,0.5625270590286177,High,0.41503179687545033,1.2356663750914587,0.6213069501867061
ACH-001552,0.40153866339963246,Mid,0.01867434578150307,-0.12010134522496019,0.6125777144950992
ACH-000451,0.3965859312911933,Low,0.005626317549091571,-0.1826051747316902,0.6125803250626044
ACH-000879,0.43814204319790445,High,0.13313475821870208,0.07210111405369167,0.6131533386726148
ACH-001842,0.42569192583764537,High,0.03502684922570027,0.25990282207102405,0.612869085714763
ACH-002662,0.43861285684780066,High,0.0661629770182843,0.3972711435626414,0.6131307412749483
ACH-001032,0.40528497349566917,Mid,0.005764357631307595,-0.06699295148755934,0.6126231754435323
ACH-000982,0.40611761514514266,Mid,0.02374594748379118,-0.1463397464142388,0.612774285530092
ACH-001636,0.40591123853811006,Mid,0.006756023708590542,-0.05747787069472486,0.6126315090084732
ACH-000189,0.40574029013862783,Mid,0.006576103575742365,-0.06057629643390735,0.6126299970316641
ACH-000454,0.6076997548406957,High,0.02085454100156431,-0.21360877583902235,0.6119999946559842
ACH-000131,0.4006716546845211,Mid,0.008747242983587169,-0.0862493146477111,0.6125753247460904
ACH-000660,0.4386017363491776,High,0.06996827197524778,0.3759958722144857,0.6131627194512412
ACH-001197,0.5186176881455392,High,0.07609322965200566,2.2574167993420917,0.6132141911449182
ACH-000915,0.41308707400302774,High,0.007403341104301275,-0.030803539463870377,0.6128227772002097
ACH-000480,0.41513273086050084,High,0.05997765400717899,-0.04722682896449334,0.6126970976960163
ACH-000745,0.4203947703307847,High,0.014698434071467025,0.24534526308235458,0.6126982538473487
ACH-000161,0.4130486676064403,High,0.008230925338881073,0.10521845434006238,0.6126439034916557
ACH-000395,0.4306071572459011,High,0.06489778845389074,0.2126343360862897,0.6131201091364639
ACH-001459,0.41107169462810506,Mid,0.07149832560788545,-0.29140208821946784,0.6131755774097847
ACH-000916,0.40428689285863106,Mid,0.006150810020537657,-0.09301630880347485,0.6126264230347891
ACH-001609,0.39737187772045673,Low,0.011850643704671522,-0.18194348181379277,0.6125756296788859
ACH-001960,0.3984081755232041,Low,0.003014188767107167,-0.2164101208607028,0.6126000641247594
ACH-002648,0.40659132981742213,Mid,0.024081529126904543,-0.07854533049442555,0.6126575688759965
ACH-001856,0.3959684495081627,Low,0.0,-0.2581652588004885,0.6125747340883588
ACH-003158,0.3915010932540211,Low,0.0003864523892300619,-0.26000146636988986,0.6125747351066194
ACH-002433,0.4769110018480492,High,0.24217644664018162,0.4560282664261573,0.6130037621475936
ACH-000295,0.4113114688177002,High,0.023578579573073043,-0.02109724060051107,0.6127728790371354
ACH-001485,0.4827853996275731,High,0.07579518539029115,1.4013918015229787,0.6132116865001922
ACH-003269,0.5528793972045811,High,0.2615500439148903,2.144286840582476,0.6133799737175134
ACH-000292,0.40306557381001545,Mid,0.02256662686845868,-0.21288140979537049,0.6127643749914953
ACH-000137,0.43154861010886636,High,0.033221748265138774,0.5145616177469462,0.6125914240941035
ACH-000308,0.4017605193350744,Mid,0.014551718724347558,-0.1049245979857183,0.6125876887895048
ACH-000445,0.4110046200646696,Mid,0.004787928264903995,0.18276116787059818,0.6125749058794698
ACH-001229,0.4061956655175074,Mid,0.006097734310638871,-0.04703548870984801,0.612625977007759
ACH-000144,0.4189540665546388,High,0.06871727468980411,-0.023186388770981867,0.6128060368179278
ACH-000837,0.4246637278195492,High,0.10115606883442847,-0.12980828887493584,0.613424809217589
ACH-000048,0.3951208021999521,Low,0.017225933143099368,-0.271214467016181,0.6125827985565967
ACH-000463,0.3937187978164048,Low,0.007487986567535662,-0.3533535155431493,0.6126376601314764
ACH-000881,0.4119664923858526,High,0.015191596002784025,0.04088587059842728,0.6127023981829018
ACH-000388,0.41186560454080223,High,0.0037898389093666694,0.10142033451821884,0.6126065823782119
ACH-001992,0.40263968598683975,Mid,0.009986054704223191,-0.04997714142121158,0.6125778906732167
ACH-000147,0.39792458643266065,Low,0.015002487413221606,-0.2941727481191078,0.6127008089899788
ACH-000930,0.4233435888372202,High,0.04384496994366464,0.15500877249555875,0.6129431896730847
ACH-000899,0.4318445686117115,High,0.06598198448472965,0.2362667656934891,0.6131292202861126
ACH-000366,0.4349096750152588,High,0.1303717152591849,-0.045864538896148326,0.6136703258207571
ACH-001571,0.5608381374640051,High,0.2832901835997574,2.124054623429461,0.614955391444937
ACH-001526,0.41371504529825026,High,0.06976593788578406,-0.1151139943858068,0.6126387581648038
ACH-000064,0.4111962380677428,High,0.009396227286171944,0.05444562671962072,0.6126536962229752
ACH-001329,0.3950424553246567,Low,0.004746706101465,-0.19909759250926023,0.612574908147669
ACH-001676,0.39971381821068,Low,0.01702100841162254,-0.2624905400295877,0.6127177718328249
ACH-000418,0.4206044833246372,High,0.04550452848395591,0.18904627314509828,0.6125919740439395
ACH-001280,0.3944950387291161,Low,0.016425118283643615,-0.2873120381550371,0.612587787930289
ACH-002922,0.3964447167804619,Low,0.004822246677205057,-0.16846724393621743,0.6125756302008248
ACH-000861,0.3964414692127861,Low,0.005764357631307595,-0.171655889950766,0.6125751517832208
ACH-000692,0.4197424274601298,High,0.04061432478337746,0.08664893845490469,0.6129160406237615
ACH-003137,0.3927360503330558,Low,0.003014188767107167,-0.24566384108696523,0.6125749531454975
ACH-000107,0.40568475839905843,Mid,0.0034181791863501176,-0.04447053561086715,0.6126034590986034
ACH-000133,0.3993958164913052,Low,0.012191042369671834,-0.1354231769326307,0.6125757307654667
ACH-000306,0.39401694154585165,Low,0.007716630989607175,-0.23966692244926202,0.6125750910664487
ACH-001530,0.395353601566666,Low,0.0,-0.27288206775342144,0.6125747340883588
ACH-000651,0.4624799542031689,High,0.213042371093231,0.15762306414501545,0.6143650569352759
ACH-000563,0.40224616894512355,Mid,0.003758121353766347,-0.12865236866512303,0.612606315836565
ACH-000058,0.4037516229101538,Mid,0.00452721865762178,0.009212741915339575,0.6125752519397321
ACH-000345,0.41481542568285773,High,0.06653231293715318,-0.1231049225623122,0.6128577695645084
ACH-000316,0.4011489832742103,Mid,0.01828694608430055,-0.14103737649862888,0.6125926621713396
ACH-000884,0.4068648446503799,Mid,0.005277245050825403,0.06803425173737723,0.6125790737940009
ACH-000289,0.4041978375119895,Mid,0.01618376884836351,-0.04420752190078787,0.6125783209569547
ACH-001451,0.4158416869528859,High,0.0003864523892300619,0.21538075717855326,0.6125779816796155
ACH-003459,0.42829994979580427,High,0.037631983416334905,0.4126210026082184,0.6125949293476636
ACH-002440,0.39485935006542827,Low,0.0003864523892300619,-0.28684592769434497,0.6125779816796155
ACH-000355,0.4040962694144931,Mid,0.016755495625043693,-0.15612765171892198,0.6127155405696001
ACH-002926,0.39139390195322804,Low,0.0,-0.2604590665060869,0.6125747340883588
ACH-000962,0.41700467086475845,High,0.0533248716780425,-0.04905628475380613,0.613022854974285
ACH-000473,0.39743477678399847,Low,0.008426498649358008,-0.2695905398655785,0.6126455470115066
ACH-000192,0.42242946684391824,High,0.07197315873308031,0.03975590324665681,0.6128298272245434
ACH-001624,0.3905556580836639,Low,0.0015232597316667828,-0.2896908664846643,0.6125748268410879
ACH-001989,0.39882110847643043,Low,0.00600321281701808,-0.2230287359905978,0.6126251826869453
ACH-001807,0.41659797085638545,High,0.04564277184448854,0.09439763070438179,0.6125868591819607
ACH-002532,0.39575199558609736,Low,0.009383760086467647,-0.3151541226077092,0.6126535914536171
ACH-002466,0.3912488966394297,Low,0.0,-0.2639298685634804,0.6125747340883588
ACH-001344,0.39135251280457767,Low,0.003375476439140975,-0.2798921986038767,0.6125748173284207
ACH-001684,0.4319645971342105,High,0.0686315983397716,0.22451117041315924,0.6131514865808212
ACH-000757,0.4018572732459066,Mid,0.016267246891622497,-0.2070239380141605,0.6127114375225962
ACH-000054,0.3982823651583589,Low,0.0074674833891927505,-0.14243470747015582,0.6125778220943243
ACH-001318,0.3975243728804093,Low,0.006052895193084906,-0.2543412927969822,0.6126256001977556
ACH-000601,0.4088816313290906,Mid,0.024928414090768403,-0.08670953247273815,0.6127842225063439
ACH-000635,0.40835970097258867,Mid,0.05298346622202559,-0.2540946882951704,0.6130199859394314
ACH-001857,0.3929813163257432,Low,0.0026712687695156895,-0.3444124666594375,0.6125971823623043
ACH-000966,0.38920665641922375,Low,0.0030321535875736704,-0.34321092920560536,0.6125773433556844
ACH-000630,0.41466943684882657,High,0.0426890170064845,0.0627538525112679,0.6125891667172598
ACH-000225,0.39559867376435653,Low,0.011583503729723861,-0.3309688059837071,0.6126720772190621
ACH-002047,0.40642890930500913,Mid,0.0037016705521506414,0.07909758364027512,0.6125748541234465
ACH-000657,0.41702243934974287,High,0.014164003858613014,0.27169379487740536,0.6125794256646788
ACH-000624,0.406885008859308,Mid,0.018009396322714696,-0.096300058262208,0.6127260778493688
ACH-000699,0.40043823298296355,Mid,0.0055494849135228385,-0.07909388713531544,0.6125765349891326
ACH-000923,0.4247113646448952,High,0.07571932961486072,0.011768576987632092,0.6132110490386059
ACH-000687,0.4311379998194084,High,0.042605872210593185,0.3484144461918328,0.6129327767915077
ACH-000044,0.4135835608701595,High,0.049949241152730514,-0.11230599841694866,0.6129944875259637
ACH-000740,0.39604577294866483,Low,0.011844918320320615,-0.25171110306679306,0.6126043718370601
ACH-000447,0.4072163865920167,Mid,0.0003864523892300619,0.11578501443904253,0.6125747435156554
ACH-000101,0.5736203401998629,High,0.4485761020115264,1.5174592402373617,0.6163443881712117
ACH-001416,0.396904727355921,Low,0.006951354269560242,-0.27413334218982255,0.6126331504883544
ACH-000319,0.40448572760951274,Mid,0.010074327010834208,-0.004026047485672614,0.6125765848377186
ACH-000198,0.4229019859274929,High,0.0022960180756978134,0.37383113306410515,0.612594028905614
ACH-000280,0.40116729668696177,Mid,0.004172768404615081,-0.05108306232527563,0.6125752930772214
ACH-003265,0.44072404857083236,High,0.08919396458702462,0.4285119692601384,0.612650281923951
ACH-000104,0.6445759596868829,High,0.4156358147500863,1.418591534744736,0.5998592126615925
ACH-001835,0.4009902081267384,Mid,0.0064282737072371005,-0.1734566099043579,0.6126287547285969
ACH-000892,0.3923810233567752,Low,0.0029890240499109125,-0.25824962353750175,0.6125757021259699
ACH-000493,0.39644270663951203,Low,0.0052419012889701605,-0.1691942585289615,0.6125752243027005
ACH-000042,0.4032986309541754,Mid,0.0064282737072371005,-0.11820291961585473,0.6126287547285969
ACH-002045,0.4046279380820296,Mid,0.018736536578897473,-0.15433915489091718,0.6127321884451479
ACH-000221,0.3950563177527993,Low,0.012387015776213166,-0.25320974717002576,0.6125853128431451
ACH-000477,0.419769475372903,High,0.016826078758464143,-0.022678994047974032,0.6138760402088556
ACH-000746,0.4331893551936307,High,0.10570637615087769,0.0491361545507565,0.6134630481796665
ACH-000356,0.3992369305040355,Low,0.01855504110208337,-0.28237459485611394,0.6127306632297783
ACH-000457,0.40322179278722814,Mid,0.012171203161229034,-0.15174889978639897,0.6126770160099418
ACH-000904,0.4175105907542615,High,0.047352624212190705,-0.0039738696008003015,0.6129726665961202
ACH-002060,0.4201973726059966,High,0.035092988887157735,0.128021747994713,0.612869641526015
ACH-003159,0.40795342027806303,Mid,0.0029890240499109125,0.11954042124709138,0.6125748051681663
ACH-001813,0.3990593499601798,Low,0.0033469818342868256,-0.09531130397044453,0.6125748244222341
ACH-000244,0.39535359045692403,Low,0.004401475875673933,-0.18962707532338266,0.6125748490970941
ACH-000610,0.4216375722517866,High,0.08573493286623868,-0.11710106735872149,0.6132952161610173
ACH-000081,0.4441869872394574,High,0.04646558071878479,0.6394414348661461,0.6129652122375139
ACH-003161,0.39513129708292954,Low,0.0,-0.17100193996590174,0.6125747340883588
ACH-000255,0.3961724916761261,Low,0.010277774127893007,-0.20274853168291937,0.6125758093590965
ACH-001038,0.393499654317486,Low,0.011942135253869895,-0.38319029253582226,0.6126750910149
ACH-000352,0.41395733506732546,High,0.04914122740544581,-0.09889839870075391,0.6129876973017236
ACH-002016,0.38812005739262834,Low,0.0,-0.33882079090686185,0.6125747340883588
ACH-000416,0.39498790048392696,Low,0.00305427662237352,-0.29849808531439415,0.6126004010070556
ACH-000752,0.3941708584097944,Low,0.004502531527372322,-0.2186832437189523,0.6125749063789343
ACH-000862,0.406543454519269,Mid,0.023850658956811134,-0.1367251014237166,0.6127751654834155
ACH-000236,0.4729739774566718,High,0.23669911530193713,0.27819547381554083,0.6145638587483762
ACH-000401,0.4018694995655109,Mid,0.006814726096467162,-0.07154176718863992,0.612585464370444
ACH-000731,0.4075220783445345,Mid,0.0037975177107972048,-0.0025873513557269196,0.6126066469077868
ACH-000875,0.4071934940869059,Mid,0.021377714086749204,-0.10751278832836644,0.6127543838441701
ACH-000626,0.4387736668123264,High,0.06142918595750202,0.4272555772719192,0.6130909603888965
ACH-000593,0.3972957366294958,Low,0.009283423112912541,-0.2776496554486462,0.6126527482618369
ACH-000182,0.4189786745401443,High,0.019362749071556627,0.18569827700024616,0.6127374508843841
ACH-000442,0.4024078097516829,Mid,0.013788885132250565,-0.07412461382271415,0.6125776842595155
ACH-000159,0.39789541010336593,Low,0.0022961645101269067,-0.12000141226201895,0.6125751272540056
ACH-000907,0.4064050249440943,Mid,0.0019171063417043408,-0.018943012499520493,0.6125908446830067
ACH-000191,0.409958809886162,Mid,0.008962257595140126,0.12490047364957481,0.6125806971217836
ACH-000205,0.4084687393959763,Mid,0.014667135479568888,-0.03993970130350873,0.6126979908265051
ACH-000103,0.40810311558458673,Mid,0.014451297455606157,-0.04749951385480005,0.61269617701011
ACH-000739,0.40151574173457577,Mid,0.03470055454761266,-0.31696931749598095,0.612866343664841
ACH-001558,0.39866277257334765,Low,0.0022960180756978134,-0.09913389113866204,0.612574788225324
ACH-000206,0.4568799466974316,High,0.045492721946726634,0.9486273306008224,0.6129570367216411
ACH-000841,0.40453941485144246,Mid,0.013480329861580766,-0.12743841770603212,0.6126880173869407
ACH-000615,0.4151648067297708,High,0.024715176628859515,0.06485988569667853,0.6127824305440318
ACH-001613,0.47371252850659945,High,0.18295359136417363,0.5926031024561221,0.6141122028691652
ACH-001608,0.39331472882296886,Low,0.0,-0.21448275241967238,0.6125747340883588
ACH-000801,0.41920106196879736,High,0.01477441200374957,0.21635355589396374,0.6126988923354921
ACH-000539,0.396383996962012,Low,0.0011480090378489067,-0.147284448951518,0.6125747433610129
ACH-000464,0.3971448802053885,Low,0.00957585652980799,-0.1752201276261248,0.612575453337175
ACH-000622,0.40769509103090007,Mid,0.004787928264903995,0.10096064710501142,0.6125756354445526
ACH-000452,0.4206193965809851,High,0.06237489626833529,0.08878788421019064,0.6126354887779057
ACH-001390,0.40724653137720174,Mid,0.036659553860449744,-0.19061458700867415,0.6128828063112568
ACH-001401,0.39577201322085126,Low,0.008027413915025832,-0.30718657774309277,0.612642193263076
ACH-000365,0.41357839716358175,High,0.023825431190627536,0.031800378948942554,0.6127749534793623
ACH-001431,0.39228251781718854,Low,0.0011480090378489067,-0.35272874881972793,0.6125843814969864
ACH-000475,0.3976573990867786,Low,0.011844677835708126,-0.28313374388804824,0.6126742720217513
ACH-000860,0.4016857449406862,Mid,0.005814546927123521,-0.15342006180840015,0.6126235972142932
ACH-000074,0.42123430491330455,High,0.06171334979468784,0.0058699969701460275,0.6130933483880883
ACH-000377,0.40099627831303114,Mid,0.000769097303855434,-0.14206691202898775,0.6125811972743792
ACH-001562,0.3963954858997525,Low,0.01481729154956153,-0.22512417287156555,0.6125792959119183
ACH-001693,0.3930296680884426,Low,0.009282972960017668,-0.27401166294133356,0.6125764422588642
ACH-003134,0.39870479456608854,Low,0.0,-0.085467816479332,0.6125747340883588
ACH-000259,0.39307904264634036,Low,0.004512283781577695,-0.3522375933080217,0.6126126535158627
ACH-001697,0.4140369073371983,High,0.00411607913814226,0.15159078488195538,0.6126093239705636
ACH-002801,0.4241644812335138,High,0.010712022470415868,0.4648769120471849,0.6125758940572985
ACH-001388,0.383378503512866,Low,0.0,-0.5595142874554554,0.6125747340883588
ACH-001410,0.3980332115184868,Low,0.012862292937333007,-0.2797566838110097,0.6126828236519103
ACH-002025,0.44452327101691336,High,0.13731059439666485,0.14593383958871037,0.6137286373847342
ACH-002688,0.4086712792151829,Mid,0.02483427088953634,0.01819091957836396,0.6125780145677003
ACH-000720,0.4019515862115945,Mid,0.0015232597316667828,-0.016420174232323954,0.6125747818688008
ACH-000095,0.392762804492474,Low,0.0003864523892300619,-0.3370281899674842,0.6125779816796155
ACH-001345,0.40113473998659316,Mid,0.0,-0.1345065379444927,0.6125747340883588
ACH-000558,0.39213498258094964,Low,0.0003864523892300619,-0.24488827768699087,0.6125747364557872
ACH-000664,0.4641184202414634,High,0.5363733004593995,1.230211671417789,0.4700419894445769
ACH-000177,0.41269431333282874,High,0.029934739246108184,-0.023090364312214316,0.6128262936598834
ACH-001423,0.3860166722112182,Low,0.000769097303855434,-0.39463267473148106,0.6125747957062215
ACH-000335,0.3941715198832027,Low,0.004137033087759819,-0.23444131454734457,0.6125793778550988
ACH-000940,0.3959887901740028,Low,0.0023035587309344027,-0.16513517936345154,0.6125750544290173
ACH-003160,0.40562873768007107,Mid,0.009251155465673481,0.029375110240874507,0.6125755403055937
ACH-000631,0.40534455547808695,Mid,0.01423815332956771,-0.005966373564323946,0.612577558211389
ACH-000207,0.3969627721959313,Low,0.002292357035522217,-0.24702160043307766,0.6125939981396972
ACH-000764,0.4017339423331208,Mid,0.007962735134316069,-0.16412660560756567,0.6126416497284813
ACH-000995,0.47867356096304997,High,0.13988875668767028,0.9491104748747986,0.613750303229087
ACH-000373,0.4147700893226161,High,0.004885176441997693,0.16489380211502144,0.6126157871565839
ACH-000953,0.5843275193633831,High,0.43560731945063325,1.8453438047710449,0.616235403711471
ACH-000709,0.4007656752467403,Mid,0.011757501467921204,-0.2082537110646489,0.6126735394264362
ACH-003463,0.8392130094960637,High,0.7960102909679853,4.248346093388073,0.687455552955745
ACH-000846,0.40149254752149904,Mid,0.008775076372180285,-0.1743895057001403,0.6126484763192208
ACH-001702,0.40102094909647484,Mid,0.0018949194546833347,-0.1476920820060819,0.6125906582332853
ACH-000333,0.4224916297773259,High,0.05690760259724791,0.06249754100338556,0.6130529628114543
ACH-001708,0.4129303908867173,High,0.019265149246446695,0.04146729223413282,0.6127366306945042
ACH-002059,0.4264980708112454,High,0.07890841934151097,0.03692760407927217,0.6132378488726915
ACH-000929,0.40305617079976225,Mid,0.002664016758538769,-0.10322384735296061,0.6125971214193058
ACH-001395,0.39106665644220606,Low,0.0015420020823155578,-0.3840064701722839,0.6125876924568927
ACH-000948,0.3964411330436368,Low,0.011509314435889973,-0.31039436261241227,0.6126714537619203
ACH-002015,0.3932507975972204,Low,0.0026678242331434586,-0.23102449899715596,0.6125748543603523
ACH-000981,0.5078816778689531,High,0.2199398364067337,1.1072995254875004,0.616163094419463
ACH-000617,0.3948121895322656,Low,0.002649508672948298,-0.300469117614735,0.6125969994991592
ACH-000311,0.39834414370406557,Low,0.024600836972475247,-0.33712299788598765,0.6127814696793076
ACH-001210,0.3915565645864343,Low,0.0022813718439133965,-0.2704780839845594,0.6125749666944617
ACH-001834,0.4079088555008952,Mid,0.006150810020537657,-0.006322138353605796,0.6126264230347891
ACH-002010,0.39095946673478027,Low,0.010052070263873102,-0.43355635271214404,0.6126592076649524
ACH-003143,0.39461946583135527,Low,0.0029890240499109125,-0.20060110043057824,0.612574978177599
ACH-000390,0.3972462159789492,Low,0.015348889776312349,-0.31232250516107707,0.6127037200168401
ACH-000468,0.40519200947819217,Mid,0.01356903493671196,-0.11230785798777254,0.6126887628289006
ACH-002651,0.42865588559718165,High,0.03456643279173483,0.333389206851133,0.6128652165592677
ACH-001061,0.4004901339596371,Mid,0.018411529287525326,-0.25158597597678184,0.6127294572139088
ACH-000077,0.5414409931183991,High,0.135268126750062,2.4770027663175687,0.6137114733038379
ACH-000456,0.40921409254659463,Mid,0.008247677874532096,0.11985082411567276,0.6125757924171836
ACH-002703,0.4143823472769324,High,0.022587779064008745,0.05787657589085592,0.6127645527460835
ACH-000496,0.40875783594133136,Mid,0.05271649213755287,-0.15081365981238437,0.6126496997036719
ACH-002512,0.4033205428955656,Mid,0.002664016758538769,0.0095938102255155,0.6125749213519466
ACH-000062,0.39932594050511244,Low,0.006372939321666332,-0.12231873619176621,0.6125815883874681
ACH-002464,0.3900618799298581,Low,0.0,-0.2923419310584459,0.6125747340883588
ACH-000088,0.4078837771557797,Mid,0.011603686832523127,0.07075205736214557,0.612575768611814
ACH-000536,0.40240595136415047,Mid,0.003375476439140975,-0.12271527769911729,0.6126031002418014
ACH-000071,0.4073560654713146,Mid,0.017612800124279245,0.02575473805837635,0.6125765819120838
ACH-002004,0.41598509403434836,High,0.0069123666691565016,0.18278362692599565,0.6126328228521599
ACH-000878,0.39995002977811955,Low,0.015832475065765246,-0.25027474178815223,0.6127077838741269
ACH-001380,0.39753348303235103,Low,0.00597471821216393,-0.25369161866883017,0.6126249432296871
ACH-002061,0.44800212291619756,High,0.16126630792947497,0.09694267679592998,0.6139299516164145
ACH-000385,0.4049060608667998,Mid,0.0037016705521506414,0.02682392971038353,0.6125784209325441
ACH-000412,0.4249560080601079,High,0.03250232267267125,0.2562260748388114,0.6128478706036922
ACH-003474,0.39060103323094403,Low,0.0022630562837182362,-0.3991324342523633,0.6125937519079024
ACH-000427,0.4079396476061284,Mid,0.028771644444509813,-0.1304750981571829,0.6128165194765333
ACH-000938,0.4054075067445369,Mid,0.007298819058386564,0.02839443355915061,0.6125780241164278
ACH-000462,0.4125052957981088,High,0.010669995826863619,0.15768346031085018,0.6125948038997686
ACH-000939,0.39759386282421844,Low,0.010658928621171071,-0.17246066351677916,0.6125769116664755
ACH-000325,0.4031621080542825,Mid,0.004883943504594247,-0.1129444174099646,0.6126157767954713
ACH-000515,0.43611480630442956,High,0.13548413223189792,-0.045244627652424985,0.6137132885274819
ACH-001033,0.3904878006796773,Low,0.0026277363778771045,-0.29936236261535865,0.6125752282607808
ACH-000919,0.3927562995325075,Low,0.0019171063417043408,-0.34563465571201524,0.6125908446830067
ACH-000863,0.3944817280788332,Low,0.0040531493733496245,-0.21333760575789937,0.6125759692394545
ACH-000642,0.4053168650102396,Mid,0.0077548199255002654,0.02701551076661296,0.61257673073806
ACH-000581,0.39435924271084144,Low,0.012351895814175605,-0.3648777469364621,0.6126785344787008
ACH-001435,0.3885944158829677,Low,0.004401475875673933,-0.35206455954696364,0.612575017474874
ACH-001050,0.3915499665713371,Low,0.0003864523892300619,-0.25937247302165023,0.6125747474065643
ACH-001818,0.3914512502284065,Low,0.0011480090378489067,-0.26532311386385754,0.6125747413362382
ACH-001384,0.39478807501895014,Low,0.0157925386666946,-0.2669789412888398,0.6125778946383937
ACH-000797,0.40328343940973727,Mid,0.005639338869809042,-0.006631430470254944,0.6125749478151135
ACH-000220,0.4703246832729143,High,0.13154205442112993,0.7953566143433392,0.6136801608828132
ACH-001533,0.44485785141205275,High,0.04563067533321076,0.6601085569301272,0.6129581960267051
ACH-001508,0.4159916011028132,High,0.008354526882598665,0.1749771883979671,0.6126449421895752
ACH-000827,0.410404269628416,Mid,0.03316217233586783,0.0024420156934143815,0.6126038724312551
ACH-003119,0.39799397503802125,Low,0.016491217125383647,-0.300731184702358,0.6127133196788286
ACH-000961,0.39909038287388604,Low,0.011540374192061097,-0.2471542246813481,0.612671714775684
ACH-000778,0.39855202489709834,Low,0.0003864523892300619,-0.19845921228840815,0.6125779816796155
ACH-000825,0.40086717526572063,Mid,0.007085302960923295,-0.08032550901689313,0.6125784364209602
ACH-000743,0.40915129215037027,Mid,0.009873479726364882,0.0028635193568424928,0.6126577068615305
ACH-000190,0.4159011146098382,High,0.006583644230978954,0.2893337442469514,0.6125753714875263
ACH-001819,0.4052332589589496,Mid,0.017765532386803687,-0.13448945305554488,0.6127240285144231
ACH-000157,0.46977318355612857,High,0.09321962567934838,0.993734833160043,0.6133581145247404
ACH-001786,0.41734375205674185,High,0.05664750768803123,-0.059284469642047144,0.6130507770779029
ACH-000253,0.44653824484605525,High,0.1517642297607721,0.11436487308175705,0.6138500999533331
ACH-001376,0.3999809158242623,Low,0.0030465194633335657,-0.17894399683142118,0.6126003358189949
ACH-000958,0.4303881394544691,High,0.10014871503805345,0.012771062748228378,0.6134163438193336
ACH-000228,0.412860881024425,High,0.026923119148944796,0.10299058843199098,0.6125850375942501
ACH-000266,0.40195869805340917,Mid,0.007904032746439449,-0.15842282581718922,0.6126411564171008
ACH-001750,0.41056922182535105,Mid,0.0358446821872354,-0.005574265214204387,0.6126010745257414
ACH-000174,0.39843235065444177,Low,0.018305349978553438,-0.201926747264754,0.6125879295289216
ACH-000245,0.40982439276734234,Mid,0.007525121012445977,0.03193997238280809,0.6126379721944936
ACH-001279,0.4114473817135123,High,0.004512283781577695,0.1925748664271418,0.6125754958728391
ACH-000620,0.4009961675164892,Mid,0.002292357035522217,-0.15047950545620742,0.6125939981396972
ACH-000813,0.4246590703584997,High,0.04504409838190544,0.1798753213777148,0.6129532666686999
ACH-001513,0.39827489521900067,Low,0.028999974530911753,-0.3630682171623191,0.612818438271223
ACH-000168,0.4603926107730963,High,0.1383221416328436,0.5201926480431538,0.6137371380229799
ACH-000257,0.40556690623202934,Mid,0.02128801856264648,-0.14595107850976224,0.6127536300788734
ACH-000211,0.40294572401706386,Mid,0.00717257909745855,-0.023393366535559283,0.612575212064727
ACH-000283,0.39369261720540333,Low,0.0034181791863501176,-0.22427363627477132,0.6125748515615765
ACH-002401,0.4116391028548411,High,0.010487353021001946,0.05902177771867105,0.6126628656070836
ACH-002041,0.3930366293239059,Low,0.0015232597316667828,-0.22959405570823055,0.6125747629038972
ACH-000987,0.401194042714058,Mid,0.030747368941602217,-0.3028438039182229,0.6128331226747055
ACH-003465,0.3917186417472885,Low,0.0011480090378489067,-0.25896287699690695,0.6125747440312271
ACH-000682,0.41369684371350945,High,0.014996449572145718,0.0833804279728437,0.6127007582503782
ACH-000073,0.45434104607759374,High,0.06460349544468114,0.7823461082899988,0.6131176360157632
ACH-000212,0.4017416338762852,Mid,0.011962474261328482,-0.18602512716364109,0.6126752619357809
ACH-000096,0.3946424990981486,Low,0.016221028772103675,-0.2790284607309164,0.6125840211183899
ACH-002500,0.42535519731051336,High,0.015435557882561351,0.36000682691338476,0.6127044483409286
ACH-001440,0.4343839684089975,High,0.10405165554755742,0.15780169463980837,0.612905677499903
ACH-000063,0.3986034232954446,Low,0.0041509961095438875,-0.11045695711045735,0.612574831440559
ACH-002942,0.49703379414044957,High,0.1732819547293573,1.3114628336896748,0.6128510290446609
ACH-001999,0.4038024364846296,Mid,0.0003864523892300619,-0.0727869947481237,0.6125779816796155
ACH-000776,0.3977416719526448,Low,0.0015232597316667828,-0.2241318997300698,0.6125875349536768
ACH-000521,0.40190444411473025,Mid,0.012895577927086213,-0.18727983229215348,0.6126831033656467
ACH-000299,0.43378281425991455,High,0.0506607167733098,0.36724897526936634,0.6130004664824128
ACH-000025,0.4140135560009268,High,0.05622670688507602,-0.033760242968648956,0.6126208990914961
ACH-000591,0.39549876955938584,Low,0.007853935778422812,-0.20527750878284978,0.6125752562847021
ACH-001716,0.387984097897542,Low,0.004746706101465,-0.3730806918389928,0.6125763257615617
ACH-000833,0.41447438026484584,High,0.027114257337774617,0.035088689618119825,0.6128025914584205
ACH-001628,0.3966369856221406,Low,0.008426498649358008,-0.18796460389297118,0.612578735119775
ACH-000398,0.45249471563209614,High,0.10533471415536903,0.5132752049530531,0.6134599248809609
ACH-000274,0.41027291933421495,Mid,0.005659889965450775,0.15922374143568999,0.6125753917031884
ACH-001370,0.397359486435791,Low,0.03162839900376387,-0.2945766059143554,0.6125893671090712
ACH-001700,0.4006482250078221,Mid,0.0003864523892300619,-0.1482852188916889,0.6125779816796155
ACH-000029,0.4052168431116794,Mid,0.0029890240499109125,-0.05330103788971257,0.6125998526505447
ACH-001849,0.4048193275029745,Mid,0.038142105792819105,-0.25689657648406744,0.612895265084517
ACH-000644,0.40157890189926426,Mid,0.020918085708515926,-0.2393643037037943,0.61275052131118
ACH-001422,0.4049170031063334,Mid,0.006372939321666331,-0.07916056547766745,0.6126282897205602
ACH-000588,0.4171642835520664,High,0.009550673646692613,0.19644220500991705,0.612654994128394
ACH-000849,0.4063647391481222,Mid,0.025120900564471464,-0.14801580123199803,0.6127858400856537
ACH-002690,0.40474951254902825,Mid,0.01858376081001823,-0.04286090574187142,0.6125778052997665
ACH-000219,0.4130088638970281,High,0.0188347064737497,0.04572207924294288,0.6127330134256658
ACH-000150,0.4045857588991994,Mid,0.0023035587309344027,-0.06462200813951662,0.6125940922742635
ACH-001845,0.39987625085088935,Low,0.0,-0.16462934218518324,0.6125747340883588
ACH-002643,0.4087137514839745,Mid,0.0048496795899995475,0.020127163366859237,0.6126154888552422
ACH-000384,0.4137745269178396,High,0.04268021678257009,-0.06760269428126651,0.6129334015535447
ACH-001053,0.4057015355898174,Mid,0.018994598290298065,-0.13006662195953808,0.6127343570925181
ACH-001274,0.3930500592264647,Low,0.0015344614270789685,-0.22935972268212446,0.6125747655786918
ACH-000091,0.3985132028601151,Low,0.005239865159861509,-0.12064269362908575,0.6125755387063971
ACH-002932,0.39618988055177556,Low,0.0052361319792296095,-0.2817739229897639,0.6126187364464991
ACH-002014,0.3911736298647172,Low,0.004822246677205057,-0.39955627070242966,0.6126152583200192
ACH-001634,0.4374519270999595,High,0.015803735340340172,0.6475176723255377,0.6127075423569733
ACH-002531,0.40129526677870625,Mid,0.0,-0.13066421861330263,0.6125747340883588
ACH-000495,0.4694190505246219,High,0.05215704639402627,0.04229036154298817,0.6106330583946555
ACH-000911,0.41023991676154953,Mid,0.03629897235576003,-0.11697506987942212,0.6128797761285626
ACH-000013,0.41118378452414844,High,0.03422310271801949,-0.08292203529807289,0.612862331350697
ACH-002667,0.4186453263178912,High,0.07113061556930417,-0.10809186439949063,0.6131724873217439
ACH-000777,0.4031159971522279,Mid,0.011554337213845163,-0.15087546437652335,0.6126718321153324
ACH-001765,0.43413253707840993,High,0.08077524240935756,-0.22439216395037923,0.6070088896886636
ACH-000312,0.3942800577697034,Low,0.017502362386019436,-0.29325305942325997,0.612583383516172
ACH-000085,0.4005002264469283,Mid,0.005650540565221228,-0.18089078171866227,0.6126222189704479
ACH-000436,0.4111480865833388,Mid,0.007197371011092534,0.06543300857543317,0.6126352179146173
ACH-000869,0.4120797263729561,High,0.049005916398447626,-0.14309320175120568,0.6129865602021597
ACH-003061,0.4177077181920088,High,0.051004784993676666,-0.01941912692078767,0.6130033578940727
ACH-003471,0.4006696537175999,Mid,0.0030465194633335657,-0.057891356182888654,0.6125753072119933
ACH-000267,0.5192119013246792,High,0.2085671289848216,1.4529080589803407,0.6157928373277083
ACH-000489,0.44288897022338963,High,0.13781581679883625,0.10402638348570703,0.6137328830716591
ACH-000431,0.40569177864988004,Mid,0.010054516684123613,-0.08094182694917473,0.6126592282236895
ACH-000152,0.3973229611946689,Low,0.00849590319896508,-0.16534727768633525,0.6125754504157745
ACH-000909,0.40220038315251594,Mid,0.011501144712357123,-0.0726880198185842,0.6125811939605518
ACH-000534,0.4186562511635909,High,0.05106351124640606,0.00296043446679264,0.6130038514060038
ACH-001489,0.39960756404028225,Low,0.004746706101465,-0.19726718665198656,0.612614623507245
ACH-000582,0.3925663696430097,Low,0.005088894611730071,-0.3676922523947289,0.6126174991225732
ACH-000460,0.40334190688045884,Mid,0.0022960180756978134,-0.09435283082582169,0.612594028905614
ACH-000443,0.41041605946835824,Mid,0.022131653546065073,-0.03454097825872371,0.6127607196497298
ACH-001570,0.4108699615317563,Mid,0.007850128303818123,0.05517201041500042,0.6126407034257325
ACH-000986,0.4120385022567932,High,0.03593929178298398,-0.07193888506743192,0.6128767535169397
ACH-001335,0.4058606823486374,Mid,0.0,-0.021387852541598733,0.6125747340883588
ACH-000023,0.39814242710109543,Low,0.022236300242809766,-0.3288965784603054,0.6127615990586993
ACH-002062,0.43154452940021676,High,0.02154533689625042,0.47442056531766547,0.6127557924791941
ACH-002462,0.3915475305646412,Low,0.0,-0.25678185988103436,0.6125747340883588
ACH-000151,0.4278874239844939,High,0.07275832937327564,0.10413747464970598,0.6131861659772927
ACH-001277,0.3928067039380107,Low,0.011366744808788064,-0.2915990047204279,0.6125775740582061
ACH-000607,0.4188819790330709,High,0.04574628734507625,0.023016476930891195,0.6130253476039802
ACH-002647,0.40013055416980886,Mid,0.01078270155211333,-0.21807388549086562,0.6126653475979681
ACH-000703,0.42798560280972764,High,0.08140381782294079,0.05875557191102076,0.613258819203103
ACH-001211,0.3953870330929359,Low,0.007735730151375913,-0.20729945695195376,0.612575238795132
ACH-003152,0.3907693980709809,Low,0.0029890240499109125,-0.2919921034649175,0.6125748439714608
ACH-001511,0.4031209892958719,Mid,0.005133158490695062,-0.11530454315245073,0.6126178710985017
ACH-000113,0.4151651197232389,High,0.002682470464927875,0.18651030189458911,0.6125972764968708
ACH-000337,0.40099936149183774,Mid,0.008673130050294882,-0.1856314057193471,0.6126476196031211
ACH-000598,0.42491775550611904,High,0.027942602857875573,0.280484759920259,0.6128095525427446
ACH-000057,0.4397077135367606,High,0.061609158267790565,0.44861899892620855,0.6130924728041839
ACH-000281,0.39649792889608987,Low,0.001155549693085496,-0.25187161338316383,0.6125844448656359
ACH-000321,0.43211111988004014,High,0.05221517294255259,0.3186536414481478,0.6130135295101102
ACH-000985,0.40082317851521587,Mid,0.022654027680992832,-0.2670372269033758,0.612765109472954
ACH-000444,0.40155381687792824,Mid,0.02704740208474144,-0.2738047850908337,0.6128020296336233
ACH-000347,0.39955957702061956,Low,0.013176773559803723,-0.24495832680733656,0.6126854664212357
ACH-001399,0.5659604840167853,High,0.5848537455661039,0.581724248699962,0.6174896109620011
ACH-001097,0.6789655458759055,High,0.7210802046139057,2.787028017986597,0.5742574700687053
ACH-000127,0.40926235314955545,Mid,0.03876546879932165,-0.1539912946906433,0.6129005035778118
ACH-001961,0.40758875868064,Mid,0.0033469818342868256,0.0014961042226052618,0.6126028607845432
ACH-001796,0.3879457224812866,Low,0.000769097303855434,-0.3473565008142755,0.6125747456906
ACH-000307,0.39766511385361447,Low,0.00411607913814226,-0.2402793681322691,0.6126093239705636
ACH-001030,0.40939589861236186,Mid,0.0037757454157260114,0.04238403252900339,0.6126064639421303
ACH-002485,0.4243708781330602,High,0.048595021430877565,0.15337253880470664,0.6129831072052542
ACH-000595,0.407762535488807,Mid,0.0022960180756978134,0.11785654910192866,0.6125748988290038
ACH-001540,0.39095813320564543,Low,0.0,-0.27088949161285525,0.6125747340883588
ACH-000298,0.40051274789290325,Mid,0.010861451230625135,-0.20936059373418364,0.612666009378758
ACH-000771,0.4042870617076269,Mid,0.006656418222361845,-0.09580373828667851,0.6126306719638198
ACH-000500,0.4033824184877543,Mid,0.019371092210226766,-0.10379315666203968,0.6126064860041184
ACH-000353,0.40347381727404646,Mid,0.01611088589723004,-0.16746757175409324,0.6127101235273604
ACH-000363,0.39954596924872887,Low,0.004746706101465,-0.19874150041089772,0.612614623507245
ACH-000350,0.3987303606927793,Low,0.005610038118005062,-0.2230301228683517,0.6126218786040868
ACH-000053,0.7987381011237481,High,0.7527814802877788,2.3209426230043695,0.7407349577033895
ACH-001543,0.39788443132679124,Low,0.0003864523892300619,-0.21443852419518555,0.6125779816796155
ACH-000663,0.39752021716930414,Low,0.0037832860709626007,-0.24191021420089173,0.6126065273107798
ACH-000346,0.4547781247516051,High,0.027865619394267665,0.995638290918184,0.612808905604518
ACH-000970,0.42009420869401765,High,0.06582205495041002,-0.04410321840689023,0.6131278763022951
ACH-002543,0.394006620011652,Low,0.012547944276394217,-0.37440040081617143,0.612680181991537
ACH-001333,0.3951107322045902,Low,0.013178765310601564,-0.35145548808505556,0.6126854831591124
ACH-000794,0.4141244415408287,High,0.004544428127631632,0.15132105468610932,0.6126129236440857
ACH-000039,0.38992710728284624,Low,0.003801250891429104,-0.3197534845076378,0.6125756073039387
ACH-000471,0.4000950048199113,Mid,0.007828894789075636,-0.20261676910063794,0.6126405249877703
ACH-000850,0.395855315859017,Low,0.0007729047784601238,-0.1578711552208279,0.6125747373836234
ACH-000291,0.41701775569661026,High,0.04460350094485695,-0.000592262444867855,0.612949564064125
ACH-001453,0.4442698620548264,High,0.05690307217103205,0.5837995427615051,0.613052924739565
ACH-001458,0.4038926840513703,Mid,0.04171809458166411,-0.2988195172374578,0.6129253162635201
ACH-000886,0.40154334543935266,Mid,0.013049088580199111,-0.19677051257265687,0.6126843934077547
ACH-000888,0.4010082514607798,Mid,0.02004690423071708,-0.24821340805489986,0.6127432002506065
ACH-000659,0.41057917880797323,Mid,0.05243486273831165,-0.19794110900997555,0.6130153756952543
ACH-000030,0.3978619821618334,Low,0.004746706101465,-0.23904889117278377,0.612614623507245
ACH-001201,0.3983193834547954,Low,0.009195595953213445,-0.2526630684950265,0.612652010197527
ACH-000271,0.4114619772815737,High,0.02066760594238588,-0.0014231847027842335,0.6127484163794441
ACH-002676,0.48993204027831144,High,0.18170161210992902,0.9877404853776902,0.6141016817364383
ACH-000549,0.41921996730319994,High,0.0019097121208968447,0.005541671609914407,0.612962468375526
ACH-000555,0.39690994945711067,Low,0.0026788094247522792,-0.2504195589138647,0.6125972457309539
ACH-000478,0.4015869565482307,Mid,0.008040046260127947,-0.06180350907924974,0.6125758616217327
ACH-000775,0.41074121814067643,Mid,0.03216036727949847,-0.08212677102675736,0.6128449969473866
ACH-002214,0.4239307983024347,High,0.04187153629026946,0.17995939436826927,0.6129266057262461
ACH-000038,0.4954506050364012,High,0.05460417788284159,1.8215381087624374,0.6130336057517707
ACH-001109,0.39240062686337,Low,0.0003864523892300619,-0.238491298831012,0.6125747355788497
ACH-001442,0.408399007623024,Mid,0.0072876173629743786,-0.0008663413107532174,0.6126359763088502
ACH-000559,0.4265360516458755,High,0.07761684262809902,0.0449675172872739,0.613226994978761
ACH-000510,0.39441350984882334,Low,0.0030726560347898364,-0.3123479938051061,0.6126005554602839
ACH-002065,0.41315507617315794,High,0.012209767073894085,0.19248398587622167,0.6125766814322939
ACH-000676,0.3993908917670609,Low,0.0055494849135228385,-0.10911771623729306,0.6125782008309574
ACH-002659,0.3954859803780755,Low,0.015578848198180372,-0.3557245607600882,0.6127056524954096
ACH-000844,0.3943300684977905,Low,0.004890792661595342,-0.3243831815200776,0.6126158343530462
ACH-002403,0.39504790220369707,Low,0.003375476439140975,-0.1916667982273396,0.6125748621552447
ACH-002787,0.394738299952325,Low,0.0,-0.18040859696157935,0.6125747340883588
ACH-002497,0.40158694598488065,Mid,0.007081030999962688,-0.16277716176341134,0.6126342402397122
ACH-002798,0.3951040133692742,Low,0.0,-0.17165499444375273,0.6125747340883588
ACH-000925,0.4153265127682589,High,0.005964726835868878,0.17225196546253452,0.6126248592661583
ACH-002465,0.39100568308692374,Low,0.0018949194546833347,-0.2803371573779362,0.6125747862539632
ACH-000272,0.397638845427105,Low,0.0,-0.21818318200440526,0.6125747340883588
ACH-001035,0.4047806773901079,Mid,0.0003864523892300619,-0.04937212491734196,0.6125779816796155
ACH-003457,0.39229575505559344,Low,0.006269965833131783,-0.2735808233920024,0.6125751862802719
ACH-000513,0.4034619501753548,Mid,0.001538194607710868,-0.087295556349099,0.6125876604603995
ACH-001059,0.4033743329926629,Mid,0.032851954151372126,-0.17109452655208865,0.612617537577445
ACH-000959,0.426686868420986,High,0.08812653256847071,-0.009446746228430083,0.613315314208019
ACH-002283,0.42526592346371106,High,0.0645752244616633,0.15639658064029893,0.6127655846511253
ACH-000169,0.39456556913349317,Low,0.004870241565953608,-0.2125871666247801,0.6125753179272538
ACH-001402,0.406225943121465,Mid,0.008975950454646022,-0.06220145094869974,0.6126501643846388
ACH-000796,0.39698622530726435,Low,0.0041621978049560734,-0.256783654969943,0.6126097115333871
ACH-000143,0.4029674226178968,Mid,0.01078270155211333,-0.15017148530800442,0.6126653475979681
ACH-000067,0.4010775750714242,Mid,0.0040531493733496245,-0.05084234765687902,0.6125748596442333
ACH-000640,0.4124051568103984,High,0.014591217136364581,0.1604680137606253,0.6125782102505481
ACH-001591,0.4115910069231458,High,0.0577786135991768,-0.2032252404831565,0.6130602824394168
ACH-001674,0.3956884145878391,Low,0.02364415105461851,-0.3954078250891654,0.6127734300736307
ACH-001698,0.38782846022490736,Low,0.0018949194546833347,-0.4634633894027544,0.6125906582332853
ACH-002002,0.41245866960069505,High,0.028294144728061892,-0.01967291066400615,0.6128125067599672
ACH-002011,0.3882070315764764,Low,0.003375476439140975,-0.46257620224667856,0.6126031002418014
ACH-003268,0.5343991362571772,High,0.19890037122331836,2.0773629584437394,0.6127986579322411
ACH-000967,0.41254109864168204,High,0.021948677379247338,0.017333512318902823,0.6127591819912339
ACH-000469,0.4202314476742537,High,0.07608263123441161,0.01511797200560385,0.6126098310031964
ACH-001353,0.41405560001936237,High,0.025674270093145015,0.033015088707575316,0.6127904903817656
ACH-001574,0.413265804387443,High,0.001538194607710868,0.14736644656905398,0.6125876604603995
ACH-000097,0.42545111326432417,High,0.08813663997855506,-0.03908120019620287,0.6133153991466493
ACH-000256,0.39915706461199757,Low,0.004165930985587972,-0.10090599592391648,0.612575723103489
ACH-000977,0.4022708386265125,Mid,0.016379291558947306,-0.1977435661956957,0.6127123791011505
ACH-000972,0.39559304957465935,Low,0.0023035587309344027,-0.2798686995025294,0.6125940922742635
ACH-001367,0.4151258985103157,High,0.06757193999484999,-0.17268428797684196,0.6131425816360673
ACH-000382,0.45997270631326204,High,0.1854475957360266,0.21967414598715695,0.6145664640140445
ACH-003476,0.3895660295276325,Low,0.0,-0.30421045195001206,0.6125747340883588
ACH-000579,0.4044172139139492,Mid,0.015586388853416965,-0.1419909668185551,0.6127057158640592
ACH-002035,0.4053727124646423,Mid,0.02685835968160663,-0.15845067003359842,0.6127434524448778
ACH-001532,0.3976898287014878,Low,0.013344386647617864,-0.19082166365305087,0.612582476710432
ACH-000695,0.40208494206310297,Mid,0.022942265846102018,-0.23842741488931057,0.6127675317111676
ACH-001795,0.4168503484447462,High,0.0007729047784601238,0.3441720246013111,0.6125747595420113
ACH-001510,0.4060309720542757,Mid,0.009239890721273958,0.035530605724969966,0.612577464493905
ACH-000502,0.419063242602841,High,0.06729978271289051,-0.07693866057429798,0.6131402945351617
ACH-000183,0.4138657387155516,High,0.014182284934344305,0.09191806220960662,0.6126939163365152
ACH-000408,0.40425766019167175,Mid,0.004523485476989881,-0.08473152788806863,0.6126127476504291
ACH-001496,0.40634828991466027,Mid,0.007504957572688397,-0.05115162086862637,0.6126378027490134
ACH-000788,0.41499092391042997,High,0.014985063746402136,0.11441799010364614,0.6127006625684541
ACH-002405,0.39190847915084565,Low,0.0018949194546833347,-0.26865105226042446,0.6125759175762847
ACH-002409,0.40030346360032837,Mid,0.01078270155211333,-0.10646754135671198,0.6125757989758048
ACH-001622,0.39540841665639104,Low,0.0003864523892300619,-0.16649389293674494,0.612574735490583
ACH-000466,0.39892595976221695,Low,0.0030465194633335657,-0.20419509677178646,0.6126003358189949
ACH-001560,0.39229630682539846,Low,0.001155549693085496,-0.24812090631776076,0.6125749453684672
ACH-001019,0.3949637403876007,Low,0.0022630562837182362,-0.294708033666714,0.6125937519079024
ACH-003111,0.39034439423866135,Low,0.000769097303855434,-0.2897438903734703,0.6125747367058029
ACH-000005,0.4415997350753436,High,0.12132597282184124,0.16420834561799874,0.6135943090205789
ACH-001687,0.3916153027140248,Low,0.0,-0.36236082552460347,0.6125747340883588
ACH-001151,0.40091473255477084,Mid,0.0044707678560060755,-0.1644557484688363,0.612612304632635
ACH-000701,0.39384453512708184,Low,0.0022960180756978134,-0.3216789650065783,0.612594028905614
ACH-000542,0.3985286737911283,Low,0.0310802709286481,-0.27126124396442414,0.612603185272765
ACH-000126,0.422386439393141,High,0.04340193108767583,0.22874579023118874,0.6126275806585927
ACH-001685,0.47180806060359953,High,0.10502907894278625,0.8650526581941563,0.6147216725596619
ACH-000933,0.4077017804812114,Mid,0.004857220245236138,-0.004136691652490143,0.6126155522238917
ACH-000068,0.4605577643991559,High,0.04873258812919475,1.018771077156708,0.6129842632607454
ACH-000015,0.40143789145813447,Mid,0.043298211647398686,-0.2878007913344632,0.6126702830632444
ACH-001111,0.6873280678383538,High,0.6541184267935448,1.6293806221361216,0.675431247563951
ACH-000487,0.43304202934387015,High,0.017790105715477976,0.5309969495063026,0.6127242350188453
ACH-000122,0.49812915685281617,High,0.2077137122548565,1.0403308937632934,0.6143202770184321
ACH-000288,0.401084687754828,Mid,0.027082942331338896,-0.18563310376405537,0.6125945680514551
ACH-001820,0.4037896903086416,Mid,0.041988965839939725,-0.30278022797205134,0.6129275925571972
ACH-000782,0.41194014965073783,High,0.01693351157265099,0.08173102146683808,0.6126411788280213
ACH-001632,0.4031504940484403,Mid,0.020780039590154342,-0.20098500835171831,0.6127493612268345
ACH-002399,0.4035771608571669,Mid,0.007081030999962688,-0.11513999804545853,0.6126342402397122
ACH-000357,0.43343955601254947,High,0.035438386500194555,0.4090602160830515,0.6130007054726929
ACH-000079,0.4157838285706725,High,0.05562853056930395,0.020286969210774535,0.6125934223628968
ACH-001031,0.40401066321648343,Mid,0.0467212123813372,-0.2375251586439214,0.6126565218756304
ACH-001064,0.4642459510904084,High,0.05771890852258545,1.0574367466561418,0.6130597807018415
ACH-002802,0.4142439384926204,High,0.0018949194546833347,0.27574400694813367,0.6125748021294428
ACH-001048,0.40651358454015507,Mid,0.0052249302838174244,0.07197603269694568,0.6125752146464741
ACH-000453,0.44457546102059614,High,0.03235542168189329,0.7266422369694234,0.6128466361065418
ACH-003155,0.39864459542031844,Low,0.002664016758538769,-0.20881794250874605,0.6125971214193058
ACH-000791,0.4235304692066671,High,0.012143953857151267,0.3345037016497746,0.6126767870176929
ACH-000567,0.4445714258051259,High,0.12248561254757753,0.22893542042660422,0.613604054168854
ACH-001391,0.3906297447695053,Low,0.0,-0.27874969500763874,0.6125747340883588
ACH-001075,0.4038495835533494,Mid,0.008666481529023868,-0.11737267100928049,0.6126475637316086
ACH-000105,0.7824391399106566,High,0.1937426356017174,1.2481420420733538,0.6073681490316721
ACH-000557,0.41654088978481135,High,0.02061775409494017,0.12041931698601815,0.6127479974444643
ACH-000175,0.39539624508795596,Low,0.012258856190468976,-0.23143151409272258,0.6125756746605813
ACH-001356,0.4066744400929702,Mid,0.013338877300183417,0.02822663055233268,0.6125793042775856
ACH-001844,0.4045808149851419,Mid,0.009188055297976856,-0.10274976021028169,0.6126519468288775
ACH-001346,0.40699174969129515,Mid,0.005948068828032958,0.07473357439265024,0.6125769870671312
ACH-000885,0.4070322498150057,Mid,0.02750070972700468,-0.1451774382718354,0.6128058390496772
ACH-000900,0.4096017489203751,Mid,0.03735907313210419,-0.1381028900995551,0.6128886847913332
ACH-000666,0.3987054409653946,Low,0.004558936213222104,-0.21782344321404837,0.6126130455642322
ACH-001428,0.39822872708606416,Low,0.008027413915025832,-0.15041403644599913,0.6125798547333697
ACH-000217,0.40413384842422073,Mid,0.009951580014883341,-0.11766364491277856,0.6126583631851067
ACH-000872,0.3995617786995576,Low,0.018254068949977158,-0.27293745747472015,0.6127281339802331
ACH-001974,0.4133750078012124,High,0.027085262827526116,0.00893453167079752,0.6128023478001573
ACH-002020,0.41691833141246226,High,0.06106508420992243,-0.09385671667412294,0.6130879006234895
ACH-001638,0.4173307390521103,High,0.0022630562837182362,0.24066148451827032,0.6125937519079024
ACH-001228,0.40046389600244375,Mid,0.027657269169331235,-0.3032598778886134,0.6128071547125901
ACH-000181,0.40311322896318935,Mid,0.006329406930027747,-0.018115519811547326,0.6125763651252341
ACH-000115,0.41694285147365007,High,0.0451424792206802,-0.0053608543258465285,0.6129540934219061
ACH-000130,0.4294991410079791,High,0.07155616628946533,0.21356627863030062,0.6128169829308107
ACH-000121,0.40738023944368534,Mid,0.02046212667174449,-0.010653354588758589,0.6126039172592628
ACH-001711,0.3899954453322202,Low,0.00458837511122003,-0.35216648228843767,0.6125845448905536
ACH-000934,0.4097421907500832,Mid,0.027632490826736168,-0.08104070110098908,0.6128069464853129
ACH-000996,0.4000263353593395,Mid,0.011773480483644834,-0.2260385408883207,0.612673673707691
ACH-001529,0.3903019433555382,Low,0.0,-0.3937969863391692,0.6125747340883588
ACH-001743,0.3965321223933106,Low,0.009704883369168723,-0.2096044727465585,0.6125867403910417
ACH-000320,0.4043510031465854,Mid,0.019259709349431834,-0.1638562285742951,0.6127365849797863
ACH-000505,0.3934273824013689,Low,0.005519610879925124,-0.2482698268421589,0.612577031533811
ACH-000781,0.402086326444554,Mid,0.004885176441997693,-0.13870079824481094,0.6126157871565839
ACH-000059,0.4180661371559619,High,0.027197577742110617,0.18027357654451165,0.6126662560094359
ACH-000920,0.6015516513911136,High,0.45622549052732,1.530757930327925,0.5946133968068255
ACH-000294,0.45106193805819567,High,0.1253981902264811,0.3682099133802347,0.6136285303063247
ACH-000422,0.42383067483141446,High,0.0019097121208968447,0.5052573353422506,0.6125747883793581
ACH-000200,0.3982283080338818,Low,0.006758047155853968,-0.13506825040792822,0.612575571038722
ACH-000046,0.4033885105347769,Mid,0.00452265583256044,-0.10553064306777907,0.6126127406784292
ACH-000968,0.3965648153168196,Low,0.009077782380185398,-0.29400941469855973,0.6126510201393973
ACH-000830,0.3998920888122063,Low,0.007789634593997242,-0.20725694733498398,0.6126401950607991
ACH-000114,0.4468728604203674,High,0.10377181954354824,0.38734099468318517,0.6134467909399682
ACH-000402,0.428325822168254,High,0.06807053182941443,0.14051224262836526,0.6131467716023549
ACH-001578,0.40385835514779056,Mid,0.030931689956773815,-0.1675214725773655,0.612651860144702
ACH-000036,0.39843277315077835,Low,0.017270772260653343,-0.18624760488629952,0.6125767906217139
ACH-000973,0.4013242107901202,Mid,0.008839159859460603,-0.17877256726889784,0.6126490148512077
ACH-001128,0.386515917559702,Low,0.0,-0.3772169826506295,0.6125747340883588
ACH-003437,0.42362322072584535,High,0.09813484550408136,-0.1380333202914097,0.6133994200655335
ACH-000750,0.3950062481942541,Low,0.006919907324393092,-0.21801940962719837,0.612577636063864
ACH-000285,0.4176869252115942,High,0.051194422968036696,-0.02096381552929558,0.6130049515357336
ACH-002669,0.4123726079910497,High,0.008975950454646022,0.08492320618715586,0.6126501643846388
ACH-001858,0.3912793463297107,Low,0.003014188767107167,-0.28052055973845275,0.6125749512821455
ACH-001997,0.41231780119415784,High,0.023682163487870615,0.0024181294792926045,0.6127737495149107
ACH-000052,0.39887551360458307,Low,0.0037975177107972048,-0.10273442270847245,0.6125749742089628
